source,media_type,title,rating,favorite
MovieLens ml-latest-small,movie,"Simple Plan, A",8,False
MovieLens ml-latest-small,movie,Deep Impact,6,False
MovieLens ml-latest-small,movie,Mister Roberts,6,False
MovieLens ml-latest-small,movie,Beauty and the Beast (1991),10,False
MovieLens ml-latest-small,movie,"Italian Job, The (2003)",4,False
MovieLens ml-latest-small,movie,Elf,5,False
MovieLens ml-latest-small,movie,Braveheart,10,False
MovieLens ml-latest-small,movie,Rat Race,6,False
MovieLens ml-latest-small,movie,Austin Powers in Goldmember,5,False
MovieLens ml-latest-small,movie,"Lock, Stock & Two Smoking Barrels",8,False
MovieLens ml-latest-small,movie,French Kiss,8,True
MovieLens ml-latest-small,movie,"Nightmare on Elm Street, A (1984)",7,False
MovieLens ml-latest-small,movie,"Quick and the Dead, The",8,False
MovieLens ml-latest-small,movie,Captain Fantastic,9,True
MovieLens ml-latest-small,movie,Powder,8,False
MovieLens ml-latest-small,movie,Seven (a.k.a. Se7en),6,False
MovieLens ml-latest-small,movie,Kill Bill: Vol. 1,8,False
MovieLens ml-latest-small,movie,Man of Steel,8,True
MovieLens ml-latest-small,movie,Cool Hand Luke,8,False
MovieLens ml-latest-small,movie,Blade Runner,8,False
MovieLens ml-latest-small,movie,Singin' in the Rain,8,False
MovieLens ml-latest-small,movie,Captain America: The First Avenger,7,False
MovieLens ml-latest-small,movie,Frailty,8,False
MovieLens ml-latest-small,movie,V for Vendetta,8,False
MovieLens ml-latest-small,movie,Puss in Boots (Nagagutsu o haita neko),8,False
MovieLens ml-latest-small,movie,"Bodyguard, The",4,False
MovieLens ml-latest-small,movie,Star Trek: Generations,6,False
MovieLens ml-latest-small,movie,Pawn Sacrifice,5,False
MovieLens ml-latest-small,movie,Austin Powers: International Man of Mystery,6,False
MovieLens ml-latest-small,movie,"Wild Bunch, The",10,False
MovieLens ml-latest-small,movie,Spider-Man,9,False
MovieLens ml-latest-small,movie,Let the Right One In (Låt den rätte komma in),7,False
MovieLens ml-latest-small,movie,Groundhog Day,5,True
MovieLens ml-latest-small,movie,A Bad Moms Christmas,7,False
MovieLens ml-latest-small,movie,Sudden Death,6,False
MovieLens ml-latest-small,movie,Burn After Reading,8,True
MovieLens ml-latest-small,movie,Henry V,9,False
MovieLens ml-latest-small,movie,Elf,6,False
MovieLens ml-latest-small,movie,Jacob's Ladder,2,False
MovieLens ml-latest-small,movie,Horrors of Spider Island (Ein Toter Hing im Netz),1,True
MovieLens ml-latest-small,movie,Shark Tale,3,True
MovieLens ml-latest-small,movie,"Walk to Remember, A",6,False
MovieLens ml-latest-small,movie,Old School,3,False
MovieLens ml-latest-small,movie,Slumdog Millionaire,8,False
MovieLens ml-latest-small,movie,"Game, The",8,False
MovieLens ml-latest-small,movie,"Secret of Roan Inish, The",8,False
MovieLens ml-latest-small,movie,Misery,8,False
MovieLens ml-latest-small,movie,Star Wars: Episode V - The Empire Strikes Back,10,False
MovieLens ml-latest-small,movie,Open Range,7,False
MovieLens ml-latest-small,movie,"Clockwork Orange, A",10,False
MovieLens ml-latest-small,movie,Brazil,7,False
MovieLens ml-latest-small,movie,Get Shorty,4,False
MovieLens ml-latest-small,movie,Stealing Harvard,4,True
MovieLens ml-latest-small,movie,Harry Potter and the Chamber of Secrets,9,False
MovieLens ml-latest-small,movie,Pleasantville,8,False
MovieLens ml-latest-small,movie,Quiz Show,8,False
MovieLens ml-latest-small,movie,"Rudolph, the Red-Nosed Reindeer",8,False
MovieLens ml-latest-small,movie,"Lion in Winter, The",10,False
MovieLens ml-latest-small,movie,Oz the Great and Powerful,8,False
MovieLens ml-latest-small,movie,Star Wars: Episode IV - A New Hope,8,False
MovieLens ml-latest-small,movie,"Godfather, The",10,False
MovieLens ml-latest-small,movie,Batman Returns,5,False
MovieLens ml-latest-small,movie,Severance,6,False
MovieLens ml-latest-small,movie,"Lion King, The",4,False
MovieLens ml-latest-small,movie,Galaxy Quest,8,False
MovieLens ml-latest-small,movie,40 Days and 40 Nights,8,False
MovieLens ml-latest-small,movie,"Lion King, The",8,False
MovieLens ml-latest-small,movie,Fantastic Four: Rise of the Silver Surfer,6,False
MovieLens ml-latest-small,movie,"Mummy Returns, The",7,False
MovieLens ml-latest-small,movie,Once Were Warriors,8,False
MovieLens ml-latest-small,movie,Die Hard 2,5,False
MovieLens ml-latest-small,movie,Escape from New York,8,False
MovieLens ml-latest-small,movie,2010: The Year We Make Contact,9,False
MovieLens ml-latest-small,movie,Lifeforce,4,False
MovieLens ml-latest-small,movie,Almost Famous,9,False
MovieLens ml-latest-small,movie,"Hangover, The",7,False
MovieLens ml-latest-small,movie,"Curious Case of Benjamin Button, The",7,False
MovieLens ml-latest-small,movie,Reality Bites,2,False
MovieLens ml-latest-small,movie,Equilibrium,8,False
MovieLens ml-latest-small,movie,Deadfall,3,False
MovieLens ml-latest-small,movie,The Amazing Spider-Man 2,4,False
MovieLens ml-latest-small,movie,Austin Powers: The Spy Who Shagged Me,8,False
MovieLens ml-latest-small,movie,Amadeus,10,False
MovieLens ml-latest-small,movie,Shaft (2000),4,False
MovieLens ml-latest-small,movie,Lake Placid,8,True
MovieLens ml-latest-small,movie,Walk Hard: The Dewey Cox Story,6,True
MovieLens ml-latest-small,movie,"Dark Crystal, The",6,False
MovieLens ml-latest-small,movie,Andre,6,False
MovieLens ml-latest-small,movie,Ocean's Eleven,8,False
MovieLens ml-latest-small,movie,As Good as It Gets,6,True
MovieLens ml-latest-small,movie,Star Trek II: The Wrath of Khan,8,False
MovieLens ml-latest-small,movie,Man Bites Dog (C'est arrivé près de chez vous),7,False
MovieLens ml-latest-small,movie,Thor,9,False
MovieLens ml-latest-small,movie,Another Thin Man,7,False
MovieLens ml-latest-small,movie,50/50,7,True
MovieLens ml-latest-small,movie,"Slums of Beverly Hills, The",8,True
MovieLens ml-latest-small,movie,Guardians of the Galaxy,7,False
MovieLens ml-latest-small,movie,Snatch,7,True
MovieLens ml-latest-small,movie,"Crouching Tiger, Hidden Dragon (Wo hu cang long)",10,True
MovieLens ml-latest-small,movie,Thirteen Ghosts (a.k.a. Thir13en Ghosts),4,False
MovieLens ml-latest-small,movie,Milagro Beanfield War,8,False
MovieLens ml-latest-small,movie,Life Is Beautiful (La Vita è bella),10,False
MovieLens ml-latest-small,movie,Dirty Dancing,8,False
MovieLens ml-latest-small,movie,Face/Off,5,False
MovieLens ml-latest-small,movie,Forrest Gump,7,False
MovieLens ml-latest-small,movie,"Pianist, The",9,False
MovieLens ml-latest-small,movie,Harry Potter and the Half-Blood Prince,9,False
MovieLens ml-latest-small,movie,Moulin Rouge,8,False
MovieLens ml-latest-small,movie,Mission to Mars,7,False
MovieLens ml-latest-small,movie,Thor: The Dark World,7,False
MovieLens ml-latest-small,movie,Jay and Silent Bob Strike Back,9,False
MovieLens ml-latest-small,movie,Forrest Gump,6,True
MovieLens ml-latest-small,movie,Catch a Fire,8,False
MovieLens ml-latest-small,movie,Office Space,4,False
MovieLens ml-latest-small,movie,"Bodyguard, The",7,False
MovieLens ml-latest-small,movie,Indiana Jones and the Temple of Doom,4,False
MovieLens ml-latest-small,movie,Apocalypse Now,7,True
MovieLens ml-latest-small,movie,Harry Potter and the Deathly Hallows: Part 1,10,False
MovieLens ml-latest-small,movie,"Purple Rose of Cairo, The",10,False
MovieLens ml-latest-small,movie,Up,6,False
MovieLens ml-latest-small,movie,Police Academy 6: City Under Siege,1,False
MovieLens ml-latest-small,movie,"Lives of Others, The (Das leben der Anderen)",10,True
MovieLens ml-latest-small,movie,Alien: Resurrection,2,False
MovieLens ml-latest-small,movie,Stardust,8,False
MovieLens ml-latest-small,movie,Sweet Home Alabama,7,False
MovieLens ml-latest-small,movie,Pride and Prejudice (1995),10,False
MovieLens ml-latest-small,movie,Ocean's Twelve,4,True
MovieLens ml-latest-small,movie,Rudy,6,False
MovieLens ml-latest-small,movie,Looper,7,False
MovieLens ml-latest-small,movie,Monty Python and the Holy Grail,8,False
MovieLens ml-latest-small,movie,Mars Attacks!,6,False
MovieLens ml-latest-small,movie,Goldfinger,10,False
MovieLens ml-latest-small,movie,"Matrix, The",8,False
MovieLens ml-latest-small,movie,Diamonds Are Forever,6,False
MovieLens ml-latest-small,movie,Star Wars: Episode I - The Phantom Menace,8,True
MovieLens ml-latest-small,movie,"Texas Chainsaw Massacre, The (1974)",6,False
MovieLens ml-latest-small,movie,Men in Black II (a.k.a. MIIB) (a.k.a. MIB 2),4,False
MovieLens ml-latest-small,movie,Prince of Persia: The Sands of Time,7,False
MovieLens ml-latest-small,movie,"Tale of Two Sisters, A (Janghwa, Hongryeon)",9,False
MovieLens ml-latest-small,movie,Charlie's Angels: Full Throttle,7,True
MovieLens ml-latest-small,movie,Mr. Magoo,6,False
MovieLens ml-latest-small,movie,Abraham Lincoln: Vampire Hunter,6,False
MovieLens ml-latest-small,movie,Full Metal Jacket,8,True
MovieLens ml-latest-small,movie,High School High,1,False
MovieLens ml-latest-small,movie,Tales from the Crypt Presents: Demon Knight,4,True
MovieLens ml-latest-small,movie,Jaws 2,2,True
MovieLens ml-latest-small,movie,Rocky Balboa,4,False
MovieLens ml-latest-small,movie,"Bank Job, The",7,False
MovieLens ml-latest-small,movie,Lethal Weapon,8,False
MovieLens ml-latest-small,movie,Short Circuit,8,False
MovieLens ml-latest-small,movie,Mo' Money,6,True
MovieLens ml-latest-small,movie,Solyaris,8,False
MovieLens ml-latest-small,movie,Finding Nemo,8,False
MovieLens ml-latest-small,movie,"Mask, The",6,True
MovieLens ml-latest-small,movie,Down with Love,6,True
MovieLens ml-latest-small,movie,"Great Gatsby, The (2013)",7,False
MovieLens ml-latest-small,movie,RocknRolla,7,False
MovieLens ml-latest-small,movie,Catch Me If You Can,7,False
MovieLens ml-latest-small,movie,American Psycho,8,False
MovieLens ml-latest-small,movie,Fatal Attraction,8,True
MovieLens ml-latest-small,movie,"Jewel of the Nile, The",4,False
MovieLens ml-latest-small,movie,"Hustler, The",10,False
MovieLens ml-latest-small,movie,Bedknobs and Broomsticks,6,True
MovieLens ml-latest-small,movie,Star Wars: Episode VI - Return of the Jedi,7,False
MovieLens ml-latest-small,movie,Dracula (Bram Stoker's Dracula),7,False
MovieLens ml-latest-small,movie,Fight Club,10,True
MovieLens ml-latest-small,movie,"World Is Not Enough, The",3,False
MovieLens ml-latest-small,movie,"Usual Suspects, The",10,True
MovieLens ml-latest-small,movie,Casino,8,False
MovieLens ml-latest-small,movie,"Bridge at Remagen, The",8,True
MovieLens ml-latest-small,movie,Mickey Blue Eyes,4,False
MovieLens ml-latest-small,movie,"Bourne Ultimatum, The",8,True
MovieLens ml-latest-small,movie,Little Nicky,2,False
MovieLens ml-latest-small,movie,Catch Me If You Can,8,False
MovieLens ml-latest-small,movie,"Big Lebowski, The",6,False
MovieLens ml-latest-small,movie,Fright Night Part II,6,False
MovieLens ml-latest-small,movie,Scarface (1983),9,False
MovieLens ml-latest-small,movie,Dave,6,False
MovieLens ml-latest-small,movie,Gremlins,6,True
MovieLens ml-latest-small,movie,They Call Me Bruce? (a.k.a. A Fistful of Chopsticks),6,False
MovieLens ml-latest-small,movie,Bound,6,False
MovieLens ml-latest-small,movie,Maze Runner: Scorch Trials,7,False
MovieLens ml-latest-small,movie,"Lord of the Rings: The Return of the King, The",10,False
MovieLens ml-latest-small,movie,Creepshow,8,True
MovieLens ml-latest-small,movie,"Shining, The",10,False
MovieLens ml-latest-small,movie,Scream 2,6,False
MovieLens ml-latest-small,movie,"Secret of NIMH, The",6,False
MovieLens ml-latest-small,movie,Cast Away,6,False
MovieLens ml-latest-small,movie,Godzilla (1998),3,False
MovieLens ml-latest-small,movie,Strangers on a Train,8,False
MovieLens ml-latest-small,movie,Captain America: The Winter Soldier,5,False
MovieLens ml-latest-small,movie,Man on Fire,4,False
MovieLens ml-latest-small,movie,While You Were Fighting: A Thor Mockumentary,8,False
MovieLens ml-latest-small,movie,Sixteen Candles,8,False
MovieLens ml-latest-small,movie,Courage Under Fire,7,False
MovieLens ml-latest-small,movie,"Karate Kid, Part III, The",5,True
MovieLens ml-latest-small,movie,"Last Boy Scout, The",7,True
MovieLens ml-latest-small,movie,"Patriot, The (2000)",6,False
MovieLens ml-latest-small,movie,Brazil,10,True
MovieLens ml-latest-small,movie,"Very Long Engagement, A (Un long dimanche de fiançailles)",6,False
MovieLens ml-latest-small,movie,Doctor Strange,4,False
MovieLens ml-latest-small,movie,"Negotiator, The",6,False
MovieLens ml-latest-small,movie,"Others, The",7,False
MovieLens ml-latest-small,movie,Chinatown,9,True
MovieLens ml-latest-small,movie,Mortal Kombat,8,False
MovieLens ml-latest-small,movie,"Score, The",4,False
MovieLens ml-latest-small,movie,Star Trek IV: The Voyage Home,6,True
MovieLens ml-latest-small,movie,He's Just Not That Into You,6,False
MovieLens ml-latest-small,movie,Interstellar,8,False
MovieLens ml-latest-small,movie,State of Play,8,False
MovieLens ml-latest-small,movie,Trial and Error,4,False
MovieLens ml-latest-small,movie,Pixels,4,False
MovieLens ml-latest-small,movie,Eraser,6,False
MovieLens ml-latest-small,movie,Crimson Tide,8,False
MovieLens ml-latest-small,movie,"Planes, Trains & Automobiles",6,False
MovieLens ml-latest-small,movie,Batman (1989),4,False
MovieLens ml-latest-small,movie,American History X,9,True
MovieLens ml-latest-small,movie,Milk,10,False
MovieLens ml-latest-small,movie,Alien,9,False
MovieLens ml-latest-small,movie,American Beauty,6,True
MovieLens ml-latest-small,movie,Liar Liar,6,False
MovieLens ml-latest-small,movie,"Bourne Identity, The (2002)",8,False
MovieLens ml-latest-small,movie,Ghostbusters (a.k.a. Ghost Busters),4,False
MovieLens ml-latest-small,movie,Meet the Robinsons,6,True
MovieLens ml-latest-small,movie,Fever Pitch (2005),7,False
MovieLens ml-latest-small,movie,Rambo: First Blood Part II,7,False
MovieLens ml-latest-small,movie,Animal House,8,False
MovieLens ml-latest-small,movie,Scream,10,False
MovieLens ml-latest-small,movie,Immortals,10,True
MovieLens ml-latest-small,movie,Daria: Is It College Yet?,2,False
MovieLens ml-latest-small,movie,"Elephant Man, The",8,False
MovieLens ml-latest-small,movie,Being John Malkovich,7,False
MovieLens ml-latest-small,movie,Donnie Brasco,9,False
MovieLens ml-latest-small,movie,WALL·E,8,False
MovieLens ml-latest-small,movie,"Italian Job, The (2003)",9,False
MovieLens ml-latest-small,movie,The Scorpion King,6,False
MovieLens ml-latest-small,movie,Jurassic Park,6,True
MovieLens ml-latest-small,movie,Batman Forever,8,False
MovieLens ml-latest-small,movie,Willow,5,False
MovieLens ml-latest-small,movie,Vantage Point,8,False
MovieLens ml-latest-small,movie,"Aviator, The",10,False
MovieLens ml-latest-small,movie,"Corporation, The",7,False
MovieLens ml-latest-small,movie,"View to a Kill, A",7,False
MovieLens ml-latest-small,movie,"Avengers, The (2012)",5,False
MovieLens ml-latest-small,movie,"Maltese Falcon, The (a.k.a. Dangerous Female)",10,False
MovieLens ml-latest-small,movie,"Jungle Book, The (1967)",10,False
MovieLens ml-latest-small,movie,I.Q.,4,False
MovieLens ml-latest-small,movie,Donnie Darko,9,False
MovieLens ml-latest-small,movie,Wag the Dog,8,False
MovieLens ml-latest-small,movie,"Simpsons Movie, The",8,False
MovieLens ml-latest-small,movie,Apocalypse Now,10,False
MovieLens ml-latest-small,movie,"Incredible Hulk, The",6,False
MovieLens ml-latest-small,movie,Independence Day (a.k.a. ID4),5,False
MovieLens ml-latest-small,movie,Avatar,6,False
MovieLens ml-latest-small,movie,Wayne's World,7,False
MovieLens ml-latest-small,movie,Breakfast at Tiffany's,8,False
MovieLens ml-latest-small,movie,(500) Days of Summer,9,False
MovieLens ml-latest-small,movie,Sleepless in Seattle,7,True
MovieLens ml-latest-small,movie,Serenity,9,False
MovieLens ml-latest-small,movie,"Adventures of Rocky and Bullwinkle, The",6,False
MovieLens ml-latest-small,movie,"Lord of the Rings: The Return of the King, The",7,False
MovieLens ml-latest-small,movie,Coffee and Cigarettes,7,False
MovieLens ml-latest-small,movie,Sunshine (2007),7,True
MovieLens ml-latest-small,movie,Snatch,3,True
MovieLens ml-latest-small,movie,Private Benjamin,8,True
MovieLens ml-latest-small,movie,Sabrina (1954),8,False
MovieLens ml-latest-small,movie,Erin Brockovich,6,False
MovieLens ml-latest-small,movie,"Big Lebowski, The",7,False
MovieLens ml-latest-small,movie,Maximum Risk,8,False
MovieLens ml-latest-small,movie,Sweet November,8,False
MovieLens ml-latest-small,movie,"Fish Called Wanda, A",8,False
MovieLens ml-latest-small,movie,"Hunt, The (Jagten)",8,True
MovieLens ml-latest-small,movie,Indiana Jones and the Last Crusade,8,False
MovieLens ml-latest-small,movie,Tron,4,False
MovieLens ml-latest-small,movie,Requiem for a Dream,10,False
MovieLens ml-latest-small,movie,"Dance of Reality, The (Danza de la realidad, La)",7,False
MovieLens ml-latest-small,movie,Band of Brothers,10,False
MovieLens ml-latest-small,movie,Howards End,9,False
MovieLens ml-latest-small,movie,Honeymoon in Vegas,8,False
MovieLens ml-latest-small,movie,Bridge of Spies,8,False
MovieLens ml-latest-small,movie,"Full Monty, The",2,False
MovieLens ml-latest-small,movie,Predator,10,False
MovieLens ml-latest-small,movie,"World Is Not Enough, The",4,False
MovieLens ml-latest-small,movie,"2 Fast 2 Furious (Fast and the Furious 2, The)",7,False
MovieLens ml-latest-small,movie,Alien,6,False
MovieLens ml-latest-small,movie,Pulp Fiction,6,False
MovieLens ml-latest-small,movie,Every Secret Thing,4,False
MovieLens ml-latest-small,movie,Deadpool,7,False
MovieLens ml-latest-small,movie,"Nutty Professor, The (1996)",5,True
MovieLens ml-latest-small,movie,Assassins,2,False
MovieLens ml-latest-small,movie,Beavis and Butt-Head Do America,3,False
MovieLens ml-latest-small,movie,Groundhog Day,9,False
MovieLens ml-latest-small,movie,Ace Ventura: Pet Detective,6,False
MovieLens ml-latest-small,movie,Fantastic Beasts and Where to Find Them,9,False
MovieLens ml-latest-small,movie,Resident Evil,8,True
MovieLens ml-latest-small,movie,"Mummy Returns, The",6,False
MovieLens ml-latest-small,movie,Madagascar,7,False
MovieLens ml-latest-small,movie,"Maltese Falcon, The",7,False
MovieLens ml-latest-small,movie,Being There,10,False
MovieLens ml-latest-small,movie,On a Clear Day,4,False
MovieLens ml-latest-small,movie,Taxi Driver,7,False
MovieLens ml-latest-small,movie,Dungeons & Dragons,2,False
MovieLens ml-latest-small,movie,"Beautiful Mind, A",6,False
MovieLens ml-latest-small,movie,Lolita (1997),6,True
MovieLens ml-latest-small,movie,Entrapment,7,False
MovieLens ml-latest-small,movie,"Blind Swordsman: Zatoichi, The (Zatôichi)",8,False
MovieLens ml-latest-small,movie,Mortal Kombat,6,True
MovieLens ml-latest-small,movie,Monkeybone,4,False
MovieLens ml-latest-small,movie,Harry Potter and the Prisoner of Azkaban,8,False
MovieLens ml-latest-small,movie,"Faculty, The",5,False
MovieLens ml-latest-small,movie,Riding Giants,8,True
MovieLens ml-latest-small,movie,Superman III,3,False
MovieLens ml-latest-small,movie,"Lust, Caution (Se, jie)",8,False
MovieLens ml-latest-small,movie,Groundhog Day,10,False
MovieLens ml-latest-small,movie,Mulan,8,False
MovieLens ml-latest-small,movie,"Edge of Heaven, The (Auf der anderen Seite)",7,False
MovieLens ml-latest-small,movie,Gladiator (2000),8,False
MovieLens ml-latest-small,movie,Dawn of the Dead (2004),10,True
MovieLens ml-latest-small,movie,Steel Magnolias,4,False
MovieLens ml-latest-small,movie,"Girl with the Dragon Tattoo, The",10,False
MovieLens ml-latest-small,movie,Some Like It Hot,6,False
MovieLens ml-latest-small,movie,For a Few Dollars More (Per qualche dollaro in più),10,False
MovieLens ml-latest-small,movie,"Terminal, The",4,False
MovieLens ml-latest-small,movie,1984 (Nineteen Eighty-Four),6,False
MovieLens ml-latest-small,movie,National Lampoon's Vacation,8,False
MovieLens ml-latest-small,movie,Patton,8,False
MovieLens ml-latest-small,movie,Stand by Me,7,False
MovieLens ml-latest-small,movie,Conspiracy Theory,4,False
MovieLens ml-latest-small,movie,Girl with a Pearl Earring,7,False
MovieLens ml-latest-small,movie,Batman Returns,10,False
MovieLens ml-latest-small,movie,"Silence of the Lambs, The",10,True
MovieLens ml-latest-small,movie,"Black Cat, White Cat (Crna macka, beli macor)",8,False
MovieLens ml-latest-small,movie,Geri's Game,7,False
MovieLens ml-latest-small,movie,Goodfellas,10,False
MovieLens ml-latest-small,movie,Death Proof,8,False
MovieLens ml-latest-small,movie,Twin Peaks: Fire Walk with Me,8,False
MovieLens ml-latest-small,movie,"Matrix Reloaded, The",8,False
MovieLens ml-latest-small,movie,Reservoir Dogs,10,False
MovieLens ml-latest-small,movie,Spider-Man,8,False
MovieLens ml-latest-small,movie,Harry Potter and the Prisoner of Azkaban,7,False
MovieLens ml-latest-small,movie,"Amityville Horror, The (2005)",6,False
MovieLens ml-latest-small,movie,Ever After: A Cinderella Story,6,True
MovieLens ml-latest-small,movie,Braveheart,6,False
MovieLens ml-latest-small,movie,Places in the Heart,8,False
MovieLens ml-latest-small,movie,Problem Child,3,False
MovieLens ml-latest-small,movie,Billy Madison,8,False
MovieLens ml-latest-small,movie,Grease,9,False
MovieLens ml-latest-small,movie,Beautiful People,10,True
MovieLens ml-latest-small,movie,You Only Live Twice,8,False
MovieLens ml-latest-small,movie,"Abyss, The",8,False
MovieLens ml-latest-small,movie,Holes,4,False
MovieLens ml-latest-small,movie,Star Trek: Nemesis,5,False
MovieLens ml-latest-small,movie,"Big Lebowski, The",10,True
MovieLens ml-latest-small,movie,"Adventures of Priscilla, Queen of the Desert, The",7,False
MovieLens ml-latest-small,movie,Anna Karenina (1935),7,False
MovieLens ml-latest-small,movie,Hot Shots! Part Deux,6,False
MovieLens ml-latest-small,movie,Saving Silverman (Evil Woman),5,True
MovieLens ml-latest-small,movie,"Unbearable Lightness of Being, The",10,False
MovieLens ml-latest-small,movie,"Jackal, The",6,False
MovieLens ml-latest-small,movie,Sleepy Hollow,7,False
MovieLens ml-latest-small,movie,Beneath the Planet of the Apes,6,True
MovieLens ml-latest-small,movie,Whiplash (2014),9,True
MovieLens ml-latest-small,movie,"War Zone, The",5,False
MovieLens ml-latest-small,movie,How the Grinch Stole Christmas (a.k.a. The Grinch),8,True
MovieLens ml-latest-small,movie,Hackers,4,False
MovieLens ml-latest-small,movie,Austin Powers: International Man of Mystery,8,False
MovieLens ml-latest-small,movie,Dead Man Walking,8,False
MovieLens ml-latest-small,movie,Avatar,9,False
MovieLens ml-latest-small,movie,Armageddon,3,False
MovieLens ml-latest-small,movie,October Sky,8,False
MovieLens ml-latest-small,movie,"Time Machine, The (2002)",6,False
MovieLens ml-latest-small,movie,Spaceballs,8,False
MovieLens ml-latest-small,movie,Home Alone 2: Lost in New York,4,False
MovieLens ml-latest-small,movie,Desperado,4,False
MovieLens ml-latest-small,movie,Eat Drink Man Woman (Yin shi nan nu),4,False
MovieLens ml-latest-small,movie,"Lost Boys, The",1,False
MovieLens ml-latest-small,movie,"Aristocats, The",6,False
MovieLens ml-latest-small,movie,"Dark Knight, The",10,True
MovieLens ml-latest-small,movie,Sliver,2,True
MovieLens ml-latest-small,movie,"Matrix Revolutions, The",10,False
MovieLens ml-latest-small,movie,Pootie Tang,6,False
MovieLens ml-latest-small,movie,Outbreak,6,True
MovieLens ml-latest-small,movie,Citizen Kane,6,True
MovieLens ml-latest-small,movie,Not Without My Daughter,5,False
MovieLens ml-latest-small,movie,You've Got Mail,8,False
MovieLens ml-latest-small,movie,Cloudy with a Chance of Meatballs,6,True
MovieLens ml-latest-small,movie,Fever Pitch (2005),1,False
MovieLens ml-latest-small,movie,Mitchell,2,False
MovieLens ml-latest-small,movie,Hannibal,3,False
MovieLens ml-latest-small,movie,Ice Age,7,False
MovieLens ml-latest-small,movie,You've Got Mail,4,True
MovieLens ml-latest-small,movie,Untitled Spider-Man Reboot,9,False
MovieLens ml-latest-small,movie,Casablanca,10,False
MovieLens ml-latest-small,movie,Requiem for a Dream,9,False
MovieLens ml-latest-small,movie,WALL·E,7,False
MovieLens ml-latest-small,movie,Fraternity Vacation,2,True
MovieLens ml-latest-small,movie,"Girl with the Dragon Tattoo, The",8,True
MovieLens ml-latest-small,movie,Pineapple Express,5,True
MovieLens ml-latest-small,movie,Battle Royale (Batoru rowaiaru),9,False
MovieLens ml-latest-small,movie,Captain Phillips,8,True
MovieLens ml-latest-small,movie,"Full Monty, The",8,False
MovieLens ml-latest-small,movie,Dead Poets Society,8,True
MovieLens ml-latest-small,movie,Sky Captain and the World of Tomorrow,7,False
MovieLens ml-latest-small,movie,Teenage Mutant Ninja Turtles II: The Secret of the Ooze,7,True
MovieLens ml-latest-small,movie,Cloudy with a Chance of Meatballs,10,True
MovieLens ml-latest-small,movie,Dances with Wolves,6,False
MovieLens ml-latest-small,movie,Missing in Action,4,False
MovieLens ml-latest-small,movie,Big Hero 6,7,False
MovieLens ml-latest-small,movie,Red Cliff (Chi bi),10,False
MovieLens ml-latest-small,movie,Baby Driver,10,False
MovieLens ml-latest-small,movie,Argo,8,False
MovieLens ml-latest-small,movie,Spider-Man 2,7,True
MovieLens ml-latest-small,movie,Dr. Horrible's Sing-Along Blog,10,False
MovieLens ml-latest-small,movie,Limitless,7,True
MovieLens ml-latest-small,movie,"Krays, The",7,False
MovieLens ml-latest-small,movie,Home Alone,4,False
MovieLens ml-latest-small,movie,Monster,8,False
MovieLens ml-latest-small,movie,Paperman,8,False
MovieLens ml-latest-small,movie,The Handmaiden,1,True
MovieLens ml-latest-small,movie,Terminator 2: Judgment Day,9,False
MovieLens ml-latest-small,movie,Chasing Amy,9,False
MovieLens ml-latest-small,movie,40 Days and 40 Nights,1,False
MovieLens ml-latest-small,movie,Butch Cassidy and the Sundance Kid,10,False
MovieLens ml-latest-small,movie,Titanic (1997),8,True
MovieLens ml-latest-small,movie,"Hunchback of Notre Dame, The (1996)",4,False
MovieLens ml-latest-small,movie,Police Academy 4: Citizens on Patrol,6,False
MovieLens ml-latest-small,movie,"Truman Show, The",7,False
MovieLens ml-latest-small,movie,"Green Mile, The",9,False
MovieLens ml-latest-small,movie,Rushmore,6,False
MovieLens ml-latest-small,movie,Jerry Maguire,7,False
MovieLens ml-latest-small,movie,Show Me Love (Fucking Åmål),10,False
MovieLens ml-latest-small,movie,"Deer Hunter, The",10,True
MovieLens ml-latest-small,movie,Unforgettable,6,False
MovieLens ml-latest-small,movie,Ben-Hur,8,False
MovieLens ml-latest-small,movie,Finding Forrester,8,True
MovieLens ml-latest-small,movie,Fantastic Four (2005),8,False
MovieLens ml-latest-small,movie,Shooter,8,False
MovieLens ml-latest-small,movie,"Three Musketeers, The (1993)",6,False
MovieLens ml-latest-small,movie,Reindeer Games,4,False
MovieLens ml-latest-small,movie,Three Colors: White (Trzy kolory: Bialy),7,False
MovieLens ml-latest-small,movie,Toy Story,8,False
MovieLens ml-latest-small,movie,Radio Flyer,6,True
MovieLens ml-latest-small,movie,"Mission, The",10,False
MovieLens ml-latest-small,movie,Aladdin,8,False
MovieLens ml-latest-small,movie,Safety Last!,6,True
MovieLens ml-latest-small,movie,X-Men,8,True
MovieLens ml-latest-small,movie,Skyfall,9,False
MovieLens ml-latest-small,movie,Megamind,8,False
MovieLens ml-latest-small,movie,Scott Pilgrim vs. the World,10,False
MovieLens ml-latest-small,movie,"Twilight Saga: Breaking Dawn - Part 2, The",4,False
MovieLens ml-latest-small,movie,Just Married,6,False
MovieLens ml-latest-small,movie,"Exorcist, The",6,False
MovieLens ml-latest-small,movie,Frozen (2013),6,False
MovieLens ml-latest-small,movie,Captain America: Civil War,6,False
MovieLens ml-latest-small,movie,"Green Hornet, The",6,False
MovieLens ml-latest-small,movie,"Texas Chainsaw Massacre: The Beginning, The",4,False
MovieLens ml-latest-small,movie,"Jerky Boys, The",10,False
MovieLens ml-latest-small,movie,French Kiss,10,True
MovieLens ml-latest-small,movie,Big,7,False
MovieLens ml-latest-small,movie,The Alamo,6,False
MovieLens ml-latest-small,movie,Naked Gun 33 1/3: The Final Insult,6,True
MovieLens ml-latest-small,movie,Cliffhanger,8,False
MovieLens ml-latest-small,movie,Mallrats,7,False
MovieLens ml-latest-small,movie,Alpha and Omega 3: The Great Wolf Games,9,False
MovieLens ml-latest-small,movie,"Forbidden Kingdom, The",9,False
MovieLens ml-latest-small,movie,"Jungle Book, The (1994)",6,False
MovieLens ml-latest-small,movie,Lemony Snicket's A Series of Unfortunate Events,5,False
MovieLens ml-latest-small,movie,Saving Grace,7,False
MovieLens ml-latest-small,movie,Pleasantville,6,False
MovieLens ml-latest-small,movie,Crash (2004),9,False
MovieLens ml-latest-small,movie,Murder at 1600,6,False
MovieLens ml-latest-small,movie,North Dallas Forty,4,False
MovieLens ml-latest-small,movie,Rush Hour 2,8,False
MovieLens ml-latest-small,movie,His Girl Friday,9,False
MovieLens ml-latest-small,movie,Being There,6,False
MovieLens ml-latest-small,movie,Taxi Driver,8,False
MovieLens ml-latest-small,movie,Homeward Bound II: Lost in San Francisco,6,False
MovieLens ml-latest-small,movie,Jon Stewart Has Left the Building,7,False
MovieLens ml-latest-small,movie,"Shawshank Redemption, The",10,False
MovieLens ml-latest-small,movie,"Lust, Caution (Se, jie)",7,False
MovieLens ml-latest-small,movie,Stuart Little,4,True
MovieLens ml-latest-small,movie,"Lion King, The",6,False
MovieLens ml-latest-small,movie,Star Trek V: The Final Frontier,6,False
MovieLens ml-latest-small,movie,Dangerous Liaisons,8,False
MovieLens ml-latest-small,movie,Signs,8,False
MovieLens ml-latest-small,movie,Real Steel,7,False
MovieLens ml-latest-small,movie,Series 7: The Contenders,6,False
MovieLens ml-latest-small,movie,House,10,False
MovieLens ml-latest-small,movie,National Lampoon's Van Wilder,6,False
MovieLens ml-latest-small,movie,Erin Brockovich,8,False
MovieLens ml-latest-small,movie,Sabotage,6,False
MovieLens ml-latest-small,movie,Home Alone,6,False
MovieLens ml-latest-small,movie,Inception,8,False
MovieLens ml-latest-small,movie,Iron Man 3,8,False
MovieLens ml-latest-small,movie,"Others, The",10,True
MovieLens ml-latest-small,movie,Die Hard 2,9,False
MovieLens ml-latest-small,movie,As Good as It Gets,8,False
MovieLens ml-latest-small,movie,To Kill a Mockingbird,9,False
MovieLens ml-latest-small,movie,Far From Home: The Adventures of Yellow Dog,10,False
MovieLens ml-latest-small,movie,"Visitors, The (Visiteurs, Les)",10,False
MovieLens ml-latest-small,movie,Rosemary's Baby,10,False
MovieLens ml-latest-small,movie,No Man's Land (2001),10,False
MovieLens ml-latest-small,movie,City of Angels,6,False
MovieLens ml-latest-small,movie,Kiss Kiss Bang Bang,10,False
MovieLens ml-latest-small,movie,"Nutty Professor, The (1963)",6,True
MovieLens ml-latest-small,movie,"Breakfast Club, The",8,True
MovieLens ml-latest-small,movie,"Spy Who Loved Me, The",7,False
MovieLens ml-latest-small,movie,"Thomas Crown Affair, The (1968)",7,False
MovieLens ml-latest-small,movie,"Crouching Tiger, Hidden Dragon (Wo hu cang long)",9,False
MovieLens ml-latest-small,movie,"Assassination of Jesse James by the Coward Robert Ford, The",6,False
MovieLens ml-latest-small,movie,Entrapment,4,False
MovieLens ml-latest-small,movie,Hannibal,8,False
MovieLens ml-latest-small,movie,Lara Croft Tomb Raider: The Cradle of Life,5,False
MovieLens ml-latest-small,movie,Star Wars: Episode I - The Phantom Menace,10,False
MovieLens ml-latest-small,movie,Harley Davidson and the Marlboro Man,6,False
MovieLens ml-latest-small,movie,Amityville: Dollhouse,4,False
MovieLens ml-latest-small,movie,Kill Bill: Vol. 2,10,False
MovieLens ml-latest-small,movie,Terminator 2: Judgment Day,6,True
MovieLens ml-latest-small,movie,Red 2,4,False
MovieLens ml-latest-small,movie,Wallace & Gromit in The Curse of the Were-Rabbit,3,False
MovieLens ml-latest-small,movie,"Producers, The (1968)",8,False
MovieLens ml-latest-small,movie,Sunshine Cleaning,7,False
MovieLens ml-latest-small,movie,Total Recall (1990),5,True
MovieLens ml-latest-small,movie,"40-Year-Old Virgin, The",8,True
MovieLens ml-latest-small,movie,Teknolust,4,False
MovieLens ml-latest-small,movie,Schindler's List,10,False
MovieLens ml-latest-small,movie,Jurassic Park,4,False
MovieLens ml-latest-small,movie,James and the Giant Peach,2,False
MovieLens ml-latest-small,movie,Lost in Translation,8,False
MovieLens ml-latest-small,movie,Die Hard,8,False
MovieLens ml-latest-small,movie,Good Will Hunting,8,False
MovieLens ml-latest-small,movie,Amadeus,7,False
MovieLens ml-latest-small,movie,Candy,8,False
MovieLens ml-latest-small,movie,Fargo,8,False
MovieLens ml-latest-small,movie,Ghost Dog: The Way of the Samurai,10,False
MovieLens ml-latest-small,movie,"Fifth Element, The",10,False
MovieLens ml-latest-small,movie,Goodfellas,9,False
MovieLens ml-latest-small,movie,Westworld,6,False
MovieLens ml-latest-small,movie,Striptease,4,False
MovieLens ml-latest-small,movie,Fantastic Beasts and Where to Find Them,6,False
MovieLens ml-latest-small,movie,48 Hrs.,4,True
MovieLens ml-latest-small,movie,"Road Warrior, The (Mad Max 2)",8,False
MovieLens ml-latest-small,movie,Shine,8,False
MovieLens ml-latest-small,movie,Red Sonja,5,False
MovieLens ml-latest-small,movie,Jumpin' Jack Flash,6,False
MovieLens ml-latest-small,movie,Cast Away,7,True
MovieLens ml-latest-small,movie,"Adventures of Buckaroo Banzai Across the 8th Dimension, The",10,False
MovieLens ml-latest-small,movie,"Girl Next Door, The (2004)",7,False
MovieLens ml-latest-small,movie,Titan A.E.,8,False
MovieLens ml-latest-small,movie,"Reader, The",7,True
MovieLens ml-latest-small,movie,Blown Away,8,False
MovieLens ml-latest-small,movie,Pitch Black,8,True
MovieLens ml-latest-small,movie,Safe (2012),8,False
MovieLens ml-latest-small,movie,Birdman: Or (The Unexpected Virtue of Ignorance),9,False
MovieLens ml-latest-small,movie,¡Three Amigos!,10,False
MovieLens ml-latest-small,movie,"Adventures of Priscilla, Queen of the Desert, The",6,True
MovieLens ml-latest-small,movie,"Remains of the Day, The",10,False
MovieLens ml-latest-small,movie,Dirty Dancing,9,True
MovieLens ml-latest-small,movie,Zero Effect,8,False
MovieLens ml-latest-small,movie,"Help, The",8,False
MovieLens ml-latest-small,movie,Gandhi,6,False
MovieLens ml-latest-small,movie,Only Lovers Left Alive,10,False
MovieLens ml-latest-small,movie,Sabrina (1995),6,False
MovieLens ml-latest-small,movie,"Green Mile, The",8,True
MovieLens ml-latest-small,movie,"Hurricane, The",6,False
MovieLens ml-latest-small,movie,Monsters University,8,False
MovieLens ml-latest-small,movie,"Da Vinci Code, The",6,False
MovieLens ml-latest-small,movie,Road to Perdition,8,False
MovieLens ml-latest-small,movie,"Producers, The (1968)",9,False
MovieLens ml-latest-small,movie,State Property 2,3,False
MovieLens ml-latest-small,movie,Blue Crush,6,False
MovieLens ml-latest-small,movie,Thirty-Two Short Films About Glenn Gould,8,False
MovieLens ml-latest-small,movie,Dumbo,7,False
MovieLens ml-latest-small,movie,Goldfinger,6,False
MovieLens ml-latest-small,movie,"Last King of Scotland, The",10,False
MovieLens ml-latest-small,movie,"Cell, The",7,True
MovieLens ml-latest-small,movie,Monty Python's The Meaning of Life,6,False
MovieLens ml-latest-small,movie,There's Something About Mary,6,False
MovieLens ml-latest-small,movie,Dumbo,10,False
MovieLens ml-latest-small,movie,Pocahontas,9,False
MovieLens ml-latest-small,movie,101 Dalmatians,5,False
MovieLens ml-latest-small,movie,Planet of the Apes (1968),10,False
MovieLens ml-latest-small,movie,Four Weddings and a Funeral,5,False
MovieLens ml-latest-small,movie,2001: A Space Odyssey,8,False
MovieLens ml-latest-small,movie,Cat Ballou,6,False
MovieLens ml-latest-small,movie,12 Years a Slave,9,True
MovieLens ml-latest-small,movie,X-Men: The Last Stand,5,False
MovieLens ml-latest-small,movie,Night at the Museum,8,False
MovieLens ml-latest-small,movie,Bend It Like Beckham,4,False
MovieLens ml-latest-small,movie,Leaving Las Vegas,2,False
MovieLens ml-latest-small,movie,"Matrix Revolutions, The",7,False
MovieLens ml-latest-small,movie,"Notorious Bettie Page, The",6,False
MovieLens ml-latest-small,movie,Cool Runnings,6,False
MovieLens ml-latest-small,movie,American Beauty,8,True
MovieLens ml-latest-small,movie,Lawrence of Arabia,10,False
MovieLens ml-latest-small,movie,Sleepless in Seattle,6,True
MovieLens ml-latest-small,movie,Easy A,8,False
MovieLens ml-latest-small,movie,Citizen Ruth,6,False
MovieLens ml-latest-small,movie,"People vs. Larry Flynt, The",8,True
MovieLens ml-latest-small,movie,Encino Man,4,False
MovieLens ml-latest-small,movie,Wet Hot American Summer,10,False
MovieLens ml-latest-small,movie,"Thomas Crown Affair, The (1999)",6,False
MovieLens ml-latest-small,movie,Mamma Mia!,4,False
MovieLens ml-latest-small,movie,Alien,10,False
MovieLens ml-latest-small,movie,Limitless,6,False
MovieLens ml-latest-small,movie,Sabrina (1995),8,False
MovieLens ml-latest-small,movie,Wayne's World,6,False
MovieLens ml-latest-small,movie,Deadpool,9,False
MovieLens ml-latest-small,movie,"First Beautiful Thing, The (La prima cosa bella)",8,False
MovieLens ml-latest-small,movie,White Men Can't Jump,6,False
MovieLens ml-latest-small,movie,Swiss Army Man,8,False
MovieLens ml-latest-small,movie,"Simpsons: The Longest Daycare, The",9,False
MovieLens ml-latest-small,movie,Six Degrees of Separation,6,False
MovieLens ml-latest-small,movie,Hidden Figures,8,False
MovieLens ml-latest-small,movie,Big Top Pee-Wee,4,False
MovieLens ml-latest-small,movie,Rise of the Planet of the Apes,1,False
MovieLens ml-latest-small,movie,Collateral,7,True
MovieLens ml-latest-small,movie,Close Range,6,False
MovieLens ml-latest-small,movie,"Rocker, The",3,False
MovieLens ml-latest-small,movie,"Beverly Hillbillies, The",4,False
MovieLens ml-latest-small,movie,Envy,6,False
MovieLens ml-latest-small,movie,War of the Worlds (2005),9,False
MovieLens ml-latest-small,movie,Home Alone 2: Lost in New York,2,False
MovieLens ml-latest-small,movie,Coco,4,False
MovieLens ml-latest-small,movie,Hook,7,False
MovieLens ml-latest-small,movie,White Man's Burden,6,False
MovieLens ml-latest-small,movie,Die Hard: With a Vengeance,8,False
MovieLens ml-latest-small,movie,Into the Wild,7,False
MovieLens ml-latest-small,movie,Deep Blue Sea,8,False
MovieLens ml-latest-small,movie,"Babysitter, The",6,False
MovieLens ml-latest-small,movie,Django Unchained,10,False
MovieLens ml-latest-small,movie,Troll 2,1,False
MovieLens ml-latest-small,movie,3:10 to Yuma (2007),10,False
MovieLens ml-latest-small,movie,Monty Python's The Meaning of Life,10,False
MovieLens ml-latest-small,movie,Strictly Ballroom,4,True
MovieLens ml-latest-small,movie,Teenage Mutant Ninja Turtles III,5,False
MovieLens ml-latest-small,movie,End of Days,7,False
MovieLens ml-latest-small,movie,"Mighty Ducks, The",8,False
MovieLens ml-latest-small,movie,Pi,7,True
MovieLens ml-latest-small,movie,Jungle2Jungle (a.k.a. Jungle 2 Jungle),4,False
MovieLens ml-latest-small,movie,"Princess Bride, The",8,False
MovieLens ml-latest-small,movie,"Quiet Man, The",4,False
MovieLens ml-latest-small,movie,"Hunchback of Notre Dame, The (1996)",8,False
MovieLens ml-latest-small,movie,Bones,2,False
MovieLens ml-latest-small,movie,8 1/2 (8½),6,False
MovieLens ml-latest-small,movie,Waking Ned Devine (a.k.a. Waking Ned),8,False
MovieLens ml-latest-small,movie,28 Days Later,7,False
MovieLens ml-latest-small,movie,"Boys from Brazil, The",6,False
MovieLens ml-latest-small,movie,Waitress,7,True
MovieLens ml-latest-small,movie,Cool Hand Luke,6,False
MovieLens ml-latest-small,movie,Manhattan,7,False
MovieLens ml-latest-small,movie,Hocus Pocus,6,False
MovieLens ml-latest-small,movie,"Amelie (Fabuleux destin d'Amélie Poulain, Le)",10,False
MovieLens ml-latest-small,movie,Babe,10,False
MovieLens ml-latest-small,movie,"Mask, The",2,False
MovieLens ml-latest-small,movie,"Avengers, The (2012)",10,False
MovieLens ml-latest-small,movie,Ip Man 2,1,False
MovieLens ml-latest-small,movie,"Others, The",6,False
MovieLens ml-latest-small,movie,Harold and Kumar Go to White Castle,8,False
MovieLens ml-latest-small,movie,Paperman,10,False
MovieLens ml-latest-small,movie,Snatch,6,False
MovieLens ml-latest-small,movie,Patch Adams,8,False
MovieLens ml-latest-small,movie,Men in Black (a.k.a. MIB),7,False
MovieLens ml-latest-small,movie,Cinderella (1950),6,True
MovieLens ml-latest-small,movie,"Cable Guy, The",1,False
MovieLens ml-latest-small,movie,"Silence of the Lambs, The",8,False
MovieLens ml-latest-small,movie,"Truman Show, The",8,False
MovieLens ml-latest-small,movie,"Grand Day Out with Wallace and Gromit, A",8,False
MovieLens ml-latest-small,movie,"40-Year-Old Virgin, The",10,False
MovieLens ml-latest-small,movie,Batman Begins,8,False
MovieLens ml-latest-small,movie,Showgirls,10,False
MovieLens ml-latest-small,movie,Star Trek VI: The Undiscovered Country,2,False
MovieLens ml-latest-small,movie,Embrace of the Serpent,7,False
MovieLens ml-latest-small,movie,Godzilla (1998),2,True
MovieLens ml-latest-small,movie,Sicario,9,False
MovieLens ml-latest-small,movie,Rain Man,6,False
MovieLens ml-latest-small,movie,Roman Holiday,6,False
MovieLens ml-latest-small,movie,Grease,8,False
MovieLens ml-latest-small,movie,Harry Potter and the Order of the Phoenix,6,False
MovieLens ml-latest-small,movie,Legally Blonde,7,False
MovieLens ml-latest-small,movie,Alien,8,False
MovieLens ml-latest-small,movie,American History X,8,True
MovieLens ml-latest-small,movie,The Lego Movie,10,False
MovieLens ml-latest-small,movie,Dances with Wolves,4,False
MovieLens ml-latest-small,movie,"Animal, The",4,False
MovieLens ml-latest-small,movie,Boxing Helena,2,False
MovieLens ml-latest-small,movie,Blackbeard's Ghost,6,True
MovieLens ml-latest-small,movie,22 Jump Street,8,False
MovieLens ml-latest-small,movie,Aladdin,9,True
MovieLens ml-latest-small,movie,Guess Who,3,True
MovieLens ml-latest-small,movie,Ghost,4,False
MovieLens ml-latest-small,movie,Mission: Impossible II,8,False
MovieLens ml-latest-small,movie,Midnight in Paris,6,True
MovieLens ml-latest-small,movie,Babel,6,False
MovieLens ml-latest-small,movie,Lost Highway,4,False
MovieLens ml-latest-small,movie,Boomerang,4,False
MovieLens ml-latest-small,movie,Lost in La Mancha,6,False
MovieLens ml-latest-small,movie,Star Wars: Episode I - The Phantom Menace,6,False
MovieLens ml-latest-small,movie,Multiplicity,6,False
MovieLens ml-latest-small,movie,"Magnificent Seven, The",7,False
MovieLens ml-latest-small,movie,"Family Man, The",6,True
MovieLens ml-latest-small,movie,Juno,8,False
MovieLens ml-latest-small,movie,101 Dalmatians,6,False
MovieLens ml-latest-small,movie,L.A. Confidential,9,False
MovieLens ml-latest-small,movie,Scary Movie 2,1,True
MovieLens ml-latest-small,movie,Spider-Man 2,8,True
MovieLens ml-latest-small,movie,Lord of War,5,False
MovieLens ml-latest-small,movie,"Maltese Falcon, The",10,False
MovieLens ml-latest-small,movie,"Perfect Storm, The",8,False
MovieLens ml-latest-small,movie,Better Off Dead...,10,False
MovieLens ml-latest-small,movie,For Love of the Game,4,False
MovieLens ml-latest-small,movie,"Cable Guy, The",6,False
MovieLens ml-latest-small,movie,"Out-of-Towners, The",4,False
MovieLens ml-latest-small,movie,Highlander,10,False
MovieLens ml-latest-small,movie,Bridesmaids,8,False
MovieLens ml-latest-small,movie,Donnie Brasco,7,False
MovieLens ml-latest-small,movie,Jeepers Creepers,6,False
MovieLens ml-latest-small,movie,Manhattan,6,False
MovieLens ml-latest-small,movie,Bone Tomahawk,9,False
MovieLens ml-latest-small,movie,In the Name of the Father,6,False
MovieLens ml-latest-small,movie,Halloween (1978),10,False
MovieLens ml-latest-small,movie,Jurassic Park,10,False
MovieLens ml-latest-small,movie,Lost Highway,1,False
MovieLens ml-latest-small,movie,Get Shorty,6,False
MovieLens ml-latest-small,movie,"Grifters, The",10,True
MovieLens ml-latest-small,movie,"River Runs Through It, A",10,False
MovieLens ml-latest-small,movie,Babe,2,False
MovieLens ml-latest-small,movie,Road Trip,7,False
MovieLens ml-latest-small,movie,"Birdcage, The",4,False
MovieLens ml-latest-small,movie,Abbott and Costello Meet Frankenstein,7,False
MovieLens ml-latest-small,movie,My Neighbor Totoro (Tonari no Totoro),10,True
MovieLens ml-latest-small,movie,Last Man Standing,6,False
MovieLens ml-latest-small,movie,Bruce Almighty,4,False
MovieLens ml-latest-small,movie,Stigmata,10,False
MovieLens ml-latest-small,movie,Schindler's List,5,False
MovieLens ml-latest-small,movie,"Knight's Tale, A",6,False
MovieLens ml-latest-small,movie,"Talented Mr. Ripley, The",8,False
MovieLens ml-latest-small,movie,Snatch,10,False
MovieLens ml-latest-small,movie,"40-Year-Old Virgin, The",6,True
MovieLens ml-latest-small,movie,On Her Majesty's Secret Service,8,True
MovieLens ml-latest-small,movie,"Limey, The",5,False
MovieLens ml-latest-small,movie,Enigma,5,True
MovieLens ml-latest-small,movie,Lilo & Stitch,9,False
MovieLens ml-latest-small,movie,O.J.: Made in America,9,False
MovieLens ml-latest-small,movie,"Godfather: Part II, The",8,False
MovieLens ml-latest-small,movie,Prince of Persia: The Sands of Time,8,False
MovieLens ml-latest-small,movie,"Downfall (Untergang, Der)",7,False
MovieLens ml-latest-small,movie,Death Proof,7,False
MovieLens ml-latest-small,movie,Spriggan (Supurigan),7,False
MovieLens ml-latest-small,movie,Rocket Singh: Salesman of the Year,8,False
MovieLens ml-latest-small,movie,"Firm, The (1993)",6,False
MovieLens ml-latest-small,movie,Pearl Harbor,7,False
MovieLens ml-latest-small,movie,Spanglish,4,True
MovieLens ml-latest-small,movie,Snow White and the Seven Dwarfs,10,True
MovieLens ml-latest-small,movie,Sneakers,6,False
MovieLens ml-latest-small,movie,F/X,6,False
MovieLens ml-latest-small,movie,Ace Ventura: When Nature Calls,7,False
MovieLens ml-latest-small,movie,The Legend of Tarzan,4,True
MovieLens ml-latest-small,movie,Godzilla (2014),7,False
MovieLens ml-latest-small,movie,Twelve Monkeys (a.k.a. 12 Monkeys),10,False
MovieLens ml-latest-small,movie,"Ladykillers, The (2004)",1,False
MovieLens ml-latest-small,movie,THX 1138,9,False
MovieLens ml-latest-small,movie,Bikini Beach,2,True
MovieLens ml-latest-small,movie,Star Trek: First Contact,6,False
MovieLens ml-latest-small,movie,Monty Python and the Holy Grail,4,False
MovieLens ml-latest-small,movie,Star Trek II: The Wrath of Khan,10,False
MovieLens ml-latest-small,movie,Final Fantasy: The Spirits Within,4,False
MovieLens ml-latest-small,movie,Valerian and the City of a Thousand Planets,4,False
MovieLens ml-latest-small,movie,"Changeling, The",5,True
MovieLens ml-latest-small,movie,Tiger Raid,4,False
MovieLens ml-latest-small,movie,Children of Men,3,False
MovieLens ml-latest-small,movie,Dances with Wolves,7,False
MovieLens ml-latest-small,movie,Must Love Dogs,1,False
MovieLens ml-latest-small,movie,Twelve Monkeys (a.k.a. 12 Monkeys),9,False
MovieLens ml-latest-small,movie,Somewhere in Time,4,False
MovieLens ml-latest-small,movie,Vertigo,8,True
MovieLens ml-latest-small,movie,Batman Forever,6,False
MovieLens ml-latest-small,movie,Saving Private Ryan,10,False
MovieLens ml-latest-small,movie,Talk Radio,6,False
MovieLens ml-latest-small,movie,Bad Girls,4,False
MovieLens ml-latest-small,movie,Fled,4,False
MovieLens ml-latest-small,movie,"Perez Family, The",6,False
MovieLens ml-latest-small,movie,Laws of Attraction,2,False
MovieLens ml-latest-small,movie,Superman II,4,False
MovieLens ml-latest-small,movie,Chicago,8,False
MovieLens ml-latest-small,movie,Kill Bill: Vol. 2,8,True
MovieLens ml-latest-small,movie,"World's End, The",8,False
MovieLens ml-latest-small,movie,On the Waterfront,9,True
MovieLens ml-latest-small,movie,Hide and Seek,2,False
MovieLens ml-latest-small,movie,Along Came a Spider,6,False
MovieLens ml-latest-small,movie,My Blue Heaven,6,False
MovieLens ml-latest-small,movie,Garden State,4,False
MovieLens ml-latest-small,movie,Moulin Rouge,10,True
MovieLens ml-latest-small,movie,Shakespeare in Love,2,False
MovieLens ml-latest-small,movie,Guess Who's Coming to Dinner,10,False
MovieLens ml-latest-small,movie,Hairspray (1988),6,False
MovieLens ml-latest-small,movie,Paul Blart: Mall Cop 2,7,False
MovieLens ml-latest-small,movie,Drowning Mona,4,False
MovieLens ml-latest-small,movie,3:10 to Yuma (2007),6,True
MovieLens ml-latest-small,movie,Wayne's World,5,False
MovieLens ml-latest-small,movie,Von Ryan's Express,7,False
MovieLens ml-latest-small,movie,Enemy Mine,9,False
MovieLens ml-latest-small,movie,Ip Man 2,7,True
MovieLens ml-latest-small,movie,Flatliners,5,True
MovieLens ml-latest-small,movie,Star Trek: The Motion Picture,6,False
MovieLens ml-latest-small,movie,Across the Universe,6,False
MovieLens ml-latest-small,movie,Gattaca,7,True
MovieLens ml-latest-small,movie,Mission: Impossible,6,False
MovieLens ml-latest-small,movie,"Treasure of the Sierra Madre, The",10,True
MovieLens ml-latest-small,movie,King Kong (1933),10,False
MovieLens ml-latest-small,movie,Night at the Museum: Secret of the Tomb,7,False
MovieLens ml-latest-small,movie,"I, Robot",7,False
MovieLens ml-latest-small,movie,Rumor Has It...,6,False
MovieLens ml-latest-small,movie,One Flew Over the Cuckoo's Nest,10,False
MovieLens ml-latest-small,movie,Boys Don't Cry,6,False
MovieLens ml-latest-small,movie,Twister (1996),2,False
MovieLens ml-latest-small,movie,"Legend of Bagger Vance, The",7,False
MovieLens ml-latest-small,movie,"Night at the Opera, A",7,False
MovieLens ml-latest-small,movie,Requiem for a Dream,8,False
MovieLens ml-latest-small,movie,Frozen (2013),7,False
MovieLens ml-latest-small,movie,"Man in the Iron Mask, The",8,False
MovieLens ml-latest-small,movie,Men in Black II (a.k.a. MIIB) (a.k.a. MIB 2),6,True
MovieLens ml-latest-small,movie,GoldenEye,4,False
MovieLens ml-latest-small,movie,Local Hero,8,False
MovieLens ml-latest-small,movie,Hot Fuzz,9,False
MovieLens ml-latest-small,movie,"Wizard of Oz, The",8,False
MovieLens ml-latest-small,movie,"Postman, The (Postino, Il)",8,False
MovieLens ml-latest-small,movie,Memoirs of a Geisha,7,False
MovieLens ml-latest-small,movie,"Horse Whisperer, The",7,False
MovieLens ml-latest-small,movie,Letters from Iwo Jima,7,False
MovieLens ml-latest-small,movie,Inception,10,False
MovieLens ml-latest-small,movie,"Lot Like Love, A",7,False
MovieLens ml-latest-small,movie,Varsity Blues,4,False
MovieLens ml-latest-small,movie,Willy Wonka & the Chocolate Factory,8,False
MovieLens ml-latest-small,movie,Sin City,9,False
MovieLens ml-latest-small,movie,Land Before Time III: The Time of the Great Giving,6,False
MovieLens ml-latest-small,movie,Superman,5,False
MovieLens ml-latest-small,movie,Billy Madison,4,False
MovieLens ml-latest-small,movie,A Silent Voice,10,False
MovieLens ml-latest-small,movie,Bowfinger,5,False
MovieLens ml-latest-small,movie,"League of Their Own, A",8,True
MovieLens ml-latest-small,movie,"Amelie (Fabuleux destin d'Amélie Poulain, Le)",9,True
MovieLens ml-latest-small,movie,Rosemary's Baby,9,False
MovieLens ml-latest-small,movie,Leave It to Beaver,4,True
MovieLens ml-latest-small,movie,Moneyball,8,False
MovieLens ml-latest-small,movie,Sin City,10,False
MovieLens ml-latest-small,movie,Mrs. Doubtfire,8,False
MovieLens ml-latest-small,movie,Maelström,8,False
MovieLens ml-latest-small,movie,Rocky,10,True
MovieLens ml-latest-small,movie,Cliffhanger,6,True
MovieLens ml-latest-small,movie,Total Recall (1990),10,True
MovieLens ml-latest-small,movie,Taxi Driver,10,True
MovieLens ml-latest-small,movie,"Sixth Sense, The",10,False
MovieLens ml-latest-small,movie,Star Trek: The Motion Picture,8,False
MovieLens ml-latest-small,movie,Pulp Fiction,8,True
MovieLens ml-latest-small,movie,Star Wars: Episode IV - A New Hope,10,False
MovieLens ml-latest-small,movie,Good Will Hunting,7,True
MovieLens ml-latest-small,movie,Pirates of the Caribbean: On Stranger Tides,10,True
MovieLens ml-latest-small,movie,Searching for Bobby Fischer,6,False
MovieLens ml-latest-small,movie,Jackie Brown,8,False
MovieLens ml-latest-small,movie,"Color Purple, The",8,False
MovieLens ml-latest-small,movie,Spotlight,8,False
MovieLens ml-latest-small,movie,Blow,6,False
MovieLens ml-latest-small,movie,Back to the Future Part II,6,False
MovieLens ml-latest-small,movie,Blazing Saddles,8,False
MovieLens ml-latest-small,movie,Austin Powers: The Spy Who Shagged Me,6,False
MovieLens ml-latest-small,movie,Stir of Echoes,8,False
MovieLens ml-latest-small,movie,Chicken Little,8,False
MovieLens ml-latest-small,movie,Igby Goes Down,3,True
MovieLens ml-latest-small,movie,Oliver!,6,False
MovieLens ml-latest-small,movie,Unprecedented: The 2000 Presidential Election,7,True
MovieLens ml-latest-small,movie,Home Alone 2: Lost in New York,10,False
MovieLens ml-latest-small,movie,"Last Dragon, The",2,False
MovieLens ml-latest-small,movie,Dangerous Minds,4,False
MovieLens ml-latest-small,movie,"Godzilla, King of the Monsters! (Kaijû-ô Gojira)",6,False
MovieLens ml-latest-small,movie,Olympus Has Fallen,7,False
MovieLens ml-latest-small,movie,"New World, The",6,False
MovieLens ml-latest-small,movie,Saving Private Ryan,8,False
MovieLens ml-latest-small,movie,Thursday,8,False
MovieLens ml-latest-small,movie,"Blues Brothers, The",10,False
MovieLens ml-latest-small,movie,Heat,7,False
MovieLens ml-latest-small,movie,Robin Hood (1973),6,False
MovieLens ml-latest-small,movie,Happy Gilmore,8,False
MovieLens ml-latest-small,movie,Ghostbusters II,8,False
MovieLens ml-latest-small,movie,Stan Helsing,2,False
MovieLens ml-latest-small,movie,Desperado,10,False
MovieLens ml-latest-small,movie,42nd Street,10,True
MovieLens ml-latest-small,movie,"Big Lebowski, The",2,False
MovieLens ml-latest-small,movie,Far from Heaven,5,False
MovieLens ml-latest-small,movie,Following,7,False
MovieLens ml-latest-small,movie,"Big Blue, The (Grand bleu, Le)",6,False
MovieLens ml-latest-small,movie,Tremors II: Aftershocks,7,False
MovieLens ml-latest-small,movie,Bridget Jones: The Edge of Reason,6,False
MovieLens ml-latest-small,movie,"Mummy, The (1999)",1,False
MovieLens ml-latest-small,movie,"Graduate, The",6,False
MovieLens ml-latest-small,movie,Twelfth Night,6,True
MovieLens ml-latest-small,movie,Red,6,False
MovieLens ml-latest-small,movie,Teenage Mutant Ninja Turtles II: The Secret of the Ooze,2,False
MovieLens ml-latest-small,movie,My Favorite Martian,6,False
MovieLens ml-latest-small,movie,Animal Crackers,8,False
MovieLens ml-latest-small,movie,Bananas,7,False
MovieLens ml-latest-small,movie,Ace Ventura: Pet Detective,10,False
MovieLens ml-latest-small,movie,Yojimbo,9,True
MovieLens ml-latest-small,movie,Midnight in Paris,7,False
MovieLens ml-latest-small,movie,Little Shop of Horrors,6,True
MovieLens ml-latest-small,movie,Sunset Blvd. (a.k.a. Sunset Boulevard),10,False
MovieLens ml-latest-small,movie,Mighty Morphin Power Rangers: The Movie,2,False
MovieLens ml-latest-small,movie,Team America: World Police,6,True
MovieLens ml-latest-small,movie,Risky Business,7,True
MovieLens ml-latest-small,movie,"Life Aquatic with Steve Zissou, The",10,False
MovieLens ml-latest-small,movie,Love Actually,7,False
MovieLens ml-latest-small,movie,"Book of Eli, The",7,False
MovieLens ml-latest-small,movie,"Paper, The",8,False
MovieLens ml-latest-small,movie,Back to the Future,10,False
MovieLens ml-latest-small,movie,Independence Day (a.k.a. ID4),8,False
MovieLens ml-latest-small,movie,Stargate,4,True
MovieLens ml-latest-small,movie,Quiz Show,6,False
MovieLens ml-latest-small,movie,"Godfather: Part III, The",8,False
MovieLens ml-latest-small,movie,"Magdalene Sisters, The",10,False
MovieLens ml-latest-small,movie,Notorious (1946),8,False
MovieLens ml-latest-small,movie,X-Men Origins: Wolverine,1,False
MovieLens ml-latest-small,movie,Faces of Death,4,False
MovieLens ml-latest-small,movie,Up in the Air,7,False
MovieLens ml-latest-small,movie,"Manchurian Candidate, The (1962)",8,False
MovieLens ml-latest-small,movie,Ed Wood,10,False
MovieLens ml-latest-small,movie,U.S. Marshals,6,False
MovieLens ml-latest-small,movie,Catwoman,3,False
MovieLens ml-latest-small,movie,Tracers,2,False
MovieLens ml-latest-small,movie,Austin Powers in Goldmember,4,False
MovieLens ml-latest-small,movie,Stargate,8,True
MovieLens ml-latest-small,movie,"Great Dictator, The",9,False
MovieLens ml-latest-small,movie,"Birdcage, The",10,False
MovieLens ml-latest-small,movie,Turbo Kid,8,False
MovieLens ml-latest-small,movie,GoldenEye,7,False
MovieLens ml-latest-small,movie,Bottle Rocket,8,False
MovieLens ml-latest-small,movie,"Hard Day's Night, A",10,False
MovieLens ml-latest-small,movie,"Fugitive, The (1993)",9,False
MovieLens ml-latest-small,movie,Orange County,6,True
MovieLens ml-latest-small,movie,Toys,6,False
MovieLens ml-latest-small,movie,"Godfather: Part II, The",10,False
MovieLens ml-latest-small,movie,"Touch of Zen, A (Xia nu)",9,True
MovieLens ml-latest-small,movie,"Da Vinci Code, The",5,False
MovieLens ml-latest-small,movie,Frost/Nixon,8,False
MovieLens ml-latest-small,movie,Star Trek V: The Final Frontier,8,False
MovieLens ml-latest-small,movie,About Last Night...,6,False
MovieLens ml-latest-small,movie,Rounders,4,False
MovieLens ml-latest-small,movie,Bio-Dome,7,False
MovieLens ml-latest-small,movie,Disclosure,6,False
MovieLens ml-latest-small,movie,In Bruges,9,False
Goodbooks-10k,book,All-of-a-Kind Family,10,False
Goodbooks-10k,book,The Memory Keeper's Daughter,6,False
Goodbooks-10k,book,Hatchet,8,False
Goodbooks-10k,book,Ella Enchanted,6,False
Goodbooks-10k,book,The Gunslinger,10,True
Goodbooks-10k,book,The Brethren,6,False
Goodbooks-10k,book,Little House in the Big Woods,8,False
Goodbooks-10k,book,Martin the Warrior,10,False
Goodbooks-10k,book,The Brief Wondrous Life of Oscar Wao,8,False
Goodbooks-10k,book,The Kite Runner,10,False
Goodbooks-10k,book,A Canticle for Leibowitz,4,False
Goodbooks-10k,book,Devil in Winter,8,False
Goodbooks-10k,book,The Hobbit,6,False
Goodbooks-10k,book,In the Miso Soup,8,True
Goodbooks-10k,book,The Ocean at the End of the Lane,8,False
Goodbooks-10k,book,The Metamorphosis,8,False
Goodbooks-10k,book,"Will Grayson, Will Grayson",6,False
Goodbooks-10k,book,Different Seasons,10,False
Goodbooks-10k,book,The Book of Laughter and Forgetting,6,True
Goodbooks-10k,book,The Alchemist,10,True
Goodbooks-10k,book,The Merchant of Death,6,False
Goodbooks-10k,book,Clockwork Prince,8,False
Goodbooks-10k,book,The Harry Potter Collection 1-4,10,False
Goodbooks-10k,book,The Picture of Dorian Gray,6,False
Goodbooks-10k,book,Echo Burning,8,False
Goodbooks-10k,book,Love in the Time of Cholera,10,False
Goodbooks-10k,book,The Lake House,10,False
Goodbooks-10k,book,It Ends with Us,8,False
Goodbooks-10k,book,The Catcher in the Rye,4,True
Goodbooks-10k,book,Delirium,6,False
Goodbooks-10k,book,Twenty Thousand Leagues Under the Sea,10,False
Goodbooks-10k,book,Swamplandia!,4,False
Goodbooks-10k,book,Rome,10,False
Goodbooks-10k,book,A Long Way Down,10,False
Goodbooks-10k,book,The Hitchhiker's Guide to the Galaxy,10,False
Goodbooks-10k,book,Curious George,10,False
Goodbooks-10k,book,Anna and the French Kiss,8,False
Goodbooks-10k,book,The House of the Spirits,6,False
Goodbooks-10k,book,The Book of Life,10,True
Goodbooks-10k,book,Replay,10,False
Goodbooks-10k,book,This Is How You Lose Her,8,False
Goodbooks-10k,book,The Saggy Baggy Elephant (A Little Golden Book),6,False
Goodbooks-10k,book,The Communist Manifesto,6,True
Goodbooks-10k,book,The Testament,6,False
Goodbooks-10k,book,The Nightingale,10,False
Goodbooks-10k,book,Descent,8,False
Goodbooks-10k,book,The Air He Breathes,10,False
Goodbooks-10k,book,House of Leaves,6,False
Goodbooks-10k,book,The Catcher in the Rye,10,False
Goodbooks-10k,book,A Game of Thrones,8,False
Goodbooks-10k,book,The Dead-Tossed Waves,4,False
Goodbooks-10k,book,Out of the Silent Planet,10,False
Goodbooks-10k,book,The Aeronaut's Windlass,8,False
Goodbooks-10k,book,The New Drawing on the Right Side of the Brain,6,False
Goodbooks-10k,book,My Horizontal Life: A Collection of One-Night Stands,4,False
Goodbooks-10k,book,No Country for Old Men,8,False
Goodbooks-10k,book,Slaughterhouse-Five,10,False
Goodbooks-10k,book,The Night Before Christmas,10,False
Goodbooks-10k,book,Harry Potter and the Goblet of Fire,10,True
Goodbooks-10k,book,Dreaming of You,8,False
Goodbooks-10k,book,The Amityville Horror,4,False
Goodbooks-10k,book,The Lies of Locke Lamora,8,True
Goodbooks-10k,book,Peter Pan,8,False
Goodbooks-10k,book,Circus of the Damned,8,False
Goodbooks-10k,book,The Art of Racing in the Rain,10,False
Goodbooks-10k,book,Mr. Maybe,6,False
Goodbooks-10k,book,Mistral's Kiss,6,False
Goodbooks-10k,book,Gilead,6,False
Goodbooks-10k,book,Secrets of the Dragon Sanctuary,8,False
Goodbooks-10k,book,Persuasion,8,False
Goodbooks-10k,book,The Fellowship of the Ring,10,False
Goodbooks-10k,book,Be Here Now,6,False
Goodbooks-10k,book,Little Women,4,False
Goodbooks-10k,book,Existence,8,False
Goodbooks-10k,book,The Samurai's Garden,2,True
Goodbooks-10k,book,Waiting,6,False
Goodbooks-10k,book,Cold Mountain,10,False
Goodbooks-10k,book,Dracula,10,False
Goodbooks-10k,book,Duma Key,8,False
Goodbooks-10k,book,Curious George,8,True
Goodbooks-10k,book,Tithe,10,False
Goodbooks-10k,book,The Historian,10,False
Goodbooks-10k,book,The Giver,6,True
Goodbooks-10k,book,Harry Potter and the Order of the Phoenix,8,False
Goodbooks-10k,book,A Heartbreaking Work of Staggering Genius,6,False
Goodbooks-10k,book,If Tomorrow Comes,8,False
Goodbooks-10k,book,Emma,4,True
Goodbooks-10k,book,Utopia,6,False
Goodbooks-10k,book,Harry Potter and the Half-Blood Prince,10,False
Goodbooks-10k,book,The Wasp Factory,6,False
Goodbooks-10k,book,Marley and Me: Life and Love With the World's Worst Dog,8,False
Goodbooks-10k,book,A Game of Thrones,10,False
Goodbooks-10k,book,Eligible: A Modern Retelling of Pride and Prejudice,10,False
Goodbooks-10k,book,Jurassic Park,8,False
Goodbooks-10k,book,Cat's Cradle,4,True
Goodbooks-10k,book,Fathers and Sons,10,False
Goodbooks-10k,book,The Fault in Our Stars,6,False
Goodbooks-10k,book,Night,8,False
Goodbooks-10k,book,The Remnant,6,False
Goodbooks-10k,book,Shoeless Joe,8,False
Goodbooks-10k,book,Paper Towns,4,False
Goodbooks-10k,book,Red Queen,8,False
Goodbooks-10k,book,Harry Potter and the Deathly Hallows,6,False
Goodbooks-10k,book,Little Earthquakes,6,True
Goodbooks-10k,book,Oliver Twist,6,False
Goodbooks-10k,book,Sandry's Book,10,False
Goodbooks-10k,book,The Terminal Man,4,True
Goodbooks-10k,book,A Walk in the Woods,10,False
Goodbooks-10k,book,The Lost Prince,6,False
Goodbooks-10k,book,The Girl on the Train,4,False
Goodbooks-10k,book,Apollyon,10,True
Goodbooks-10k,book,Lock and Key,4,False
Goodbooks-10k,book,Mattimeo,6,False
Goodbooks-10k,book,Hollow City,8,False
Goodbooks-10k,book,Cat Among the Pigeons,6,False
Goodbooks-10k,book,The Alchemist,6,False
Goodbooks-10k,book,The Shining,10,False
Goodbooks-10k,book,"Y: The Last Man, Vol. 7: Paper Dolls",8,True
Goodbooks-10k,book,The Jungle,10,False
Goodbooks-10k,book,Unseen,8,False
Goodbooks-10k,book,Catching Fire,8,False
Goodbooks-10k,book,Dune,6,True
Goodbooks-10k,book,Because of Low,8,True
Goodbooks-10k,book,Childhood's End,10,True
Goodbooks-10k,book,The Catcher in the Rye,8,False
Goodbooks-10k,book,The Great Hunt,10,False
Goodbooks-10k,book,The Diary of a Young Girl,6,False
Goodbooks-10k,book,Les Misérables,10,False
Goodbooks-10k,book,A Morbid Taste for Bones,6,False
Goodbooks-10k,book,Franny and Zooey,10,True
Goodbooks-10k,book,Before I Go to Sleep,10,False
Goodbooks-10k,book,Great Expectations,10,False
Goodbooks-10k,book,The Girl with All the Gifts,6,False
Goodbooks-10k,book,1st to Die,6,True
Goodbooks-10k,book,Shakespeare: The World as Stage,8,False
Goodbooks-10k,book,Between the World and Me,10,True
Goodbooks-10k,book,Ugly Love,10,False
Goodbooks-10k,book,The Lorax,8,False
Goodbooks-10k,book,Heart of Darkness and The Secret Sharer,8,True
Goodbooks-10k,book,Feet of Clay,8,False
Goodbooks-10k,book,The Lost Wife,8,False
Goodbooks-10k,book,And Then There Were None,6,False
Goodbooks-10k,book,The Queen of the Damned,6,False
Goodbooks-10k,book,Neuromancer,6,False
Goodbooks-10k,book,Runaway,6,True
Goodbooks-10k,book,The Hero With a Thousand Faces,6,True
Goodbooks-10k,book,The Kite Runner,8,False
Goodbooks-10k,book,The Green Mile,10,False
Goodbooks-10k,book,Addicted,8,False
Goodbooks-10k,book,Atonement,10,False
Goodbooks-10k,book,Rebel Angels,4,True
Goodbooks-10k,book,Gone Girl,6,False
Goodbooks-10k,book,A Clash of Kings,8,True
Goodbooks-10k,book,Northanger Abbey,4,False
Goodbooks-10k,book,The Curious Incident of the Dog in the Night-Time,8,False
Goodbooks-10k,book,The Eyre Affair,10,True
Goodbooks-10k,book,Winter Moon,6,False
Goodbooks-10k,book,Enchanters' End Game,8,False
Goodbooks-10k,book,The Black Stallion,8,True
Goodbooks-10k,book,The Piano Teacher,8,False
Goodbooks-10k,book,L.A. Candy,6,False
Goodbooks-10k,book,The Middlesteins,8,False
Goodbooks-10k,book,Behind the Scenes at the Museum,10,True
Goodbooks-10k,book,Solaris,8,False
Goodbooks-10k,book,Friction,8,False
Goodbooks-10k,book,Wonder Boys,8,False
Goodbooks-10k,book,The Golden Compass,8,False
Goodbooks-10k,book,The Princess and the Goblin,10,False
Goodbooks-10k,book,A Thousand Boy Kisses,10,False
Goodbooks-10k,book,The Giver,10,False
Goodbooks-10k,book,The Circle,6,False
Goodbooks-10k,book,Monday Mourning,6,False
Goodbooks-10k,book,Colorless Tsukuru Tazaki and His Years of Pilgrimage,8,False
Goodbooks-10k,book,The Hitchhiker's Guide to the Galaxy,6,False
Goodbooks-10k,book,Animal Farm,8,True
Goodbooks-10k,book,The Thorn Birds,10,False
Goodbooks-10k,book,Prince Caspian,10,True
Goodbooks-10k,book,Gone Girl,8,True
Goodbooks-10k,book,The Diary of a Young Girl,4,False
Goodbooks-10k,book,Shattered,2,False
Goodbooks-10k,book,Red Storm Rising,8,False
Goodbooks-10k,book,"In a Dark, Dark Wood",4,False
Goodbooks-10k,book,I Know This Much Is True,10,False
Goodbooks-10k,book,The Amber Spyglass,8,True
Goodbooks-10k,book,Half the World,8,False
Goodbooks-10k,book,Crash & Burn,8,False
Goodbooks-10k,book,The Confession,8,False
Goodbooks-10k,book,Night Film,6,False
Goodbooks-10k,book,The Sicilian,10,False
Goodbooks-10k,book,Disgrace,10,False
Goodbooks-10k,book,The Truth Seeker,8,False
Goodbooks-10k,book,The Boston Girl,8,False
Goodbooks-10k,book,Up Country,6,False
Goodbooks-10k,book,Tell the Wolves I'm Home,8,False
Goodbooks-10k,book,NW,2,False
Goodbooks-10k,book,Tinkers,4,False
Goodbooks-10k,book,Flowers for Algernon,10,True
Goodbooks-10k,book,Lover Awakened,10,False
Goodbooks-10k,book,No Country for Old Men,6,False
Goodbooks-10k,book,The Great Gatsby,8,False
Goodbooks-10k,book,The Lovely Bones,6,False
Goodbooks-10k,book,Undead and Unwed,4,True
Goodbooks-10k,book,Magic Study,8,False
Goodbooks-10k,book,Fifty Shades of Grey,6,False
Goodbooks-10k,book,Bridget Jones: The Edge of Reason,6,False
Goodbooks-10k,book,The Human Stain,10,False
Goodbooks-10k,book,Digital Fortress,4,False
Goodbooks-10k,book,The Serpent's Shadow,8,False
Goodbooks-10k,book,State of Fear,6,False
Goodbooks-10k,book,Grave Peril,10,False
Goodbooks-10k,book,The Mephisto Club,6,True
Goodbooks-10k,book,A Wind in the Door,8,False
Goodbooks-10k,book,Sideways Stories from Wayside School,10,False
Goodbooks-10k,book,The Wrath of Mulgarath,10,False
Goodbooks-10k,book,The Catcher in the Rye,6,False
Goodbooks-10k,book,A Wrinkle in Time,10,False
Goodbooks-10k,book,"Fullmetal Alchemist, Vol. 1",10,False
Goodbooks-10k,book,Wayward,10,False
Goodbooks-10k,book,Harry Potter: Film Wizardry,10,False
Goodbooks-10k,book,Something Blue,8,True
Goodbooks-10k,book,From Here to Eternity,10,True
Goodbooks-10k,book,Outlander,8,False
Goodbooks-10k,book,Faking It,6,False
Goodbooks-10k,book,To Kill a Mockingbird,8,False
Goodbooks-10k,book,The Complete Persepolis,10,True
Goodbooks-10k,book,Midnight in Austenland,6,False
Goodbooks-10k,book,Sister Carrie,8,False
Goodbooks-10k,book,The Forgotten,10,False
Goodbooks-10k,book,The Hunger Games,10,False
Goodbooks-10k,book,"Ramona Quimby, Age 8",6,False
Goodbooks-10k,book,Dune,8,False
Goodbooks-10k,book,Mockingjay,8,False
Goodbooks-10k,book,Rules of Civility,8,False
Goodbooks-10k,book,The 5th Wave,10,False
Goodbooks-10k,book,Hallowe'en Party,8,False
Goodbooks-10k,book,Who Moved My Cheese?,4,True
Goodbooks-10k,book,Go Set a Watchman,8,True
Goodbooks-10k,book,Royal Assassin,10,False
Goodbooks-10k,book,The Odyssey,4,True
Goodbooks-10k,book,Cape Fear,6,False
Goodbooks-10k,book,A Prayer for Owen Meany,10,False
Goodbooks-10k,book,Forever in Blue: The Fourth Summer of the Sisterhood,6,False
Goodbooks-10k,book,The Sun Also Rises,10,False
Goodbooks-10k,book,Nutshell,8,False
Goodbooks-10k,book,Soul of the Fire,6,False
Goodbooks-10k,book,ڤيرتيجو,8,False
Goodbooks-10k,book,Vampire Academy,4,False
Goodbooks-10k,book,The Crown Tower,10,False
Goodbooks-10k,book,Where She Went,10,True
Goodbooks-10k,book,An Abundance of Katherines,8,False
Goodbooks-10k,book,Preludes & Nocturnes,8,False
Goodbooks-10k,book,The Book of Mormon: Another Testament of Jesus Christ,2,False
Goodbooks-10k,book,The Phantom Tollbooth,10,False
Goodbooks-10k,book,The Crimson Campaign,8,False
Goodbooks-10k,book,The Darkest Kiss,8,False
Goodbooks-10k,book,The Summons,4,False
Goodbooks-10k,book,"Nana, Vol. 1",10,False
Goodbooks-10k,book,Harry Potter and the Half-Blood Prince,6,False
Goodbooks-10k,book,Xenocide,4,False
Goodbooks-10k,book,The Scarlet Letter,8,True
Goodbooks-10k,book,Exodus,8,False
Goodbooks-10k,book,Down London Road,6,False
Goodbooks-10k,book,A New Earth: Awakening to Your Life's Purpose,8,False
Goodbooks-10k,book,Petals on the Wind,4,False
Goodbooks-10k,book,Sputnik Sweetheart,4,False
Goodbooks-10k,book,The Son of Neptune,8,False
Goodbooks-10k,book,Marvel 1602,8,True
Goodbooks-10k,book,Fahrenheit 451,6,False
Goodbooks-10k,book,The Body in the Library,6,False
Goodbooks-10k,book,World War Z: An Oral History of the Zombie War,6,False
Goodbooks-10k,book,The Titan's Curse,8,False
Goodbooks-10k,book,Three to Get Deadly,6,False
Goodbooks-10k,book,Inkdeath,6,False
Goodbooks-10k,book,Eclipse,8,False
Goodbooks-10k,book,Anne's House of Dreams,6,False
Goodbooks-10k,book,Plain Truth,8,False
Goodbooks-10k,book,The Secret Garden,6,False
Goodbooks-10k,book,The Fault in Our Stars,10,False
Goodbooks-10k,book,Snow Falling on Cedars,10,False
Goodbooks-10k,book,Night Shift,8,False
Goodbooks-10k,book,Brain on Fire: My Month of Madness,4,False
Goodbooks-10k,book,Island of the Blue Dolphins,8,False
Goodbooks-10k,book,Artemis Fowl,10,False
Goodbooks-10k,book,New Moon,6,False
Goodbooks-10k,book,Fang,6,False
Goodbooks-10k,book,Things Fall Apart,8,False
Goodbooks-10k,book,Suzanne's Diary for Nicholas,2,False
Goodbooks-10k,book,"The Lion, the Witch, and the Wardrobe",6,False
Goodbooks-10k,book,The Maze Runner,10,False
Goodbooks-10k,book,Trigger Warning: Short Fictions and Disturbances,8,False
Goodbooks-10k,book,The Other Boleyn Girl,10,False
Goodbooks-10k,book,Blockade Billy,8,False
Goodbooks-10k,book,The Last Battle,8,False
Goodbooks-10k,book,The Girl Who Played with Fire,10,True
Goodbooks-10k,book,Wolfsbane,8,False
Goodbooks-10k,book,The Gunslinger,8,False
Goodbooks-10k,book,The Sweetness at the Bottom of the Pie,10,False
Goodbooks-10k,book,Immortality,10,False
Goodbooks-10k,book,The Rise of Nine,8,False
Goodbooks-10k,book,The Woman Upstairs,6,False
Goodbooks-10k,book,Why Evolution Is True,6,False
Goodbooks-10k,book,Animal Farm,10,False
Goodbooks-10k,book,"Moo, Baa, La La La!",10,False
Goodbooks-10k,book,The Burning Room,6,False
Goodbooks-10k,book,Bossypants,8,False
Goodbooks-10k,book,Dandelion Wine,8,False
Goodbooks-10k,book,The Scrapbook of Frankie Pratt,8,False
Goodbooks-10k,book,The Witch of Blackbird Pond,10,False
Goodbooks-10k,book,Shadow and Bone,8,False
Goodbooks-10k,book,Phantoms,6,True
Goodbooks-10k,book,The Empty Chair,10,False
Goodbooks-10k,book,The Name of the Rose,6,False
Goodbooks-10k,book,Washington Square,8,True
Goodbooks-10k,book,Insomnia,8,False
Goodbooks-10k,book,Schindler's List,10,False
Goodbooks-10k,book,One Thousand Gifts: A Dare to Live Fully Right Where You Are,4,False
Goodbooks-10k,book,Reaper's Property,10,True
Goodbooks-10k,book,The BFG,10,False
Goodbooks-10k,book,Key of Light,8,False
Goodbooks-10k,book,Down and Out in Paris and London,10,False
Goodbooks-10k,book,How to Win Friends and Influence People,10,False
Goodbooks-10k,book,Under the Dome,6,False
Goodbooks-10k,book,Triptych,8,False
Goodbooks-10k,book,Lord Brocktree,8,False
Goodbooks-10k,book,The Lost Hero,8,True
Goodbooks-10k,book,Angels & Demons,8,True
Goodbooks-10k,book,The Sound and the Fury,10,False
Goodbooks-10k,book,A Tree Grows in Brooklyn,10,False
Goodbooks-10k,book,The Legacy,10,True
Goodbooks-10k,book,Lord of the Flies,10,True
Goodbooks-10k,book,Bridge of Sighs,6,False
Goodbooks-10k,book,A Million Little Pieces,8,True
Goodbooks-10k,book,The Nanny Diaries,8,False
Goodbooks-10k,book,Daring to Dream,10,True
Goodbooks-10k,book,The Odyssey,10,False
Goodbooks-10k,book,The Prodigal Daughter,6,False
Goodbooks-10k,book,Daughter of the Forest,6,False
Goodbooks-10k,book,The Heretic's Daughter,6,False
Goodbooks-10k,book,Rosencrantz and Guildenstern Are Dead,10,False
Goodbooks-10k,book,A Dirty Job,8,False
Goodbooks-10k,book,Because of Winn-Dixie,8,False
Goodbooks-10k,book,Brave New World,8,False
Goodbooks-10k,book,The One and Only Ivan,10,False
Goodbooks-10k,book,The Bell Jar,4,False
Goodbooks-10k,book,The Good Earth,8,False
Goodbooks-10k,book,A Thousand Splendid Suns,4,True
Goodbooks-10k,book,The Innocent Man: Murder and Injustice in a Small Town,10,True
Goodbooks-10k,book,The Sneetches and Other Stories,6,False
Goodbooks-10k,book,Mockingjay,10,False
Goodbooks-10k,book,Thirteen Reasons Why,10,False
Goodbooks-10k,book,All the Light We Cannot See,10,False
Goodbooks-10k,book,The Witches,8,False
Goodbooks-10k,book,Night Mare,8,False
Goodbooks-10k,book,Danny the Champion of the World,8,False
Goodbooks-10k,book,M is for Malice,10,False
Goodbooks-10k,book,About a Boy,8,False
Goodbooks-10k,book,Spells,8,False
Goodbooks-10k,book,The Tale of Despereaux,8,False
Goodbooks-10k,book,The Art of War,8,True
Goodbooks-10k,book,Where the Heart Is,8,False
Goodbooks-10k,book,Divine Secrets of the Ya-Ya Sisterhood,10,False
Goodbooks-10k,book,Caddie Woodlawn,10,False
Goodbooks-10k,book,Holding the Dream,8,False
Goodbooks-10k,book,In a Sunburned Country,8,False
Goodbooks-10k,book,Lady Windermere's Fan,6,False
Goodbooks-10k,book,A Land More Kind Than Home,6,False
Goodbooks-10k,book,Marcelo in the Real World,8,False
Goodbooks-10k,book,About a Boy,10,False
Goodbooks-10k,book,Holes,10,True
Goodbooks-10k,book,The Nanny Diaries,6,True
Goodbooks-10k,book,Best Friends Forever,8,True
Goodbooks-10k,book,The Bridges of Madison County,2,True
Goodbooks-10k,book,Death Masks,6,False
Goodbooks-10k,book,A Moveable Feast,10,True
Goodbooks-10k,book,Across the Universe,8,False
Goodbooks-10k,book,Lord of the Flies,6,False
Goodbooks-10k,book,Harry Potter and the Prisoner of Azkaban,8,False
Goodbooks-10k,book,The Thief Lord,6,False
Goodbooks-10k,book,Fairest,6,True
Goodbooks-10k,book,The Handmaid's Tale,6,False
Goodbooks-10k,book,Unfinished Tales of Númenor and Middle-Earth,8,True
Goodbooks-10k,book,Anne of Green Gables,10,False
Goodbooks-10k,book,Reconstructing Amelia,10,False
Goodbooks-10k,book,The Glass Palace,10,True
Goodbooks-10k,book,Twilight,6,True
Goodbooks-10k,book,Interview with the Vampire,10,False
Goodbooks-10k,book,All Creatures Great and Small,10,False
Goodbooks-10k,book,Beautiful Chaos,10,True
Goodbooks-10k,book,The Cuckoo's Calling,8,False
Goodbooks-10k,book,"The Other Wes Moore: One Name, Two Fates",6,False
Goodbooks-10k,book,Frankenstein,10,False
Goodbooks-10k,book,Running Blind,8,False
Goodbooks-10k,book,"Come Back, Amelia Bedelia",10,False
Goodbooks-10k,book,Operating Instructions: A Journal of My Son's First Year,10,False
Goodbooks-10k,book,Landline,6,False
Goodbooks-10k,book,The Testament of Mary,10,False
Goodbooks-10k,book,The Sweet Gum Tree,8,True
Goodbooks-10k,book,Anne of the Island,10,True
Goodbooks-10k,book,Gerald's Game,2,False
Goodbooks-10k,book,A Redbird Christmas,10,True
Goodbooks-10k,book,The Voice of the Night,8,True
Goodbooks-10k,book,Sepulchre,10,False
Goodbooks-10k,book,11 Birthdays,10,False
Goodbooks-10k,book,Harry Potter Page to Screen: The Complete Filmmaking Journey,10,False
Goodbooks-10k,book,Big Little Lies,8,False
Goodbooks-10k,book,A Storm of Swords,10,False
Goodbooks-10k,book,Green Eggs and Ham,8,False
Goodbooks-10k,book,How to Build a Girl,6,False
Goodbooks-10k,book,Fever Pitch,8,False
Goodbooks-10k,book,Einstein: His Life and Universe,10,False
Goodbooks-10k,book,Eldest,2,False
Goodbooks-10k,book,Oliver Twist,8,False
Goodbooks-10k,book,White Oleander,6,False
Goodbooks-10k,book,Sidetracked,10,False
Goodbooks-10k,book,The Divine Comedy,10,False
Goodbooks-10k,book,The Cider House Rules,8,False
Goodbooks-10k,book,The Hitchhiker's Guide to the Galaxy,8,False
Goodbooks-10k,book,The Subtle Knife,8,False
Goodbooks-10k,book,A New Earth: Awakening to Your Life's Purpose,4,False
Goodbooks-10k,book,The Fellowship of the Ring,8,False
Goodbooks-10k,book,Prey,8,False
Goodbooks-10k,book,The Dead in Their Vaulted Arches,6,False
Goodbooks-10k,book,Aftermath,6,True
Goodbooks-10k,book,Song of Susannah,10,False
Goodbooks-10k,book,The Crown Conspiracy,10,False
Goodbooks-10k,book,"River, Cross My Heart",6,False
Goodbooks-10k,book,The Old Man and the Sea,6,False
Goodbooks-10k,book,A Faint Cold Fear,6,False
Goodbooks-10k,book,The Gathering,4,True
Goodbooks-10k,book,The Book Thief,8,True
Goodbooks-10k,book,Archangel's Kiss,8,False
Goodbooks-10k,book,The Return of the King,10,False
Goodbooks-10k,book,Blood Rites,6,True
Goodbooks-10k,book,All My Puny Sorrows,8,False
Goodbooks-10k,book,Stiff: The Curious Lives of Human Cadavers,10,False
Goodbooks-10k,book,The Kite Runner,4,False
Goodbooks-10k,book,East of Eden,6,False
Goodbooks-10k,book,Master and Commander,10,False
Goodbooks-10k,book,The Boleyn Inheritance,8,False
Goodbooks-10k,book,The Goose Girl,8,False
Goodbooks-10k,book,The Girl with the Dragon Tattoo,10,True
Goodbooks-10k,book,The Pit and the Pendulum,6,False
Goodbooks-10k,book,The Poisonwood Bible,2,False
Goodbooks-10k,book,One for the Money,8,False
Goodbooks-10k,book,Wild: From Lost to Found on the Pacific Crest Trail,4,False
Goodbooks-10k,book,"Where'd You Go, Bernadette",8,False
Goodbooks-10k,book,Insurgent,6,False
Goodbooks-10k,book,A Time to Kill,8,False
Goodbooks-10k,book,Something Rotten,8,True
Goodbooks-10k,book,"A Christmas Carol, The Chimes and The Cricket on the Hearth",10,False
Goodbooks-10k,book,Broken,10,False
Goodbooks-10k,book,Betrayed,6,False
Goodbooks-10k,book,The Husband's Secret,6,False
Goodbooks-10k,book,Flowers in the Attic,8,False
Goodbooks-10k,book,The Brethren,8,True
Goodbooks-10k,book,With the Old Breed: At Peleliu and Okinawa,10,False
Goodbooks-10k,book,The Berenstain Bears Go to School,10,True
Goodbooks-10k,book,Awakened,6,False
Goodbooks-10k,book,The Host,6,False
Goodbooks-10k,book,Opal,8,False
Goodbooks-10k,book,The Imitation of Christ,6,True
Goodbooks-10k,book,Island of the Blue Dolphins,10,False
Goodbooks-10k,book,Twilight: The Complete Illustrated Movie Companion,6,True
Goodbooks-10k,book,رباعيات صلاح جاهين,8,False
Goodbooks-10k,book,Harry Potter and the Chamber of Secrets,6,False
Goodbooks-10k,book,One Foot in the Grave,10,False
Goodbooks-10k,book,Millions of Cats,10,False
Goodbooks-10k,book,Momo,10,False
Goodbooks-10k,book,Private,10,False
Goodbooks-10k,book,Matched,10,False
Goodbooks-10k,book,The Golden Compass,4,False
Goodbooks-10k,book,The Phantom Tollbooth,8,False
Goodbooks-10k,book,The Virgin Suicides,8,False
Goodbooks-10k,book,Firefly Lane,10,False
Goodbooks-10k,book,Rebecca,8,False
Goodbooks-10k,book,The Consolations of Philosophy,10,False
Goodbooks-10k,book,Enchantment,10,False
Goodbooks-10k,book,Fantastic Beasts and Where to Find Them,6,False
Goodbooks-10k,book,Masquerade,6,False
Goodbooks-10k,book,Harry Potter and the Goblet of Fire,8,False
Goodbooks-10k,book,The Undomestic Goddess,6,False
Goodbooks-10k,book,The Scarlet Pimpernel,6,False
Goodbooks-10k,book,One Hundred Years of Solitude,8,False
Goodbooks-10k,book,Crime and Punishment,4,False
Goodbooks-10k,book,The Naked and the Dead,6,False
Goodbooks-10k,book,The Omnivore's Dilemma: A Natural History of Four Meals,8,True
Goodbooks-10k,book,The Scarlet Letter,4,False
Goodbooks-10k,book,The Fault in Our Stars,8,False
Goodbooks-10k,book,"Where'd You Go, Bernadette",6,False
Goodbooks-10k,book,Being Nikki,6,False
Goodbooks-10k,book,Robinson Crusoe,6,False
Goodbooks-10k,book,Nausea,8,True
Goodbooks-10k,book,A Connecticut Yankee in King Arthur's Court,8,False
Goodbooks-10k,book,Say Goodbye,8,False
Goodbooks-10k,book,Outliers: The Story of Success,8,False
Goodbooks-10k,book,The Ultimate Hitchhiker's Guide to the Galaxy,10,True
Goodbooks-10k,book,The Other Queen,8,True
Goodbooks-10k,book,The Princess Bride,10,False
Goodbooks-10k,book,The Prince of Tides,8,False
Goodbooks-10k,book,The Drawing of the Three,10,False
Goodbooks-10k,book,Orphan Train,8,True
Goodbooks-10k,book,Dead Until Dark,6,True
Goodbooks-10k,book,The Name of the Wind,10,False
Goodbooks-10k,book,Dark Places,8,False
Goodbooks-10k,book,Motorcycle Man,10,False
Goodbooks-10k,book,The One and Only Ivan,8,False
Goodbooks-10k,book,Wizard and Glass,4,False
Goodbooks-10k,book,Brother Odd,6,False
Goodbooks-10k,book,Julius Caesar,10,False
Goodbooks-10k,book,One Fifth Avenue,6,False
Goodbooks-10k,book,The Amazing Adventures of Kavalier & Clay,10,False
Goodbooks-10k,book,Soul of the Fire,8,False
Goodbooks-10k,book,Crossed,8,False
Goodbooks-10k,book,Fast Food Nation: The Dark Side of the All-American Meal,8,True
Goodbooks-10k,book,Outlander,6,False
Goodbooks-10k,book,Happy Accidents: A Memoir,8,False
Goodbooks-10k,book,Shatter Me,6,False
Goodbooks-10k,book,How the Grinch Stole Christmas!,8,True
Goodbooks-10k,book,The Weird Sisters,6,False
Goodbooks-10k,book,The Amazing Adventures of Kavalier & Clay,6,False
Goodbooks-10k,book,The Bachman Books,8,True
Goodbooks-10k,book,Mr. Penumbra's 24-Hour Bookstore,10,False
Goodbooks-10k,book,Of Mice and Men,6,False
Goodbooks-10k,book,The Bourne Identity,8,False
Goodbooks-10k,book,Ink Exchange,6,False
Goodbooks-10k,book,Thus Spoke Zarathustra,6,False
Goodbooks-10k,book,Harry Potter and the Chamber of Secrets,10,True
Goodbooks-10k,book,"Moby-Dick or, The Whale",6,False
Goodbooks-10k,book,Praying God's Word: Breaking Free From Spiritual Strongholds,10,True
Goodbooks-10k,book,One Flew Over the Cuckoo's Nest,10,False
Goodbooks-10k,book,Breaking Dawn,6,False
Goodbooks-10k,book,We'll Always Have Summer,8,False
Goodbooks-10k,book,The Light Between Oceans,10,False
Goodbooks-10k,book,Scar Tissue,8,False
Goodbooks-10k,book,The Very Hungry Caterpillar Board Book,10,False
Goodbooks-10k,book,Curious George Takes a Job,10,False
Goodbooks-10k,book,The Bluest Eye,6,False
Goodbooks-10k,book,Stellaluna,8,False
Goodbooks-10k,book,The Dragon Reborn,6,False
Goodbooks-10k,book,Mile High,6,False
Goodbooks-10k,book,The Age of Innocence,8,False
Goodbooks-10k,book,Horton Hears a Who!,6,False
Goodbooks-10k,book,Stargirl,6,False
Goodbooks-10k,book,The Reader,6,False
Goodbooks-10k,book,Knife of Dreams,2,False
Goodbooks-10k,book,Lunar Park,8,False
Goodbooks-10k,book,Jitterbug Perfume,8,False
Goodbooks-10k,book,Owen,10,False
Goodbooks-10k,book,The Silver Star,10,True
Goodbooks-10k,book,Absolution Gap,10,True
Goodbooks-10k,book,Divergent,8,False
Goodbooks-10k,book,Lady Luck,10,False
Goodbooks-10k,book,Murder Must Advertise,8,False
Goodbooks-10k,book,A Scandal in Bohemia,10,False
Goodbooks-10k,book,Night Watch,6,False
Goodbooks-10k,book,Shadow Kiss,8,False
Goodbooks-10k,book,Furiously Happy: A Funny Book About Horrible Things,10,False
Goodbooks-10k,book,Forever,8,True
Goodbooks-10k,book,The Subtle Knife,10,False
Goodbooks-10k,book,The Help,8,False
Goodbooks-10k,book,The Arctic Incident,4,False
Goodbooks-10k,book,"Alexander and the Terrible, Horrible, No Good, Very Bad Day",10,False
Goodbooks-10k,book,The Cat in the Hat,8,False
Goodbooks-10k,book,Pygmy,4,True
Goodbooks-10k,book,The Things They Carried,6,False
Goodbooks-10k,book,The Da Vinci Code,10,False
Goodbooks-10k,book,An Anthropologist on Mars: Seven Paradoxical Tales,8,False
Goodbooks-10k,book,A Christmas Carol,6,False
Goodbooks-10k,book,City of Bones,2,False
Goodbooks-10k,book,The Other Woman,8,False
Goodbooks-10k,book,Lenobia's Vow,10,False
Goodbooks-10k,book,A Clash of Kings,6,False
Goodbooks-10k,book,Wuthering Heights,6,False
Goodbooks-10k,book,The Sugar Queen,8,False
Goodbooks-10k,book,The Stand,8,False
Goodbooks-10k,book,Norwegian Wood,10,False
Goodbooks-10k,book,The Year of Magical Thinking,10,False
Goodbooks-10k,book,Fahrenheit 451,8,True
Goodbooks-10k,book,Ten Big Ones,8,False
Goodbooks-10k,book,Gone Tomorrow,8,False
Goodbooks-10k,book,The Metamorphosis,10,False
Goodbooks-10k,book,Naked,10,False
Goodbooks-10k,book,American Gods,10,True
Goodbooks-10k,book,A Bear Called Paddington,10,False
Goodbooks-10k,book,The Children Act,6,False
Goodbooks-10k,book,The Bachman Books,6,False
Goodbooks-10k,book,As You Like It,4,False
Goodbooks-10k,book,Fingersmith,10,True
Goodbooks-10k,book,Reason to Breathe,6,False
Goodbooks-10k,book,Sharp Objects,8,False
Goodbooks-10k,book,"Are You There God? It's Me, Margaret",6,False
Goodbooks-10k,book,The Last Olympian,8,False
Goodbooks-10k,book,The Railway Children,10,False
Goodbooks-10k,book,Wizard's First Rule,10,False
Goodbooks-10k,book,Spook: Science Tackles the Afterlife,10,False
Goodbooks-10k,book,Consider the Lobster and Other Essays,10,False
Goodbooks-10k,book,Me Before You,6,False
Goodbooks-10k,book,Broken Angels,10,False
Goodbooks-10k,book,The Blue Sword,8,True
Goodbooks-10k,book,Watership Down,10,False
Goodbooks-10k,book,"Girl, Interrupted",6,False
Goodbooks-10k,book,Poison Study,8,False
Goodbooks-10k,book,The Book Thief,4,False
Goodbooks-10k,book,The Pillars of the Earth,8,False
Goodbooks-10k,book,Black House,8,False
Goodbooks-10k,book,The Battle of the Labyrinth,8,False
Goodbooks-10k,book,A Dog's Purpose,8,False
Goodbooks-10k,book,Breaking Dawn,4,False
Goodbooks-10k,book,Gone Girl,10,False
Goodbooks-10k,book,Evernight,4,False
Goodbooks-10k,book,The Unbearable Lightness of Being,6,False
Goodbooks-10k,book,Empress Orchid,10,False
Goodbooks-10k,book,Olive Kitteridge,10,False
Goodbooks-10k,book,Lover Eternal,10,False
Goodbooks-10k,book,The Glass Menagerie,4,False
Goodbooks-10k,book,Lioness Rampant,8,True
Goodbooks-10k,book,Dead Reckoning,6,True
Goodbooks-10k,book,Pushing the Limits,8,True
Goodbooks-10k,book,Confessions of a Shopaholic,6,False
Goodbooks-10k,book,The Autobiography of Malcolm X,8,True
Goodbooks-10k,book,Under the Banner of Heaven: A Story of Violent Faith,10,True
Goodbooks-10k,book,Bel Canto,8,False
Goodbooks-10k,book,Wool,10,False
Goodbooks-10k,book,Around the World in Eighty Days,8,False
Goodbooks-10k,book,The Red Tent,8,False
Goodbooks-10k,book,The Bone Garden,6,False
Goodbooks-10k,book,Violets Are Blue,10,True
Goodbooks-10k,book,Matched,8,False
Goodbooks-10k,book,Avoiding Responsibility,10,False
Goodbooks-10k,book,Talon,6,False
Goodbooks-10k,book,Wild Fire,8,False
Goodbooks-10k,book,Angels & Demons,10,True
Goodbooks-10k,book,On Her Majesty's Secret Service,8,False
Goodbooks-10k,book,The Moon and More,10,False
Goodbooks-10k,book,A Discovery of Witches,10,False
Goodbooks-10k,book,The Hobbit,8,True
Goodbooks-10k,book,Divine Justice,8,False
Goodbooks-10k,book,Changes,8,False
Goodbooks-10k,book,The Grapes of Wrath,6,False
Goodbooks-10k,book,Sideways Stories from Wayside School,6,False
Goodbooks-10k,book,Easy,6,False
Goodbooks-10k,book,The Life of Elizabeth I,4,True
Goodbooks-10k,book,The Red Badge of Courage and Selected Short Fiction,4,False
Goodbooks-10k,book,Heart of the Matter,6,False
Goodbooks-10k,book,Delirium,4,False
Goodbooks-10k,book,Until I Die,8,False
Goodbooks-10k,book,Who Moved My Cheese?,10,False
Goodbooks-10k,book,Rage of a Demon King,6,True
Goodbooks-10k,book,Dead in the Family,6,True
Goodbooks-10k,book,Awakened,10,False
Goodbooks-10k,book,The Shadow of the Wind,10,False
Goodbooks-10k,book,The Good Girl,6,False
Goodbooks-10k,book,The Mermaids Singing,6,False
Goodbooks-10k,book,Hatchet,6,False
Goodbooks-10k,book,Pure,8,False
Goodbooks-10k,book,Desecration,10,False
Goodbooks-10k,book,Eleanor & Park,10,False
Goodbooks-10k,book,Breaking Dawn,8,False
Goodbooks-10k,book,The Summons,6,False
Goodbooks-10k,book,Congo,8,False
Goodbooks-10k,book,Into the Wild,8,False
Goodbooks-10k,book,The Lion King: A little Golden Book,8,True
Goodbooks-10k,book,Going Bovine,10,False
Goodbooks-10k,book,Harry Potter Boxset,10,False
Goodbooks-10k,book,The Tales of Beedle the Bard,10,True
Goodbooks-10k,book,Wishful Drinking,2,False
Goodbooks-10k,book,Black Beauty,6,False
Goodbooks-10k,book,L'Écume des jours,6,False
Goodbooks-10k,book,The King,10,False
Goodbooks-10k,book,Jemima J,4,True
Goodbooks-10k,book,Homicidal Psycho Jungle Cat: A Calvin and Hobbes Collection,10,True
Goodbooks-10k,book,Overruled,8,False
Goodbooks-10k,book,The Diary of a Young Girl,8,False
Goodbooks-10k,book,Harry Potter and the Half-Blood Prince,8,False
Goodbooks-10k,book,To Kill a Mockingbird,10,False
Goodbooks-10k,book,The Red Pyramid,8,False
Goodbooks-10k,book,Shadow's Edge,6,False
Goodbooks-10k,book,As I Lay Dying,8,False
Goodbooks-10k,book,The Tiger's Wife,6,True
Goodbooks-10k,book,Divergent,10,True
Goodbooks-10k,book,Ironside,10,False
Goodbooks-10k,book,New Moon,4,False
Goodbooks-10k,book,A is for Alibi,8,True
Goodbooks-10k,book,Bite Me,8,False
Goodbooks-10k,book,Percy Jackson and the Olympians Boxed Set,6,False
Goodbooks-10k,book,"Eat, Pray, Love",2,False
Goodbooks-10k,book,The Book Thief,10,False
Goodbooks-10k,book,Before I Fall,6,False
Goodbooks-10k,book,The Perfect Storm: A True Story of Men Against the Sea,6,False
Goodbooks-10k,book,Pretty Girls,8,False
Goodbooks-10k,book,The Devil's Punchbowl,10,False
Goodbooks-10k,book,Atlas Shrugged,2,False
Goodbooks-10k,book,The Strange Case of Dr. Jekyll and Mr. Hyde,10,True
Goodbooks-10k,book,Life After God,6,False
Goodbooks-10k,book,Bambi,10,False
Goodbooks-10k,book,Dragonlance Chronicles,10,False
Goodbooks-10k,book,Flowers for Algernon,6,False
Goodbooks-10k,book,Eragon,10,False
Goodbooks-10k,book,Made to Stick: Why Some Ideas Survive and Others Die,8,False
Goodbooks-10k,book,Shadow's Edge,8,False
Goodbooks-10k,book,Hamlet,8,False
Goodbooks-10k,book,Macbeth,8,False
Goodbooks-10k,book,The Host,10,False
Goodbooks-10k,book,The Doors of Perception & Heaven and Hell,8,False
Goodbooks-10k,book,The Hotel New Hampshire,10,True
Goodbooks-10k,book,The Girl Who Played with Fire,6,False
Goodbooks-10k,book,A Kiss of Shadows,10,False
Goodbooks-10k,book,The Truth About Forever,10,False
Goodbooks-10k,book,Throne of Glass,10,False
Goodbooks-10k,book,The Time Traveler's Wife,10,False
Goodbooks-10k,book,Heir of Fire,10,False
Goodbooks-10k,book,Charlotte's Web,6,False
Goodbooks-10k,book,How to Love,10,False
Goodbooks-10k,book,The Mists of Avalon,10,False
Goodbooks-10k,book,The Night Circus,8,True
Goodbooks-10k,book,The Throne of Fire,10,False
Goodbooks-10k,book,The Road,8,True
Goodbooks-10k,book,Catching Fire,6,False
Goodbooks-10k,book,The Sapphire Rose,8,False
Goodbooks-10k,book,The Hours,10,True
Goodbooks-10k,book,The Bean Trees,8,False
Goodbooks-10k,book,Dune,10,False
Goodbooks-10k,book,Speak,10,False
Goodbooks-10k,book,Jurassic Park,4,False
Goodbooks-10k,book,The Eyes of Darkness,2,False
Goodbooks-10k,book,Charlotte's Web,10,False
Goodbooks-10k,book,Zero Day,8,False
Goodbooks-10k,book,Nicholas Nickleby,10,False
Goodbooks-10k,book,Timeline,8,False
Goodbooks-10k,book,The Shining,8,False
Goodbooks-10k,book,The Omen,8,False
Goodbooks-10k,book,The Old Man and the Sea,8,False
Goodbooks-10k,book,The Raven Boys,4,False
Goodbooks-10k,book,Blubber,6,False
Goodbooks-10k,book,Bloodlines,10,False
Goodbooks-10k,book,Twilight,8,False
Goodbooks-10k,book,The Fall of the House of Usher and Other Tales,4,False
Goodbooks-10k,book,Eligible: A Modern Retelling of Pride and Prejudice,8,False
Goodbooks-10k,book,Catching Jordan,8,False
Goodbooks-10k,book,Crime and Punishment,8,False
Goodbooks-10k,book,Arcadia,10,False
Goodbooks-10k,book,Cold Days,8,False
Goodbooks-10k,book,Dandelion Wine,10,False
Goodbooks-10k,book,Die Trying,8,False
Goodbooks-10k,book,The Lightning Thief,6,False
Goodbooks-10k,book,The Illustrated Man,10,False
Goodbooks-10k,book,Eclipse,6,True
Goodbooks-10k,book,Fight Club,8,False
Goodbooks-10k,book,Nightfall,6,False
Goodbooks-10k,book,The Firm,6,False
Goodbooks-10k,book,The Wheel of Darkness,8,False
Goodbooks-10k,book,"A Child Called ""It""",4,False
Goodbooks-10k,book,The Ersatz Elevator,8,False
Goodbooks-10k,book,The Hero of Ages,8,False
Goodbooks-10k,book,City of Dragons,6,False
Goodbooks-10k,book,Consider Phlebas,8,False
Goodbooks-10k,book,The Girl Who Played with Fire,8,False
Goodbooks-10k,book,The Giver,8,False
Goodbooks-10k,book,Scarlet,10,False
Goodbooks-10k,book,Martin the Warrior,8,False
Goodbooks-10k,book,The Girl in the Steel Corset,6,True
Goodbooks-10k,book,Skeleton Crew,6,False
Goodbooks-10k,book,Enchantment,6,True
Goodbooks-10k,book,Reckless,8,False
Goodbooks-10k,book,This Present Darkness,8,False
Goodbooks-10k,book,The Wall of Winnipeg and Me,10,True
Goodbooks-10k,book,The Magic of Recluce,8,False
Goodbooks-10k,book,The Amazing Adventures of Kavalier & Clay,8,False
Goodbooks-10k,book,Northanger Abbey,8,False
Goodbooks-10k,book,Animalia,10,False
Goodbooks-10k,book,Ramona and Her Mother,6,False
Goodbooks-10k,book,Pollyanna,6,False
Goodbooks-10k,book,The Fellowship of the Ring,4,False
Goodbooks-10k,book,When Will There Be Good News?,8,False
Goodbooks-10k,book,The Murder House,6,True
Goodbooks-10k,book,Dragonflight,10,False
Goodbooks-10k,book,Bloodline,6,False
Goodbooks-10k,book,On Death and Dying,10,False
Goodbooks-10k,book,Handle with Care,8,False
Goodbooks-10k,book,The Da Vinci Code,8,False
Goodbooks-10k,book,Pretty Girls,4,False
Goodbooks-10k,book,A Clockwork Orange,6,False
Goodbooks-10k,book,The Adventures of Huckleberry Finn,2,False
Goodbooks-10k,book,The House on Mango Street,6,False
Goodbooks-10k,book,Beach Road,6,False
Goodbooks-10k,book,"Life, the Universe and Everything",8,False
Goodbooks-10k,book,The Dressmaker,6,False
Goodbooks-10k,book,The Twilight Saga Complete Collection,4,False
Goodbooks-10k,book,The Appeal,6,False
Goodbooks-10k,book,Sense and Sensibility,6,False
Goodbooks-10k,book,Rock Me,4,False
Goodbooks-10k,book,Mrs. Frisby and the Rats of NIMH,6,False
Goodbooks-10k,book,Christine,6,False
Goodbooks-10k,book,"Men Are from Mars, Women Are from Venus",4,False
Goodbooks-10k,book,The Icebound Land,8,True
Goodbooks-10k,book,You Don't Have to Say You Love Me,10,False
Goodbooks-10k,book,The Crimson Petal and the White,8,False
Goodbooks-10k,book,سمفونی مردگان,6,False
Goodbooks-10k,book,The Ring of Solomon,8,False
Goodbooks-10k,book,The House at Pooh Corner,10,False
Goodbooks-10k,book,Amy & Roger's Epic Detour,8,False
Goodbooks-10k,book,Patriot Games,8,False
Goodbooks-10k,book,Wedding Night,6,False
Goodbooks-10k,book,The Dragon Keeper,10,False
Goodbooks-10k,book,"I, Robot",6,False
Goodbooks-10k,book,Into the Wild,10,False
Goodbooks-10k,book,Kill Shot,8,False
Goodbooks-10k,book,Don't Let Me Go,6,False
Goodbooks-10k,book,Something Wicked This Way Comes,6,True
Goodbooks-10k,book,Siddhartha,10,False
Goodbooks-10k,book,Cane River,10,False
Goodbooks-10k,book,Ender's Game,8,False
Goodbooks-10k,book,My Sister's Keeper,10,False
Goodbooks-10k,book,Ready Player One,6,False
Goodbooks-10k,book,Wuthering Heights,10,False
Goodbooks-10k,book,The Hunger Games,8,False
Goodbooks-10k,book,Change of Heart,4,True
Goodbooks-10k,book,The Mating,10,False
Goodbooks-10k,book,Kafka on the Shore,10,True
Goodbooks-10k,book,Déjà Dead,8,False
Goodbooks-10k,book,The Corrections,4,False
Goodbooks-10k,book,Walden,6,False
Goodbooks-10k,book,The Starter Wife,6,False
Goodbooks-10k,book,Mrs. Dalloway,8,True
Goodbooks-10k,book,The 48 Laws of Power,10,False
Goodbooks-10k,book,Bridge to Terabithia,10,True
Goodbooks-10k,book,Harry Potter and the Sorcerer's Stone,6,False
Goodbooks-10k,book,I Am Number Four,6,False
Goodbooks-10k,book,Beyond the Highland Mist,10,False
Goodbooks-10k,book,Possession,8,False
Goodbooks-10k,book,The Blade Itself,10,False
Goodbooks-10k,book,Hero,10,False
Goodbooks-10k,book,Water for Elephants,8,False
Goodbooks-10k,book,What She Left Behind,10,True
Goodbooks-10k,book,Harry Potter and the Prisoner of Azkaban,10,False
Goodbooks-10k,book,A Thousand Splendid Suns,6,False
Goodbooks-10k,book,A Sand County Almanac and Sketches Here and There,6,False
Goodbooks-10k,book,Into the Still Blue,10,False
Goodbooks-10k,book,The First Four Years,6,False
Goodbooks-10k,book,How the Light Gets In,10,False
Goodbooks-10k,book,Attack of the Deranged Mutant Killer Monster Snow Goons,10,False
Goodbooks-10k,book,Counting by 7s,10,False
Goodbooks-10k,book,Orphan Train,6,False
Goodbooks-10k,book,The Gray Wolf Throne,10,False
Goodbooks-10k,book,The Poisonwood Bible,8,False
Goodbooks-10k,book,One Hundred Years of Solitude,6,False
Goodbooks-10k,book,Fear and Loathing in Las Vegas,8,False
Goodbooks-10k,book,City of Ashes,8,False
Goodbooks-10k,book,A Light in the Attic,8,True
Goodbooks-10k,book,Across the Universe,2,True
Goodbooks-10k,book,Xenocide,10,False
Goodbooks-10k,book,The Help,10,False
Goodbooks-10k,book,11/22/63,8,False
Goodbooks-10k,book,Hell's Corner,10,False
Goodbooks-10k,book,The Blessing Way,10,False
Goodbooks-10k,book,The Red Queen,8,False
Goodbooks-10k,book,Skeleton Crew,10,False
Goodbooks-10k,book,Free Four: Tobias Tells the Divergent Knife-Throwing Scene,6,False
Goodbooks-10k,book,Angels & Demons,4,False
Goodbooks-10k,book,Candide,6,True
Goodbooks-10k,book,A Fatal Grace,10,False
Goodbooks-10k,book,A Storm of Swords,8,False
Goodbooks-10k,book,Rebel Heart,10,False
Goodbooks-10k,book,Ramona and Her Mother,10,False
Goodbooks-10k,book,Go Set a Watchman,10,False
Goodbooks-10k,book,The Finding,6,False
Goodbooks-10k,book,The Eyre Affair,6,True
Goodbooks-10k,book,The Art Forger,8,False
Goodbooks-10k,book,Broken,8,False
Goodbooks-10k,book,Turn of Mind,8,False
Goodbooks-10k,book,Hinds' Feet on High Places,10,True
Goodbooks-10k,book,The Great Gatsby,6,False
Goodbooks-10k,book,Upon the Midnight Clear,8,True
Goodbooks-10k,book,Gifted Hands: The Ben Carson Story,6,False
Goodbooks-10k,book,The House of Hades,10,False
Goodbooks-10k,book,This Song Will Save Your Life,6,False
Goodbooks-10k,book,The Borrowers,10,True
Goodbooks-10k,book,Gone with the Wind,8,True
Goodbooks-10k,book,The Curious Incident of the Dog in the Night-Time,10,False
Goodbooks-10k,book,Angela's Ashes,8,False
Goodbooks-10k,book,Lost Light,6,False
Goodbooks-10k,book,The Checklist Manifesto: How to Get Things Right,8,False
Goodbooks-10k,book,Tuesdays with Morrie,6,False
Goodbooks-10k,book,Pinocchio,10,False
Goodbooks-10k,book,Pretty Little Liars,6,False
Goodbooks-10k,book,The Kite Runner,6,False
Goodbooks-10k,book,Timequake,10,True
Goodbooks-10k,book,The Importance of Being Earnest,8,True
Goodbooks-10k,book,Revival,6,False
Goodbooks-10k,book,Stranger in a Strange Land,8,False
Goodbooks-10k,book,Dark Gold,10,False
Goodbooks-10k,book,Speaker for the Dead,8,False
Goodbooks-10k,book,Books of Blood: Volume One,6,False
Goodbooks-10k,book,7th Heaven,4,False
Goodbooks-10k,book,White Oleander,10,False
Goodbooks-10k,book,Brave New World,6,False
Goodbooks-10k,book,'Salem's Lot,10,False
Goodbooks-10k,book,In Her Shoes,6,False
Goodbooks-10k,book,The Lord of the Rings: Weapons and Warfare,10,False
Goodbooks-10k,book,Choke,10,False
Goodbooks-10k,book,The Call of the Wild,10,False
Goodbooks-10k,book,The Beekeeper's Apprentice,10,False
Goodbooks-10k,book,Anne Rice's The Vampire Lestat: A Graphic Novel,10,False
Goodbooks-10k,book,Alice's Adventures in Wonderland & Through the Looking-Glass,8,False
Goodbooks-10k,book,City of Ashes,10,False
Goodbooks-10k,book,Do Androids Dream of Electric Sheep?,8,False
Goodbooks-10k,book,The Diviners,10,False
Goodbooks-10k,book,Midnight's Children,10,False
Goodbooks-10k,book,Insurgent,10,False
Goodbooks-10k,book,Bookends,6,False
Goodbooks-10k,book,Cutting for Stone,10,False
Goodbooks-10k,book,P.S. I Love You,8,False
Goodbooks-10k,book,Sideways Stories from Wayside School,8,True
Goodbooks-10k,book,While My Sister Sleeps,6,False
Goodbooks-10k,book,Alexander Hamilton,8,False
Goodbooks-10k,book,Clockwork Angel,10,False
Goodbooks-10k,book,City of Ashes,6,True
Goodbooks-10k,book,Please Ignore Vera Dietz,8,True
Goodbooks-10k,book,The Notebook,2,False
Goodbooks-10k,book,The Dead Zone,10,False
Goodbooks-10k,book,The Sea of Monsters,8,False
Goodbooks-10k,book,Julius Caesar,2,True
Goodbooks-10k,book,Fifty Shades of Grey,8,False
Goodbooks-10k,book,The Far Pavilions,10,False
Goodbooks-10k,book,Jonathan Strange & Mr Norrell,8,False
Goodbooks-10k,book,Blue Moon,10,False
Goodbooks-10k,book,A Million Suns,6,True
Goodbooks-10k,book,The Thirteenth Tale,10,False
Goodbooks-10k,book,The Sword Thief,2,True
