id,input,context,expected,group_id
movement-data.csv:000001,walk 192kcal 22.2min 94bpm,[],"{""activityName"":""Walk"",""averageHeartRate"":94,""kcal"":192,""duration"":1332000}",movement-data.csv:000001
movement-data.csv:000002,walk kcal302 2202sec hr94,[],"{""activityName"":""Walk"",""averageHeartRate"":94,""kcal"":302,""duration"":2202000}",movement-data.csv:000002
movement-data.csv:000003,walk min41 21.34m gain 3035 steps 354kcal 98b,[],"{""activityName"":""Walk"",""averageHeartRate"":98,""kcal"":354,""duration"":2460000,""elevationGain"":21.34,""steps"":3035}",movement-data.csv:000003
movement-data.csv:000004,walk 17 min 145kcal 21.34m gain 97bpm,[],"{""activityName"":""Walk"",""averageHeartRate"":97,""kcal"":145,""duration"":1020000,""elevationGain"":21.34}",movement-data.csv:000004
movement-data.csv:000005,walk 3.05m gain 1065steps 16.2 b93 121kcal,[],"{""activityName"":""Walk"",""averageHeartRate"":93,""kcal"":121,""duration"":972000,""elevationGain"":3.05,""steps"":1065}",movement-data.csv:000005
movement-data.csv:000006,run hr144 3901 steps sec1465 3.85 km,[],"{""activityName"":""Run"",""averageHeartRate"":144,""distance"":3.85,""distanceUnit"":""km"",""duration"":1465000,""pace"":380.52,""speed"":9.46,""steps"":3901}",movement-data.csv:000006
movement-data.csv:000007,walk 2.09ksteps b97 +24.38m 30.7 kcal252,[],"{""activityName"":""Walk"",""averageHeartRate"":97,""kcal"":252,""duration"":1842000,""elevationGain"":24.38,""steps"":2090}",movement-data.csv:000007
movement-data.csv:000008,walk kcal454 steps4185 52min 3sec,[],"{""activityName"":""Walk"",""kcal"":454,""duration"":3123000,""steps"":4185}",movement-data.csv:000008
movement-data.csv:000009,walk 47min 47sec step4698 kcal470 bpm106,[],"{""activityName"":""Walk"",""averageHeartRate"":106,""kcal"":470,""duration"":2867000,""steps"":4698}",movement-data.csv:000009
movement-data.csv:000010,run 21m4s 146 bpm 339kcal k3.45,[],"{""activityName"":""Run"",""averageHeartRate"":146,""kcal"":339,""distance"":3.45,""distanceUnit"":""km"",""duration"":1264000,""pace"":366.38,""speed"":9.83}",movement-data.csv:000010
movement-data.csv:000011,walk kcal104 867 steps 88b 922s up3.05m,[],"{""activityName"":""Walk"",""averageHeartRate"":88,""kcal"":104,""duration"":922000,""elevationGain"":3.05,""steps"":867}",movement-data.csv:000011
movement-data.csv:000012,walk kcal292 33.3 101 bpm step2303,[],"{""activityName"":""Walk"",""averageHeartRate"":101,""kcal"":292,""duration"":1998000,""steps"":2303}",movement-data.csv:000012
movement-data.csv:000013,sport 3915steps 119b 52.9min 633kcal,[],"{""activityName"":""Sport"",""averageHeartRate"":119,""kcal"":633,""duration"":3174000,""steps"":3915}",movement-data.csv:000013
movement-data.csv:000014,walk b97 kcal195 24.8min 21.34m gain steps1524,[],"{""activityName"":""Walk"",""averageHeartRate"":97,""kcal"":195,""duration"":1488000,""elevationGain"":21.34,""steps"":1524}",movement-data.csv:000014
movement-data.csv:000015,walk 18min 46sec kcal221 b114 step2152,[],"{""activityName"":""Walk"",""averageHeartRate"":114,""kcal"":221,""duration"":1126000,""steps"":2152}",movement-data.csv:000015
movement-data.csv:000016,walk gain39.62m min20 kcal248,[],"{""activityName"":""Walk"",""kcal"":248,""duration"":1200000,""elevationGain"":39.62}",movement-data.csv:000016
movement-data.csv:000017,walk bpm98 min43 2.76k steps elev42.67m,[],"{""activityName"":""Walk"",""averageHeartRate"":98,""duration"":2580000,""elevationGain"":42.67,""steps"":2760}",movement-data.csv:000017
movement-data.csv:000018,walk min16 avg106,[],"{""activityName"":""Walk"",""averageHeartRate"":106,""duration"":960000}",movement-data.csv:000018
movement-data.csv:000019,sport 18.8 780 steps kcal141,[],"{""activityName"":""Sport"",""kcal"":141,""duration"":1128000,""steps"":780}",movement-data.csv:000019
movement-data.csv:000020,walk kcal166 15m21s b110,[],"{""activityName"":""Walk"",""averageHeartRate"":110,""kcal"":166,""duration"":921000}",movement-data.csv:000020
movement-data.csv:000021,walk step2395 sec2202 kcal338 104hr,[],"{""activityName"":""Walk"",""averageHeartRate"":104,""kcal"":338,""duration"":2202000,""steps"":2395}",movement-data.csv:000021
movement-data.csv:000022,treadmill gain285.29m 3155sec k3.09 639kcal,[],"{""activityName"":""Treadmill"",""kcal"":639,""distance"":3.09,""distanceUnit"":""km"",""duration"":3155000,""elevationGain"":285.29,""pace"":1021.04,""speed"":3.53}",movement-data.csv:000022
movement-data.csv:000023,walk 16.2min 98hr up3.05m 139kcal steps1.16k,[],"{""activityName"":""Walk"",""averageHeartRate"":98,""kcal"":139,""duration"":972000,""elevationGain"":3.05,""steps"":1160}",movement-data.csv:000023
movement-data.csv:000024,walk 1.27ksteps 19min 38sec kcal159 hr96,[],"{""activityName"":""Walk"",""averageHeartRate"":96,""kcal"":159,""duration"":1178000,""steps"":1270}",movement-data.csv:000024
movement-data.csv:000025,sport 119bpm kcal1122 96min,[],"{""activityName"":""Sport"",""averageHeartRate"":119,""kcal"":1122,""duration"":5760000}",movement-data.csv:000025
movement-data.csv:000026,walk 1093 steps sec922 gain21.34m 135kcal,[],"{""activityName"":""Walk"",""kcal"":135,""duration"":922000,""elevationGain"":21.34,""steps"":1093}",movement-data.csv:000026
movement-data.csv:000027,walk 986 steps 127kcal 16.2 elev3.05m,[],"{""activityName"":""Walk"",""kcal"":127,""duration"":972000,""elevationGain"":3.05,""steps"":986}",movement-data.csv:000027
movement-data.csv:000028,walk steps1232 kcal145 98bpm 3.05m gain 17 min,[],"{""activityName"":""Walk"",""averageHeartRate"":98,""kcal"":145,""duration"":1020000,""elevationGain"":3.05,""steps"":1232}",movement-data.csv:000028
movement-data.csv:000029,walk 5428sec hr102 91.44m gain 864kcal,[],"{""activityName"":""Walk"",""averageHeartRate"":102,""kcal"":864,""duration"":5428000,""elevationGain"":91.44}",movement-data.csv:000029
movement-data.csv:000030,run elev349.3m hr141 1810sec 3990m 461kcal step3981,[],"{""activityName"":""Run"",""averageHeartRate"":141,""kcal"":461,""distance"":3.99,""distanceUnit"":""km"",""duration"":1810000,""elevationGain"":349.3,""pace"":453.63,""speed"":7.94,""steps"":3981}",movement-data.csv:000030
movement-data.csv:000031,walk 4.68ksteps 59.7min 575kcal,[],"{""activityName"":""Walk"",""kcal"":575,""duration"":3582000,""steps"":4680}",movement-data.csv:000031
movement-data.csv:000032,walk 23min 3sec 240kcal 2167steps,[],"{""activityName"":""Walk"",""kcal"":240,""duration"":1383000,""steps"":2167}",movement-data.csv:000032
movement-data.csv:000033,walk 100b 22m12s,[],"{""activityName"":""Walk"",""averageHeartRate"":100,""duration"":1332000}",movement-data.csv:000033
movement-data.csv:000034,treadmill 959steps b126 0.96km,[],"{""activityName"":""Treadmill"",""averageHeartRate"":126,""distance"":0.96,""distanceUnit"":""km"",""steps"":959}",movement-data.csv:000034
movement-data.csv:000035,treadmill m4440 hr157 1792s 539kcal,[],"{""activityName"":""Treadmill"",""averageHeartRate"":157,""kcal"":539,""distance"":4.44,""distanceUnit"":""km"",""duration"":1792000,""pace"":403.6,""speed"":8.92}",movement-data.csv:000035
movement-data.csv:000036,walk 214kcal 87hr 25m36s,[],"{""activityName"":""Walk"",""averageHeartRate"":87,""kcal"":214,""duration"":1536000}",movement-data.csv:000036
movement-data.csv:000037,walk 17 min 137kcal 89b,[],"{""activityName"":""Walk"",""averageHeartRate"":89,""kcal"":137,""duration"":1020000}",movement-data.csv:000037
movement-data.csv:000038,walk 17min 5sec 166kcal elev33.53m avg99 step1599,[],"{""activityName"":""Walk"",""averageHeartRate"":99,""kcal"":166,""duration"":1025000,""elevationGain"":33.53,""steps"":1599}",movement-data.csv:000038
movement-data.csv:000039,sport 5397steps kcal853 117b 73.4min,[],"{""activityName"":""Sport"",""averageHeartRate"":117,""kcal"":853,""duration"":4404000,""steps"":5397}",movement-data.csv:000039
movement-data.csv:000040,walk 991 steps 15m22s 109kcal 85hr,[],"{""activityName"":""Walk"",""averageHeartRate"":85,""kcal"":109,""duration"":922000,""steps"":991}",movement-data.csv:000040
movement-data.csv:000041,walk +18.29m hr92 1868steps 23.1 203kcal,[],"{""activityName"":""Walk"",""averageHeartRate"":92,""kcal"":203,""duration"":1386000,""elevationGain"":18.29,""steps"":1868}",movement-data.csv:000041
movement-data.csv:000042,walk kcal274 min37 2188 steps avg91,[],"{""activityName"":""Walk"",""averageHeartRate"":91,""kcal"":274,""duration"":2220000,""steps"":2188}",movement-data.csv:000042
movement-data.csv:000043,walk 1076 steps 87b 16.2min up12.19m,[],"{""activityName"":""Walk"",""averageHeartRate"":87,""duration"":972000,""elevationGain"":12.19,""steps"":1076}",movement-data.csv:000043
movement-data.csv:000044,walk 20min step1468 bpm102 172kcal,[],"{""activityName"":""Walk"",""averageHeartRate"":102,""kcal"":172,""duration"":1200000,""steps"":1468}",movement-data.csv:000044
movement-data.csv:000045,walk kcal337 45min 14sec,[],"{""activityName"":""Walk"",""kcal"":337,""duration"":2714000}",movement-data.csv:000045
movement-data.csv:000046,treadmill sec2420 630kcal,[],"{""activityName"":""Treadmill"",""kcal"":630,""duration"":2420000}",movement-data.csv:000046
movement-data.csv:000047,walk 164kcal +24.38m b99 18min 47sec steps1415,[],"{""activityName"":""Walk"",""averageHeartRate"":99,""kcal"":164,""duration"":1127000,""elevationGain"":24.38,""steps"":1415}",movement-data.csv:000047
movement-data.csv:000048,sport avg112 steps4.84k min72 kcal729,[],"{""activityName"":""Sport"",""averageHeartRate"":112,""kcal"":729,""duration"":4320000,""steps"":4840}",movement-data.csv:000048
movement-data.csv:000049,walk steps1398 up24.38m hr101 159kcal 17 min,[],"{""activityName"":""Walk"",""averageHeartRate"":101,""kcal"":159,""duration"":1020000,""elevationGain"":24.38,""steps"":1398}",movement-data.csv:000049
movement-data.csv:000050,walk bpm96 18.8 1620 steps 172kcal up30.48m,[],"{""activityName"":""Walk"",""averageHeartRate"":96,""kcal"":172,""duration"":1128000,""elevationGain"":30.48,""steps"":1620}",movement-data.csv:000050
movement-data.csv:000051,sport 446 steps kcal112 20m29s b85,[],"{""activityName"":""Sport"",""averageHeartRate"":85,""kcal"":112,""duration"":1229000,""steps"":446}",movement-data.csv:000051
movement-data.csv:000052,walk 92bpm 19.6 steps1530,[],"{""activityName"":""Walk"",""averageHeartRate"":92,""duration"":1176000,""steps"":1530}",movement-data.csv:000052
movement-data.csv:000053,walk 165kcal 18.8min b98 step1559,[],"{""activityName"":""Walk"",""averageHeartRate"":98,""kcal"":165,""duration"":1128000,""steps"":1559}",movement-data.csv:000053
movement-data.csv:000054,walk 1178sec 101hr 1.62k steps,[],"{""activityName"":""Walk"",""averageHeartRate"":101,""duration"":1178000,""steps"":1620}",movement-data.csv:000054
movement-data.csv:000055,walk hr98 sec1126 172kcal steps1660,[],"{""activityName"":""Walk"",""averageHeartRate"":98,""kcal"":172,""duration"":1126000,""steps"":1660}",movement-data.csv:000055
movement-data.csv:000056,walk 22.2 104hr +15.24m steps1906,[],"{""activityName"":""Walk"",""averageHeartRate"":104,""duration"":1332000,""elevationGain"":15.24,""steps"":1906}",movement-data.csv:000056
movement-data.csv:000057,walk steps1162 20.5 151kcal,[],"{""activityName"":""Walk"",""kcal"":151,""duration"":1230000,""steps"":1162}",movement-data.csv:000057
movement-data.csv:000058,walk 12.19m gain 188kcal 101b 20min 29sec steps1708,[],"{""activityName"":""Walk"",""averageHeartRate"":101,""kcal"":188,""duration"":1229000,""elevationGain"":12.19,""steps"":1708}",movement-data.csv:000058
movement-data.csv:000059,walk 1639sec 97 bpm,[],"{""activityName"":""Walk"",""averageHeartRate"":97,""duration"":1639000}",movement-data.csv:000059
movement-data.csv:000060,walk 1633steps 177kcal sec1229,[],"{""activityName"":""Walk"",""kcal"":177,""duration"":1229000,""steps"":1633}",movement-data.csv:000060
movement-data.csv:000061,walk b100 5543 steps 1h2m18s 574kcal,[],"{""activityName"":""Walk"",""averageHeartRate"":100,""kcal"":574,""duration"":3738000,""steps"":5543}",movement-data.csv:000061
movement-data.csv:000062,walk 42m40s 328kcal,[],"{""activityName"":""Walk"",""kcal"":328,""duration"":2560000}",movement-data.csv:000062
movement-data.csv:000063,walk elev3.05m bpm96 18 min 157kcal 1.49ksteps,[],"{""activityName"":""Walk"",""averageHeartRate"":96,""kcal"":157,""duration"":1080000,""elevationGain"":3.05,""steps"":1490}",movement-data.csv:000063
movement-data.csv:000064,walk 17.9min avg106,[],"{""activityName"":""Walk"",""averageHeartRate"":106,""duration"":1074000}",movement-data.csv:000064
movement-data.csv:000065,walk 1331sec kcal184 1603steps b94,[],"{""activityName"":""Walk"",""averageHeartRate"":94,""kcal"":184,""duration"":1331000,""steps"":1603}",movement-data.csv:000065
movement-data.csv:000066,walk step1877 21.3min b109 kcal219,[],"{""activityName"":""Walk"",""averageHeartRate"":109,""kcal"":219,""duration"":1278000,""steps"":1877}",movement-data.csv:000066
movement-data.csv:000067,walk 28.9min 2272steps 237kcal,[],"{""activityName"":""Walk"",""kcal"":237,""duration"":1734000,""steps"":2272}",movement-data.csv:000067
movement-data.csv:000068,walk kcal325 33m17s 3233 steps,[],"{""activityName"":""Walk"",""kcal"":325,""duration"":1997000,""steps"":3233}",movement-data.csv:000068
movement-data.csv:000069,walk 25min 36sec kcal173,[],"{""activityName"":""Walk"",""kcal"":173,""duration"":1536000}",movement-data.csv:000069
movement-data.csv:000070,walk 29min 52sec 102b 282kcal elev36.58m steps2725,[],"{""activityName"":""Walk"",""averageHeartRate"":102,""kcal"":282,""duration"":1792000,""elevationGain"":36.58,""steps"":2725}",movement-data.csv:000070
movement-data.csv:000071,walk 102b 189kcal 1229sec,[],"{""activityName"":""Walk"",""averageHeartRate"":102,""kcal"":189,""duration"":1229000}",movement-data.csv:000071
movement-data.csv:000072,walk 306kcal avg97 36 min,[],"{""activityName"":""Walk"",""averageHeartRate"":97,""kcal"":306,""duration"":2160000}",movement-data.csv:000072
movement-data.csv:000073,walk 100b 98min,[],"{""activityName"":""Walk"",""averageHeartRate"":100,""duration"":5880000}",movement-data.csv:000073
movement-data.csv:000074,walk bpm102 kcal159 17.9 elev3.05m steps1377,[],"{""activityName"":""Walk"",""averageHeartRate"":102,""kcal"":159,""duration"":1074000,""elevationGain"":3.05,""steps"":1377}",movement-data.csv:000074
movement-data.csv:000075,walk 17.1min steps1.38k up9.14m kcal154 avg102,[],"{""activityName"":""Walk"",""averageHeartRate"":102,""kcal"":154,""duration"":1026000,""elevationGain"":9.14,""steps"":1380}",movement-data.csv:000075
movement-data.csv:000076,walk 51.2min 106bpm,[],"{""activityName"":""Walk"",""averageHeartRate"":106,""duration"":3072000}",movement-data.csv:000076
movement-data.csv:000077,walk b105 840kcal 5018s steps7441 gain91.44m,[],"{""activityName"":""Walk"",""averageHeartRate"":105,""kcal"":840,""duration"":5018000,""elevationGain"":91.44,""steps"":7441}",movement-data.csv:000077
movement-data.csv:000078,walk 1219 steps 1024s,[],"{""activityName"":""Walk"",""duration"":1024000,""steps"":1219}",movement-data.csv:000078
movement-data.csv:000079,walk 87bpm min20,[],"{""activityName"":""Walk"",""averageHeartRate"":87,""duration"":1200000}",movement-data.csv:000079
movement-data.csv:000080,run step3913 26min 3860m,[],"{""activityName"":""Run"",""distance"":3.86,""distanceUnit"":""km"",""duration"":1560000,""pace"":404.15,""speed"":8.91,""steps"":3913}",movement-data.csv:000080
movement-data.csv:000081,walk 29min 1sec 235kcal 92b,[],"{""activityName"":""Walk"",""averageHeartRate"":92,""kcal"":235,""duration"":1741000}",movement-data.csv:000081
movement-data.csv:000082,walk step2597 bpm92 31 min elev67.06m kcal265,[],"{""activityName"":""Walk"",""averageHeartRate"":92,""kcal"":265,""duration"":1860000,""elevationGain"":67.06,""steps"":2597}",movement-data.csv:000082
movement-data.csv:000083,walk 20m29s b100,[],"{""activityName"":""Walk"",""averageHeartRate"":100,""duration"":1229000}",movement-data.csv:000083
movement-data.csv:000084,walk 17min 27.43m gain 151kcal,[],"{""activityName"":""Walk"",""kcal"":151,""duration"":1020000,""elevationGain"":27.43}",movement-data.csv:000084
movement-data.csv:000085,walk 23.9min 198kcal 1.89k steps 90b gain54.86m,[],"{""activityName"":""Walk"",""averageHeartRate"":90,""kcal"":198,""duration"":1434000,""elevationGain"":54.86,""steps"":1890}",movement-data.csv:000085
movement-data.csv:000086,walk 24 min steps2395,[],"{""activityName"":""Walk"",""duration"":1440000,""steps"":2395}",movement-data.csv:000086
movement-data.csv:000087,treadmill 1896sec 2.42 mi,[],"{""activityName"":""Treadmill"",""distance"":3.89,""distanceUnit"":""km"",""duration"":1896000,""pace"":486.83,""speed"":7.39}",movement-data.csv:000087
movement-data.csv:000088,walk bpm99 43min 405kcal,[],"{""activityName"":""Walk"",""averageHeartRate"":99,""kcal"":405,""duration"":2580000}",movement-data.csv:000088
movement-data.csv:000089,walk kcal184 24min 44sec,[],"{""activityName"":""Walk"",""kcal"":184,""duration"":1484000}",movement-data.csv:000089
movement-data.csv:000090,run 147bpm 815kcal 7.14 km up53.65m 7.47ksteps 50.7min,[],"{""activityName"":""Run"",""averageHeartRate"":147,""kcal"":815,""distance"":7.14,""distanceUnit"":""km"",""duration"":3042000,""elevationGain"":53.65,""pace"":426.05,""speed"":8.45,""steps"":7470}",movement-data.csv:000090
movement-data.csv:000091,walk avg105 171kcal,[],"{""activityName"":""Walk"",""averageHeartRate"":105,""kcal"":171}",movement-data.csv:000091
movement-data.csv:000092,walk 31m34s 296kcal 100b,[],"{""activityName"":""Walk"",""averageHeartRate"":100,""kcal"":296,""duration"":1894000}",movement-data.csv:000092
movement-data.csv:000093,walk elev24.38m kcal252 steps2535 27.3,[],"{""activityName"":""Walk"",""kcal"":252,""duration"":1638000,""elevationGain"":24.38,""steps"":2535}",movement-data.csv:000093
movement-data.csv:000094,treadmill kcal491 4000 m step4206 34.2,[],"{""activityName"":""Treadmill"",""kcal"":491,""distance"":4,""distanceUnit"":""km"",""duration"":2052000,""pace"":513,""speed"":7.02,""steps"":4206}",movement-data.csv:000094
movement-data.csv:000095,walk kcal531 3226s hr105,[],"{""activityName"":""Walk"",""averageHeartRate"":105,""kcal"":531,""duration"":3226000}",movement-data.csv:000095
movement-data.csv:000096,walk kcal264 106 bpm 26.4min,[],"{""activityName"":""Walk"",""averageHeartRate"":106,""kcal"":264,""duration"":1584000}",movement-data.csv:000096
movement-data.csv:000097,walk 25.6min kcal266 2.49k steps 106bpm,[],"{""activityName"":""Walk"",""averageHeartRate"":106,""kcal"":266,""duration"":1536000,""steps"":2490}",movement-data.csv:000097
movement-data.csv:000098,sport 56 min 3472steps kcal586 hr113,[],"{""activityName"":""Sport"",""averageHeartRate"":113,""kcal"":586,""duration"":3360000,""steps"":3472}",movement-data.csv:000098
movement-data.csv:000099,walk 58min 54sec +42.67m 550kcal avg98 steps5538,[],"{""activityName"":""Walk"",""averageHeartRate"":98,""kcal"":550,""duration"":3534000,""elevationGain"":42.67,""steps"":5538}",movement-data.csv:000099
movement-data.csv:000100,walk kcal137 hr93 17min 4sec gain15.24m,[],"{""activityName"":""Walk"",""averageHeartRate"":93,""kcal"":137,""duration"":1024000,""elevationGain"":15.24}",movement-data.csv:000100
movement-data.csv:000101,walk 18min 47sec 162kcal step1691,[],"{""activityName"":""Walk"",""kcal"":162,""duration"":1127000,""steps"":1691}",movement-data.csv:000101
movement-data.csv:000102,walk up48.67m 172kcal step1681 16m12s 105bpm,[],"{""activityName"":""Walk"",""averageHeartRate"":105,""kcal"":172,""duration"":972000,""elevationGain"":48.67,""steps"":1681}",movement-data.csv:000102
movement-data.csv:000103,walk 15m22s 140kcal 101bpm,[],"{""activityName"":""Walk"",""averageHeartRate"":101,""kcal"":140,""duration"":922000}",movement-data.csv:000103
movement-data.csv:000104,walk 248kcal up30.48m hr92 29.9 steps2.4k,[],"{""activityName"":""Walk"",""averageHeartRate"":92,""kcal"":248,""duration"":1794000,""elevationGain"":30.48,""steps"":2400}",movement-data.csv:000104
movement-data.csv:000105,walk 36.58m gain 28.2min,[],"{""activityName"":""Walk"",""duration"":1692000,""elevationGain"":36.58}",movement-data.csv:000105
movement-data.csv:000106,treadmill 5.36k 33.6,[],"{""activityName"":""Treadmill"",""distance"":5.36,""distanceUnit"":""km"",""duration"":2016000,""pace"":376.12,""speed"":9.57}",movement-data.csv:000106
movement-data.csv:000107,walk 25min avg86,[],"{""activityName"":""Walk"",""averageHeartRate"":86,""duration"":1500000}",movement-data.csv:000107
movement-data.csv:000108,walk 556kcal avg98 up57.91m 1h 3min 8sec,[],"{""activityName"":""Walk"",""averageHeartRate"":98,""kcal"":556,""duration"":3788000,""elevationGain"":57.91}",movement-data.csv:000108
movement-data.csv:000109,walk 17m55s gain21.34m,[],"{""activityName"":""Walk"",""duration"":1075000,""elevationGain"":21.34}",movement-data.csv:000109
movement-data.csv:000110,sport 289kcal steps1629 136bpm 20.5min,[],"{""activityName"":""Sport"",""averageHeartRate"":136,""kcal"":289,""duration"":1230000,""steps"":1629}",movement-data.csv:000110
movement-data.csv:000111,walk 145kcal 101b 15m21s step1182,[],"{""activityName"":""Walk"",""averageHeartRate"":101,""kcal"":145,""duration"":921000,""steps"":1182}",movement-data.csv:000111
movement-data.csv:000112,walk 26min kcal234,[],"{""activityName"":""Walk"",""kcal"":234,""duration"":1560000}",movement-data.csv:000112
movement-data.csv:000113,walk 16m13s 121kcal,[],"{""activityName"":""Walk"",""kcal"":121,""duration"":973000}",movement-data.csv:000113
movement-data.csv:000114,run +132.59m km7.07 752kcal 52.8,[],"{""activityName"":""Run"",""kcal"":752,""distance"":7.07,""distanceUnit"":""km"",""duration"":3168000,""elevationGain"":132.59,""pace"":448.09,""speed"":8.03}",movement-data.csv:000114
movement-data.csv:000115,walk kcal555 5689 steps bpm85 1h 16min 48sec,[],"{""activityName"":""Walk"",""averageHeartRate"":85,""kcal"":555,""duration"":4608000,""steps"":5689}",movement-data.csv:000115
movement-data.csv:000116,walk 15m22s steps1.25k avg96 kcal141 +6.1m,[],"{""activityName"":""Walk"",""averageHeartRate"":96,""kcal"":141,""duration"":922000,""elevationGain"":6.1,""steps"":1250}",movement-data.csv:000116
movement-data.csv:000117,walk 28m9s 101 bpm 2266 steps elev39.62m kcal268,[],"{""activityName"":""Walk"",""averageHeartRate"":101,""kcal"":268,""duration"":1689000,""elevationGain"":39.62,""steps"":2266}",movement-data.csv:000117
movement-data.csv:000118,walk 1024s 85hr 131kcal up9.14m,[],"{""activityName"":""Walk"",""averageHeartRate"":85,""kcal"":131,""duration"":1024000,""elevationGain"":9.14}",movement-data.csv:000118
movement-data.csv:000119,sport 4301s 4851steps,[],"{""activityName"":""Sport"",""duration"":4301000,""steps"":4851}",movement-data.csv:000119
movement-data.csv:000120,walk 29min 2.02ksteps kcal212 87bpm,[],"{""activityName"":""Walk"",""averageHeartRate"":87,""kcal"":212,""duration"":1740000,""steps"":2020}",movement-data.csv:000120
movement-data.csv:000121,run 6.72ksteps +94.49m 714kcal 155 bpm 41min 14sec km6.81,[],"{""activityName"":""Run"",""averageHeartRate"":155,""kcal"":714,""distance"":6.81,""distanceUnit"":""km"",""duration"":2474000,""elevationGain"":94.49,""pace"":363.29,""speed"":9.91,""steps"":6720}",movement-data.csv:000121
movement-data.csv:000122,walk 1.09k steps 16m13s,[],"{""activityName"":""Walk"",""duration"":973000,""steps"":1090}",movement-data.csv:000122
movement-data.csv:000123,walk 101hr 77.7min 748kcal,[],"{""activityName"":""Walk"",""averageHeartRate"":101,""kcal"":748,""duration"":4662000}",movement-data.csv:000123
movement-data.csv:000124,walk 100 bpm steps5.55k 617kcal up54.86m 1h 8min 16sec,[],"{""activityName"":""Walk"",""averageHeartRate"":100,""kcal"":617,""duration"":4096000,""elevationGain"":54.86,""steps"":5550}",movement-data.csv:000124
movement-data.csv:000125,walk 93hr 9.14m gain 2.04ksteps 25min 36sec 213kcal,[],"{""activityName"":""Walk"",""averageHeartRate"":93,""kcal"":213,""duration"":1536000,""elevationGain"":9.14,""steps"":2040}",movement-data.csv:000125
movement-data.csv:000126,walk 111kcal 83hr 16m13s,[],"{""activityName"":""Walk"",""averageHeartRate"":83,""kcal"":111,""duration"":973000}",movement-data.csv:000126
movement-data.csv:000127,sport 1h30m27s 1046kcal,[],"{""activityName"":""Sport"",""kcal"":1046,""duration"":5427000}",movement-data.csv:000127
movement-data.csv:000128,walk kcal316 35m51s steps2915,[],"{""activityName"":""Walk"",""kcal"":316,""duration"":2151000,""steps"":2915}",movement-data.csv:000128
movement-data.csv:000129,sport 25min 36sec 523steps b88,[],"{""activityName"":""Sport"",""averageHeartRate"":88,""duration"":1536000,""steps"":523}",movement-data.csv:000129
movement-data.csv:000130,sport step703 hr91 sec1024 kcal104,[],"{""activityName"":""Sport"",""averageHeartRate"":91,""kcal"":104,""duration"":1024000,""steps"":703}",movement-data.csv:000130
movement-data.csv:000131,walk 15.4min elev24.38m step1308 kcal150 bpm103,[],"{""activityName"":""Walk"",""averageHeartRate"":103,""kcal"":150,""duration"":924000,""elevationGain"":24.38,""steps"":1308}",movement-data.csv:000131
movement-data.csv:000132,walk kcal195 1280s,[],"{""activityName"":""Walk"",""kcal"":195,""duration"":1280000}",movement-data.csv:000132
movement-data.csv:000133,treadmill k4.44 34min 20sec 158hr kcal537,[],"{""activityName"":""Treadmill"",""averageHeartRate"":158,""kcal"":537,""distance"":4.44,""distanceUnit"":""km"",""duration"":2060000,""pace"":463.96,""speed"":7.76}",movement-data.csv:000133
movement-data.csv:000134,walk 50min 20sec b101,[],"{""activityName"":""Walk"",""averageHeartRate"":101,""duration"":3020000}",movement-data.csv:000134
movement-data.csv:000135,treadmill 39m38s 4.9k steps,[],"{""activityName"":""Treadmill"",""duration"":2378000,""steps"":4900}",movement-data.csv:000135
movement-data.csv:000136,walk 969 steps 16m13s,[],"{""activityName"":""Walk"",""duration"":973000,""steps"":969}",movement-data.csv:000136
movement-data.csv:000137,sport 6824steps 83min hr121 kcal1011,[],"{""activityName"":""Sport"",""averageHeartRate"":121,""kcal"":1011,""duration"":4980000,""steps"":6824}",movement-data.csv:000137
movement-data.csv:000138,walk 97b 18min 46sec gain12.19m steps1.42k 160kcal,[],"{""activityName"":""Walk"",""averageHeartRate"":97,""kcal"":160,""duration"":1126000,""elevationGain"":12.19,""steps"":1420}",movement-data.csv:000138
movement-data.csv:000139,walk 156kcal 15.4min,[],"{""activityName"":""Walk"",""kcal"":156,""duration"":924000}",movement-data.csv:000139
movement-data.csv:000140,walk 24min 44sec gain27.43m,[],"{""activityName"":""Walk"",""duration"":1484000,""elevationGain"":27.43}",movement-data.csv:000140
movement-data.csv:000141,run 152hr 4963 steps 35min 44sec 5310m,[],"{""activityName"":""Run"",""averageHeartRate"":152,""distance"":5.31,""distanceUnit"":""km"",""duration"":2144000,""pace"":403.77,""speed"":8.92,""steps"":4963}",movement-data.csv:000141
movement-data.csv:000142,walk steps1777 kcal194 min18 bpm113,[],"{""activityName"":""Walk"",""averageHeartRate"":113,""kcal"":194,""duration"":1080000,""steps"":1777}",movement-data.csv:000142
movement-data.csv:000143,walk 216kcal 100bpm 23min 54sec,[],"{""activityName"":""Walk"",""averageHeartRate"":100,""kcal"":216,""duration"":1434000}",movement-data.csv:000143
movement-data.csv:000144,treadmill 35.1 k4.3,[],"{""activityName"":""Treadmill"",""distance"":4.3,""distanceUnit"":""km"",""duration"":2106000,""pace"":489.77,""speed"":7.35}",movement-data.csv:000144
movement-data.csv:000145,walk bpm102 16m13s 18.29m gain kcal151 steps1.39k,[],"{""activityName"":""Walk"",""averageHeartRate"":102,""kcal"":151,""duration"":973000,""elevationGain"":18.29,""steps"":1390}",movement-data.csv:000145
movement-data.csv:000146,walk 16 min steps1.24k,[],"{""activityName"":""Walk"",""duration"":960000,""steps"":1240}",movement-data.csv:000146
movement-data.csv:000147,walk 26min 56sec +39.62m kcal242 2217 steps,[],"{""activityName"":""Walk"",""kcal"":242,""duration"":1616000,""elevationGain"":39.62,""steps"":2217}",movement-data.csv:000147
movement-data.csv:000148,walk b103 186kcal 19m38s elev33.53m,[],"{""activityName"":""Walk"",""averageHeartRate"":103,""kcal"":186,""duration"":1178000,""elevationGain"":33.53}",movement-data.csv:000148
movement-data.csv:000149,walk 40.1 3105steps bpm95 kcal341,[],"{""activityName"":""Walk"",""averageHeartRate"":95,""kcal"":341,""duration"":2406000,""steps"":3105}",movement-data.csv:000149
movement-data.csv:000150,walk 164kcal 90 bpm 20min 24.38m gain,[],"{""activityName"":""Walk"",""averageHeartRate"":90,""kcal"":164,""duration"":1200000,""elevationGain"":24.38}",movement-data.csv:000150
movement-data.csv:000151,run 274kcal 2.37km,[],"{""activityName"":""Run"",""kcal"":274,""distance"":2.37,""distanceUnit"":""km""}",movement-data.csv:000151
movement-data.csv:000152,walk kcal165 25m35s,[],"{""activityName"":""Walk"",""kcal"":165,""duration"":1535000}",movement-data.csv:000152
movement-data.csv:000153,run 29 min 159hr,[],"{""activityName"":""Run"",""averageHeartRate"":159,""duration"":1740000}",movement-data.csv:000153
movement-data.csv:000154,walk 22m11s 1502 steps,[],"{""activityName"":""Walk"",""duration"":1331000,""steps"":1502}",movement-data.csv:000154
movement-data.csv:000155,sport 1197kcal b133 5171sec,[],"{""activityName"":""Sport"",""averageHeartRate"":133,""kcal"":1197,""duration"":5171000}",movement-data.csv:000155
movement-data.csv:000156,walk steps1.47k 22min 11sec,[],"{""activityName"":""Walk"",""duration"":1331000,""steps"":1470}",movement-data.csv:000156
movement-data.csv:000157,walk step1394 bpm92 kcal180 24.8min,[],"{""activityName"":""Walk"",""averageHeartRate"":92,""kcal"":180,""duration"":1488000,""steps"":1394}",movement-data.csv:000157
movement-data.csv:000158,walk b94 193kcal step1668 22m11s,[],"{""activityName"":""Walk"",""averageHeartRate"":94,""kcal"":193,""duration"":1331000,""steps"":1668}",movement-data.csv:000158
movement-data.csv:000159,walk 107kcal 16.2min step997 avg83,[],"{""activityName"":""Walk"",""averageHeartRate"":83,""kcal"":107,""duration"":972000,""steps"":997}",movement-data.csv:000159
movement-data.csv:000160,sport kcal952 1h11m37s,[],"{""activityName"":""Sport"",""kcal"":952,""duration"":4297000}",movement-data.csv:000160
movement-data.csv:000161,run elev153.31m 2.65mi 31.7min,[],"{""activityName"":""Run"",""distance"":4.26,""distanceUnit"":""km"",""duration"":1902000,""elevationGain"":153.31,""pace"":445.98,""speed"":8.07}",movement-data.csv:000161
movement-data.csv:000162,walk 2.15k steps kcal249 95bpm 30min 43sec,[],"{""activityName"":""Walk"",""averageHeartRate"":95,""kcal"":249,""duration"":1843000,""steps"":2150}",movement-data.csv:000162
movement-data.csv:000163,walk bpm98 min17,[],"{""activityName"":""Walk"",""averageHeartRate"":98,""duration"":1020000}",movement-data.csv:000163
movement-data.csv:000164,walk min38 401kcal 3.84ksteps avg108,[],"{""activityName"":""Walk"",""averageHeartRate"":108,""kcal"":401,""duration"":2280000,""steps"":3840}",movement-data.csv:000164
movement-data.csv:000165,walk 211kcal up27.43m 1536s,[],"{""activityName"":""Walk"",""kcal"":211,""duration"":1536000,""elevationGain"":27.43}",movement-data.csv:000165
movement-data.csv:000166,walk kcal102 15.4min 81bpm elev6.1m step932,[],"{""activityName"":""Walk"",""averageHeartRate"":81,""kcal"":102,""duration"":924000,""elevationGain"":6.1,""steps"":932}",movement-data.csv:000166
movement-data.csv:000167,treadmill 577kcal 41min 10sec m4610,[],"{""activityName"":""Treadmill"",""kcal"":577,""distance"":4.61,""distanceUnit"":""km"",""duration"":2470000,""pace"":535.79,""speed"":6.72}",movement-data.csv:000167
movement-data.csv:000168,walk 158kcal 101bpm 17.9min 1336 steps,[],"{""activityName"":""Walk"",""averageHeartRate"":101,""kcal"":158,""duration"":1074000,""steps"":1336}",movement-data.csv:000168
movement-data.csv:000169,walk hr107 1433s,[],"{""activityName"":""Walk"",""averageHeartRate"":107,""duration"":1433000}",movement-data.csv:000169
movement-data.csv:000170,run 145bpm up76.81m 3.99 km 416kcal 3.82ksteps 29m18s,[],"{""activityName"":""Run"",""averageHeartRate"":145,""kcal"":416,""distance"":3.99,""distanceUnit"":""km"",""duration"":1758000,""elevationGain"":76.81,""pace"":440.6,""speed"":8.17,""steps"":3820}",movement-data.csv:000170
movement-data.csv:000171,walk 19.5 kcal152 1.36k steps 92 bpm,[],"{""activityName"":""Walk"",""averageHeartRate"":92,""kcal"":152,""duration"":1170000,""steps"":1360}",movement-data.csv:000171
movement-data.csv:000172,walk 87bpm min18,[],"{""activityName"":""Walk"",""averageHeartRate"":87,""duration"":1080000}",movement-data.csv:000172
movement-data.csv:000173,walk kcal447 bpm105 44m23s 3.97k steps,[],"{""activityName"":""Walk"",""averageHeartRate"":105,""kcal"":447,""duration"":2663000,""steps"":3970}",movement-data.csv:000173
movement-data.csv:000174,walk 96 bpm kcal128 16min 915steps,[],"{""activityName"":""Walk"",""averageHeartRate"":96,""kcal"":128,""duration"":960000,""steps"":915}",movement-data.csv:000174
movement-data.csv:000175,walk kcal169 17.9min,[],"{""activityName"":""Walk"",""kcal"":169,""duration"":1074000}",movement-data.csv:000175
movement-data.csv:000176,walk 216kcal 97bpm 23m54s,[],"{""activityName"":""Walk"",""averageHeartRate"":97,""kcal"":216,""duration"":1434000}",movement-data.csv:000176
movement-data.csv:000177,walk 15.7 1.08ksteps 118kcal,[],"{""activityName"":""Walk"",""kcal"":118,""duration"":942000,""steps"":1080}",movement-data.csv:000177
movement-data.csv:000178,walk kcal150 83b min23 up9.14m steps1.25k,[],"{""activityName"":""Walk"",""averageHeartRate"":83,""kcal"":150,""duration"":1380000,""elevationGain"":9.14,""steps"":1250}",movement-data.csv:000178
movement-data.csv:000179,walk bpm98 971kcal 110 min 8315 steps,[],"{""activityName"":""Walk"",""averageHeartRate"":98,""kcal"":971,""duration"":6600000,""steps"":8315}",movement-data.csv:000179
movement-data.csv:000180,walk 19min 38sec kcal148 +3.05m 1.36k steps 87 bpm,[],"{""activityName"":""Walk"",""averageHeartRate"":87,""kcal"":148,""duration"":1178000,""elevationGain"":3.05,""steps"":1360}",movement-data.csv:000180
movement-data.csv:000181,walk 3.74k steps 37m33s,[],"{""activityName"":""Walk"",""duration"":2253000,""steps"":3740}",movement-data.csv:000181
movement-data.csv:000182,walk kcal395 101 bpm 3.42ksteps 43m31s,[],"{""activityName"":""Walk"",""averageHeartRate"":101,""kcal"":395,""duration"":2611000,""steps"":3420}",movement-data.csv:000182
movement-data.csv:000183,walk min17 139kcal 3.05m gain 92 bpm,[],"{""activityName"":""Walk"",""averageHeartRate"":92,""kcal"":139,""duration"":1020000,""elevationGain"":3.05}",movement-data.csv:000183
movement-data.csv:000184,walk 168kcal 1076sec 1203steps 102 bpm,[],"{""activityName"":""Walk"",""averageHeartRate"":102,""kcal"":168,""duration"":1076000,""steps"":1203}",movement-data.csv:000184
movement-data.csv:000185,walk 48.6min 99bpm elev42.67m kcal452,[],"{""activityName"":""Walk"",""averageHeartRate"":99,""kcal"":452,""duration"":2916000,""elevationGain"":42.67}",movement-data.csv:000185
movement-data.csv:000186,walk 1h33m1s 846kcal 7.6k steps 100bpm,[],"{""activityName"":""Walk"",""averageHeartRate"":100,""kcal"":846,""duration"":5581000,""steps"":7600}",movement-data.csv:000186
movement-data.csv:000187,walk hr96 step1279 17min 56sec kcal151,[],"{""activityName"":""Walk"",""averageHeartRate"":96,""kcal"":151,""duration"":1076000,""steps"":1279}",movement-data.csv:000187
movement-data.csv:000188,walk +85.34m avg108 46m4s 459kcal,[],"{""activityName"":""Walk"",""averageHeartRate"":108,""kcal"":459,""duration"":2764000,""elevationGain"":85.34}",movement-data.csv:000188
movement-data.csv:000189,walk 15min 22sec kcal105,[],"{""activityName"":""Walk"",""kcal"":105,""duration"":922000}",movement-data.csv:000189
movement-data.csv:000190,run 71.9min 9.36km elev128.02m b136,[],"{""activityName"":""Run"",""averageHeartRate"":136,""distance"":9.36,""distanceUnit"":""km"",""duration"":4314000,""elevationGain"":128.02,""pace"":460.9,""speed"":7.81}",movement-data.csv:000190
movement-data.csv:000191,walk hr97 21m20s,[],"{""activityName"":""Walk"",""averageHeartRate"":97,""duration"":1280000}",movement-data.csv:000191
movement-data.csv:000192,sport kcal258 30min bpm95,[],"{""activityName"":""Sport"",""averageHeartRate"":95,""kcal"":258,""duration"":1800000}",movement-data.csv:000192
movement-data.csv:000193,walk 88 bpm kcal197 sec1433 1861steps,[],"{""activityName"":""Walk"",""averageHeartRate"":88,""kcal"":197,""duration"":1433000,""steps"":1861}",movement-data.csv:000193
movement-data.csv:000194,walk kcal150 15m21s,[],"{""activityName"":""Walk"",""kcal"":150,""duration"":921000}",movement-data.csv:000194
movement-data.csv:000195,run kcal842 up201.17m hr131 steps8.8k sec3789,[],"{""activityName"":""Run"",""averageHeartRate"":131,""kcal"":842,""duration"":3789000,""elevationGain"":201.17,""steps"":8800}",movement-data.csv:000195
movement-data.csv:000196,walk 22min kcal197 steps1867,[],"{""activityName"":""Walk"",""kcal"":197,""duration"":1320000,""steps"":1867}",movement-data.csv:000196
movement-data.csv:000197,walk 1h42m24s kcal1128 steps10.96k,[],"{""activityName"":""Walk"",""kcal"":1128,""duration"":6144000,""steps"":10960}",movement-data.csv:000197
movement-data.csv:000198,walk +88.39m hr96 sec2612 kcal374,[],"{""activityName"":""Walk"",""averageHeartRate"":96,""kcal"":374,""duration"":2612000,""elevationGain"":88.39}",movement-data.csv:000198
movement-data.csv:000199,walk +21.34m 33.3 hr100 step3345 300kcal,[],"{""activityName"":""Walk"",""averageHeartRate"":100,""kcal"":300,""duration"":1998000,""elevationGain"":21.34,""steps"":3345}",movement-data.csv:000199
movement-data.csv:000200,walk 1.51k steps avg95 min15 kcal130 up24.38m,[],"{""activityName"":""Walk"",""averageHeartRate"":95,""kcal"":130,""duration"":900000,""elevationGain"":24.38,""steps"":1510}",movement-data.csv:000200
movement-data.csv:000201,walk steps2473 90hr 26min 27sec kcal215 gain45.72m,[],"{""activityName"":""Walk"",""averageHeartRate"":90,""kcal"":215,""duration"":1587000,""elevationGain"":45.72,""steps"":2473}",movement-data.csv:000201
movement-data.csv:000202,run 1h 21min 1sec 11880steps 10.43 km,[],"{""activityName"":""Run"",""distance"":10.43,""distanceUnit"":""km"",""duration"":4861000,""pace"":466.06,""speed"":7.72,""steps"":11880}",movement-data.csv:000202
movement-data.csv:000203,walk +27.43m bpm95 step1572 kcal142 973s,[],"{""activityName"":""Walk"",""averageHeartRate"":95,""kcal"":142,""duration"":973000,""elevationGain"":27.43,""steps"":1572}",movement-data.csv:000203
movement-data.csv:000204,walk steps3942 40.1 kcal355,[],"{""activityName"":""Walk"",""kcal"":355,""duration"":2406000,""steps"":3942}",movement-data.csv:000204
movement-data.csv:000205,walk 56min 19sec steps5.23k kcal525 hr102 gain97.54m,[],"{""activityName"":""Walk"",""averageHeartRate"":102,""kcal"":525,""duration"":3379000,""elevationGain"":97.54,""steps"":5230}",movement-data.csv:000205
movement-data.csv:000206,run 7.07 km gain194.46m 864kcal 1h0m10s 8.06ksteps avg147,[],"{""activityName"":""Run"",""averageHeartRate"":147,""kcal"":864,""distance"":7.07,""distanceUnit"":""km"",""duration"":3610000,""elevationGain"":194.46,""pace"":510.61,""speed"":7.05,""steps"":8060}",movement-data.csv:000206
movement-data.csv:000207,walk 102bpm 18m46s steps1.49k kcal160,[],"{""activityName"":""Walk"",""averageHeartRate"":102,""kcal"":160,""duration"":1126000,""steps"":1490}",movement-data.csv:000207
movement-data.csv:000208,aerobic workout 1724 steps 973s bpm114 179kcal,[],"{""activityName"":""Aerobic Workout"",""averageHeartRate"":114,""kcal"":179,""duration"":973000,""steps"":1724}",movement-data.csv:000208
movement-data.csv:000209,walk 15.4min 95bpm kcal151 steps1491,[],"{""activityName"":""Walk"",""averageHeartRate"":95,""kcal"":151,""duration"":924000,""steps"":1491}",movement-data.csv:000209
movement-data.csv:000210,walk 3876steps 107 bpm,[],"{""activityName"":""Walk"",""averageHeartRate"":107,""steps"":3876}",movement-data.csv:000210
movement-data.csv:000211,walk min16 kcal131 up27.43m,[],"{""activityName"":""Walk"",""kcal"":131,""duration"":960000,""elevationGain"":27.43}",movement-data.csv:000211
movement-data.csv:000212,walk sec2458 367kcal bpm98 step3708,[],"{""activityName"":""Walk"",""averageHeartRate"":98,""kcal"":367,""duration"":2458000,""steps"":3708}",movement-data.csv:000212
movement-data.csv:000213,run 4271sec 8810 m,[],"{""activityName"":""Run"",""distance"":8.81,""distanceUnit"":""km"",""duration"":4271000,""pace"":484.79,""speed"":7.43}",movement-data.csv:000213
movement-data.csv:000214,walk kcal131 step1563 16.2min 71 bpm,[],"{""activityName"":""Walk"",""averageHeartRate"":71,""kcal"":131,""duration"":972000,""steps"":1563}",movement-data.csv:000214
movement-data.csv:000215,walk 1h5m43s step5771,[],"{""activityName"":""Walk"",""duration"":3943000,""steps"":5771}",movement-data.csv:000215
movement-data.csv:000216,run 5.16k kcal591 37m38s 153hr,[],"{""activityName"":""Run"",""averageHeartRate"":153,""kcal"":591,""distance"":5.16,""distanceUnit"":""km"",""duration"":2258000,""pace"":437.6,""speed"":8.23}",movement-data.csv:000216
movement-data.csv:000217,walk 174.1 +228.6m b95 kcal1404 steps14958,[],"{""activityName"":""Walk"",""averageHeartRate"":95,""kcal"":1404,""duration"":10446000,""elevationGain"":228.6,""steps"":14958}",movement-data.csv:000217
movement-data.csv:000218,walk 91.3 167.64m gain steps8.92k 104b 888kcal,[],"{""activityName"":""Walk"",""averageHeartRate"":104,""kcal"":888,""duration"":5478000,""elevationGain"":167.64,""steps"":8920}",movement-data.csv:000218
movement-data.csv:000219,walk b109 up30.48m sec1024,[],"{""activityName"":""Walk"",""averageHeartRate"":109,""duration"":1024000,""elevationGain"":30.48}",movement-data.csv:000219
movement-data.csv:000220,walk 56.3 b97 steps5399 kcal483,[],"{""activityName"":""Walk"",""averageHeartRate"":97,""kcal"":483,""duration"":3378000,""steps"":5399}",movement-data.csv:000220
movement-data.csv:000221,walk 92 bpm kcal140 1.62k steps 17.9,[],"{""activityName"":""Walk"",""averageHeartRate"":92,""kcal"":140,""duration"":1074000,""steps"":1620}",movement-data.csv:000221
movement-data.csv:000222,walk kcal392 51 min,[],"{""activityName"":""Walk"",""kcal"":392,""duration"":3060000}",movement-data.csv:000222
movement-data.csv:000223,run 10150m 1h 27min 35sec 1062kcal,[],"{""activityName"":""Run"",""kcal"":1062,""distance"":10.15,""distanceUnit"":""km"",""duration"":5255000,""pace"":517.73,""speed"":6.95}",movement-data.csv:000223
movement-data.csv:000224,walk 1945sec 87hr kcal246,[],"{""activityName"":""Walk"",""averageHeartRate"":87,""kcal"":246,""duration"":1945000}",movement-data.csv:000224
movement-data.csv:000225,walk 469kcal sec3226,[],"{""activityName"":""Walk"",""kcal"":469,""duration"":3226000}",movement-data.csv:000225
movement-data.csv:000226,walk 135kcal sec922 hr99,[],"{""activityName"":""Walk"",""averageHeartRate"":99,""kcal"":135,""duration"":922000}",movement-data.csv:000226
movement-data.csv:000227,walk 1h 4min 51sec 6.38k steps kcal583 96hr,[],"{""activityName"":""Walk"",""averageHeartRate"":96,""kcal"":583,""duration"":3891000,""steps"":6380}",movement-data.csv:000227
movement-data.csv:000228,run 38.7min 5.01k 553kcal,[],"{""activityName"":""Run"",""kcal"":553,""distance"":5.01,""distanceUnit"":""km"",""duration"":2322000,""pace"":463.47,""speed"":7.77}",movement-data.csv:000228
movement-data.csv:000229,walk steps1.57k 15m22s kcal141,[],"{""activityName"":""Walk"",""kcal"":141,""duration"":922000,""steps"":1570}",movement-data.csv:000229
movement-data.csv:000230,walk 760kcal 9.14k steps up137.16m 1h32m10s b89,[],"{""activityName"":""Walk"",""averageHeartRate"":89,""kcal"":760,""duration"":5530000,""elevationGain"":137.16,""steps"":9140}",movement-data.csv:000230
movement-data.csv:000231,walk 116kcal hr87 17min 4sec step1699,[],"{""activityName"":""Walk"",""averageHeartRate"":87,""kcal"":116,""duration"":1024000,""steps"":1699}",movement-data.csv:000231
movement-data.csv:000232,walk 1024s 96 bpm kcal157 1423 steps +67.06m,[],"{""activityName"":""Walk"",""averageHeartRate"":96,""kcal"":157,""duration"":1024000,""elevationGain"":67.06,""steps"":1423}",movement-data.csv:000232
movement-data.csv:000233,sport 799kcal bpm101 90.5min,[],"{""activityName"":""Sport"",""averageHeartRate"":101,""kcal"":799,""duration"":5430000}",movement-data.csv:000233
movement-data.csv:000234,walk gain79.25m hr92 73.4min kcal584,[],"{""activityName"":""Walk"",""averageHeartRate"":92,""kcal"":584,""duration"":4404000,""elevationGain"":79.25}",movement-data.csv:000234
movement-data.csv:000235,walk 1580 steps 17.1 96bpm kcal144 elev30.48m,[],"{""activityName"":""Walk"",""averageHeartRate"":96,""kcal"":144,""duration"":1026000,""elevationGain"":30.48,""steps"":1580}",movement-data.csv:000235
movement-data.csv:000236,walk 16min 13sec step1658,[],"{""activityName"":""Walk"",""duration"":973000,""steps"":1658}",movement-data.csv:000236
movement-data.csv:000237,sport kcal191 108bpm 19.6 steps1.77k,[],"{""activityName"":""Sport"",""averageHeartRate"":108,""kcal"":191,""duration"":1176000,""steps"":1770}",movement-data.csv:000237
movement-data.csv:000238,walk 4365 steps gain6.1m 427kcal sec2868 b98,[],"{""activityName"":""Walk"",""averageHeartRate"":98,""kcal"":427,""duration"":2868000,""elevationGain"":6.1,""steps"":4365}",movement-data.csv:000238
movement-data.csv:000239,walk +143.26m 97bpm 1h 23min 38sec kcal758,[],"{""activityName"":""Walk"",""averageHeartRate"":97,""kcal"":758,""duration"":5018000,""elevationGain"":143.26}",movement-data.csv:000239
movement-data.csv:000240,walk kcal144 97b steps1.6k 15 min,[],"{""activityName"":""Walk"",""averageHeartRate"":97,""kcal"":144,""duration"":900000,""steps"":1600}",movement-data.csv:000240
movement-data.csv:000241,walk 31m34s kcal321 3.18k steps avg106 33.53m gain,[],"{""activityName"":""Walk"",""averageHeartRate"":106,""kcal"":321,""duration"":1894000,""elevationGain"":33.53,""steps"":3180}",movement-data.csv:000241
movement-data.csv:000242,walk 429kcal 52min 3sec,[],"{""activityName"":""Walk"",""kcal"":429,""duration"":3123000}",movement-data.csv:000242
movement-data.csv:000243,walk steps1616 100hr 17.1min 33.53m gain kcal153,[],"{""activityName"":""Walk"",""averageHeartRate"":100,""kcal"":153,""duration"":1026000,""elevationGain"":33.53,""steps"":1616}",movement-data.csv:000243
movement-data.csv:000244,run b126 67.4min kcal896,[],"{""activityName"":""Run"",""averageHeartRate"":126,""kcal"":896,""duration"":4044000}",movement-data.csv:000244
movement-data.csv:000245,walk 171kcal min17,[],"{""activityName"":""Walk"",""kcal"":171,""duration"":1020000}",movement-data.csv:000245
movement-data.csv:000246,walk 106hr 52min 55sec,[],"{""activityName"":""Walk"",""averageHeartRate"":106,""duration"":3175000}",movement-data.csv:000246
movement-data.csv:000247,walk 23min 54sec elev28.7m,[],"{""activityName"":""Walk"",""duration"":1434000,""elevationGain"":28.7}",movement-data.csv:000247
movement-data.csv:000248,aerobic workout 117hr sec1178,[],"{""activityName"":""Aerobic Workout"",""averageHeartRate"":117,""duration"":1178000}",movement-data.csv:000248
movement-data.csv:000249,sport 1h9m59s 6472 steps 744kcal,[],"{""activityName"":""Sport"",""kcal"":744,""duration"":4199000,""steps"":6472}",movement-data.csv:000249
movement-data.csv:000250,aerobic workout 23min 2sec 218kcal hr105,[],"{""activityName"":""Aerobic Workout"",""averageHeartRate"":105,""kcal"":218,""duration"":1382000}",movement-data.csv:000250
movement-data.csv:000251,walk kcal116 1639sec,[],"{""activityName"":""Walk"",""kcal"":116,""duration"":1639000}",movement-data.csv:000251
movement-data.csv:000252,walk 17min 4sec kcal99,[],"{""activityName"":""Walk"",""kcal"":99,""duration"":1024000}",movement-data.csv:000252
movement-data.csv:000253,walk b98 up48.77m sec3892,[],"{""activityName"":""Walk"",""averageHeartRate"":98,""duration"":3892000,""elevationGain"":48.77}",movement-data.csv:000253
movement-data.csv:000254,run kcal178 sec1075 114b +9.14m,[],"{""activityName"":""Run"",""averageHeartRate"":114,""kcal"":178,""duration"":1075000,""elevationGain"":9.14}",movement-data.csv:000254
movement-data.csv:000255,run 35 130 bpm up42.67m 5.1k steps kcal468,[],"{""activityName"":""Run"",""averageHeartRate"":130,""kcal"":468,""duration"":2100000,""elevationGain"":42.67,""steps"":5100}",movement-data.csv:000255
movement-data.csv:000256,walk 96 bpm elev160.12m 87min step8893 774kcal,[],"{""activityName"":""Walk"",""averageHeartRate"":96,""kcal"":774,""duration"":5220000,""elevationGain"":160.12,""steps"":8893}",movement-data.csv:000256
movement-data.csv:000257,walk 100hr 17m4s 1.66k steps up24.38m 161kcal,[],"{""activityName"":""Walk"",""averageHeartRate"":100,""kcal"":161,""duration"":1024000,""elevationGain"":24.38,""steps"":1660}",movement-data.csv:000257
movement-data.csv:000258,walk step2674 bpm101 258kcal,[],"{""activityName"":""Walk"",""averageHeartRate"":101,""kcal"":258,""steps"":2674}",movement-data.csv:000258
movement-data.csv:000259,run 15m22s 94hr 1766steps 137kcal,[],"{""activityName"":""Run"",""averageHeartRate"":94,""kcal"":137,""duration"":922000,""steps"":1766}",movement-data.csv:000259
movement-data.csv:000260,walk bpm111 min22 238kcal 2306 steps,[],"{""activityName"":""Walk"",""averageHeartRate"":111,""kcal"":238,""duration"":1320000,""steps"":2306}",movement-data.csv:000260
movement-data.csv:000261,walk steps4748 min50 88 bpm,[],"{""activityName"":""Walk"",""averageHeartRate"":88,""duration"":3000000,""steps"":4748}",movement-data.csv:000261
movement-data.csv:000262,walk 1126sec 93 bpm 161kcal,[],"{""activityName"":""Walk"",""averageHeartRate"":93,""kcal"":161,""duration"":1126000}",movement-data.csv:000262
movement-data.csv:000263,run 1035kcal sec4865 bpm131 5.77mi,[],"{""activityName"":""Run"",""averageHeartRate"":131,""kcal"":1035,""distance"":9.29,""distanceUnit"":""km"",""duration"":4865000,""pace"":523.91,""speed"":6.87}",movement-data.csv:000263
movement-data.csv:000264,walk 7.29k steps 4557s 96hr 667kcal,[],"{""activityName"":""Walk"",""averageHeartRate"":96,""kcal"":667,""duration"":4557000,""steps"":7290}",movement-data.csv:000264
movement-data.csv:000265,walk bpm98 4813sec 722kcal steps8140,[],"{""activityName"":""Walk"",""averageHeartRate"":98,""kcal"":722,""duration"":4813000,""steps"":8140}",movement-data.csv:000265
movement-data.csv:000266,treadmill km5.79 up37.8m 1000kcal bpm114 steps7.93k 6048s,[],"{""activityName"":""Treadmill"",""averageHeartRate"":114,""kcal"":1000,""distance"":5.79,""distanceUnit"":""km"",""duration"":6048000,""elevationGain"":37.8,""pace"":1044.56,""speed"":3.45,""steps"":7930}",movement-data.csv:000266
movement-data.csv:000267,walk min21 181kcal avg97,[],"{""activityName"":""Walk"",""averageHeartRate"":97,""kcal"":181,""duration"":1260000}",movement-data.csv:000267
movement-data.csv:000268,walk 111 min 10.39k steps 149.35m gain,[],"{""activityName"":""Walk"",""duration"":6660000,""elevationGain"":149.35,""steps"":10390}",movement-data.csv:000268
movement-data.csv:000269,walk kcal130 sec973 85hr up27.43m,[],"{""activityName"":""Walk"",""averageHeartRate"":85,""kcal"":130,""duration"":973000,""elevationGain"":27.43}",movement-data.csv:000269
movement-data.csv:000270,walk 20.5 kcal192 step2102 up36.58m,[],"{""activityName"":""Walk"",""kcal"":192,""duration"":1230000,""elevationGain"":36.58,""steps"":2102}",movement-data.csv:000270
movement-data.csv:000271,walk hr95 up94.49m 6.22k steps kcal597 70.8min,[],"{""activityName"":""Walk"",""averageHeartRate"":95,""kcal"":597,""duration"":4248000,""elevationGain"":94.49,""steps"":6220}",movement-data.csv:000271
movement-data.csv:000272,treadmill 6.51km min83,[],"{""activityName"":""Treadmill"",""distance"":6.51,""distanceUnit"":""km"",""duration"":4980000,""pace"":764.98,""speed"":4.71}",movement-data.csv:000272
movement-data.csv:000273,walk steps5819 1h 1min 27sec 576kcal,[],"{""activityName"":""Walk"",""kcal"":576,""duration"":3687000,""steps"":5819}",movement-data.csv:000273
movement-data.csv:000274,walk 1.98k steps min20 103bpm,[],"{""activityName"":""Walk"",""averageHeartRate"":103,""duration"":1200000,""steps"":1980}",movement-data.csv:000274
movement-data.csv:000275,walk 27.43m gain 152kcal min17,[],"{""activityName"":""Walk"",""kcal"":152,""duration"":1020000,""elevationGain"":27.43}",movement-data.csv:000275
movement-data.csv:000276,walk 450kcal 57.2min,[],"{""activityName"":""Walk"",""kcal"":450,""duration"":3432000}",movement-data.csv:000276
movement-data.csv:000277,walk 1686steps 18min 107b kcal169,[],"{""activityName"":""Walk"",""averageHeartRate"":107,""kcal"":169,""duration"":1080000,""steps"":1686}",movement-data.csv:000277
movement-data.csv:000278,walk 1.52ksteps 152kcal 94b 17min 56sec,[],"{""activityName"":""Walk"",""averageHeartRate"":94,""kcal"":152,""duration"":1076000,""steps"":1520}",movement-data.csv:000278
movement-data.csv:000279,walk 169kcal 17min 4sec avg95 step1597,[],"{""activityName"":""Walk"",""averageHeartRate"":95,""kcal"":169,""duration"":1024000,""steps"":1597}",movement-data.csv:000279
movement-data.csv:000280,run 1h 17min 15sec 1142kcal k9.56,[],"{""activityName"":""Run"",""kcal"":1142,""distance"":9.56,""distanceUnit"":""km"",""duration"":4635000,""pace"":484.83,""speed"":7.43}",movement-data.csv:000280
movement-data.csv:000281,walk 78kcal 735steps 16.2min 79bpm,[],"{""activityName"":""Walk"",""averageHeartRate"":79,""kcal"":78,""duration"":972000,""steps"":735}",movement-data.csv:000281
movement-data.csv:000282,run kcal652 44min 1sec 141bpm 5.91k,[],"{""activityName"":""Run"",""averageHeartRate"":141,""kcal"":652,""distance"":5.91,""distanceUnit"":""km"",""duration"":2641000,""pace"":446.87,""speed"":8.06}",movement-data.csv:000282
movement-data.csv:000283,walk 1h56m4s up152.4m step9693 996kcal b95,[],"{""activityName"":""Walk"",""averageHeartRate"":95,""kcal"":996,""duration"":6964000,""elevationGain"":152.4,""steps"":9693}",movement-data.csv:000283
movement-data.csv:000284,walk kcal1083 11.39ksteps 1h 52min 39sec elev173.74m,[],"{""activityName"":""Walk"",""kcal"":1083,""duration"":6759000,""elevationGain"":173.74,""steps"":11390}",movement-data.csv:000284
movement-data.csv:000285,walk 70 min 626kcal,[],"{""activityName"":""Walk"",""kcal"":626,""duration"":4200000}",movement-data.csv:000285
movement-data.csv:000286,run 6013 steps sec4277 5.45km +27.13m 628kcal bpm135,[],"{""activityName"":""Run"",""averageHeartRate"":135,""kcal"":628,""distance"":5.45,""distanceUnit"":""km"",""duration"":4277000,""elevationGain"":27.13,""pace"":784.77,""speed"":4.59,""steps"":6013}",movement-data.csv:000286
movement-data.csv:000287,walk steps4234 hr100 gain85.34m kcal421 45min 14sec,[],"{""activityName"":""Walk"",""averageHeartRate"":100,""kcal"":421,""duration"":2714000,""elevationGain"":85.34,""steps"":4234}",movement-data.csv:000287
movement-data.csv:000288,walk avg97 steps5.44k 509kcal 55.5,[],"{""activityName"":""Walk"",""averageHeartRate"":97,""kcal"":509,""duration"":3330000,""steps"":5440}",movement-data.csv:000288
movement-data.csv:000289,walk +143.26m 8633 steps sec5070,[],"{""activityName"":""Walk"",""duration"":5070000,""elevationGain"":143.26,""steps"":8633}",movement-data.csv:000289
movement-data.csv:000290,walk 635kcal b99 steps7.03k 1h 8min 17sec,[],"{""activityName"":""Walk"",""averageHeartRate"":99,""kcal"":635,""duration"":4097000,""steps"":7030}",movement-data.csv:000290
movement-data.csv:000291,sport kcal399 sec2611,[],"{""activityName"":""Sport"",""kcal"":399,""duration"":2611000}",movement-data.csv:000291
movement-data.csv:000292,walk hr102 589kcal sec3687,[],"{""activityName"":""Walk"",""averageHeartRate"":102,""kcal"":589,""duration"":3687000}",movement-data.csv:000292
movement-data.csv:000293,walk up61.87m kcal402 102bpm 45m14s,[],"{""activityName"":""Walk"",""averageHeartRate"":102,""kcal"":402,""duration"":2714000,""elevationGain"":61.87}",movement-data.csv:000293
movement-data.csv:000294,aerobic workout 104 bpm 2918sec 467kcal steps4006,[],"{""activityName"":""Aerobic Workout"",""averageHeartRate"":104,""kcal"":467,""duration"":2918000,""steps"":4006}",movement-data.csv:000294
movement-data.csv:000295,walk hr112 5530s kcal943,[],"{""activityName"":""Walk"",""averageHeartRate"":112,""kcal"":943,""duration"":5530000}",movement-data.csv:000295
movement-data.csv:000296,walk 133kcal 1.62k steps 67hr,[],"{""activityName"":""Walk"",""averageHeartRate"":67,""kcal"":133,""steps"":1620}",movement-data.csv:000296
movement-data.csv:000297,walk elev27.43m 1.57k steps bpm114 16.2min kcal184,[],"{""activityName"":""Walk"",""averageHeartRate"":114,""kcal"":184,""duration"":972000,""elevationGain"":27.43,""steps"":1570}",movement-data.csv:000297
movement-data.csv:000298,walk 25min 225kcal b102 2254steps,[],"{""activityName"":""Walk"",""averageHeartRate"":102,""kcal"":225,""duration"":1500000,""steps"":2254}",movement-data.csv:000298
movement-data.csv:000299,walk 560kcal 5.11ksteps 49m30s,[],"{""activityName"":""Walk"",""kcal"":560,""duration"":2970000,""steps"":5110}",movement-data.csv:000299
movement-data.csv:000300,walk 349kcal 30.7min 156 bpm,[],"{""activityName"":""Walk"",""averageHeartRate"":156,""kcal"":349,""duration"":1842000}",movement-data.csv:000300
movement-data.csv:000301,walk 74b 22m11s,[],"{""activityName"":""Walk"",""averageHeartRate"":74,""duration"":1331000}",movement-data.csv:000301
movement-data.csv:000302,walk 87.9min 9358 steps,[],"{""activityName"":""Walk"",""duration"":5274000,""steps"":9358}",movement-data.csv:000302
movement-data.csv:000303,walk 6.39k steps hr89 1h9m7s,[],"{""activityName"":""Walk"",""averageHeartRate"":89,""duration"":4147000,""steps"":6390}",movement-data.csv:000303
movement-data.csv:000304,walk steps1544 102b 15.3,[],"{""activityName"":""Walk"",""averageHeartRate"":102,""duration"":918000,""steps"":1544}",movement-data.csv:000304
movement-data.csv:000305,run 9120m 139b 245.97m gain 1h 14min 10sec,[],"{""activityName"":""Run"",""averageHeartRate"":139,""distance"":9.12,""distanceUnit"":""km"",""duration"":4450000,""elevationGain"":245.97,""pace"":487.94,""speed"":7.38}",movement-data.csv:000305
movement-data.csv:000306,walk 4799 steps min53,[],"{""activityName"":""Walk"",""duration"":3180000,""steps"":4799}",movement-data.csv:000306
movement-data.csv:000307,walk avg103 4571sec 715kcal,[],"{""activityName"":""Walk"",""averageHeartRate"":103,""kcal"":715,""duration"":4571000}",movement-data.csv:000307
movement-data.csv:000308,walk steps1.61k 16min 100bpm,[],"{""activityName"":""Walk"",""averageHeartRate"":100,""duration"":960000,""steps"":1610}",movement-data.csv:000308
movement-data.csv:000309,bike up0.61m kcal296 min25 hr127,[],"{""activityName"":""Bike"",""averageHeartRate"":127,""kcal"":296,""duration"":1500000,""elevationGain"":0.61}",movement-data.csv:000309
movement-data.csv:000310,run 71 min 4.3 mi kcal761,[],"{""activityName"":""Run"",""kcal"":761,""distance"":6.92,""distanceUnit"":""km"",""duration"":4260000,""pace"":615.59,""speed"":5.85}",movement-data.csv:000310
movement-data.csv:000311,walk 5109steps 55.5,[],"{""activityName"":""Walk"",""duration"":3330000,""steps"":5109}",movement-data.csv:000311
movement-data.csv:000312,walk kcal345 step3402 elev15.24m 34min 8sec,[],"{""activityName"":""Walk"",""kcal"":345,""duration"":2048000,""elevationGain"":15.24,""steps"":3402}",movement-data.csv:000312
movement-data.csv:000313,walk 6061 steps 3277s,[],"{""activityName"":""Walk"",""duration"":3277000,""steps"":6061}",movement-data.csv:000313
movement-data.csv:000314,walk elev155.45m 826kcal 5377s,[],"{""activityName"":""Walk"",""kcal"":826,""duration"":5377000,""elevationGain"":155.45}",movement-data.csv:000314
movement-data.csv:000315,walk 99bpm 138kcal steps1508 15.3min,[],"{""activityName"":""Walk"",""averageHeartRate"":99,""kcal"":138,""duration"":918000,""steps"":1508}",movement-data.csv:000315
movement-data.csv:000316,walk 484kcal 4.92k steps 57.2min,[],"{""activityName"":""Walk"",""kcal"":484,""duration"":3432000,""steps"":4920}",movement-data.csv:000316
movement-data.csv:000317,walk 95 bpm 379kcal 2662sec,[],"{""activityName"":""Walk"",""averageHeartRate"":95,""kcal"":379,""duration"":2662000}",movement-data.csv:000317
movement-data.csv:000318,walk kcal138 step1517 15min 22sec,[],"{""activityName"":""Walk"",""kcal"":138,""duration"":922000,""steps"":1517}",movement-data.csv:000318
movement-data.csv:000319,walk 480kcal step4511 41min 118 bpm,[],"{""activityName"":""Walk"",""averageHeartRate"":118,""kcal"":480,""duration"":2460000,""steps"":4511}",movement-data.csv:000319
movement-data.csv:000320,run up219.15m 144bpm 1h17m45s 11.08ksteps 1142kcal km9.6,[],"{""activityName"":""Run"",""averageHeartRate"":144,""kcal"":1142,""distance"":9.6,""distanceUnit"":""km"",""duration"":4665000,""elevationGain"":219.15,""pace"":485.94,""speed"":7.41,""steps"":11080}",movement-data.csv:000320
movement-data.csv:000321,walk up100.58m steps4094 41.8min b95 371kcal,[],"{""activityName"":""Walk"",""averageHeartRate"":95,""kcal"":371,""duration"":2508000,""elevationGain"":100.58,""steps"":4094}",movement-data.csv:000321
movement-data.csv:000322,walk 67.4min 94hr steps6.89k,[],"{""activityName"":""Walk"",""averageHeartRate"":94,""duration"":4044000,""steps"":6890}",movement-data.csv:000322
movement-data.csv:000323,walk +161.54m 966kcal 107b 95min 10239 steps,[],"{""activityName"":""Walk"",""averageHeartRate"":107,""kcal"":966,""duration"":5700000,""elevationGain"":161.54,""steps"":10239}",movement-data.csv:000323
movement-data.csv:000324,walk 17min 4sec 1636steps 179kcal hr110 up33.53m,[],"{""activityName"":""Walk"",""averageHeartRate"":110,""kcal"":179,""duration"":1024000,""elevationGain"":33.53,""steps"":1636}",movement-data.csv:000324
movement-data.csv:000325,bike 3.96m gain sec1889 kcal372 125b,[],"{""activityName"":""Bike"",""averageHeartRate"":125,""kcal"":372,""duration"":1889000,""elevationGain"":3.96}",movement-data.csv:000325
movement-data.csv:000326,walk kcal210 21.3 1921 steps,[],"{""activityName"":""Walk"",""kcal"":210,""duration"":1278000,""steps"":1921}",movement-data.csv:000326
movement-data.csv:000327,sport 393kcal bpm102 41m48s,[],"{""activityName"":""Sport"",""averageHeartRate"":102,""kcal"":393,""duration"":2508000}",movement-data.csv:000327
movement-data.csv:000328,walk 32.4 247kcal 2781 steps 92hr elev21.34m,[],"{""activityName"":""Walk"",""averageHeartRate"":92,""kcal"":247,""duration"":1944000,""elevationGain"":21.34,""steps"":2781}",movement-data.csv:000328
movement-data.csv:000329,walk 15m21s 101bpm kcal144 elev54.86m,[],"{""activityName"":""Walk"",""averageHeartRate"":101,""kcal"":144,""duration"":921000,""elevationGain"":54.86}",movement-data.csv:000329
movement-data.csv:000330,walk 30.48m gain sec921 134kcal,[],"{""activityName"":""Walk"",""kcal"":134,""duration"":921000,""elevationGain"":30.48}",movement-data.csv:000330
movement-data.csv:000331,walk 17min 4sec kcal165 +30.48m,[],"{""activityName"":""Walk"",""kcal"":165,""duration"":1024000,""elevationGain"":30.48}",movement-data.csv:000331
movement-data.csv:000332,sport 3.2ksteps kcal312 36m42s,[],"{""activityName"":""Sport"",""kcal"":312,""duration"":2202000,""steps"":3200}",movement-data.csv:000332
movement-data.csv:000333,walk 97 bpm 51.2 407kcal 3.91k steps,[],"{""activityName"":""Walk"",""averageHeartRate"":97,""kcal"":407,""duration"":3072000,""steps"":3910}",movement-data.csv:000333
movement-data.csv:000334,run 77.7 m7560,[],"{""activityName"":""Run"",""distance"":7.56,""distanceUnit"":""km"",""duration"":4662000,""pace"":616.67,""speed"":5.84}",movement-data.csv:000334
movement-data.csv:000335,walk gain27.43m b83 162kcal 24.8min,[],"{""activityName"":""Walk"",""averageHeartRate"":83,""kcal"":162,""duration"":1488000,""elevationGain"":27.43}",movement-data.csv:000335
movement-data.csv:000336,walk 34m59s 86 bpm,[],"{""activityName"":""Walk"",""averageHeartRate"":86,""duration"":2099000}",movement-data.csv:000336
movement-data.csv:000337,walk 231kcal sec1587 2.41ksteps,[],"{""activityName"":""Walk"",""kcal"":231,""duration"":1587000,""steps"":2410}",movement-data.csv:000337
movement-data.csv:000338,bike 859kcal elev68.28m 1h 9min 43sec,[],"{""activityName"":""Bike"",""kcal"":859,""duration"":4183000,""elevationGain"":68.28}",movement-data.csv:000338
movement-data.csv:000339,walk 19m38s avg96,[],"{""activityName"":""Walk"",""averageHeartRate"":96,""duration"":1178000}",movement-data.csv:000339
movement-data.csv:000340,walk bpm88 17.1min 125kcal steps1301 24.38m gain,[],"{""activityName"":""Walk"",""averageHeartRate"":88,""kcal"":125,""duration"":1026000,""elevationGain"":24.38,""steps"":1301}",movement-data.csv:000340
movement-data.csv:000341,walk 17 min kcal184,[],"{""activityName"":""Walk"",""kcal"":184,""duration"":1020000}",movement-data.csv:000341
movement-data.csv:000342,walk 1820 steps sec1126,[],"{""activityName"":""Walk"",""duration"":1126000,""steps"":1820}",movement-data.csv:000342
movement-data.csv:000343,sport steps2.63k kcal292 106bpm 30 min,[],"{""activityName"":""Sport"",""averageHeartRate"":106,""kcal"":292,""duration"":1800000,""steps"":2630}",movement-data.csv:000343
movement-data.csv:000344,walk 25min 36sec avg92 steps2.41k 212kcal,[],"{""activityName"":""Walk"",""averageHeartRate"":92,""kcal"":212,""duration"":1536000,""steps"":2410}",movement-data.csv:000344
movement-data.csv:000345,run 144 bpm 86.6min 11.26km,[],"{""activityName"":""Run"",""averageHeartRate"":144,""distance"":11.26,""distanceUnit"":""km"",""duration"":5196000,""pace"":461.46,""speed"":7.8}",movement-data.csv:000345
movement-data.csv:000346,walk kcal153 1.83ksteps 78hr 19.6min 30.48m gain,[],"{""activityName"":""Walk"",""averageHeartRate"":78,""kcal"":153,""duration"":1176000,""elevationGain"":30.48,""steps"":1830}",movement-data.csv:000346
movement-data.csv:000347,walk steps4.92k 52min 54sec,[],"{""activityName"":""Walk"",""duration"":3174000,""steps"":4920}",movement-data.csv:000347
movement-data.csv:000348,walk elev100.58m step4955 sec3021 96b 443kcal,[],"{""activityName"":""Walk"",""averageHeartRate"":96,""kcal"":443,""duration"":3021000,""elevationGain"":100.58,""steps"":4955}",movement-data.csv:000348
movement-data.csv:000349,walk 28m10s 81 bpm 2.01k steps,[],"{""activityName"":""Walk"",""averageHeartRate"":81,""duration"":1690000,""steps"":2010}",movement-data.csv:000349
movement-data.csv:000350,walk 1h44m58s step10973,[],"{""activityName"":""Walk"",""duration"":6298000,""steps"":10973}",movement-data.csv:000350
movement-data.csv:000351,walk 109 bpm 973s +33.53m 1.52k steps kcal183,[],"{""activityName"":""Walk"",""averageHeartRate"":109,""kcal"":183,""duration"":973000,""elevationGain"":33.53,""steps"":1520}",movement-data.csv:000351
movement-data.csv:000352,walk up104.55m 55min 28sec kcal569 bpm107,[],"{""activityName"":""Walk"",""averageHeartRate"":107,""kcal"":569,""duration"":3328000,""elevationGain"":104.55}",movement-data.csv:000352
movement-data.csv:000353,walk 198kcal 112 bpm 1127sec,[],"{""activityName"":""Walk"",""averageHeartRate"":112,""kcal"":198,""duration"":1127000}",movement-data.csv:000353
movement-data.csv:000354,walk up161.54m steps6.88k 1h 7min 25sec,[],"{""activityName"":""Walk"",""duration"":4045000,""elevationGain"":161.54,""steps"":6880}",movement-data.csv:000354
movement-data.csv:000355,sport 22m12s 180kcal 63bpm steps1.87k,[],"{""activityName"":""Sport"",""averageHeartRate"":63,""kcal"":180,""duration"":1332000,""steps"":1870}",movement-data.csv:000355
movement-data.csv:000356,sport 20.5min 101b kcal173,[],"{""activityName"":""Sport"",""averageHeartRate"":101,""kcal"":173,""duration"":1230000}",movement-data.csv:000356
movement-data.csv:000357,sport bpm97 sec1741 251kcal steps2758,[],"{""activityName"":""Sport"",""averageHeartRate"":97,""kcal"":251,""duration"":1741000,""steps"":2758}",movement-data.csv:000357
movement-data.csv:000358,aerobic workout 78b 19min 37sec,[],"{""activityName"":""Aerobic Workout"",""averageHeartRate"":78,""duration"":1177000}",movement-data.csv:000358
movement-data.csv:000359,walk 551kcal sec3737 up103.63m,[],"{""activityName"":""Walk"",""kcal"":551,""duration"":3737000,""elevationGain"":103.63}",movement-data.csv:000359
movement-data.csv:000360,sport 1h 3min 8sec 83 bpm,[],"{""activityName"":""Sport"",""averageHeartRate"":83,""duration"":3788000}",movement-data.csv:000360
movement-data.csv:000361,walk up85.34m 100bpm 5183 steps 540kcal 58.9min,[],"{""activityName"":""Walk"",""averageHeartRate"":100,""kcal"":540,""duration"":3534000,""elevationGain"":85.34,""steps"":5183}",movement-data.csv:000361
movement-data.csv:000362,sport 1h 33min 1sec 97hr step7509 776kcal,[],"{""activityName"":""Sport"",""averageHeartRate"":97,""kcal"":776,""duration"":5581000,""steps"":7509}",movement-data.csv:000362
movement-data.csv:000363,run sec2611 bpm147,[],"{""activityName"":""Run"",""averageHeartRate"":147,""duration"":2611000}",movement-data.csv:000363
movement-data.csv:000364,sport 51.2 106hr step4888 502kcal,[],"{""activityName"":""Sport"",""averageHeartRate"":106,""kcal"":502,""duration"":3072000,""steps"":4888}",movement-data.csv:000364
movement-data.csv:000365,run 136bpm +158.5m kcal924 64.8min,[],"{""activityName"":""Run"",""averageHeartRate"":136,""kcal"":924,""duration"":3888000,""elevationGain"":158.5}",movement-data.csv:000365
movement-data.csv:000366,aerobic workout 16.2min b80,[],"{""activityName"":""Aerobic Workout"",""averageHeartRate"":80,""duration"":972000}",movement-data.csv:000366
movement-data.csv:000367,walk kcal157 15m21s,[],"{""activityName"":""Walk"",""kcal"":157,""duration"":921000}",movement-data.csv:000367
movement-data.csv:000368,walk 44.4min +82.3m kcal399 steps4211 avg100,[],"{""activityName"":""Walk"",""averageHeartRate"":100,""kcal"":399,""duration"":2664000,""elevationGain"":82.3,""steps"":4211}",movement-data.csv:000368
movement-data.csv:000369,walk 163kcal 36.58m gain 19 min 1.78k steps 96b,[],"{""activityName"":""Walk"",""averageHeartRate"":96,""kcal"":163,""duration"":1140000,""elevationGain"":36.58,""steps"":1780}",movement-data.csv:000369
movement-data.csv:000370,walk elev79.25m 99hr 3942sec kcal567,[],"{""activityName"":""Walk"",""averageHeartRate"":99,""kcal"":567,""duration"":3942000,""elevationGain"":79.25}",movement-data.csv:000370
movement-data.csv:000371,walk 2644 steps kcal278 98hr 34 min,[],"{""activityName"":""Walk"",""averageHeartRate"":98,""kcal"":278,""duration"":2040000,""steps"":2644}",movement-data.csv:000371
movement-data.csv:000372,walk avg100 91.44m gain 55min 28sec 497kcal,[],"{""activityName"":""Walk"",""averageHeartRate"":100,""kcal"":497,""duration"":3328000,""elevationGain"":91.44}",movement-data.csv:000372
movement-data.csv:000373,walk hr98 steps3276 33.3min,[],"{""activityName"":""Walk"",""averageHeartRate"":98,""duration"":1998000,""steps"":3276}",movement-data.csv:000373
movement-data.csv:000374,walk 110b 30 min 3.08ksteps kcal307,[],"{""activityName"":""Walk"",""averageHeartRate"":110,""kcal"":307,""duration"":1800000,""steps"":3080}",movement-data.csv:000374
movement-data.csv:000375,walk steps2845 252kcal hr94 31.6 up51.82m,[],"{""activityName"":""Walk"",""averageHeartRate"":94,""kcal"":252,""duration"":1896000,""elevationGain"":51.82,""steps"":2845}",movement-data.csv:000375
movement-data.csv:000376,run 109bpm 19m38s 210kcal 2352 steps,[],"{""activityName"":""Run"",""averageHeartRate"":109,""kcal"":210,""duration"":1178000,""steps"":2352}",movement-data.csv:000376
movement-data.csv:000377,walk 242kcal bpm107 22 min,[],"{""activityName"":""Walk"",""averageHeartRate"":107,""kcal"":242,""duration"":1320000}",movement-data.csv:000377
movement-data.csv:000378,run 116 bpm 2611sec elev67.06m 5.39ksteps kcal489,[],"{""activityName"":""Run"",""averageHeartRate"":116,""kcal"":489,""duration"":2611000,""elevationGain"":67.06,""steps"":5390}",movement-data.csv:000378
movement-data.csv:000379,walk 1228s b96,[],"{""activityName"":""Walk"",""averageHeartRate"":96,""duration"":1228000}",movement-data.csv:000379
movement-data.csv:000380,walk elev30.48m hr103 1751 steps 17min 55sec kcal170,[],"{""activityName"":""Walk"",""averageHeartRate"":103,""kcal"":170,""duration"":1075000,""elevationGain"":30.48,""steps"":1751}",movement-data.csv:000380
movement-data.csv:000381,sport bpm94 steps1.57k 1126s 154kcal,[],"{""activityName"":""Sport"",""averageHeartRate"":94,""kcal"":154,""duration"":1126000,""steps"":1570}",movement-data.csv:000381
movement-data.csv:000382,walk sec3738 85.34m gain 95bpm steps6114 534kcal,[],"{""activityName"":""Walk"",""averageHeartRate"":95,""kcal"":534,""duration"":3738000,""elevationGain"":85.34,""steps"":6114}",movement-data.csv:000382
movement-data.csv:000383,run up20.68m 239kcal 17.1 141hr 2.15k steps,[],"{""activityName"":""Run"",""averageHeartRate"":141,""kcal"":239,""duration"":1026000,""elevationGain"":20.68,""steps"":2150}",movement-data.csv:000383
movement-data.csv:000384,walk 17.1 kcal162 98bpm 1513 steps,[],"{""activityName"":""Walk"",""averageHeartRate"":98,""kcal"":162,""duration"":1026000,""steps"":1513}",movement-data.csv:000384
movement-data.csv:000385,walk 301kcal 31.6min hr99,[],"{""activityName"":""Walk"",""averageHeartRate"":99,""kcal"":301,""duration"":1896000}",movement-data.csv:000385
movement-data.csv:000386,walk kcal333 3.73ksteps min44,[],"{""activityName"":""Walk"",""kcal"":333,""duration"":2640000,""steps"":3730}",movement-data.csv:000386
movement-data.csv:000387,walk kcal782 88.39m gain bpm102 1h 24min 29sec,[],"{""activityName"":""Walk"",""averageHeartRate"":102,""kcal"":782,""duration"":5069000,""elevationGain"":88.39}",movement-data.csv:000387
movement-data.csv:000388,walk up33.53m 1075s 1658 steps 150kcal bpm98,[],"{""activityName"":""Walk"",""averageHeartRate"":98,""kcal"":150,""duration"":1075000,""elevationGain"":33.53,""steps"":1658}",movement-data.csv:000388
movement-data.csv:000389,walk 93bpm 1h 8min 16sec 559kcal gain85.34m,[],"{""activityName"":""Walk"",""averageHeartRate"":93,""kcal"":559,""duration"":4096000,""elevationGain"":85.34}",movement-data.csv:000389
movement-data.csv:000390,walk 17.1min 96hr kcal156 1652steps 33.53m gain,[],"{""activityName"":""Walk"",""averageHeartRate"":96,""kcal"":156,""duration"":1026000,""elevationGain"":33.53,""steps"":1652}",movement-data.csv:000390
movement-data.csv:000391,walk kcal487 avg101 step5337 gain88.39m 54.6,[],"{""activityName"":""Walk"",""averageHeartRate"":101,""kcal"":487,""duration"":3276000,""elevationGain"":88.39,""steps"":5337}",movement-data.csv:000391
movement-data.csv:000392,walk steps4.95k 452kcal b96 gain79.25m sec3123,[],"{""activityName"":""Walk"",""averageHeartRate"":96,""kcal"":452,""duration"":3123000,""elevationGain"":79.25,""steps"":4950}",movement-data.csv:000392
movement-data.csv:000393,aerobic workout steps9.96k 1320kcal sec6298 b133,[],"{""activityName"":""Aerobic Workout"",""averageHeartRate"":133,""kcal"":1320,""duration"":6298000,""steps"":9960}",movement-data.csv:000393
movement-data.csv:000394,walk 845kcal 1h 27min 2sec hr103 steps8.44k +164.59m,[],"{""activityName"":""Walk"",""averageHeartRate"":103,""kcal"":845,""duration"":5222000,""elevationGain"":164.59,""steps"":8440}",movement-data.csv:000394
movement-data.csv:000395,walk 104 bpm 17min 4sec kcal169,[],"{""activityName"":""Walk"",""averageHeartRate"":104,""kcal"":169,""duration"":1024000}",movement-data.csv:000395
movement-data.csv:000396,walk 49.5min 5.09k steps 536kcal 114hr,[],"{""activityName"":""Walk"",""averageHeartRate"":114,""kcal"":536,""duration"":2970000,""steps"":5090}",movement-data.csv:000396
movement-data.csv:000397,walk 46.1min 478kcal,[],"{""activityName"":""Walk"",""kcal"":478,""duration"":2766000}",movement-data.csv:000397
movement-data.csv:000398,walk 52.9 430kcal 5ksteps,[],"{""activityName"":""Walk"",""kcal"":430,""duration"":3174000,""steps"":5000}",movement-data.csv:000398
movement-data.csv:000399,walk elev128.02m kcal537 3686s 5.81k steps,[],"{""activityName"":""Walk"",""kcal"":537,""duration"":3686000,""elevationGain"":128.02,""steps"":5810}",movement-data.csv:000399
movement-data.csv:000400,swim km0.83 25m pool 23.9 kcal187,[],"{""activityName"":""Swim"",""kcal"":187,""distance"":0.83,""distanceUnit"":""km"",""duration"":1434000,""pace"":1727.71,""poolLength"":25,""poolLengthUnit"":""m"",""speed"":2.08}",movement-data.csv:000400
movement-data.csv:000401,sport 520kcal 1h 5min 43sec,[],"{""activityName"":""Sport"",""kcal"":520,""duration"":3943000}",movement-data.csv:000401
movement-data.csv:000402,walk 160kcal elev21.34m 1.45k steps 98hr 21.3min,[],"{""activityName"":""Walk"",""averageHeartRate"":98,""kcal"":160,""duration"":1278000,""elevationGain"":21.34,""steps"":1450}",movement-data.csv:000402
movement-data.csv:000403,walk 565kcal 6086 steps 54.6 hr112,[],"{""activityName"":""Walk"",""averageHeartRate"":112,""kcal"":565,""duration"":3276000,""steps"":6086}",movement-data.csv:000403
movement-data.csv:000404,run kcal613 elev115.82m steps6.64k 52,[],"{""activityName"":""Run"",""kcal"":613,""duration"":3120000,""elevationGain"":115.82,""steps"":6640}",movement-data.csv:000404
movement-data.csv:000405,sport 415kcal 49m29s step4460 100 bpm,[],"{""activityName"":""Sport"",""averageHeartRate"":100,""kcal"":415,""duration"":2969000,""steps"":4460}",movement-data.csv:000405
movement-data.csv:000406,walk 25.6 92hr 2.06k steps kcal188 gain30.48m,[],"{""activityName"":""Walk"",""averageHeartRate"":92,""kcal"":188,""duration"":1536000,""elevationGain"":30.48,""steps"":2060}",movement-data.csv:000406
movement-data.csv:000407,run 6334 steps 681kcal +185.93m 44m22s,[],"{""activityName"":""Run"",""kcal"":681,""duration"":2662000,""elevationGain"":185.93,""steps"":6334}",movement-data.csv:000407
movement-data.csv:000408,walk steps2576 min30 kcal297,[],"{""activityName"":""Walk"",""kcal"":297,""duration"":1800000,""steps"":2576}",movement-data.csv:000408
movement-data.csv:000409,run 1h 23min 47sec 1196kcal,[],"{""activityName"":""Run"",""kcal"":1196,""duration"":5027000}",movement-data.csv:000409
movement-data.csv:000410,walk gain185.93m steps8152 6092sec bpm95,[],"{""activityName"":""Walk"",""averageHeartRate"":95,""duration"":6092000,""elevationGain"":185.93,""steps"":8152}",movement-data.csv:000410
movement-data.csv:000411,walk steps2.05k avg93 sec1280 kcal177,[],"{""activityName"":""Walk"",""averageHeartRate"":93,""kcal"":177,""duration"":1280000,""steps"":2050}",movement-data.csv:000411
movement-data.csv:000412,walk 246kcal 99 bpm min27 2.35ksteps 60.96m gain,[],"{""activityName"":""Walk"",""averageHeartRate"":99,""kcal"":246,""duration"":1620000,""elevationGain"":60.96,""steps"":2350}",movement-data.csv:000412
movement-data.csv:000413,sport 1h 24min 28sec 760kcal,[],"{""activityName"":""Sport"",""kcal"":760,""duration"":5068000}",movement-data.csv:000413
movement-data.csv:000414,walk 12343 steps 1149kcal 1h 56min 55sec 155.45m gain hr104,[],"{""activityName"":""Walk"",""averageHeartRate"":104,""kcal"":1149,""duration"":7015000,""elevationGain"":155.45,""steps"":12343}",movement-data.csv:000414
movement-data.csv:000415,walk 98kcal 1038steps 15.3 avg81,[],"{""activityName"":""Walk"",""averageHeartRate"":81,""kcal"":98,""duration"":918000,""steps"":1038}",movement-data.csv:000415
movement-data.csv:000416,walk b88 1h 5min 42sec,[],"{""activityName"":""Walk"",""averageHeartRate"":88,""duration"":3942000}",movement-data.csv:000416
movement-data.csv:000417,run bpm136 4644s kcal1055,[],"{""activityName"":""Run"",""averageHeartRate"":136,""kcal"":1055,""duration"":4644000}",movement-data.csv:000417
movement-data.csv:000418,walk 59.7min b100 up121.92m kcal586,[],"{""activityName"":""Walk"",""averageHeartRate"":100,""kcal"":586,""duration"":3582000,""elevationGain"":121.92}",movement-data.csv:000418
movement-data.csv:000419,cross country skiing 122hr km8.68 1h 59min 41sec,[],"{""activityName"":""Cross Country Skiing"",""averageHeartRate"":122,""distance"":8.68,""distanceUnit"":""km"",""duration"":7181000,""pace"":827.3,""speed"":4.35}",movement-data.csv:000419
movement-data.csv:000420,walk 1h17m39s 726kcal,[],"{""activityName"":""Walk"",""kcal"":726,""duration"":4659000}",movement-data.csv:000420
movement-data.csv:000421,walk 156kcal 16min 13sec,[],"{""activityName"":""Walk"",""kcal"":156,""duration"":973000}",movement-data.csv:000421
movement-data.csv:000422,walk 96 bpm 96 min,[],"{""activityName"":""Walk"",""averageHeartRate"":96,""duration"":5760000}",movement-data.csv:000422
movement-data.csv:000423,sport 105hr 58min kcal540,[],"{""activityName"":""Sport"",""averageHeartRate"":105,""kcal"":540,""duration"":3480000}",movement-data.csv:000423
movement-data.csv:000424,walk min26 bpm97 kcal201 step1924 gain3.05m,[],"{""activityName"":""Walk"",""averageHeartRate"":97,""kcal"":201,""duration"":1560000,""elevationGain"":3.05,""steps"":1924}",movement-data.csv:000424
movement-data.csv:000425,sport step2001 24m44s 102hr,[],"{""activityName"":""Sport"",""averageHeartRate"":102,""duration"":1484000,""steps"":2001}",movement-data.csv:000425
movement-data.csv:000426,sport sec2150 3.19ksteps 104bpm 336kcal,[],"{""activityName"":""Sport"",""averageHeartRate"":104,""kcal"":336,""duration"":2150000,""steps"":3190}",movement-data.csv:000426
movement-data.csv:000427,walk step2426 27.3 bpm102 241kcal,[],"{""activityName"":""Walk"",""averageHeartRate"":102,""kcal"":241,""duration"":1638000,""steps"":2426}",movement-data.csv:000427
movement-data.csv:000428,sport 289kcal 100hr step2738 32min 25sec,[],"{""activityName"":""Sport"",""averageHeartRate"":100,""kcal"":289,""duration"":1945000,""steps"":2738}",movement-data.csv:000428
movement-data.csv:000429,sport 71min step6357 kcal665 103 bpm,[],"{""activityName"":""Sport"",""averageHeartRate"":103,""kcal"":665,""duration"":4260000,""steps"":6357}",movement-data.csv:000429
movement-data.csv:000430,sport hr98 1456 steps 23.9min,[],"{""activityName"":""Sport"",""averageHeartRate"":98,""duration"":1434000,""steps"":1456}",movement-data.csv:000430
movement-data.csv:000431,sport 23.9 kcal205 steps1784,[],"{""activityName"":""Sport"",""kcal"":205,""duration"":1434000,""steps"":1784}",movement-data.csv:000431
movement-data.csv:000432,walk min28 276kcal bpm107,[],"{""activityName"":""Walk"",""averageHeartRate"":107,""kcal"":276,""duration"":1680000}",movement-data.csv:000432
movement-data.csv:000433,walk step6655 3789s kcal569,[],"{""activityName"":""Walk"",""kcal"":569,""duration"":3789000,""steps"":6655}",movement-data.csv:000433
movement-data.csv:000434,run 67 min elev176.02m,[],"{""activityName"":""Run"",""duration"":4020000,""elevationGain"":176.02}",movement-data.csv:000434
movement-data.csv:000435,walk 101bpm 18.8min kcal178,[],"{""activityName"":""Walk"",""averageHeartRate"":101,""kcal"":178,""duration"":1128000}",movement-data.csv:000435
movement-data.csv:000436,walk 73 bpm kcal198 25min 36sec elev9.14m,[],"{""activityName"":""Walk"",""averageHeartRate"":73,""kcal"":198,""duration"":1536000,""elevationGain"":9.14}",movement-data.csv:000436
movement-data.csv:000437,walk 3314steps up33.53m 36.7,[],"{""activityName"":""Walk"",""duration"":2202000,""elevationGain"":33.53,""steps"":3314}",movement-data.csv:000437
movement-data.csv:000438,walk 108 bpm 1h23m37s 905kcal,[],"{""activityName"":""Walk"",""averageHeartRate"":108,""kcal"":905,""duration"":5017000}",movement-data.csv:000438
movement-data.csv:000439,walk 18min 113b 39.62m gain,[],"{""activityName"":""Walk"",""averageHeartRate"":113,""duration"":1080000,""elevationGain"":39.62}",movement-data.csv:000439
movement-data.csv:000440,walk 3756 steps 40min 6sec,[],"{""activityName"":""Walk"",""duration"":2406000,""steps"":3756}",movement-data.csv:000440
movement-data.csv:000441,outdoor bike 20.9min kcal187 b96 up3.05m,[],"{""activityName"":""Outdoor Bike"",""averageHeartRate"":96,""kcal"":187,""duration"":1254000,""elevationGain"":3.05}",movement-data.csv:000441
movement-data.csv:000442,walk elev87.27m hr99 sec4198,[],"{""activityName"":""Walk"",""averageHeartRate"":99,""duration"":4198000,""elevationGain"":87.27}",movement-data.csv:000442
movement-data.csv:000443,walk hr99 12.19m gain 46min 5sec 421kcal,[],"{""activityName"":""Walk"",""averageHeartRate"":99,""kcal"":421,""duration"":2765000,""elevationGain"":12.19}",movement-data.csv:000443
movement-data.csv:000444,walk gain9.14m 46.1 step3338 101 bpm 371kcal,[],"{""activityName"":""Walk"",""averageHeartRate"":101,""kcal"":371,""duration"":2766000,""elevationGain"":9.14,""steps"":3338}",movement-data.csv:000444
movement-data.csv:000445,walk 29m52s 2.51k steps kcal256,[],"{""activityName"":""Walk"",""kcal"":256,""duration"":1792000,""steps"":2510}",movement-data.csv:000445
movement-data.csv:000446,sport 2.37ksteps 1997sec kcal244 91hr,[],"{""activityName"":""Sport"",""averageHeartRate"":91,""kcal"":244,""duration"":1997000,""steps"":2370}",movement-data.csv:000446
movement-data.csv:000447,walk bpm98 sec922 kcal121,[],"{""activityName"":""Walk"",""averageHeartRate"":98,""kcal"":121,""duration"":922000}",movement-data.csv:000447
movement-data.csv:000448,walk elev103.63m 4.58k steps kcal453 hr94 57.2min,[],"{""activityName"":""Walk"",""averageHeartRate"":94,""kcal"":453,""duration"":3432000,""elevationGain"":103.63,""steps"":4580}",movement-data.csv:000448
movement-data.csv:000449,walk 1536s 97b kcal219 2208 steps,[],"{""activityName"":""Walk"",""averageHeartRate"":97,""kcal"":219,""duration"":1536000,""steps"":2208}",movement-data.csv:000449
movement-data.csv:000450,walk 1h4m51s step6454,[],"{""activityName"":""Walk"",""duration"":3891000,""steps"":6454}",movement-data.csv:000450
movement-data.csv:000451,walk +51.82m 95 bpm 1h 11min 41sec,[],"{""activityName"":""Walk"",""averageHeartRate"":95,""duration"":4301000,""elevationGain"":51.82}",movement-data.csv:000451
movement-data.csv:000452,walk b106 +76.2m kcal475 4654steps 48m38s,[],"{""activityName"":""Walk"",""averageHeartRate"":106,""kcal"":475,""duration"":2918000,""elevationGain"":76.2,""steps"":4654}",movement-data.csv:000452
movement-data.csv:000453,run 6.89 mi 10.81ksteps 128 bpm 1h 53min 45sec,[],"{""activityName"":""Run"",""averageHeartRate"":128,""distance"":11.09,""distanceUnit"":""km"",""duration"":6825000,""pace"":615.51,""speed"":5.85,""steps"":10810}",movement-data.csv:000453
movement-data.csv:000454,walk 37 min step2972 kcal318 97hr,[],"{""activityName"":""Walk"",""averageHeartRate"":97,""kcal"":318,""duration"":2220000,""steps"":2972}",movement-data.csv:000454
movement-data.csv:000455,walk 6.34k steps 1h2m17s 106hr,[],"{""activityName"":""Walk"",""averageHeartRate"":106,""duration"":3737000,""steps"":6340}",movement-data.csv:000455
movement-data.csv:000456,run 1332sec 2344 steps,[],"{""activityName"":""Run"",""duration"":1332000,""steps"":2344}",movement-data.csv:000456
movement-data.csv:000457,walk 116b 21.3min kcal249,[],"{""activityName"":""Walk"",""averageHeartRate"":116,""kcal"":249,""duration"":1278000}",movement-data.csv:000457
movement-data.csv:000458,walk 105 bpm kcal821 85.3min,[],"{""activityName"":""Walk"",""averageHeartRate"":105,""kcal"":821,""duration"":5118000}",movement-data.csv:000458
movement-data.csv:000459,walk 1h4m17s kcal567,[],"{""activityName"":""Walk"",""kcal"":567,""duration"":3857000}",movement-data.csv:000459
movement-data.csv:000460,run 7099 steps kcal707 bpm139 48m38s up137.16m,[],"{""activityName"":""Run"",""averageHeartRate"":139,""kcal"":707,""duration"":2918000,""elevationGain"":137.16,""steps"":7099}",movement-data.csv:000460
movement-data.csv:000461,aerobic workout kcal374 3.35ksteps sec1639,[],"{""activityName"":""Aerobic Workout"",""kcal"":374,""duration"":1639000,""steps"":3350}",movement-data.csv:000461
movement-data.csv:000462,walk 33 min steps3383,[],"{""activityName"":""Walk"",""duration"":1980000,""steps"":3383}",movement-data.csv:000462
movement-data.csv:000463,run 2.24ksteps 18.8min kcal218 119 bpm,[],"{""activityName"":""Run"",""averageHeartRate"":119,""kcal"":218,""duration"":1128000,""steps"":2240}",movement-data.csv:000463
movement-data.csv:000464,walk 20min kcal195,[],"{""activityName"":""Walk"",""kcal"":195,""duration"":1200000}",movement-data.csv:000464
movement-data.csv:000465,walk 2408steps 229kcal 28.1min,[],"{""activityName"":""Walk"",""kcal"":229,""duration"":1686000,""steps"":2408}",movement-data.csv:000465
movement-data.csv:000466,walk 958kcal b108 9911steps 1h 39min +94.49m,[],"{""activityName"":""Walk"",""averageHeartRate"":108,""kcal"":958,""duration"":5940000,""elevationGain"":94.49,""steps"":9911}",movement-data.csv:000466
movement-data.csv:000467,walk 17min 4sec kcal165,[],"{""activityName"":""Walk"",""kcal"":165,""duration"":1024000}",movement-data.csv:000467
movement-data.csv:000468,sport 18.8min b96,[],"{""activityName"":""Sport"",""averageHeartRate"":96,""duration"":1128000}",movement-data.csv:000468
movement-data.csv:000469,walk 97.54m gain 1h50m56s,[],"{""activityName"":""Walk"",""duration"":6656000,""elevationGain"":97.54}",movement-data.csv:000469
movement-data.csv:000470,outdoor bike 58m59s 498kcal b96,[],"{""activityName"":""Outdoor Bike"",""averageHeartRate"":96,""kcal"":498,""duration"":3539000}",movement-data.csv:000470
movement-data.csv:000471,sport kcal241 2408 steps 27.3min bpm100,[],"{""activityName"":""Sport"",""averageHeartRate"":100,""kcal"":241,""duration"":1638000,""steps"":2408}",movement-data.csv:000471
movement-data.csv:000472,outdoor bike elev3.05m 15min b93 kcal122,[],"{""activityName"":""Outdoor Bike"",""averageHeartRate"":93,""kcal"":122,""duration"":900000,""elevationGain"":3.05}",movement-data.csv:000472
movement-data.csv:000473,walk up30.48m 2355s steps3.17k,[],"{""activityName"":""Walk"",""duration"":2355000,""elevationGain"":30.48,""steps"":3170}",movement-data.csv:000473
movement-data.csv:000474,walk 32min 26sec 103bpm,[],"{""activityName"":""Walk"",""averageHeartRate"":103,""duration"":1946000}",movement-data.csv:000474
movement-data.csv:000475,walk 118bpm 15.4 144kcal 1429 steps,[],"{""activityName"":""Walk"",""averageHeartRate"":118,""kcal"":144,""duration"":924000,""steps"":1429}",movement-data.csv:000475
movement-data.csv:000476,walk 306kcal 36min 42sec b106 steps3.28k,[],"{""activityName"":""Walk"",""averageHeartRate"":106,""kcal"":306,""duration"":2202000,""steps"":3280}",movement-data.csv:000476
movement-data.csv:000477,walk elev6.1m 264kcal step3105 33.3min,[],"{""activityName"":""Walk"",""kcal"":264,""duration"":1998000,""elevationGain"":6.1,""steps"":3105}",movement-data.csv:000477
movement-data.csv:000478,walk 17m55s step1009,[],"{""activityName"":""Walk"",""duration"":1075000,""steps"":1009}",movement-data.csv:000478
movement-data.csv:000479,walk avg102 30min 43sec 219kcal steps1.73k,[],"{""activityName"":""Walk"",""averageHeartRate"":102,""kcal"":219,""duration"":1843000,""steps"":1730}",movement-data.csv:000479
movement-data.csv:000480,treadmill 1.55k hr126 16m15s,[],"{""activityName"":""Treadmill"",""averageHeartRate"":126,""distance"":1.55,""distanceUnit"":""km"",""duration"":975000,""pace"":629.03,""speed"":5.72}",movement-data.csv:000480
movement-data.csv:000481,treadmill 32min 29sec 4020m 4024 steps hr167,[],"{""activityName"":""Treadmill"",""averageHeartRate"":167,""distance"":4.02,""distanceUnit"":""km"",""duration"":1949000,""pace"":484.83,""speed"":7.43,""steps"":4024}",movement-data.csv:000481
movement-data.csv:000482,walk elev3.05m sec1434 192kcal steps1862,[],"{""activityName"":""Walk"",""kcal"":192,""duration"":1434000,""elevationGain"":3.05,""steps"":1862}",movement-data.csv:000482
movement-data.csv:000483,walk 22min 11sec elev6.1m 100hr,[],"{""activityName"":""Walk"",""averageHeartRate"":100,""duration"":1331000,""elevationGain"":6.1}",movement-data.csv:000483
movement-data.csv:000484,walk 35min gain21.34m kcal313,[],"{""activityName"":""Walk"",""kcal"":313,""duration"":2100000,""elevationGain"":21.34}",movement-data.csv:000484
movement-data.csv:000485,walk 2.21ksteps bpm111 21.3 193kcal +15.24m,[],"{""activityName"":""Walk"",""averageHeartRate"":111,""kcal"":193,""duration"":1278000,""elevationGain"":15.24,""steps"":2210}",movement-data.csv:000485
movement-data.csv:000486,walk 232kcal steps2.66k 29m1s 101bpm,[],"{""activityName"":""Walk"",""averageHeartRate"":101,""kcal"":232,""duration"":1741000,""steps"":2660}",movement-data.csv:000486
movement-data.csv:000487,walk kcal284 b96 41 min,[],"{""activityName"":""Walk"",""averageHeartRate"":96,""kcal"":284,""duration"":2460000}",movement-data.csv:000487
movement-data.csv:000488,walk 3042 steps kcal319 32m25s 48.77m gain bpm118,[],"{""activityName"":""Walk"",""averageHeartRate"":118,""kcal"":319,""duration"":1945000,""elevationGain"":48.77,""steps"":3042}",movement-data.csv:000488
movement-data.csv:000489,walk b114 kcal264 26.4min steps2570,[],"{""activityName"":""Walk"",""averageHeartRate"":114,""kcal"":264,""duration"":1584000,""steps"":2570}",movement-data.csv:000489
movement-data.csv:000490,walk avg111 1331s elev9.14m kcal195 2201steps,[],"{""activityName"":""Walk"",""averageHeartRate"":111,""kcal"":195,""duration"":1331000,""elevationGain"":9.14,""steps"":2201}",movement-data.csv:000490
movement-data.csv:000491,walk 12.19m gain b111 2.59k steps kcal252 29min 1sec,[],"{""activityName"":""Walk"",""averageHeartRate"":111,""kcal"":252,""duration"":1741000,""elevationGain"":12.19,""steps"":2590}",movement-data.csv:000491
movement-data.csv:000492,walk min25 234kcal 2.52ksteps 114b,[],"{""activityName"":""Walk"",""averageHeartRate"":114,""kcal"":234,""duration"":1500000,""steps"":2520}",movement-data.csv:000492
movement-data.csv:000493,walk 24m45s kcal222 109hr,[],"{""activityName"":""Walk"",""averageHeartRate"":109,""kcal"":222,""duration"":1485000}",movement-data.csv:000493
movement-data.csv:000494,walk 2.75k steps 28.1,[],"{""activityName"":""Walk"",""duration"":1686000,""steps"":2750}",movement-data.csv:000494
movement-data.csv:000495,walk 40m6s up36.58m,[],"{""activityName"":""Walk"",""duration"":2406000,""elevationGain"":36.58}",movement-data.csv:000495
movement-data.csv:000496,walk steps2162 23min 2sec,[],"{""activityName"":""Walk"",""duration"":1382000,""steps"":2162}",movement-data.csv:000496
movement-data.csv:000497,walk 17min 55sec 218kcal up24.38m 130 bpm steps1824,[],"{""activityName"":""Walk"",""averageHeartRate"":130,""kcal"":218,""duration"":1075000,""elevationGain"":24.38,""steps"":1824}",movement-data.csv:000497
movement-data.csv:000498,walk 2.62ksteps 28min 10sec elev6.1m kcal226 b99,[],"{""activityName"":""Walk"",""averageHeartRate"":99,""kcal"":226,""duration"":1690000,""elevationGain"":6.1,""steps"":2620}",movement-data.csv:000498
movement-data.csv:000499,walk 23.9min 110 bpm kcal226 2.43ksteps,[],"{""activityName"":""Walk"",""averageHeartRate"":110,""kcal"":226,""duration"":1434000,""steps"":2430}",movement-data.csv:000499
movement-data.csv:000500,walk 2.86ksteps 29min,[],"{""activityName"":""Walk"",""duration"":1740000,""steps"":2860}",movement-data.csv:000500
movement-data.csv:000501,walk 1.33ksteps kcal138 17m56s,[],"{""activityName"":""Walk"",""kcal"":138,""duration"":1076000,""steps"":1330}",movement-data.csv:000501
movement-data.csv:000502,walk 16.2 127kcal 1.43ksteps 98 bpm,[],"{""activityName"":""Walk"",""averageHeartRate"":98,""kcal"":127,""duration"":972000,""steps"":1430}",movement-data.csv:000502
movement-data.csv:000503,walk 37m33s step3332,[],"{""activityName"":""Walk"",""duration"":2253000,""steps"":3332}",movement-data.csv:000503
movement-data.csv:000504,walk 114bpm 3250steps elev24.38m 2611sec 412kcal,[],"{""activityName"":""Walk"",""averageHeartRate"":114,""kcal"":412,""duration"":2611000,""elevationGain"":24.38,""steps"":3250}",movement-data.csv:000504
movement-data.csv:000505,walk elev30.48m kcal406 51 min 3853steps b110,[],"{""activityName"":""Walk"",""averageHeartRate"":110,""kcal"":406,""duration"":3060000,""elevationGain"":30.48,""steps"":3853}",movement-data.csv:000505
movement-data.csv:000506,walk 1690s kcal249 steps2519 112hr elev27.43m,[],"{""activityName"":""Walk"",""averageHeartRate"":112,""kcal"":249,""duration"":1690000,""elevationGain"":27.43,""steps"":2519}",movement-data.csv:000506
movement-data.csv:000507,walk 37.5min 325kcal elev21.34m 3459 steps,[],"{""activityName"":""Walk"",""kcal"":325,""duration"":2250000,""elevationGain"":21.34,""steps"":3459}",movement-data.csv:000507
movement-data.csv:000508,walk kcal242 25m37s 2.62k steps,[],"{""activityName"":""Walk"",""kcal"":242,""duration"":1537000,""steps"":2620}",movement-data.csv:000508
movement-data.csv:000509,walk 1639sec 2622steps,[],"{""activityName"":""Walk"",""duration"":1639000,""steps"":2622}",movement-data.csv:000509
movement-data.csv:000510,walk 35min 12.19m gain 264kcal,[],"{""activityName"":""Walk"",""kcal"":264,""duration"":2100000,""elevationGain"":12.19}",movement-data.csv:000510
movement-data.csv:000511,treadmill 5.04k 35.7min avg164,[],"{""activityName"":""Treadmill"",""averageHeartRate"":164,""distance"":5.04,""distanceUnit"":""km"",""duration"":2142000,""pace"":425,""speed"":8.47}",movement-data.csv:000511
movement-data.csv:000512,walk 245kcal 22m11s 124bpm steps2203,[],"{""activityName"":""Walk"",""averageHeartRate"":124,""kcal"":245,""duration"":1331000,""steps"":2203}",movement-data.csv:000512
movement-data.csv:000513,walk 1366steps +15.24m kcal134 15min 22sec 111bpm,[],"{""activityName"":""Walk"",""averageHeartRate"":111,""kcal"":134,""duration"":922000,""elevationGain"":15.24,""steps"":1366}",movement-data.csv:000513
movement-data.csv:000514,walk 16m13s 101hr,[],"{""activityName"":""Walk"",""averageHeartRate"":101,""duration"":973000}",movement-data.csv:000514
movement-data.csv:000515,walk 105 bpm 33m17s elev15.24m,[],"{""activityName"":""Walk"",""averageHeartRate"":105,""duration"":1997000,""elevationGain"":15.24}",movement-data.csv:000515
movement-data.csv:000516,walk steps2636 hr116 26 min elev6.1m 242kcal,[],"{""activityName"":""Walk"",""averageHeartRate"":116,""kcal"":242,""duration"":1560000,""elevationGain"":6.1,""steps"":2636}",movement-data.csv:000516
movement-data.csv:000517,walk 218kcal 108 bpm 1536s 2.5k steps,[],"{""activityName"":""Walk"",""averageHeartRate"":108,""kcal"":218,""duration"":1536000,""steps"":2500}",movement-data.csv:000517
movement-data.csv:000518,walk 6.1m gain 19min 38sec 1.84k steps,[],"{""activityName"":""Walk"",""duration"":1178000,""elevationGain"":6.1,""steps"":1840}",movement-data.csv:000518
movement-data.csv:000519,walk 100hr 2051 steps 21min 20sec kcal184,[],"{""activityName"":""Walk"",""averageHeartRate"":100,""kcal"":184,""duration"":1280000,""steps"":2051}",movement-data.csv:000519
movement-data.csv:000520,walk kcal269 b111 32.4min,[],"{""activityName"":""Walk"",""averageHeartRate"":111,""kcal"":269,""duration"":1944000}",movement-data.csv:000520
movement-data.csv:000521,walk up9.14m b112 2.26ksteps 22m11s kcal202,[],"{""activityName"":""Walk"",""averageHeartRate"":112,""kcal"":202,""duration"":1331000,""elevationGain"":9.14,""steps"":2260}",movement-data.csv:000521
movement-data.csv:000522,walk 112 bpm 1331sec,[],"{""activityName"":""Walk"",""averageHeartRate"":112,""duration"":1331000}",movement-data.csv:000522
movement-data.csv:000523,walk 30 min 2.79ksteps 254kcal 103b,[],"{""activityName"":""Walk"",""averageHeartRate"":103,""kcal"":254,""duration"":1800000,""steps"":2790}",movement-data.csv:000523
movement-data.csv:000524,walk 29min 296kcal +9.14m,[],"{""activityName"":""Walk"",""kcal"":296,""duration"":1740000,""elevationGain"":9.14}",movement-data.csv:000524
movement-data.csv:000525,walk steps2.67k 28.2 259kcal 110 bpm,[],"{""activityName"":""Walk"",""averageHeartRate"":110,""kcal"":259,""duration"":1692000,""steps"":2670}",movement-data.csv:000525
movement-data.csv:000526,walk 123hr kcal280 +9.14m 25min 36sec,[],"{""activityName"":""Walk"",""averageHeartRate"":123,""kcal"":280,""duration"":1536000,""elevationGain"":9.14}",movement-data.csv:000526
movement-data.csv:000527,walk min24 226kcal,[],"{""activityName"":""Walk"",""kcal"":226,""duration"":1440000}",movement-data.csv:000527
movement-data.csv:000528,walk 1723 steps 29min 52sec kcal188 gain15.24m,[],"{""activityName"":""Walk"",""kcal"":188,""duration"":1792000,""elevationGain"":15.24,""steps"":1723}",movement-data.csv:000528
movement-data.csv:000529,walk 217kcal 1332sec,[],"{""activityName"":""Walk"",""kcal"":217,""duration"":1332000}",movement-data.csv:000529
movement-data.csv:000530,hockey 370kcal 50 min,[],"{""activityName"":""Hockey"",""kcal"":370,""duration"":3000000}",movement-data.csv:000530
movement-data.csv:000531,cross country skiing 39min 42sec steps3236 248kcal km2.1,[],"{""activityName"":""Cross Country Skiing"",""kcal"":248,""distance"":2.1,""distanceUnit"":""km"",""duration"":2382000,""pace"":1134.29,""speed"":3.17,""steps"":3236}",movement-data.csv:000531
movement-data.csv:000532,cross country skiing km2.66 407.82m gain 48.8min,[],"{""activityName"":""Cross Country Skiing"",""distance"":2.66,""distanceUnit"":""km"",""duration"":2928000,""elevationGain"":407.82,""pace"":1100.75,""speed"":3.27}",movement-data.csv:000532
movement-data.csv:000533,cross country skiing 54min 2.55km 62.18m gain 131bpm kcal321 steps3.82k,[],"{""activityName"":""Cross Country Skiing"",""averageHeartRate"":131,""kcal"":321,""distance"":2.55,""distanceUnit"":""km"",""duration"":3240000,""elevationGain"":62.18,""pace"":1270.59,""speed"":2.83,""steps"":3820}",movement-data.csv:000533
movement-data.csv:000534,run 1.35ksteps 12.2min km1.16,[],"{""activityName"":""Run"",""distance"":1.16,""distanceUnit"":""km"",""duration"":732000,""pace"":631.03,""speed"":5.7,""steps"":1350}",movement-data.csv:000534
movement-data.csv:000535,treadmill 37 min 278kcal bpm142 4.54k,[],"{""activityName"":""Treadmill"",""averageHeartRate"":142,""kcal"":278,""distance"":4.54,""distanceUnit"":""km"",""duration"":2220000,""pace"":488.99,""speed"":7.36}",movement-data.csv:000535
movement-data.csv:000536,run 146bpm 0.58 mi kcal61 468sec,[],"{""activityName"":""Run"",""averageHeartRate"":146,""kcal"":61,""distance"":0.93,""distanceUnit"":""km"",""duration"":468000,""pace"":501.38,""speed"":7.18}",movement-data.csv:000536
movement-data.csv:000537,run step6075 41.5min 5.6 km,[],"{""activityName"":""Run"",""distance"":5.6,""distanceUnit"":""km"",""duration"":2490000,""pace"":444.64,""speed"":8.1,""steps"":6075}",movement-data.csv:000537
movement-data.csv:000538,walk 2243 steps elev3.05m bpm109 kcal107 23m2s,[],"{""activityName"":""Walk"",""averageHeartRate"":109,""kcal"":107,""duration"":1382000,""elevationGain"":3.05,""steps"":2243}",movement-data.csv:000538
movement-data.csv:000539,walk sec1792 161kcal 2.44ksteps 98 bpm,[],"{""activityName"":""Walk"",""averageHeartRate"":98,""kcal"":161,""duration"":1792000,""steps"":2440}",movement-data.csv:000539
movement-data.csv:000540,run 364kcal 56.8 5792 steps,[],"{""activityName"":""Run"",""kcal"":364,""duration"":3408000,""steps"":5792}",movement-data.csv:000540
movement-data.csv:000541,run elev50.6m 3.23k steps 2.86km kcal182 153b 22min,[],"{""activityName"":""Run"",""averageHeartRate"":153,""kcal"":182,""distance"":2.86,""distanceUnit"":""km"",""duration"":1320000,""elevationGain"":50.6,""pace"":461.54,""speed"":7.8,""steps"":3230}",movement-data.csv:000541
movement-data.csv:000542,run up87.17m kcal275 3.11 mi 5.29ksteps 148b 2072sec,[],"{""activityName"":""Run"",""averageHeartRate"":148,""kcal"":275,""distance"":5.01,""distanceUnit"":""km"",""duration"":2072000,""elevationGain"":87.17,""pace"":413.98,""speed"":8.7,""steps"":5290}",movement-data.csv:000542
movement-data.csv:000543,treadmill 178 bpm 3.61k steps 232kcal km3.45 22.5min +205.13m,[],"{""activityName"":""Treadmill"",""averageHeartRate"":178,""kcal"":232,""distance"":3.45,""distanceUnit"":""km"",""duration"":1350000,""elevationGain"":205.13,""pace"":391.3,""speed"":9.2,""steps"":3610}",movement-data.csv:000543
movement-data.csv:000544,walk 17.1min 1687 steps 106kcal avg116 gain70.1m,[],"{""activityName"":""Walk"",""averageHeartRate"":116,""kcal"":106,""duration"":1026000,""elevationGain"":70.1,""steps"":1687}",movement-data.csv:000544
movement-data.csv:000545,run 15m56s k2.07 bpm137,[],"{""activityName"":""Run"",""averageHeartRate"":137,""distance"":2.07,""distanceUnit"":""km"",""duration"":956000,""pace"":461.84,""speed"":7.79}",movement-data.csv:000545
movement-data.csv:000546,aerobic workout b124 157kcal 29m52s,[],"{""activityName"":""Aerobic Workout"",""averageHeartRate"":124,""kcal"":157,""duration"":1792000}",movement-data.csv:000546
movement-data.csv:000547,walk avg110 steps7.92k 438kcal 1h27m54s,[],"{""activityName"":""Walk"",""averageHeartRate"":110,""kcal"":438,""duration"":5274000,""steps"":7920}",movement-data.csv:000547
movement-data.csv:000548,run hr135 49.7 6450 m,[],"{""activityName"":""Run"",""averageHeartRate"":135,""distance"":6.45,""distanceUnit"":""km"",""duration"":2982000,""pace"":462.33,""speed"":7.79}",movement-data.csv:000548
movement-data.csv:000549,walk 30.48m gain 77kcal 15.4min step1288 b108,[],"{""activityName"":""Walk"",""averageHeartRate"":108,""kcal"":77,""duration"":924000,""elevationGain"":30.48,""steps"":1288}",movement-data.csv:000549
movement-data.csv:000550,run 5.21k 36,[],"{""activityName"":""Run"",""distance"":5.21,""distanceUnit"":""km"",""duration"":2160000,""pace"":414.59,""speed"":8.68}",movement-data.csv:000550
movement-data.csv:000551,walk 1.1k steps 17.1 elev12.19m bpm104,[],"{""activityName"":""Walk"",""averageHeartRate"":104,""duration"":1026000,""elevationGain"":12.19,""steps"":1100}",movement-data.csv:000551
movement-data.csv:000552,walk 1455steps elev3.05m 17 min 89kcal hr115,[],"{""activityName"":""Walk"",""averageHeartRate"":115,""kcal"":89,""duration"":1020000,""elevationGain"":3.05,""steps"":1455}",movement-data.csv:000552
movement-data.csv:000553,walk 17m4s kcal105,[],"{""activityName"":""Walk"",""kcal"":105,""duration"":1024000}",movement-data.csv:000553
movement-data.csv:000554,treadmill 4990m 153 bpm kcal341,[],"{""activityName"":""Treadmill"",""averageHeartRate"":153,""kcal"":341,""distance"":4.99,""distanceUnit"":""km""}",movement-data.csv:000554
movement-data.csv:000555,walk b120 kcal84 elev41.86m step1362 min15,[],"{""activityName"":""Walk"",""averageHeartRate"":120,""kcal"":84,""duration"":900000,""elevationGain"":41.86,""steps"":1362}",movement-data.csv:000555
movement-data.csv:000556,walk 1.6k steps 26 min +6.1m,[],"{""activityName"":""Walk"",""duration"":1560000,""elevationGain"":6.1,""steps"":1600}",movement-data.csv:000556
movement-data.csv:000557,run 271kcal 4.71k,[],"{""activityName"":""Run"",""kcal"":271,""distance"":4.71,""distanceUnit"":""km""}",movement-data.csv:000557
movement-data.csv:000558,sport kcal192 35min,[],"{""activityName"":""Sport"",""kcal"":192,""duration"":2100000}",movement-data.csv:000558
movement-data.csv:000559,aerobic workout 16min 1652 steps,[],"{""activityName"":""Aerobic Workout"",""duration"":960000,""steps"":1652}",movement-data.csv:000559
movement-data.csv:000560,run 297kcal steps5663 km5.74 sec2272,[],"{""activityName"":""Run"",""kcal"":297,""distance"":5.74,""distanceUnit"":""km"",""duration"":2272000,""pace"":395.82,""speed"":9.1,""steps"":5663}",movement-data.csv:000560
movement-data.csv:000561,run 37min kcal291,[],"{""activityName"":""Run"",""kcal"":291,""duration"":2220000}",movement-data.csv:000561
movement-data.csv:000562,treadmill 142 bpm 46min steps6.03k kcal345,[],"{""activityName"":""Treadmill"",""averageHeartRate"":142,""kcal"":345,""duration"":2760000,""steps"":6030}",movement-data.csv:000562
movement-data.csv:000563,walk 96kcal 22min 11sec,[],"{""activityName"":""Walk"",""kcal"":96,""duration"":1331000}",movement-data.csv:000563
movement-data.csv:000564,walk 1741s 106.68m gain 2592steps kcal163 avg103,[],"{""activityName"":""Walk"",""averageHeartRate"":103,""kcal"":163,""duration"":1741000,""elevationGain"":106.68,""steps"":2592}",movement-data.csv:000564
movement-data.csv:000565,run 8 min up1.52m 50kcal 0.88 km 137hr 1053steps,[],"{""activityName"":""Run"",""averageHeartRate"":137,""kcal"":50,""distance"":0.88,""distanceUnit"":""km"",""duration"":480000,""elevationGain"":1.52,""pace"":545.45,""speed"":6.6,""steps"":1053}",movement-data.csv:000565
movement-data.csv:000566,walk 16m13s b103 93kcal,[],"{""activityName"":""Walk"",""averageHeartRate"":103,""kcal"":93,""duration"":973000}",movement-data.csv:000566
movement-data.csv:000567,walk 29m52s 162kcal 3.24k steps gain43.64m 114b,[],"{""activityName"":""Walk"",""averageHeartRate"":114,""kcal"":162,""duration"":1792000,""elevationGain"":43.64,""steps"":3240}",movement-data.csv:000567
movement-data.csv:000568,run 455kcal 148b steps8790 sec3563 elev434.65m mi5.06,[],"{""activityName"":""Run"",""averageHeartRate"":148,""kcal"":455,""distance"":8.14,""distanceUnit"":""km"",""duration"":3563000,""elevationGain"":434.65,""pace"":437.54,""speed"":8.23,""steps"":8790}",movement-data.csv:000568
movement-data.csv:000569,walk 19min 38sec 108kcal elev48.77m avg114 1834 steps,[],"{""activityName"":""Walk"",""averageHeartRate"":114,""kcal"":108,""duration"":1178000,""elevationGain"":48.77,""steps"":1834}",movement-data.csv:000569
movement-data.csv:000570,walk 122b kcal88 1677steps 15.3min gain30.48m,[],"{""activityName"":""Walk"",""averageHeartRate"":122,""kcal"":88,""duration"":918000,""elevationGain"":30.48,""steps"":1677}",movement-data.csv:000570
movement-data.csv:000571,hike bpm114 639kcal gain196.29m 12137 steps mi6.01 115 min,[],"{""activityName"":""Hike"",""averageHeartRate"":114,""kcal"":639,""distance"":9.67,""distanceUnit"":""km"",""duration"":6900000,""elevationGain"":196.29,""pace"":713.39,""speed"":5.05,""steps"":12137}",movement-data.csv:000571
movement-data.csv:000572,walk kcal296 54m37s avg110,[],"{""activityName"":""Walk"",""averageHeartRate"":110,""kcal"":296,""duration"":3277000}",movement-data.csv:000572
movement-data.csv:000573,walk step1697 up33.53m 18min 100kcal hr116,[],"{""activityName"":""Walk"",""averageHeartRate"":116,""kcal"":100,""duration"":1080000,""elevationGain"":33.53,""steps"":1697}",movement-data.csv:000573
movement-data.csv:000574,treadmill 2713sec 5.1k,[],"{""activityName"":""Treadmill"",""distance"":5.1,""distanceUnit"":""km"",""duration"":2713000,""pace"":531.96,""speed"":6.77}",movement-data.csv:000574
movement-data.csv:000575,treadmill steps5.05k 4.26km 48.1min,[],"{""activityName"":""Treadmill"",""distance"":4.26,""distanceUnit"":""km"",""duration"":2886000,""pace"":677.46,""speed"":5.31,""steps"":5050}",movement-data.csv:000575
movement-data.csv:000576,walk 36.7min 6.1m gain steps2.56k 151kcal bpm98,[],"{""activityName"":""Walk"",""averageHeartRate"":98,""kcal"":151,""duration"":2202000,""elevationGain"":6.1,""steps"":2560}",movement-data.csv:000576
movement-data.csv:000577,walk 3390steps avg101 179kcal 36.7,[],"{""activityName"":""Walk"",""averageHeartRate"":101,""kcal"":179,""duration"":2202000,""steps"":3390}",movement-data.csv:000577
movement-data.csv:000578,run 39min 53sec 5103steps kcal294 85.34m gain km5.45 155bpm,[],"{""activityName"":""Run"",""averageHeartRate"":155,""kcal"":294,""distance"":5.45,""distanceUnit"":""km"",""duration"":2393000,""elevationGain"":85.34,""pace"":439.08,""speed"":8.2,""steps"":5103}",movement-data.csv:000578
movement-data.csv:000579,run 52m3s kcal400,[],"{""activityName"":""Run"",""kcal"":400,""duration"":3123000}",movement-data.csv:000579
movement-data.csv:000580,run km5.31 2162sec,[],"{""activityName"":""Run"",""distance"":5.31,""distanceUnit"":""km"",""duration"":2162000,""pace"":407.16,""speed"":8.84}",movement-data.csv:000580
movement-data.csv:000581,walk 79kcal 17.9 elev6.1m 1404steps,[],"{""activityName"":""Walk"",""kcal"":79,""duration"":1074000,""elevationGain"":6.1,""steps"":1404}",movement-data.csv:000581
movement-data.csv:000582,run 1251s km1.74 up31.39m,[],"{""activityName"":""Run"",""distance"":1.74,""distanceUnit"":""km"",""duration"":1251000,""elevationGain"":31.39,""pace"":718.97,""speed"":5.01}",movement-data.csv:000582
movement-data.csv:000583,run 53.3min gain186.54m kcal442 avg163,[],"{""activityName"":""Run"",""averageHeartRate"":163,""kcal"":442,""duration"":3198000,""elevationGain"":186.54}",movement-data.csv:000583
movement-data.csv:000584,walk 25min 36sec 2108steps 122kcal,[],"{""activityName"":""Walk"",""kcal"":122,""duration"":1536000,""steps"":2108}",movement-data.csv:000584
movement-data.csv:000585,walk 23.9min +9.14m 119kcal,[],"{""activityName"":""Walk"",""kcal"":119,""duration"":1434000,""elevationGain"":9.14}",movement-data.csv:000585
movement-data.csv:000586,walk bpm100 18min,[],"{""activityName"":""Walk"",""averageHeartRate"":100,""duration"":1080000}",movement-data.csv:000586
movement-data.csv:000587,walk b99 steps1.53k 93kcal min20,[],"{""activityName"":""Walk"",""averageHeartRate"":99,""kcal"":93,""duration"":1200000,""steps"":1530}",movement-data.csv:000587
movement-data.csv:000588,run gain75.29m 35min 17sec 297kcal,[],"{""activityName"":""Run"",""kcal"":297,""duration"":2117000,""elevationGain"":75.29}",movement-data.csv:000588
movement-data.csv:000589,walk 3.05m gain 143kcal 2.55k steps 98hr 32min 25sec,[],"{""activityName"":""Walk"",""averageHeartRate"":98,""kcal"":143,""duration"":1945000,""elevationGain"":3.05,""steps"":2550}",movement-data.csv:000589
movement-data.csv:000590,walk 29m1s 136kcal 97 bpm 2404 steps,[],"{""activityName"":""Walk"",""averageHeartRate"":97,""kcal"":136,""duration"":1741000,""steps"":2404}",movement-data.csv:000590
movement-data.csv:000591,walk 103hr min26 2.17ksteps kcal117,[],"{""activityName"":""Walk"",""averageHeartRate"":103,""kcal"":117,""duration"":1560000,""steps"":2170}",movement-data.csv:000591
movement-data.csv:000592,run 51.2 km8.26 avg154,[],"{""activityName"":""Run"",""averageHeartRate"":154,""distance"":8.26,""distanceUnit"":""km"",""duration"":3072000,""pace"":371.91,""speed"":9.68}",movement-data.csv:000592
movement-data.csv:000593,walk 122kcal b99 26min steps2.2k,[],"{""activityName"":""Walk"",""averageHeartRate"":99,""kcal"":122,""duration"":1560000,""steps"":2200}",movement-data.csv:000593
movement-data.csv:000594,walk kcal87 1550steps b103 18 min 12.19m gain,[],"{""activityName"":""Walk"",""averageHeartRate"":103,""kcal"":87,""duration"":1080000,""elevationGain"":12.19,""steps"":1550}",movement-data.csv:000594
movement-data.csv:000595,walk kcal75 16m13s,[],"{""activityName"":""Walk"",""kcal"":75,""duration"":973000}",movement-data.csv:000595
movement-data.csv:000596,run kcal308 min40 3.89mi,[],"{""activityName"":""Run"",""kcal"":308,""distance"":6.26,""distanceUnit"":""km"",""duration"":2400000,""pace"":383.37,""speed"":9.39}",movement-data.csv:000596
movement-data.csv:000597,walk 17min 56sec 1.45k steps kcal86 b108,[],"{""activityName"":""Walk"",""averageHeartRate"":108,""kcal"":86,""duration"":1076000,""steps"":1450}",movement-data.csv:000597
movement-data.csv:000598,walk 17min 55sec 103 bpm kcal80 1419steps gain6.1m,[],"{""activityName"":""Walk"",""averageHeartRate"":103,""kcal"":80,""duration"":1075000,""elevationGain"":6.1,""steps"":1419}",movement-data.csv:000598
movement-data.csv:000599,run 50.2 elev17.07m 320kcal 5400 m,[],"{""activityName"":""Run"",""kcal"":320,""distance"":5.4,""distanceUnit"":""km"",""duration"":3012000,""elevationGain"":17.07,""pace"":557.78,""speed"":6.45}",movement-data.csv:000599
movement-data.csv:000600,walk 78kcal 16m13s avg105,[],"{""activityName"":""Walk"",""averageHeartRate"":105,""kcal"":78,""duration"":973000}",movement-data.csv:000600
movement-data.csv:000601,walk kcal86 b103 17m55s,[],"{""activityName"":""Walk"",""averageHeartRate"":103,""kcal"":86,""duration"":1075000}",movement-data.csv:000601
movement-data.csv:000602,walk 23.9 step1641 kcal101 b100,[],"{""activityName"":""Walk"",""averageHeartRate"":100,""kcal"":101,""duration"":1434000,""steps"":1641}",movement-data.csv:000602
movement-data.csv:000603,run km8.22 3102sec 374kcal,[],"{""activityName"":""Run"",""kcal"":374,""distance"":8.22,""distanceUnit"":""km"",""duration"":3102000,""pace"":377.37,""speed"":9.54}",movement-data.csv:000603
movement-data.csv:000604,walk 1.54ksteps hr102 +3.05m 16.2min kcal77,[],"{""activityName"":""Walk"",""averageHeartRate"":102,""kcal"":77,""duration"":972000,""elevationGain"":3.05,""steps"":1540}",movement-data.csv:000604
movement-data.csv:000605,walk 15min kcal75 107hr step1370,[],"{""activityName"":""Walk"",""averageHeartRate"":107,""kcal"":75,""duration"":900000,""steps"":1370}",movement-data.csv:000605
movement-data.csv:000606,run 241kcal 1819s,[],"{""activityName"":""Run"",""kcal"":241,""duration"":1819000}",movement-data.csv:000606
movement-data.csv:000607,walk 23.7min 99kcal steps1.66k 93b,[],"{""activityName"":""Walk"",""averageHeartRate"":93,""kcal"":99,""duration"":1422000,""steps"":1660}",movement-data.csv:000607
movement-data.csv:000608,walk 23min 2sec hr101 1607 steps kcal94,[],"{""activityName"":""Walk"",""averageHeartRate"":101,""kcal"":94,""duration"":1382000,""steps"":1607}",movement-data.csv:000608
movement-data.csv:000609,hike k9.52 957kcal 3h 40min 19sec,[],"{""activityName"":""Hike"",""kcal"":957,""distance"":9.52,""distanceUnit"":""km"",""duration"":13219000,""pace"":1388.55,""speed"":2.59}",movement-data.csv:000609
movement-data.csv:000610,walk 16.2 steps582 kcal42 hr88,[],"{""activityName"":""Walk"",""averageHeartRate"":88,""kcal"":42,""duration"":972000,""steps"":582}",movement-data.csv:000610
movement-data.csv:000611,sport 108bpm kcal239 52.9 2.75k steps,[],"{""activityName"":""Sport"",""averageHeartRate"":108,""kcal"":239,""duration"":3174000,""steps"":2750}",movement-data.csv:000611
movement-data.csv:000612,run 40m7s 3.41mi kcal269,[],"{""activityName"":""Run"",""kcal"":269,""distance"":5.49,""distanceUnit"":""km"",""duration"":2407000,""pace"":438.6,""speed"":8.21}",movement-data.csv:000612
movement-data.csv:000613,walk 16min 117bpm 76kcal,[],"{""activityName"":""Walk"",""averageHeartRate"":117,""kcal"":76,""duration"":960000}",movement-data.csv:000613
movement-data.csv:000614,walk 16min 13sec kcal80 1.48ksteps hr107,[],"{""activityName"":""Walk"",""averageHeartRate"":107,""kcal"":80,""duration"":973000,""steps"":1480}",movement-data.csv:000614
movement-data.csv:000615,walk 16m13s kcal78 1419steps hr107,[],"{""activityName"":""Walk"",""averageHeartRate"":107,""kcal"":78,""duration"":973000,""steps"":1419}",movement-data.csv:000615
movement-data.csv:000616,run 226kcal hr153 steps4410 5.06km elev4.27m min28,[],"{""activityName"":""Run"",""averageHeartRate"":153,""kcal"":226,""distance"":5.06,""distanceUnit"":""km"",""duration"":1680000,""elevationGain"":4.27,""pace"":332.02,""speed"":10.84,""steps"":4410}",movement-data.csv:000616
movement-data.csv:000617,walk elev3.05m 21m20s 111kcal,[],"{""activityName"":""Walk"",""kcal"":111,""duration"":1280000,""elevationGain"":3.05}",movement-data.csv:000617
movement-data.csv:000618,walk 17m55s +6.1m hr110 steps1495 kcal89,[],"{""activityName"":""Walk"",""averageHeartRate"":110,""kcal"":89,""duration"":1075000,""elevationGain"":6.1,""steps"":1495}",movement-data.csv:000618
movement-data.csv:000619,walk +27.43m 103bpm kcal101 21.3 1.92k steps,[],"{""activityName"":""Walk"",""averageHeartRate"":103,""kcal"":101,""duration"":1278000,""elevationGain"":27.43,""steps"":1920}",movement-data.csv:000619
movement-data.csv:000620,walk 315kcal 99bpm 4761sec,[],"{""activityName"":""Walk"",""averageHeartRate"":99,""kcal"":315,""duration"":4761000}",movement-data.csv:000620
movement-data.csv:000621,walk 101kcal 1229sec,[],"{""activityName"":""Walk"",""kcal"":101,""duration"":1229000}",movement-data.csv:000621
movement-data.csv:000622,walk 25m36s up128.02m 104bpm 151kcal,[],"{""activityName"":""Walk"",""averageHeartRate"":104,""kcal"":151,""duration"":1536000,""elevationGain"":128.02}",movement-data.csv:000622
movement-data.csv:000623,walk 104.1 bpm102 7.7ksteps kcal445,[],"{""activityName"":""Walk"",""averageHeartRate"":102,""kcal"":445,""duration"":6246000,""steps"":7700}",movement-data.csv:000623
movement-data.csv:000624,treadmill 117.8min km3.31 3.77k steps,[],"{""activityName"":""Treadmill"",""distance"":3.31,""distanceUnit"":""km"",""duration"":7068000,""pace"":2135.35,""speed"":1.69,""steps"":3770}",movement-data.csv:000624
movement-data.csv:000625,sport 2662s b103 steps2.48k 173kcal,[],"{""activityName"":""Sport"",""averageHeartRate"":103,""kcal"":173,""duration"":2662000,""steps"":2480}",movement-data.csv:000625
movement-data.csv:000626,walk kcal165 31min 35sec,[],"{""activityName"":""Walk"",""kcal"":165,""duration"":1895000}",movement-data.csv:000626
movement-data.csv:000627,run 4.93 km 33 min bpm145,[],"{""activityName"":""Run"",""averageHeartRate"":145,""distance"":4.93,""distanceUnit"":""km"",""duration"":1980000,""pace"":401.62,""speed"":8.96}",movement-data.csv:000627
movement-data.csv:000628,sport steps1.68k 27m18s,[],"{""activityName"":""Sport"",""duration"":1638000,""steps"":1680}",movement-data.csv:000628
movement-data.csv:000629,walk steps1.2k 91kcal 16m13s,[],"{""activityName"":""Walk"",""kcal"":91,""duration"":973000,""steps"":1200}",movement-data.csv:000629
movement-data.csv:000630,treadmill sec2578 km5.22,[],"{""activityName"":""Treadmill"",""distance"":5.22,""distanceUnit"":""km"",""duration"":2578000,""pace"":493.87,""speed"":7.29}",movement-data.csv:000630
movement-data.csv:000631,walk 18.8min kcal108 steps1496,[],"{""activityName"":""Walk"",""kcal"":108,""duration"":1128000,""steps"":1496}",movement-data.csv:000631
movement-data.csv:000632,run 6.35km steps6732 gain125.88m bpm157 45.9min 391kcal,[],"{""activityName"":""Run"",""averageHeartRate"":157,""kcal"":391,""distance"":6.35,""distanceUnit"":""km"",""duration"":2754000,""elevationGain"":125.88,""pace"":433.7,""speed"":8.3,""steps"":6732}",movement-data.csv:000632
movement-data.csv:000633,sport 3789s step3630 kcal245 avg98,[],"{""activityName"":""Sport"",""averageHeartRate"":98,""kcal"":245,""duration"":3789000,""steps"":3630}",movement-data.csv:000633
movement-data.csv:000634,aerobic workout 127b 2967 steps 160kcal 26m28s,[],"{""activityName"":""Aerobic Workout"",""averageHeartRate"":127,""kcal"":160,""duration"":1588000,""steps"":2967}",movement-data.csv:000634
movement-data.csv:000635,cross country skiing avg120 68.3min,[],"{""activityName"":""Cross Country Skiing"",""averageHeartRate"":120,""duration"":4098000}",movement-data.csv:000635
movement-data.csv:000636,walk 4218steps +42.67m 44 min bpm107 216kcal,[],"{""activityName"":""Walk"",""averageHeartRate"":107,""kcal"":216,""duration"":2640000,""elevationGain"":42.67,""steps"":4218}",movement-data.csv:000636
movement-data.csv:000637,aerobic workout 2952 steps 105 bpm kcal182 sec1894,[],"{""activityName"":""Aerobic Workout"",""averageHeartRate"":105,""kcal"":182,""duration"":1894000,""steps"":2952}",movement-data.csv:000637
movement-data.csv:000638,sport steps1388 17min 55sec,[],"{""activityName"":""Sport"",""duration"":1075000,""steps"":1388}",movement-data.csv:000638
movement-data.csv:000639,aerobic workout 15min 21sec 1432steps kcal81 hr100,[],"{""activityName"":""Aerobic Workout"",""averageHeartRate"":100,""kcal"":81,""duration"":921000,""steps"":1432}",movement-data.csv:000639
movement-data.csv:000640,hike 1.27km min31,[],"{""activityName"":""Hike"",""distance"":1.27,""distanceUnit"":""km"",""duration"":1860000,""pace"":1464.57,""speed"":2.46}",movement-data.csv:000640
movement-data.csv:000641,walk up3.05m 34 min kcal162,[],"{""activityName"":""Walk"",""kcal"":162,""duration"":2040000,""elevationGain"":3.05}",movement-data.csv:000641
movement-data.csv:000642,run up75.59m avg154 31min 38sec 262kcal,[],"{""activityName"":""Run"",""averageHeartRate"":154,""kcal"":262,""duration"":1898000,""elevationGain"":75.59}",movement-data.csv:000642
movement-data.csv:000643,tennis 5.61ksteps 2h 8min 43sec kcal453 3.72km,[],"{""activityName"":""Tennis"",""kcal"":453,""distance"":3.72,""distanceUnit"":""km"",""duration"":7723000,""pace"":2076.08,""speed"":1.73,""steps"":5610}",movement-data.csv:000643
movement-data.csv:000644,run 146bpm 4.54mi kcal363 46m18s,[],"{""activityName"":""Run"",""averageHeartRate"":146,""kcal"":363,""distance"":7.31,""distanceUnit"":""km"",""duration"":2778000,""pace"":380.21,""speed"":9.47}",movement-data.csv:000644
movement-data.csv:000645,hike step5943 103 km4,[],"{""activityName"":""Hike"",""distance"":4,""distanceUnit"":""km"",""duration"":6180000,""pace"":1545,""speed"":2.33,""steps"":5943}",movement-data.csv:000645
movement-data.csv:000646,walk gain79.25m 2765s b114,[],"{""activityName"":""Walk"",""averageHeartRate"":114,""duration"":2765000,""elevationGain"":79.25}",movement-data.csv:000646
movement-data.csv:000647,run 4.7 km step4575 31.5min,[],"{""activityName"":""Run"",""distance"":4.7,""distanceUnit"":""km"",""duration"":1890000,""pace"":402.13,""speed"":8.95,""steps"":4575}",movement-data.csv:000647
movement-data.csv:000648,hike 1063 steps 97.74m gain 28.3 97hr 0.63 km 111kcal,[],"{""activityName"":""Hike"",""averageHeartRate"":97,""kcal"":111,""distance"":0.63,""distanceUnit"":""km"",""duration"":1698000,""elevationGain"":97.74,""pace"":2695.24,""speed"":1.34,""steps"":1063}",movement-data.csv:000648
movement-data.csv:000649,cross country skiing 308kcal 5535steps 107bpm elev290.47m 3.83 km sec4583,[],"{""activityName"":""Cross Country Skiing"",""averageHeartRate"":107,""kcal"":308,""distance"":3.83,""distanceUnit"":""km"",""duration"":4583000,""elevationGain"":290.47,""pace"":1196.61,""speed"":3.01,""steps"":5535}",movement-data.csv:000649
movement-data.csv:000650,walk kcal206 41.8min 3925 steps 105hr,[],"{""activityName"":""Walk"",""averageHeartRate"":105,""kcal"":206,""duration"":2508000,""steps"":3925}",movement-data.csv:000650
movement-data.csv:000651,run 63.5 9.15k 520kcal,[],"{""activityName"":""Run"",""kcal"":520,""distance"":9.15,""distanceUnit"":""km"",""duration"":3810000,""pace"":416.39,""speed"":8.65}",movement-data.csv:000651
movement-data.csv:000652,run kcal31 4min avg158 570m,[],"{""activityName"":""Run"",""averageHeartRate"":158,""kcal"":31,""distance"":0.57,""distanceUnit"":""km"",""duration"":240000,""pace"":421.05,""speed"":8.55}",movement-data.csv:000652
movement-data.csv:000653,run 6757steps 4.05 mi sec3223 hr152,[],"{""activityName"":""Run"",""averageHeartRate"":152,""distance"":6.52,""distanceUnit"":""km"",""duration"":3223000,""pace"":494.49,""speed"":7.28,""steps"":6757}",movement-data.csv:000653
movement-data.csv:000654,run 7680m 52min 33sec bpm153,[],"{""activityName"":""Run"",""averageHeartRate"":153,""distance"":7.68,""distanceUnit"":""km"",""duration"":3153000,""pace"":410.55,""speed"":8.77}",movement-data.csv:000654
movement-data.csv:000655,walk avg107 35min 51sec up54.86m 185kcal,[],"{""activityName"":""Walk"",""averageHeartRate"":107,""kcal"":185,""duration"":2151000,""elevationGain"":54.86}",movement-data.csv:000655
movement-data.csv:000656,sport step2437 hr111 26.4min,[],"{""activityName"":""Sport"",""averageHeartRate"":111,""duration"":1584000,""steps"":2437}",movement-data.csv:000656
movement-data.csv:000657,walk 349kcal 6419 steps 108bpm 1h6m34s,[],"{""activityName"":""Walk"",""averageHeartRate"":108,""kcal"":349,""duration"":3994000,""steps"":6419}",movement-data.csv:000657
movement-data.csv:000658,sport kcal235 45 min bpm112,[],"{""activityName"":""Sport"",""averageHeartRate"":112,""kcal"":235,""duration"":2700000}",movement-data.csv:000658
movement-data.csv:000659,cross country skiing step2300 122b 27min,[],"{""activityName"":""Cross Country Skiing"",""averageHeartRate"":122,""duration"":1620000,""steps"":2300}",movement-data.csv:000659
movement-data.csv:000660,walk kcal131 elev18.29m 17m55s 99hr,[],"{""activityName"":""Walk"",""averageHeartRate"":99,""kcal"":131,""duration"":1075000,""elevationGain"":18.29}",movement-data.csv:000660
movement-data.csv:000661,walk 25min 36sec hr102 kcal221 +33.53m 2311steps,[],"{""activityName"":""Walk"",""averageHeartRate"":102,""kcal"":221,""duration"":1536000,""elevationGain"":33.53,""steps"":2311}",movement-data.csv:000661
movement-data.csv:000662,outdoor bike kcal170 20min 29sec 108b up37.74m,[],"{""activityName"":""Outdoor Bike"",""averageHeartRate"":108,""kcal"":170,""duration"":1229000,""elevationGain"":37.74}",movement-data.csv:000662
movement-data.csv:000663,outdoor bike 165kcal 18m46s 110hr +32m,[],"{""activityName"":""Outdoor Bike"",""averageHeartRate"":110,""kcal"":165,""duration"":1126000,""elevationGain"":32}",movement-data.csv:000663
movement-data.csv:000664,walk gain21.34m 91bpm 43 min,[],"{""activityName"":""Walk"",""averageHeartRate"":91,""duration"":2580000,""elevationGain"":21.34}",movement-data.csv:000664
movement-data.csv:000665,run 3700m 408kcal 28m46s,[],"{""activityName"":""Run"",""kcal"":408,""distance"":3.7,""distanceUnit"":""km"",""duration"":1726000,""pace"":466.49,""speed"":7.72}",movement-data.csv:000665
movement-data.csv:000666,walk 15m22s bpm93 steps900,[],"{""activityName"":""Walk"",""averageHeartRate"":93,""duration"":922000,""steps"":900}",movement-data.csv:000666
movement-data.csv:000667,outdoor bike bpm106 2201sec 19.56m gain,[],"{""activityName"":""Outdoor Bike"",""averageHeartRate"":106,""duration"":2201000,""elevationGain"":19.56}",movement-data.csv:000667
movement-data.csv:000668,outdoor bike kcal179 121hr 18min 42.67m gain,[],"{""activityName"":""Outdoor Bike"",""averageHeartRate"":121,""kcal"":179,""duration"":1080000,""elevationGain"":42.67}",movement-data.csv:000668
movement-data.csv:000669,outdoor bike 398kcal hr106 sec2868 24.38m gain,[],"{""activityName"":""Outdoor Bike"",""averageHeartRate"":106,""kcal"":398,""duration"":2868000,""elevationGain"":24.38}",movement-data.csv:000669
movement-data.csv:000670,walk 3419steps 54m37s,[],"{""activityName"":""Walk"",""duration"":3277000,""steps"":3419}",movement-data.csv:000670
movement-data.csv:000671,walk elev15.24m kcal267 bpm97 40.1min,[],"{""activityName"":""Walk"",""averageHeartRate"":97,""kcal"":267,""duration"":2406000,""elevationGain"":15.24}",movement-data.csv:000671
movement-data.csv:000672,outdoor bike 17m56s avg113 kcal180,[],"{""activityName"":""Outdoor Bike"",""averageHeartRate"":113,""kcal"":180,""duration"":1076000}",movement-data.csv:000672
movement-data.csv:000673,outdoor bike kcal177 17min 55sec,[],"{""activityName"":""Outdoor Bike"",""kcal"":177,""duration"":1075000}",movement-data.csv:000673
movement-data.csv:000674,walk b137 20m28s 265kcal 2.38k steps,[],"{""activityName"":""Walk"",""averageHeartRate"":137,""kcal"":265,""duration"":1228000,""steps"":2380}",movement-data.csv:000674
movement-data.csv:000675,walk 22min 11sec 158kcal steps1.41k hr98 20.68m gain,[],"{""activityName"":""Walk"",""averageHeartRate"":98,""kcal"":158,""duration"":1331000,""elevationGain"":20.68,""steps"":1410}",movement-data.csv:000675
movement-data.csv:000676,walk 16.2 1124 steps 97hr,[],"{""activityName"":""Walk"",""averageHeartRate"":97,""duration"":972000,""steps"":1124}",movement-data.csv:000676
movement-data.csv:000677,outdoor bike 173kcal 20 min,[],"{""activityName"":""Outdoor Bike"",""kcal"":173,""duration"":1200000}",movement-data.csv:000677
movement-data.csv:000678,outdoor bike 39 min 279kcal,[],"{""activityName"":""Outdoor Bike"",""kcal"":279,""duration"":2340000}",movement-data.csv:000678
movement-data.csv:000679,walk steps1576 b110 21m20s,[],"{""activityName"":""Walk"",""averageHeartRate"":110,""duration"":1280000,""steps"":1576}",movement-data.csv:000679
movement-data.csv:000680,walk 154kcal avg108 18 min,[],"{""activityName"":""Walk"",""averageHeartRate"":108,""kcal"":154,""duration"":1080000}",movement-data.csv:000680
movement-data.csv:000681,walk avg118 1.93ksteps 21.3 kcal236,[],"{""activityName"":""Walk"",""averageHeartRate"":118,""kcal"":236,""duration"":1278000,""steps"":1930}",movement-data.csv:000681
movement-data.csv:000682,walk sec5888 kcal693,[],"{""activityName"":""Walk"",""kcal"":693,""duration"":5888000}",movement-data.csv:000682
movement-data.csv:000683,outdoor bike 104b 36.58m gain kcal187 22min 11sec,[],"{""activityName"":""Outdoor Bike"",""averageHeartRate"":104,""kcal"":187,""duration"":1331000,""elevationGain"":36.58}",movement-data.csv:000683
movement-data.csv:000684,outdoor bike 138kcal 1075s bpm99,[],"{""activityName"":""Outdoor Bike"",""averageHeartRate"":99,""kcal"":138,""duration"":1075000}",movement-data.csv:000684
movement-data.csv:000685,outdoor bike kcal137 19min avg111,[],"{""activityName"":""Outdoor Bike"",""averageHeartRate"":111,""kcal"":137,""duration"":1140000}",movement-data.csv:000685
movement-data.csv:000686,walk 58m53s 433kcal 3.54k steps bpm105,[],"{""activityName"":""Walk"",""averageHeartRate"":105,""kcal"":433,""duration"":3533000,""steps"":3540}",movement-data.csv:000686
movement-data.csv:000687,walk 26m27s 181kcal,[],"{""activityName"":""Walk"",""kcal"":181,""duration"":1587000}",movement-data.csv:000687
movement-data.csv:000688,walk hr103 24.8 1.84ksteps kcal197,[],"{""activityName"":""Walk"",""averageHeartRate"":103,""kcal"":197,""duration"":1488000,""steps"":1840}",movement-data.csv:000688
movement-data.csv:000689,walk 2404 steps 257kcal 33min elev45.72m 103 bpm,[],"{""activityName"":""Walk"",""averageHeartRate"":103,""kcal"":257,""duration"":1980000,""elevationGain"":45.72,""steps"":2404}",movement-data.csv:000689
movement-data.csv:000690,outdoor bike b108 kcal155 39.62m gain 17min,[],"{""activityName"":""Outdoor Bike"",""averageHeartRate"":108,""kcal"":155,""duration"":1020000,""elevationGain"":39.62}",movement-data.csv:000690
movement-data.csv:000691,walk 2839 steps 37.5min 102hr 295kcal,[],"{""activityName"":""Walk"",""averageHeartRate"":102,""kcal"":295,""duration"":2250000,""steps"":2839}",movement-data.csv:000691
movement-data.csv:000692,walk b106 gain12.19m min20 steps1365 157kcal,[],"{""activityName"":""Walk"",""averageHeartRate"":106,""kcal"":157,""duration"":1200000,""elevationGain"":12.19,""steps"":1365}",movement-data.csv:000692
movement-data.csv:000693,outdoor bike 101b 9.14m gain 22min,[],"{""activityName"":""Outdoor Bike"",""averageHeartRate"":101,""duration"":1320000,""elevationGain"":9.14}",movement-data.csv:000693
movement-data.csv:000694,outdoor bike 19.6min 140kcal hr97,[],"{""activityName"":""Outdoor Bike"",""averageHeartRate"":97,""kcal"":140,""duration"":1176000}",movement-data.csv:000694
movement-data.csv:000695,run k3.8 45min 56sec,[],"{""activityName"":""Run"",""distance"":3.8,""distanceUnit"":""km"",""duration"":2756000,""pace"":725.26,""speed"":4.96}",movement-data.csv:000695
movement-data.csv:000696,walk 101bpm 149kcal +15.24m 1178s,[],"{""activityName"":""Walk"",""averageHeartRate"":101,""kcal"":149,""duration"":1178000,""elevationGain"":15.24}",movement-data.csv:000696
movement-data.csv:000697,outdoor bike 188kcal 20.5min,[],"{""activityName"":""Outdoor Bike"",""kcal"":188,""duration"":1230000}",movement-data.csv:000697
movement-data.csv:000698,outdoor bike 19m37s kcal154 30.68m gain bpm102,[],"{""activityName"":""Outdoor Bike"",""averageHeartRate"":102,""kcal"":154,""duration"":1177000,""elevationGain"":30.68}",movement-data.csv:000698
movement-data.csv:000699,walk 1075sec bpm106 gain21.34m,[],"{""activityName"":""Walk"",""averageHeartRate"":106,""duration"":1075000,""elevationGain"":21.34}",movement-data.csv:000699
movement-data.csv:000700,outdoor bike elev32.41m 21min 170kcal avg104,[],"{""activityName"":""Outdoor Bike"",""averageHeartRate"":104,""kcal"":170,""duration"":1260000,""elevationGain"":32.41}",movement-data.csv:000700
movement-data.csv:000701,outdoor bike 1126sec 97b +33.22m kcal135,[],"{""activityName"":""Outdoor Bike"",""averageHeartRate"":97,""kcal"":135,""duration"":1126000,""elevationGain"":33.22}",movement-data.csv:000701
movement-data.csv:000702,outdoor bike 45.72m gain 19 min bpm108 164kcal,[],"{""activityName"":""Outdoor Bike"",""averageHeartRate"":108,""kcal"":164,""duration"":1140000,""elevationGain"":45.72}",movement-data.csv:000702
movement-data.csv:000703,outdoor bike 25m36s 198kcal,[],"{""activityName"":""Outdoor Bike"",""kcal"":198,""duration"":1536000}",movement-data.csv:000703
movement-data.csv:000704,walk 15m22s kcal139,[],"{""activityName"":""Walk"",""kcal"":139,""duration"":922000}",movement-data.csv:000704
movement-data.csv:000705,walk avg115 min20 kcal177 15.24m gain,[],"{""activityName"":""Walk"",""averageHeartRate"":115,""kcal"":177,""duration"":1200000,""elevationGain"":15.24}",movement-data.csv:000705
movement-data.csv:000706,walk min34 kcal284 avg104 steps2874 +45.72m,[],"{""activityName"":""Walk"",""averageHeartRate"":104,""kcal"":284,""duration"":2040000,""elevationGain"":45.72,""steps"":2874}",movement-data.csv:000706
movement-data.csv:000707,outdoor bike 169kcal 19m38s hr107 up33.53m,[],"{""activityName"":""Outdoor Bike"",""averageHeartRate"":107,""kcal"":169,""duration"":1178000,""elevationGain"":33.53}",movement-data.csv:000707
movement-data.csv:000708,outdoor bike 170kcal 1280s bpm104,[],"{""activityName"":""Outdoor Bike"",""averageHeartRate"":104,""kcal"":170,""duration"":1280000}",movement-data.csv:000708
movement-data.csv:000709,walk 31m35s 76.2m gain 2.71k steps,[],"{""activityName"":""Walk"",""duration"":1895000,""elevationGain"":76.2,""steps"":2710}",movement-data.csv:000709
movement-data.csv:000710,walk 15m21s step756 105hr,[],"{""activityName"":""Walk"",""averageHeartRate"":105,""duration"":921000,""steps"":756}",movement-data.csv:000710
movement-data.csv:000711,walk kcal233 2.3ksteps b92 32.4min,[],"{""activityName"":""Walk"",""averageHeartRate"":92,""kcal"":233,""duration"":1944000,""steps"":2300}",movement-data.csv:000711
movement-data.csv:000712,walk 20 min 100bpm 131kcal gain12.19m 1251steps,[],"{""activityName"":""Walk"",""averageHeartRate"":100,""kcal"":131,""duration"":1200000,""elevationGain"":12.19,""steps"":1251}",movement-data.csv:000712
movement-data.csv:000713,walk hr97 1433sec kcal140,[],"{""activityName"":""Walk"",""averageHeartRate"":97,""kcal"":140,""duration"":1433000}",movement-data.csv:000713
movement-data.csv:000714,walk kcal706 100.7min up48.77m 97hr,[],"{""activityName"":""Walk"",""averageHeartRate"":97,""kcal"":706,""duration"":6042000,""elevationGain"":48.77}",movement-data.csv:000714
movement-data.csv:000715,walk 23m54s 1.54ksteps bpm97 kcal163 +6.1m,[],"{""activityName"":""Walk"",""averageHeartRate"":97,""kcal"":163,""duration"":1434000,""elevationGain"":6.1,""steps"":1540}",movement-data.csv:000715
movement-data.csv:000716,treadmill 2.67 km bpm129 33min 20sec,[],"{""activityName"":""Treadmill"",""averageHeartRate"":129,""distance"":2.67,""distanceUnit"":""km"",""duration"":2000000,""pace"":749.06,""speed"":4.81}",movement-data.csv:000716
movement-data.csv:000717,walk 91.3min 652kcal steps6013,[],"{""activityName"":""Walk"",""kcal"":652,""duration"":5478000,""steps"":6013}",movement-data.csv:000717
movement-data.csv:000718,walk 15.4min kcal131 elev9.14m,[],"{""activityName"":""Walk"",""kcal"":131,""duration"":924000,""elevationGain"":9.14}",movement-data.csv:000718
movement-data.csv:000719,walk 973sec 99bpm,[],"{""activityName"":""Walk"",""averageHeartRate"":99,""duration"":973000}",movement-data.csv:000719
movement-data.csv:000720,treadmill 133b 4.59k steps 30.4 kcal411 elev3.66m 4.22km,[],"{""activityName"":""Treadmill"",""averageHeartRate"":133,""kcal"":411,""distance"":4.22,""distanceUnit"":""km"",""duration"":1824000,""elevationGain"":3.66,""pace"":432.23,""speed"":8.33,""steps"":4590}",movement-data.csv:000720
movement-data.csv:000721,walk 91min 646kcal,[],"{""activityName"":""Walk"",""kcal"":646,""duration"":5460000}",movement-data.csv:000721
movement-data.csv:000722,walk 43.5min 337kcal 2.89k steps,[],"{""activityName"":""Walk"",""kcal"":337,""duration"":2610000,""steps"":2890}",movement-data.csv:000722
movement-data.csv:000723,walk kcal314 3071 steps 43.5min 97bpm,[],"{""activityName"":""Walk"",""averageHeartRate"":97,""kcal"":314,""duration"":2610000,""steps"":3071}",movement-data.csv:000723
movement-data.csv:000724,walk kcal460 56 min bpm100 4090 steps,[],"{""activityName"":""Walk"",""averageHeartRate"":100,""kcal"":460,""duration"":3360000,""steps"":4090}",movement-data.csv:000724
movement-data.csv:000725,walk 180kcal 22.2min,[],"{""activityName"":""Walk"",""kcal"":180,""duration"":1332000}",movement-data.csv:000725
movement-data.csv:000726,treadmill avg144 kcal665 44min 51sec mi3.19,[],"{""activityName"":""Treadmill"",""averageHeartRate"":144,""kcal"":665,""distance"":5.13,""distanceUnit"":""km"",""duration"":2691000,""pace"":524.17,""speed"":6.87}",movement-data.csv:000726
movement-data.csv:000727,outdoor bike 20min 29sec 163kcal elev36.58m 99bpm,[],"{""activityName"":""Outdoor Bike"",""averageHeartRate"":99,""kcal"":163,""duration"":1229000,""elevationGain"":36.58}",movement-data.csv:000727
movement-data.csv:000728,outdoor bike sec2355 hr107 12.19m gain 329kcal,[],"{""activityName"":""Outdoor Bike"",""averageHeartRate"":107,""kcal"":329,""duration"":2355000,""elevationGain"":12.19}",movement-data.csv:000728
movement-data.csv:000729,walk 459kcal steps3.8k 107b 56.3min,[],"{""activityName"":""Walk"",""averageHeartRate"":107,""kcal"":459,""duration"":3378000,""steps"":3800}",movement-data.csv:000729
movement-data.csv:000730,outdoor bike 111hr 29min 52sec 262kcal,[],"{""activityName"":""Outdoor Bike"",""averageHeartRate"":111,""kcal"":262,""duration"":1792000}",movement-data.csv:000730
movement-data.csv:000731,outdoor bike avg122 18m46s 200kcal,[],"{""activityName"":""Outdoor Bike"",""averageHeartRate"":122,""kcal"":200,""duration"":1126000}",movement-data.csv:000731
movement-data.csv:000732,outdoor bike 281kcal hr102 34m8s elev21.34m,[],"{""activityName"":""Outdoor Bike"",""averageHeartRate"":102,""kcal"":281,""duration"":2048000,""elevationGain"":21.34}",movement-data.csv:000732
movement-data.csv:000733,walk 1480steps 21.3 15.24m gain 183kcal bpm107,[],"{""activityName"":""Walk"",""averageHeartRate"":107,""kcal"":183,""duration"":1278000,""elevationGain"":15.24,""steps"":1480}",movement-data.csv:000733
movement-data.csv:000734,walk kcal135 step1238 1177s,[],"{""activityName"":""Walk"",""kcal"":135,""duration"":1177000,""steps"":1238}",movement-data.csv:000734
movement-data.csv:000735,walk 96hr 15.3min kcal119 1.08ksteps,[],"{""activityName"":""Walk"",""averageHeartRate"":96,""kcal"":119,""duration"":918000,""steps"":1080}",movement-data.csv:000735
movement-data.csv:000736,walk +27.43m 104b 2352steps 30m43s,[],"{""activityName"":""Walk"",""averageHeartRate"":104,""duration"":1843000,""elevationGain"":27.43,""steps"":2352}",movement-data.csv:000736
movement-data.csv:000737,walk 19min 37sec 144kcal,[],"{""activityName"":""Walk"",""kcal"":144,""duration"":1177000}",movement-data.csv:000737
movement-data.csv:000738,walk 34.1min 91hr up21.34m,[],"{""activityName"":""Walk"",""averageHeartRate"":91,""duration"":2046000,""elevationGain"":21.34}",movement-data.csv:000738
movement-data.csv:000739,walk elev15.24m kcal136 steps1258 973sec,[],"{""activityName"":""Walk"",""kcal"":136,""duration"":973000,""elevationGain"":15.24,""steps"":1258}",movement-data.csv:000739
movement-data.csv:000740,outdoor bike sec1126 171kcal,[],"{""activityName"":""Outdoor Bike"",""kcal"":171,""duration"":1126000}",movement-data.csv:000740
movement-data.csv:000741,outdoor bike 88kcal 17min 55sec +12.19m,[],"{""activityName"":""Outdoor Bike"",""kcal"":88,""duration"":1075000,""elevationGain"":12.19}",movement-data.csv:000741
movement-data.csv:000742,walk 2201s 297kcal up36.58m bpm98,[],"{""activityName"":""Walk"",""averageHeartRate"":98,""kcal"":297,""duration"":2201000,""elevationGain"":36.58}",movement-data.csv:000742
movement-data.csv:000743,walk 1280s step2123 kcal202 hr110,[],"{""activityName"":""Walk"",""averageHeartRate"":110,""kcal"":202,""duration"":1280000,""steps"":2123}",movement-data.csv:000743
movement-data.csv:000744,outdoor bike 30m43s 235kcal bpm106,[],"{""activityName"":""Outdoor Bike"",""averageHeartRate"":106,""kcal"":235,""duration"":1843000}",movement-data.csv:000744
movement-data.csv:000745,outdoor bike 20 min 107 bpm,[],"{""activityName"":""Outdoor Bike"",""averageHeartRate"":107,""duration"":1200000}",movement-data.csv:000745
movement-data.csv:000746,walk kcal233 29min 1sec,[],"{""activityName"":""Walk"",""kcal"":233,""duration"":1741000}",movement-data.csv:000746
movement-data.csv:000747,outdoor bike 19.6min kcal179,[],"{""activityName"":""Outdoor Bike"",""kcal"":179,""duration"":1176000}",movement-data.csv:000747
movement-data.csv:000748,outdoor bike 34m59s avg107 295kcal,[],"{""activityName"":""Outdoor Bike"",""averageHeartRate"":107,""kcal"":295,""duration"":2099000}",movement-data.csv:000748
movement-data.csv:000749,walk up21.34m avg101 kcal159 22.2min,[],"{""activityName"":""Walk"",""averageHeartRate"":101,""kcal"":159,""duration"":1332000,""elevationGain"":21.34}",movement-data.csv:000749
movement-data.csv:000750,walk 19min 38sec avg105,[],"{""activityName"":""Walk"",""averageHeartRate"":105,""duration"":1178000}",movement-data.csv:000750
movement-data.csv:000751,walk 513kcal 3481sec 105b,[],"{""activityName"":""Walk"",""averageHeartRate"":105,""kcal"":513,""duration"":3481000}",movement-data.csv:000751
movement-data.csv:000752,walk 22min 11sec +15.24m kcal194,[],"{""activityName"":""Walk"",""kcal"":194,""duration"":1331000,""elevationGain"":15.24}",movement-data.csv:000752
movement-data.csv:000753,walk 76 101hr 594kcal 5453steps,[],"{""activityName"":""Walk"",""averageHeartRate"":101,""kcal"":594,""duration"":4560000,""steps"":5453}",movement-data.csv:000753
movement-data.csv:000754,outdoor bike kcal157 20m29s elev24.38m avg102,[],"{""activityName"":""Outdoor Bike"",""averageHeartRate"":102,""kcal"":157,""duration"":1229000,""elevationGain"":24.38}",movement-data.csv:000754
movement-data.csv:000755,outdoor bike 19m38s avg107,[],"{""activityName"":""Outdoor Bike"",""averageHeartRate"":107,""duration"":1178000}",movement-data.csv:000755
movement-data.csv:000756,outdoor bike 165kcal 17.9min,[],"{""activityName"":""Outdoor Bike"",""kcal"":165,""duration"":1074000}",movement-data.csv:000756
movement-data.csv:000757,outdoor bike up21.34m bpm104 26m28s,[],"{""activityName"":""Outdoor Bike"",""averageHeartRate"":104,""duration"":1588000,""elevationGain"":21.34}",movement-data.csv:000757
movement-data.csv:000758,walk 35min 50sec 243kcal up6.1m,[],"{""activityName"":""Walk"",""kcal"":243,""duration"":2150000,""elevationGain"":6.1}",movement-data.csv:000758
movement-data.csv:000759,outdoor bike up18.29m kcal349 2611sec,[],"{""activityName"":""Outdoor Bike"",""kcal"":349,""duration"":2611000,""elevationGain"":18.29}",movement-data.csv:000759
movement-data.csv:000760,walk 21min 20sec kcal188,[],"{""activityName"":""Walk"",""kcal"":188,""duration"":1280000}",movement-data.csv:000760
movement-data.csv:000761,outdoor bike 33m17s 289kcal up33.53m,[],"{""activityName"":""Outdoor Bike"",""kcal"":289,""duration"":1997000,""elevationGain"":33.53}",movement-data.csv:000761
movement-data.csv:000762,outdoor bike gain12.19m 17min 56sec kcal162 114b,[],"{""activityName"":""Outdoor Bike"",""averageHeartRate"":114,""kcal"":162,""duration"":1076000,""elevationGain"":12.19}",movement-data.csv:000762
movement-data.csv:000763,outdoor bike 153kcal b92 elev36.58m 18m47s,[],"{""activityName"":""Outdoor Bike"",""averageHeartRate"":92,""kcal"":153,""duration"":1127000,""elevationGain"":36.58}",movement-data.csv:000763
movement-data.csv:000764,outdoor bike kcal114 20m28s 93b,[],"{""activityName"":""Outdoor Bike"",""averageHeartRate"":93,""kcal"":114,""duration"":1228000}",movement-data.csv:000764
movement-data.csv:000765,outdoor bike bpm101 min15 74kcal,[],"{""activityName"":""Outdoor Bike"",""averageHeartRate"":101,""kcal"":74,""duration"":900000}",movement-data.csv:000765
movement-data.csv:000766,outdoor bike 33.53m gain 19m38s 190kcal 119hr,[],"{""activityName"":""Outdoor Bike"",""averageHeartRate"":119,""kcal"":190,""duration"":1178000,""elevationGain"":33.53}",movement-data.csv:000766
movement-data.csv:000767,outdoor bike kcal153 1126s 24.38m gain 104bpm,[],"{""activityName"":""Outdoor Bike"",""averageHeartRate"":104,""kcal"":153,""duration"":1126000,""elevationGain"":24.38}",movement-data.csv:000767
movement-data.csv:000768,walk 1126s 1345steps,[],"{""activityName"":""Walk"",""duration"":1126000,""steps"":1345}",movement-data.csv:000768
movement-data.csv:000769,bike 9m55s 128 bpm kcal104,[],"{""activityName"":""Bike"",""averageHeartRate"":128,""kcal"":104,""duration"":595000}",movement-data.csv:000769
movement-data.csv:000770,bike avg137 kcal62 5min,[],"{""activityName"":""Bike"",""averageHeartRate"":137,""kcal"":62,""duration"":300000}",movement-data.csv:000770
movement-data.csv:000771,walk kcal191 25.6min 102b,[],"{""activityName"":""Walk"",""averageHeartRate"":102,""kcal"":191,""duration"":1536000}",movement-data.csv:000771
movement-data.csv:000772,walk 2.39ksteps 219kcal 100 bpm sec1587,[],"{""activityName"":""Walk"",""averageHeartRate"":100,""kcal"":219,""duration"":1587000,""steps"":2390}",movement-data.csv:000772
movement-data.csv:000773,walk 1690sec 1.99ksteps 239kcal,[],"{""activityName"":""Walk"",""kcal"":239,""duration"":1690000,""steps"":1990}",movement-data.csv:000773
movement-data.csv:000774,outdoor bike 117kcal sec1126 avg85,[],"{""activityName"":""Outdoor Bike"",""averageHeartRate"":85,""kcal"":117,""duration"":1126000}",movement-data.csv:000774
movement-data.csv:000775,outdoor bike 131kcal 18min 46sec gain27.43m,[],"{""activityName"":""Outdoor Bike"",""kcal"":131,""duration"":1126000,""elevationGain"":27.43}",movement-data.csv:000775
movement-data.csv:000776,outdoor bike kcal124 up21.18m 94hr 17.1min,[],"{""activityName"":""Outdoor Bike"",""averageHeartRate"":94,""kcal"":124,""duration"":1026000,""elevationGain"":21.18}",movement-data.csv:000776
movement-data.csv:000777,outdoor bike 132kcal 18min 46sec,[],"{""activityName"":""Outdoor Bike"",""kcal"":132,""duration"":1126000}",movement-data.csv:000777
movement-data.csv:000778,outdoor bike 18min 46sec avg104 147kcal 7.06m gain,[],"{""activityName"":""Outdoor Bike"",""averageHeartRate"":104,""kcal"":147,""duration"":1126000,""elevationGain"":7.06}",movement-data.csv:000778
movement-data.csv:000779,outdoor bike kcal145 20min hr100,[],"{""activityName"":""Outdoor Bike"",""averageHeartRate"":100,""kcal"":145,""duration"":1200000}",movement-data.csv:000779
movement-data.csv:000780,walk avg114 kcal204 18m46s,[],"{""activityName"":""Walk"",""averageHeartRate"":114,""kcal"":204,""duration"":1126000}",movement-data.csv:000780
movement-data.csv:000781,outdoor bike kcal101 86hr 16m13s +21.34m,[],"{""activityName"":""Outdoor Bike"",""averageHeartRate"":86,""kcal"":101,""duration"":973000,""elevationGain"":21.34}",movement-data.csv:000781
movement-data.csv:000782,walk 102hr 1802steps 24min 45sec,[],"{""activityName"":""Walk"",""averageHeartRate"":102,""duration"":1485000,""steps"":1802}",movement-data.csv:000782
movement-data.csv:000783,walk 101 bpm 20m29s,[],"{""activityName"":""Walk"",""averageHeartRate"":101,""duration"":1229000}",movement-data.csv:000783
movement-data.csv:000784,walk 973s bpm104,[],"{""activityName"":""Walk"",""averageHeartRate"":104,""duration"":973000}",movement-data.csv:000784
movement-data.csv:000785,walk 16.2 kcal160 step1624,[],"{""activityName"":""Walk"",""kcal"":160,""duration"":972000,""steps"":1624}",movement-data.csv:000785
movement-data.csv:000786,walk 1.22k steps 143kcal 1076sec,[],"{""activityName"":""Walk"",""kcal"":143,""duration"":1076000,""steps"":1220}",movement-data.csv:000786
movement-data.csv:000787,walk 39.2 kcal307 98hr steps2.79k,[],"{""activityName"":""Walk"",""averageHeartRate"":98,""kcal"":307,""duration"":2352000,""steps"":2790}",movement-data.csv:000787
movement-data.csv:000788,walk 1h 7min 25sec 70.1m gain hr97 483kcal,[],"{""activityName"":""Walk"",""averageHeartRate"":97,""kcal"":483,""duration"":4045000,""elevationGain"":70.1}",movement-data.csv:000788
movement-data.csv:000789,walk 105b sec5120,[],"{""activityName"":""Walk"",""averageHeartRate"":105,""duration"":5120000}",movement-data.csv:000789
movement-data.csv:000790,walk b101 1h 57min 46sec,[],"{""activityName"":""Walk"",""averageHeartRate"":101,""duration"":7066000}",movement-data.csv:000790
movement-data.csv:000791,walk 97bpm 973s kcal111,[],"{""activityName"":""Walk"",""averageHeartRate"":97,""kcal"":111,""duration"":973000}",movement-data.csv:000791
movement-data.csv:000792,walk 18min 47sec 129kcal,[],"{""activityName"":""Walk"",""kcal"":129,""duration"":1127000}",movement-data.csv:000792
movement-data.csv:000793,walk 26.4min bpm111 249kcal,[],"{""activityName"":""Walk"",""averageHeartRate"":111,""kcal"":249,""duration"":1584000}",movement-data.csv:000793
movement-data.csv:000794,walk 101 bpm 56min gain39.62m,[],"{""activityName"":""Walk"",""averageHeartRate"":101,""duration"":3360000,""elevationGain"":39.62}",movement-data.csv:000794
movement-data.csv:000795,walk step1635 16.92m gain kcal181 avg104 23m53s,[],"{""activityName"":""Walk"",""averageHeartRate"":104,""kcal"":181,""duration"":1433000,""elevationGain"":16.92,""steps"":1635}",movement-data.csv:000795
movement-data.csv:000796,walk min20 1.36k steps 148kcal +15.24m 103hr,[],"{""activityName"":""Walk"",""averageHeartRate"":103,""kcal"":148,""duration"":1200000,""elevationGain"":15.24,""steps"":1360}",movement-data.csv:000796
movement-data.csv:000797,outdoor bike kcal132 19.6min,[],"{""activityName"":""Outdoor Bike"",""kcal"":132,""duration"":1176000}",movement-data.csv:000797
movement-data.csv:000798,walk gain39.62m 1984steps 25.6min 205kcal,[],"{""activityName"":""Walk"",""kcal"":205,""duration"":1536000,""elevationGain"":39.62,""steps"":1984}",movement-data.csv:000798
movement-data.csv:000799,walk elev36.58m 1519steps 18.8 106b 157kcal,[],"{""activityName"":""Walk"",""averageHeartRate"":106,""kcal"":157,""duration"":1128000,""elevationGain"":36.58,""steps"":1519}",movement-data.csv:000799
movement-data.csv:000800,walk 100b kcal429 53min 45sec steps4473,[],"{""activityName"":""Walk"",""averageHeartRate"":100,""kcal"":429,""duration"":3225000,""steps"":4473}",movement-data.csv:000800
movement-data.csv:000801,walk 2.22ksteps hr102 22 min 222kcal,[],"{""activityName"":""Walk"",""averageHeartRate"":102,""kcal"":222,""duration"":1320000,""steps"":2220}",movement-data.csv:000801
movement-data.csv:000802,walk 73hr kcal145 1698 steps elev20.68m 16m13s,[],"{""activityName"":""Walk"",""averageHeartRate"":73,""kcal"":145,""duration"":973000,""elevationGain"":20.68,""steps"":1698}",movement-data.csv:000802
movement-data.csv:000803,walk 142kcal step1095 99b 17min 4sec,[],"{""activityName"":""Walk"",""averageHeartRate"":99,""kcal"":142,""duration"":1024000,""steps"":1095}",movement-data.csv:000803
movement-data.csv:000804,outdoor bike avg110 elev27.43m 21.3min kcal197,[],"{""activityName"":""Outdoor Bike"",""averageHeartRate"":110,""kcal"":197,""duration"":1278000,""elevationGain"":27.43}",movement-data.csv:000804
movement-data.csv:000805,run 153bpm 6769steps 39.4 7000 m 662kcal 91.75m gain,[],"{""activityName"":""Run"",""averageHeartRate"":153,""kcal"":662,""distance"":7,""distanceUnit"":""km"",""duration"":2364000,""elevationGain"":91.75,""pace"":337.71,""speed"":10.66,""steps"":6769}",movement-data.csv:000805
movement-data.csv:000806,run k7.19 43.8min 169hr kcal793,[],"{""activityName"":""Run"",""averageHeartRate"":169,""kcal"":793,""distance"":7.19,""distanceUnit"":""km"",""duration"":2628000,""pace"":365.51,""speed"":9.85}",movement-data.csv:000806
movement-data.csv:000807,outdoor bike 18min 46sec +15.34m bpm96 127kcal,[],"{""activityName"":""Outdoor Bike"",""averageHeartRate"":96,""kcal"":127,""duration"":1126000,""elevationGain"":15.34}",movement-data.csv:000807
movement-data.csv:000808,outdoor bike hr112 25min 36sec kcal248,[],"{""activityName"":""Outdoor Bike"",""averageHeartRate"":112,""kcal"":248,""duration"":1536000}",movement-data.csv:000808
movement-data.csv:000809,outdoor bike 135kcal sec1127 99hr,[],"{""activityName"":""Outdoor Bike"",""averageHeartRate"":99,""kcal"":135,""duration"":1127000}",movement-data.csv:000809
movement-data.csv:000810,outdoor bike kcal128 93b 21min,[],"{""activityName"":""Outdoor Bike"",""averageHeartRate"":93,""kcal"":128,""duration"":1260000}",movement-data.csv:000810
movement-data.csv:000811,outdoor bike 20.5min gain18.29m 77b 104kcal,[],"{""activityName"":""Outdoor Bike"",""averageHeartRate"":77,""kcal"":104,""duration"":1230000,""elevationGain"":18.29}",movement-data.csv:000811
movement-data.csv:000812,outdoor bike 19.6min kcal221 +15.24m,[],"{""activityName"":""Outdoor Bike"",""kcal"":221,""duration"":1176000,""elevationGain"":15.24}",movement-data.csv:000812
movement-data.csv:000813,outdoor bike kcal57 up3.05m 69hr 23min 54sec,[],"{""activityName"":""Outdoor Bike"",""averageHeartRate"":69,""kcal"":57,""duration"":1434000,""elevationGain"":3.05}",movement-data.csv:000813
movement-data.csv:000814,treadmill 30 476kcal 4.88k,[],"{""activityName"":""Treadmill"",""kcal"":476,""distance"":4.88,""distanceUnit"":""km"",""duration"":1800000,""pace"":368.85,""speed"":9.76}",movement-data.csv:000814
movement-data.csv:000815,treadmill 500kcal k5.27 sec1938 b142,[],"{""activityName"":""Treadmill"",""averageHeartRate"":142,""kcal"":500,""distance"":5.27,""distanceUnit"":""km"",""duration"":1938000,""pace"":367.74,""speed"":9.79}",movement-data.csv:000815
movement-data.csv:000816,treadmill 35min 19sec 5467steps,[],"{""activityName"":""Treadmill"",""duration"":2119000,""steps"":5467}",movement-data.csv:000816
movement-data.csv:000817,treadmill mi4.83 56.7,[],"{""activityName"":""Treadmill"",""distance"":7.77,""distanceUnit"":""km"",""duration"":3402000,""pace"":437.66,""speed"":8.23}",movement-data.csv:000817
movement-data.csv:000818,treadmill up105.46m mi4.46 steps7.47k 46.1 bpm135 kcal676,[],"{""activityName"":""Treadmill"",""averageHeartRate"":135,""kcal"":676,""distance"":7.18,""distanceUnit"":""km"",""duration"":2766000,""elevationGain"":105.46,""pace"":385.36,""speed"":9.34,""steps"":7470}",movement-data.csv:000818
movement-data.csv:000819,treadmill 35min 58sec 520kcal 5km,[],"{""activityName"":""Treadmill"",""kcal"":520,""distance"":5,""distanceUnit"":""km"",""duration"":2158000,""pace"":431.6,""speed"":8.34}",movement-data.csv:000819
movement-data.csv:000820,treadmill 7km 7256 steps 118b 45m32s 204.22m gain 580kcal,[],"{""activityName"":""Treadmill"",""averageHeartRate"":118,""kcal"":580,""distance"":7,""distanceUnit"":""km"",""duration"":2732000,""elevationGain"":204.22,""pace"":390.29,""speed"":9.22,""steps"":7256}",movement-data.csv:000820
movement-data.csv:000821,walk 105b 15 min kcal137,[],"{""activityName"":""Walk"",""averageHeartRate"":105,""kcal"":137,""duration"":900000}",movement-data.csv:000821
movement-data.csv:000822,run min40 km6.7,[],"{""activityName"":""Run"",""distance"":6.7,""distanceUnit"":""km"",""duration"":2400000,""pace"":358.21,""speed"":10.05}",movement-data.csv:000822
movement-data.csv:000823,run min32 mi2.82 step4985,[],"{""activityName"":""Run"",""distance"":4.54,""distanceUnit"":""km"",""duration"":1920000,""pace"":423.06,""speed"":8.51,""steps"":4985}",movement-data.csv:000823
movement-data.csv:000824,walk 3.02k steps 110b 25.6min 285kcal,[],"{""activityName"":""Walk"",""averageHeartRate"":110,""kcal"":285,""duration"":1536000,""steps"":3020}",movement-data.csv:000824
movement-data.csv:000825,walk 104b 2869steps 256kcal 24.8min,[],"{""activityName"":""Walk"",""averageHeartRate"":104,""kcal"":256,""duration"":1488000,""steps"":2869}",movement-data.csv:000825
movement-data.csv:000826,outdoor bike 115 bpm 23m2s 21.34m gain kcal235,[],"{""activityName"":""Outdoor Bike"",""averageHeartRate"":115,""kcal"":235,""duration"":1382000,""elevationGain"":21.34}",movement-data.csv:000826
movement-data.csv:000827,outdoor bike 1075s 12.19m gain 84kcal b83,[],"{""activityName"":""Outdoor Bike"",""averageHeartRate"":83,""kcal"":84,""duration"":1075000,""elevationGain"":12.19}",movement-data.csv:000827
movement-data.csv:000828,outdoor bike bpm116 15.24m gain 23min 54sec kcal241,[],"{""activityName"":""Outdoor Bike"",""averageHeartRate"":116,""kcal"":241,""duration"":1434000,""elevationGain"":15.24}",movement-data.csv:000828
movement-data.csv:000829,outdoor bike 20.5min 88b 82kcal,[],"{""activityName"":""Outdoor Bike"",""averageHeartRate"":88,""kcal"":82,""duration"":1230000}",movement-data.csv:000829
movement-data.csv:000830,treadmill 2.29k steps 16m10s 147bpm mi1.21,[],"{""activityName"":""Treadmill"",""averageHeartRate"":147,""distance"":1.95,""distanceUnit"":""km"",""duration"":970000,""pace"":498.12,""speed"":7.23,""steps"":2290}",movement-data.csv:000830
movement-data.csv:000831,treadmill 3.6k 24.6min,[],"{""activityName"":""Treadmill"",""distance"":3.6,""distanceUnit"":""km"",""duration"":1476000,""pace"":410,""speed"":8.78}",movement-data.csv:000831
movement-data.csv:000832,treadmill 4300m 30.4min,[],"{""activityName"":""Treadmill"",""distance"":4.3,""distanceUnit"":""km"",""duration"":1824000,""pace"":424.19,""speed"":8.49}",movement-data.csv:000832
movement-data.csv:000833,run hr150 40m21s 6.5k steps,[],"{""activityName"":""Run"",""averageHeartRate"":150,""duration"":2421000,""steps"":6500}",movement-data.csv:000833
movement-data.csv:000834,walk b100 kcal164 gain12.19m 20m6s step1460,[],"{""activityName"":""Walk"",""averageHeartRate"":100,""kcal"":164,""duration"":1206000,""elevationGain"":12.19,""steps"":1460}",movement-data.csv:000834
movement-data.csv:000835,walk 1.48ksteps 1229s hr100 169kcal,[],"{""activityName"":""Walk"",""averageHeartRate"":100,""kcal"":169,""duration"":1229000,""steps"":1480}",movement-data.csv:000835
movement-data.csv:000836,treadmill steps4809 +35.36m 33.1min bpm135 kcal419 4.04km,[],"{""activityName"":""Treadmill"",""averageHeartRate"":135,""kcal"":419,""distance"":4.04,""distanceUnit"":""km"",""duration"":1986000,""elevationGain"":35.36,""pace"":491.58,""speed"":7.32,""steps"":4809}",movement-data.csv:000836
movement-data.csv:000837,walk elev9.14m kcal160 16.2min,[],"{""activityName"":""Walk"",""kcal"":160,""duration"":972000,""elevationGain"":9.14}",movement-data.csv:000837
movement-data.csv:000838,walk 15.3 kcal150 1.68k steps hr94 elev15.24m,[],"{""activityName"":""Walk"",""averageHeartRate"":94,""kcal"":150,""duration"":918000,""elevationGain"":15.24,""steps"":1680}",movement-data.csv:000838
movement-data.csv:000839,treadmill 128hr 4.61 km 40 min 5786steps 512kcal 143.26m gain,[],"{""activityName"":""Treadmill"",""averageHeartRate"":128,""kcal"":512,""distance"":4.61,""distanceUnit"":""km"",""duration"":2400000,""elevationGain"":143.26,""pace"":520.61,""speed"":6.92,""steps"":5786}",movement-data.csv:000839
movement-data.csv:000840,treadmill km3.72 30min 3sec 4568steps,[],"{""activityName"":""Treadmill"",""distance"":3.72,""distanceUnit"":""km"",""duration"":1803000,""pace"":484.68,""speed"":7.43,""steps"":4568}",movement-data.csv:000840
movement-data.csv:000841,outdoor bike 19min 37sec +3.05m avg99 kcal146,[],"{""activityName"":""Outdoor Bike"",""averageHeartRate"":99,""kcal"":146,""duration"":1177000,""elevationGain"":3.05}",movement-data.csv:000841
movement-data.csv:000842,outdoor bike 116hr 221kcal min22,[],"{""activityName"":""Outdoor Bike"",""averageHeartRate"":116,""kcal"":221,""duration"":1320000}",movement-data.csv:000842
movement-data.csv:000843,treadmill km2.51 376kcal 1822sec hr127,[],"{""activityName"":""Treadmill"",""averageHeartRate"":127,""kcal"":376,""distance"":2.51,""distanceUnit"":""km"",""duration"":1822000,""pace"":725.9,""speed"":4.96}",movement-data.csv:000843
movement-data.csv:000844,outdoor bike 120bpm 22m12s elev60.96m 234kcal,[],"{""activityName"":""Outdoor Bike"",""averageHeartRate"":120,""kcal"":234,""duration"":1332000,""elevationGain"":60.96}",movement-data.csv:000844
movement-data.csv:000845,run kcal558 38 6.2k 144hr,[],"{""activityName"":""Run"",""averageHeartRate"":144,""kcal"":558,""distance"":6.2,""distanceUnit"":""km"",""duration"":2280000,""pace"":367.74,""speed"":9.79}",movement-data.csv:000845
movement-data.csv:000846,treadmill 30m8s 2.9mi 126bpm 382kcal steps4.81k up103.94m,[],"{""activityName"":""Treadmill"",""averageHeartRate"":126,""kcal"":382,""distance"":4.67,""distanceUnit"":""km"",""duration"":1808000,""elevationGain"":103.94,""pace"":387.39,""speed"":9.29,""steps"":4810}",movement-data.csv:000846
movement-data.csv:000847,run 40.4min kcal582,[],"{""activityName"":""Run"",""kcal"":582,""duration"":2424000}",movement-data.csv:000847
movement-data.csv:000848,outdoor bike 21.34m gain 19m37s,[],"{""activityName"":""Outdoor Bike"",""duration"":1177000,""elevationGain"":21.34}",movement-data.csv:000848
movement-data.csv:000849,outdoor bike 226kcal 112b 23min 24.38m gain,[],"{""activityName"":""Outdoor Bike"",""averageHeartRate"":112,""kcal"":226,""duration"":1380000,""elevationGain"":24.38}",movement-data.csv:000849
movement-data.csv:000850,outdoor bike 94 bpm kcal131 17min 55sec gain33.53m,[],"{""activityName"":""Outdoor Bike"",""averageHeartRate"":94,""kcal"":131,""duration"":1075000,""elevationGain"":33.53}",movement-data.csv:000850
movement-data.csv:000851,treadmill 5610 m bpm138 529kcal 37min 4sec,[],"{""activityName"":""Treadmill"",""averageHeartRate"":138,""kcal"":529,""distance"":5.61,""distanceUnit"":""km"",""duration"":2224000,""pace"":396.43,""speed"":9.08}",movement-data.csv:000851
movement-data.csv:000852,outdoor bike hr118 sec1280 up30.48m kcal223,[],"{""activityName"":""Outdoor Bike"",""averageHeartRate"":118,""kcal"":223,""duration"":1280000,""elevationGain"":30.48}",movement-data.csv:000852
movement-data.csv:000853,outdoor bike 21m20s 30.48m gain b97 144kcal,[],"{""activityName"":""Outdoor Bike"",""averageHeartRate"":97,""kcal"":144,""duration"":1280000,""elevationGain"":30.48}",movement-data.csv:000853
movement-data.csv:000854,outdoor bike elev12.19m 161kcal b97 24.7min,[],"{""activityName"":""Outdoor Bike"",""averageHeartRate"":97,""kcal"":161,""duration"":1482000,""elevationGain"":12.19}",movement-data.csv:000854
movement-data.csv:000855,outdoor bike 102kcal 17min 55sec 87 bpm,[],"{""activityName"":""Outdoor Bike"",""averageHeartRate"":87,""kcal"":102,""duration"":1075000}",movement-data.csv:000855
movement-data.csv:000856,outdoor bike 1434sec +15.24m kcal201,[],"{""activityName"":""Outdoor Bike"",""kcal"":201,""duration"":1434000,""elevationGain"":15.24}",movement-data.csv:000856
movement-data.csv:000857,outdoor bike 1178s 93bpm up15.24m kcal124,[],"{""activityName"":""Outdoor Bike"",""averageHeartRate"":93,""kcal"":124,""duration"":1178000,""elevationGain"":15.24}",movement-data.csv:000857
movement-data.csv:000858,outdoor bike up6.1m sec1536 avg102,[],"{""activityName"":""Outdoor Bike"",""averageHeartRate"":102,""duration"":1536000,""elevationGain"":6.1}",movement-data.csv:000858
movement-data.csv:000859,outdoor bike 23.9min kcal112,[],"{""activityName"":""Outdoor Bike"",""kcal"":112,""duration"":1434000}",movement-data.csv:000859
movement-data.csv:000860,walk steps2241 37min 33sec 253kcal,[],"{""activityName"":""Walk"",""kcal"":253,""duration"":2253000,""steps"":2241}",movement-data.csv:000860
movement-data.csv:000861,treadmill sec1206 km2.95,[],"{""activityName"":""Treadmill"",""distance"":2.95,""distanceUnit"":""km"",""duration"":1206000,""pace"":408.81,""speed"":8.81}",movement-data.csv:000861
movement-data.csv:000862,outdoor bike 9.14m gain 25.6min 225kcal hr109,[],"{""activityName"":""Outdoor Bike"",""averageHeartRate"":109,""kcal"":225,""duration"":1536000,""elevationGain"":9.14}",movement-data.csv:000862
movement-data.csv:000863,outdoor bike 83 bpm 105kcal +30.48m 20 min,[],"{""activityName"":""Outdoor Bike"",""averageHeartRate"":83,""kcal"":105,""duration"":1200000,""elevationGain"":30.48}",movement-data.csv:000863
movement-data.csv:000864,treadmill 30min 6sec hr111 319kcal 2.88 km,[],"{""activityName"":""Treadmill"",""averageHeartRate"":111,""kcal"":319,""distance"":2.88,""distanceUnit"":""km"",""duration"":1806000,""pace"":627.08,""speed"":5.74}",movement-data.csv:000864
movement-data.csv:000865,outdoor bike up15.24m 106bpm 209kcal 25min,[],"{""activityName"":""Outdoor Bike"",""averageHeartRate"":106,""kcal"":209,""duration"":1500000,""elevationGain"":15.24}",movement-data.csv:000865
movement-data.csv:000866,outdoor bike up15.24m min22 93 bpm 146kcal,[],"{""activityName"":""Outdoor Bike"",""averageHeartRate"":93,""kcal"":146,""duration"":1320000,""elevationGain"":15.24}",movement-data.csv:000866
movement-data.csv:000867,outdoor bike 203kcal +15.24m 105b 23.9min,[],"{""activityName"":""Outdoor Bike"",""averageHeartRate"":105,""kcal"":203,""duration"":1434000,""elevationGain"":15.24}",movement-data.csv:000867
movement-data.csv:000868,outdoor bike 93hr 113kcal 19min 38sec,[],"{""activityName"":""Outdoor Bike"",""averageHeartRate"":93,""kcal"":113,""duration"":1178000}",movement-data.csv:000868
movement-data.csv:000869,walk bpm110 1.86ksteps kcal189 17m56s,[],"{""activityName"":""Walk"",""averageHeartRate"":110,""kcal"":189,""duration"":1076000,""steps"":1860}",movement-data.csv:000869
movement-data.csv:000870,walk 22.2min bpm101 171kcal gain3.05m,[],"{""activityName"":""Walk"",""averageHeartRate"":101,""kcal"":171,""duration"":1332000,""elevationGain"":3.05}",movement-data.csv:000870
movement-data.csv:000871,treadmill 116 bpm 30min 4sec,[],"{""activityName"":""Treadmill"",""averageHeartRate"":116,""duration"":1804000}",movement-data.csv:000871
movement-data.csv:000872,outdoor bike avg113 25min 36sec 232kcal +12.19m,[],"{""activityName"":""Outdoor Bike"",""averageHeartRate"":113,""kcal"":232,""duration"":1536000,""elevationGain"":12.19}",movement-data.csv:000872
movement-data.csv:000873,outdoor bike kcal106 min22,[],"{""activityName"":""Outdoor Bike"",""kcal"":106,""duration"":1320000}",movement-data.csv:000873
movement-data.csv:000874,outdoor bike 25.6min gain6.1m 174kcal,[],"{""activityName"":""Outdoor Bike"",""kcal"":174,""duration"":1536000,""elevationGain"":6.1}",movement-data.csv:000874
movement-data.csv:000875,outdoor bike 17.1min 107kcal,[],"{""activityName"":""Outdoor Bike"",""kcal"":107,""duration"":1026000}",movement-data.csv:000875
movement-data.csv:000876,walk +3.05m 103 bpm kcal260 step2819 28min,[],"{""activityName"":""Walk"",""averageHeartRate"":103,""kcal"":260,""duration"":1680000,""elevationGain"":3.05,""steps"":2819}",movement-data.csv:000876
movement-data.csv:000877,walk step2597 up21.34m 23 min 107hr,[],"{""activityName"":""Walk"",""averageHeartRate"":107,""duration"":1380000,""elevationGain"":21.34,""steps"":2597}",movement-data.csv:000877
movement-data.csv:000878,outdoor bike 22min 9.14m gain kcal146,[],"{""activityName"":""Outdoor Bike"",""kcal"":146,""duration"":1320000,""elevationGain"":9.14}",movement-data.csv:000878
movement-data.csv:000879,outdoor bike 17.9min 71b kcal68 6.1m gain,[],"{""activityName"":""Outdoor Bike"",""averageHeartRate"":71,""kcal"":68,""duration"":1074000,""elevationGain"":6.1}",movement-data.csv:000879
movement-data.csv:000880,outdoor bike hr77 +27.43m 101kcal 23m53s,[],"{""activityName"":""Outdoor Bike"",""averageHeartRate"":77,""kcal"":101,""duration"":1433000,""elevationGain"":27.43}",movement-data.csv:000880
movement-data.csv:000881,outdoor bike 18.8min +18.29m 122kcal,[],"{""activityName"":""Outdoor Bike"",""kcal"":122,""duration"":1128000,""elevationGain"":18.29}",movement-data.csv:000881
movement-data.csv:000882,walk 1485sec bpm101 kcal215 2.23k steps,[],"{""activityName"":""Walk"",""averageHeartRate"":101,""kcal"":215,""duration"":1485000,""steps"":2230}",movement-data.csv:000882
movement-data.csv:000883,treadmill 138b 3.32k steps 20m12s gain10.67m kcal290 1.9mi,[],"{""activityName"":""Treadmill"",""averageHeartRate"":138,""kcal"":290,""distance"":3.06,""distanceUnit"":""km"",""duration"":1212000,""elevationGain"":10.67,""pace"":396.37,""speed"":9.08,""steps"":3320}",movement-data.csv:000883
movement-data.csv:000884,walk kcal153 1528steps gain9.14m hr99 972s,[],"{""activityName"":""Walk"",""averageHeartRate"":99,""kcal"":153,""duration"":972000,""elevationGain"":9.14,""steps"":1528}",movement-data.csv:000884
movement-data.csv:000885,walk 19min 96bpm 21.34m gain 1.47k steps,[],"{""activityName"":""Walk"",""averageHeartRate"":96,""duration"":1140000,""elevationGain"":21.34,""steps"":1470}",movement-data.csv:000885
movement-data.csv:000886,outdoor bike +18.29m kcal118 b87 20min 29sec,[],"{""activityName"":""Outdoor Bike"",""averageHeartRate"":87,""kcal"":118,""duration"":1229000,""elevationGain"":18.29}",movement-data.csv:000886
movement-data.csv:000887,outdoor bike sec1177 110kcal gain21.34m,[],"{""activityName"":""Outdoor Bike"",""kcal"":110,""duration"":1177000,""elevationGain"":21.34}",movement-data.csv:000887
movement-data.csv:000888,treadmill 303kcal km2.88 steps3.24k +86.87m 146bpm 20m13s,[],"{""activityName"":""Treadmill"",""averageHeartRate"":146,""kcal"":303,""distance"":2.88,""distanceUnit"":""km"",""duration"":1213000,""elevationGain"":86.87,""pace"":421.18,""speed"":8.55,""steps"":3240}",movement-data.csv:000888
movement-data.csv:000889,run sec152 0.26 km,[],"{""activityName"":""Run"",""distance"":0.26,""distanceUnit"":""km"",""duration"":152000,""pace"":584.62,""speed"":6.16}",movement-data.csv:000889
movement-data.csv:000890,outdoor bike avg105 1382s 176kcal,[],"{""activityName"":""Outdoor Bike"",""averageHeartRate"":105,""kcal"":176,""duration"":1382000}",movement-data.csv:000890
movement-data.csv:000891,outdoor bike 1075s kcal99 bpm87 up15.24m,[],"{""activityName"":""Outdoor Bike"",""averageHeartRate"":87,""kcal"":99,""duration"":1075000,""elevationGain"":15.24}",movement-data.csv:000891
movement-data.csv:000892,outdoor bike 179kcal up9.14m 112b 1177sec,[],"{""activityName"":""Outdoor Bike"",""averageHeartRate"":112,""kcal"":179,""duration"":1177000,""elevationGain"":9.14}",movement-data.csv:000892
movement-data.csv:000893,outdoor bike 89bpm 20 min kcal113 gain15.24m,[],"{""activityName"":""Outdoor Bike"",""averageHeartRate"":89,""kcal"":113,""duration"":1200000,""elevationGain"":15.24}",movement-data.csv:000893
movement-data.csv:000894,run 1070s 1380m,[],"{""activityName"":""Run"",""distance"":1.38,""distanceUnit"":""km"",""duration"":1070000,""pace"":775.36,""speed"":4.64}",movement-data.csv:000894
movement-data.csv:000895,walk kcal271 22.2 2640 steps,[],"{""activityName"":""Walk"",""kcal"":271,""duration"":1332000,""steps"":2640}",movement-data.csv:000895
movement-data.csv:000896,outdoor bike hr99 1485sec kcal170,[],"{""activityName"":""Outdoor Bike"",""averageHeartRate"":99,""kcal"":170,""duration"":1485000}",movement-data.csv:000896
movement-data.csv:000897,outdoor bike kcal120 20m29s avg84,[],"{""activityName"":""Outdoor Bike"",""averageHeartRate"":84,""kcal"":120,""duration"":1229000}",movement-data.csv:000897
movement-data.csv:000898,treadmill 3690m 24m55s bpm156,[],"{""activityName"":""Treadmill"",""averageHeartRate"":156,""distance"":3.69,""distanceUnit"":""km"",""duration"":1495000,""pace"":405.15,""speed"":8.89}",movement-data.csv:000898
movement-data.csv:000899,walk steps1.63k 17.1min 175kcal up6.1m,[],"{""activityName"":""Walk"",""kcal"":175,""duration"":1026000,""elevationGain"":6.1,""steps"":1630}",movement-data.csv:000899
movement-data.csv:000900,walk kcal203 +21.34m 20.5min,[],"{""activityName"":""Walk"",""kcal"":203,""duration"":1230000,""elevationGain"":21.34}",movement-data.csv:000900
movement-data.csv:000901,walk up27.43m 18.8 kcal148 1.42k steps,[],"{""activityName"":""Walk"",""kcal"":148,""duration"":1128000,""elevationGain"":27.43,""steps"":1420}",movement-data.csv:000901
movement-data.csv:000902,outdoor bike gain18.29m b115 24 min kcal236,[],"{""activityName"":""Outdoor Bike"",""averageHeartRate"":115,""kcal"":236,""duration"":1440000,""elevationGain"":18.29}",movement-data.csv:000902
movement-data.csv:000903,outdoor bike 125kcal 17min 55sec,[],"{""activityName"":""Outdoor Bike"",""kcal"":125,""duration"":1075000}",movement-data.csv:000903
movement-data.csv:000904,run 4min 423 steps,[],"{""activityName"":""Run"",""duration"":240000,""steps"":423}",movement-data.csv:000904
movement-data.csv:000905,outdoor bike 25min 36sec +9.14m,[],"{""activityName"":""Outdoor Bike"",""duration"":1536000,""elevationGain"":9.14}",movement-data.csv:000905
movement-data.csv:000906,outdoor bike 84bpm 82kcal gain6.1m 20min 29sec,[],"{""activityName"":""Outdoor Bike"",""averageHeartRate"":84,""kcal"":82,""duration"":1229000,""elevationGain"":6.1}",movement-data.csv:000906
movement-data.csv:000907,run 10min 22sec k0.91,[],"{""activityName"":""Run"",""distance"":0.91,""distanceUnit"":""km"",""duration"":622000,""pace"":683.52,""speed"":5.27}",movement-data.csv:000907
movement-data.csv:000908,outdoor bike avg119 26m27s kcal289 elev6.1m,[],"{""activityName"":""Outdoor Bike"",""averageHeartRate"":119,""kcal"":289,""duration"":1587000,""elevationGain"":6.1}",movement-data.csv:000908
movement-data.csv:000909,outdoor bike 21m20s kcal188 b106,[],"{""activityName"":""Outdoor Bike"",""averageHeartRate"":106,""kcal"":188,""duration"":1280000}",movement-data.csv:000909
movement-data.csv:000910,treadmill 3.38 km b128 elev63.09m steps4103 kcal342 25,[],"{""activityName"":""Treadmill"",""averageHeartRate"":128,""kcal"":342,""distance"":3.38,""distanceUnit"":""km"",""duration"":1500000,""elevationGain"":63.09,""pace"":443.79,""speed"":8.11,""steps"":4103}",movement-data.csv:000910
movement-data.csv:000911,outdoor bike 25min 36sec gain9.14m kcal239,[],"{""activityName"":""Outdoor Bike"",""kcal"":239,""duration"":1536000,""elevationGain"":9.14}",movement-data.csv:000911
movement-data.csv:000912,outdoor bike 19.6min 128kcal elev24.38m,[],"{""activityName"":""Outdoor Bike"",""kcal"":128,""duration"":1176000,""elevationGain"":24.38}",movement-data.csv:000912
movement-data.csv:000913,treadmill step4527 3590 m 403kcal gain74.68m 2067sec b130,[],"{""activityName"":""Treadmill"",""averageHeartRate"":130,""kcal"":403,""distance"":3.59,""distanceUnit"":""km"",""duration"":2067000,""elevationGain"":74.68,""pace"":575.77,""speed"":6.25,""steps"":4527}",movement-data.csv:000913
movement-data.csv:000914,outdoor bike gain33.53m 285kcal 22.2min 129b,[],"{""activityName"":""Outdoor Bike"",""averageHeartRate"":129,""kcal"":285,""duration"":1332000,""elevationGain"":33.53}",movement-data.csv:000914
movement-data.csv:000915,outdoor bike kcal167 105hr 19m38s,[],"{""activityName"":""Outdoor Bike"",""averageHeartRate"":105,""kcal"":167,""duration"":1178000}",movement-data.csv:000915
movement-data.csv:000916,outdoor bike kcal277 gain21.34m 23m2s bpm128,[],"{""activityName"":""Outdoor Bike"",""averageHeartRate"":128,""kcal"":277,""duration"":1382000,""elevationGain"":21.34}",movement-data.csv:000916
movement-data.csv:000917,run 411kcal 163hr m4270,[],"{""activityName"":""Run"",""averageHeartRate"":163,""kcal"":411,""distance"":4.27,""distanceUnit"":""km""}",movement-data.csv:000917
movement-data.csv:000918,walk steps1.99k 112hr 186kcal 17.9,[],"{""activityName"":""Walk"",""averageHeartRate"":112,""kcal"":186,""duration"":1074000,""steps"":1990}",movement-data.csv:000918
movement-data.csv:000919,walk 207kcal 30min 43sec 89b,[],"{""activityName"":""Walk"",""averageHeartRate"":89,""kcal"":207,""duration"":1843000}",movement-data.csv:000919
movement-data.csv:000920,run 41.1min kcal615,[],"{""activityName"":""Run"",""kcal"":615,""duration"":2466000}",movement-data.csv:000920
movement-data.csv:000921,outdoor bike 20m29s bpm91,[],"{""activityName"":""Outdoor Bike"",""averageHeartRate"":91,""duration"":1229000}",movement-data.csv:000921
movement-data.csv:000922,outdoor bike 22 min kcal250,[],"{""activityName"":""Outdoor Bike"",""kcal"":250,""duration"":1320000}",movement-data.csv:000922
movement-data.csv:000923,outdoor bike 18m46s 96hr,[],"{""activityName"":""Outdoor Bike"",""averageHeartRate"":96,""duration"":1126000}",movement-data.csv:000923
movement-data.csv:000924,outdoor bike 21m20s 248kcal 118 bpm gain30.48m,[],"{""activityName"":""Outdoor Bike"",""averageHeartRate"":118,""kcal"":248,""duration"":1280000,""elevationGain"":30.48}",movement-data.csv:000924
movement-data.csv:000925,outdoor bike kcal153 19min 37sec 30.48m gain b96,[],"{""activityName"":""Outdoor Bike"",""averageHeartRate"":96,""kcal"":153,""duration"":1177000,""elevationGain"":30.48}",movement-data.csv:000925
movement-data.csv:000926,outdoor bike min23 36.58m gain 113b kcal234,[],"{""activityName"":""Outdoor Bike"",""averageHeartRate"":113,""kcal"":234,""duration"":1380000,""elevationGain"":36.58}",movement-data.csv:000926
movement-data.csv:000927,outdoor bike 115 bpm +27.43m 20m29s 200kcal,[],"{""activityName"":""Outdoor Bike"",""averageHeartRate"":115,""kcal"":200,""duration"":1229000,""elevationGain"":27.43}",movement-data.csv:000927
movement-data.csv:000928,walk 1.64ksteps 19.6min kcal176 99 bpm,[],"{""activityName"":""Walk"",""averageHeartRate"":99,""kcal"":176,""duration"":1176000,""steps"":1640}",movement-data.csv:000928
movement-data.csv:000929,outdoor bike gain27.43m 1280s kcal265,[],"{""activityName"":""Outdoor Bike"",""kcal"":265,""duration"":1280000,""elevationGain"":27.43}",movement-data.csv:000929
movement-data.csv:000930,run hr147 4340 m sec1586,[],"{""activityName"":""Run"",""averageHeartRate"":147,""distance"":4.34,""distanceUnit"":""km"",""duration"":1586000,""pace"":365.44,""speed"":9.85}",movement-data.csv:000930
movement-data.csv:000931,walk 17 min +3.05m,[],"{""activityName"":""Walk"",""duration"":1020000,""elevationGain"":3.05}",movement-data.csv:000931
movement-data.csv:000932,walk 22.2min b95 178kcal,[],"{""activityName"":""Walk"",""averageHeartRate"":95,""kcal"":178,""duration"":1332000}",movement-data.csv:000932
movement-data.csv:000933,run kcal444 139 bpm mi2.95 29.8,[],"{""activityName"":""Run"",""averageHeartRate"":139,""kcal"":444,""distance"":4.75,""distanceUnit"":""km"",""duration"":1788000,""pace"":376.61,""speed"":9.56}",movement-data.csv:000933
movement-data.csv:000934,outdoor bike 18min kcal139,[],"{""activityName"":""Outdoor Bike"",""kcal"":139,""duration"":1080000}",movement-data.csv:000934
movement-data.csv:000935,outdoor bike 20min 29sec 287kcal,[],"{""activityName"":""Outdoor Bike"",""kcal"":287,""duration"":1229000}",movement-data.csv:000935
movement-data.csv:000936,outdoor bike 120kcal 18min 47sec 42.67m gain b86,[],"{""activityName"":""Outdoor Bike"",""averageHeartRate"":86,""kcal"":120,""duration"":1127000,""elevationGain"":42.67}",movement-data.csv:000936
movement-data.csv:000937,outdoor bike 130bpm 22min 273kcal up33.53m,[],"{""activityName"":""Outdoor Bike"",""averageHeartRate"":130,""kcal"":273,""duration"":1320000,""elevationGain"":33.53}",movement-data.csv:000937
movement-data.csv:000938,run 3.73mi 39min 5sec step6040,[],"{""activityName"":""Run"",""distance"":6,""distanceUnit"":""km"",""duration"":2345000,""pace"":390.65,""speed"":9.22,""steps"":6040}",movement-data.csv:000938
movement-data.csv:000939,run 41m9s mi3.91,[],"{""activityName"":""Run"",""distance"":6.29,""distanceUnit"":""km"",""duration"":2469000,""pace"":392.37,""speed"":9.18}",movement-data.csv:000939
movement-data.csv:000940,outdoor bike 19m38s b90 125kcal,[],"{""activityName"":""Outdoor Bike"",""averageHeartRate"":90,""kcal"":125,""duration"":1178000}",movement-data.csv:000940
movement-data.csv:000941,walk 1690s +9.14m,[],"{""activityName"":""Walk"",""duration"":1690000,""elevationGain"":9.14}",movement-data.csv:000941
movement-data.csv:000942,walk 1893 steps 89 bpm 173kcal sec1280,[],"{""activityName"":""Walk"",""averageHeartRate"":89,""kcal"":173,""duration"":1280000,""steps"":1893}",movement-data.csv:000942
movement-data.csv:000943,outdoor bike 1536sec bpm118,[],"{""activityName"":""Outdoor Bike"",""averageHeartRate"":118,""duration"":1536000}",movement-data.csv:000943
movement-data.csv:000944,outdoor bike 148kcal 22.2min 90bpm,[],"{""activityName"":""Outdoor Bike"",""averageHeartRate"":90,""kcal"":148,""duration"":1332000}",movement-data.csv:000944
movement-data.csv:000945,outdoor bike 247kcal +21.34m 22m11s 123bpm,[],"{""activityName"":""Outdoor Bike"",""averageHeartRate"":123,""kcal"":247,""duration"":1331000,""elevationGain"":21.34}",movement-data.csv:000945
movement-data.csv:000946,outdoor bike kcal115 19m37s elev39.62m 83hr,[],"{""activityName"":""Outdoor Bike"",""averageHeartRate"":83,""kcal"":115,""duration"":1177000,""elevationGain"":39.62}",movement-data.csv:000946
movement-data.csv:000947,treadmill 31m49s 4.56 km,[],"{""activityName"":""Treadmill"",""distance"":4.56,""distanceUnit"":""km"",""duration"":1909000,""pace"":418.64,""speed"":8.6}",movement-data.csv:000947
movement-data.csv:000948,run 932steps 7.6 kcal75 km0.73,[],"{""activityName"":""Run"",""kcal"":75,""distance"":0.73,""distanceUnit"":""km"",""duration"":456000,""pace"":624.66,""speed"":5.76,""steps"":932}",movement-data.csv:000948
movement-data.csv:000949,run 3.46km 151hr 25min 30sec,[],"{""activityName"":""Run"",""averageHeartRate"":151,""distance"":3.46,""distanceUnit"":""km"",""duration"":1530000,""pace"":442.2,""speed"":8.14}",movement-data.csv:000949
movement-data.csv:000950,walk 29m1s 110b,[],"{""activityName"":""Walk"",""averageHeartRate"":110,""duration"":1741000}",movement-data.csv:000950
movement-data.csv:000951,run 30.4min 3.14 mi,[],"{""activityName"":""Run"",""distance"":5.05,""distanceUnit"":""km"",""duration"":1824000,""pace"":360.95,""speed"":9.97}",movement-data.csv:000951
movement-data.csv:000952,walk kcal146 avg105 steps1.38k 16.2min,[],"{""activityName"":""Walk"",""averageHeartRate"":105,""kcal"":146,""duration"":972000,""steps"":1380}",movement-data.csv:000952
movement-data.csv:000953,run 435kcal steps4539 2.7 mi 27min 21sec,[],"{""activityName"":""Run"",""kcal"":435,""distance"":4.35,""distanceUnit"":""km"",""duration"":1641000,""pace"":377.66,""speed"":9.53,""steps"":4539}",movement-data.csv:000953
movement-data.csv:000954,run 4.32km 27m22s elev42.67m,[],"{""activityName"":""Run"",""distance"":4.32,""distanceUnit"":""km"",""duration"":1642000,""elevationGain"":42.67,""pace"":380.09,""speed"":9.47}",movement-data.csv:000954
movement-data.csv:000955,walk 1.91ksteps 26.4,[],"{""activityName"":""Walk"",""duration"":1584000,""steps"":1910}",movement-data.csv:000955
movement-data.csv:000956,run 144hr 5.01km 4770steps elev101.19m 27.9 434kcal,[],"{""activityName"":""Run"",""averageHeartRate"":144,""kcal"":434,""distance"":5.01,""distanceUnit"":""km"",""duration"":1674000,""elevationGain"":101.19,""pace"":334.13,""speed"":10.77,""steps"":4770}",movement-data.csv:000956
movement-data.csv:000957,walk +6.1m kcal230 avg89 1848 steps sec1945,[],"{""activityName"":""Walk"",""averageHeartRate"":89,""kcal"":230,""duration"":1945000,""elevationGain"":6.1,""steps"":1848}",movement-data.csv:000957
movement-data.csv:000958,run 28min 25sec 4.58ksteps 425kcal hr152 m5000 up39.62m,[],"{""activityName"":""Run"",""averageHeartRate"":152,""kcal"":425,""distance"":5,""distanceUnit"":""km"",""duration"":1705000,""elevationGain"":39.62,""pace"":341,""speed"":10.56,""steps"":4580}",movement-data.csv:000958
movement-data.csv:000959,walk 23m3s 1483 steps kcal132 91b,[],"{""activityName"":""Walk"",""averageHeartRate"":91,""kcal"":132,""duration"":1383000,""steps"":1483}",movement-data.csv:000959
movement-data.csv:000960,walk 1178s elev15.24m 1.7k steps b117,[],"{""activityName"":""Walk"",""averageHeartRate"":117,""duration"":1178000,""elevationGain"":15.24,""steps"":1700}",movement-data.csv:000960
movement-data.csv:000961,walk kcal202 29m1s bpm104 1.94k steps,[],"{""activityName"":""Walk"",""averageHeartRate"":104,""kcal"":202,""duration"":1741000,""steps"":1940}",movement-data.csv:000961
movement-data.csv:000962,walk 111b kcal181 min20,[],"{""activityName"":""Walk"",""averageHeartRate"":111,""kcal"":181,""duration"":1200000}",movement-data.csv:000962
movement-data.csv:000963,treadmill 5.5mi kcal711,[],"{""activityName"":""Treadmill"",""kcal"":711,""distance"":8.85,""distanceUnit"":""km""}",movement-data.csv:000963
movement-data.csv:000964,walk avg116 20 min step1535 153kcal,[],"{""activityName"":""Walk"",""averageHeartRate"":116,""kcal"":153,""duration"":1200000,""steps"":1535}",movement-data.csv:000964
movement-data.csv:000965,treadmill 57min 11sec kcal674 +38.1m 8.92k steps b148 10590 m,[],"{""activityName"":""Treadmill"",""averageHeartRate"":148,""kcal"":674,""distance"":10.59,""distanceUnit"":""km"",""duration"":3431000,""elevationGain"":38.1,""pace"":323.98,""speed"":11.11,""steps"":8920}",movement-data.csv:000965
movement-data.csv:000966,treadmill +579.73m 6.75 km 152b 6ksteps kcal596 50min 12sec,[],"{""activityName"":""Treadmill"",""averageHeartRate"":152,""kcal"":596,""distance"":6.75,""distanceUnit"":""km"",""duration"":3012000,""elevationGain"":579.73,""pace"":446.22,""speed"":8.07,""steps"":6000}",movement-data.csv:000966
movement-data.csv:000967,walk sec1654 avg113 steps2k,[],"{""activityName"":""Walk"",""averageHeartRate"":113,""duration"":1654000,""steps"":2000}",movement-data.csv:000967
movement-data.csv:000968,treadmill 30.1min 4.38k,[],"{""activityName"":""Treadmill"",""distance"":4.38,""distanceUnit"":""km"",""duration"":1806000,""pace"":412.33,""speed"":8.73}",movement-data.csv:000968
movement-data.csv:000969,run 0.19mi b110 step365 3 min 26kcal,[],"{""activityName"":""Run"",""averageHeartRate"":110,""kcal"":26,""distance"":0.31,""distanceUnit"":""km"",""duration"":180000,""pace"":588.67,""speed"":6.12,""steps"":365}",movement-data.csv:000969
movement-data.csv:000970,run +167.95m 102.1min avg145 step16470 18430 m 1165kcal,[],"{""activityName"":""Run"",""averageHeartRate"":145,""kcal"":1165,""distance"":18.43,""distanceUnit"":""km"",""duration"":6126000,""elevationGain"":167.95,""pace"":332.39,""speed"":10.83,""steps"":16470}",movement-data.csv:000970
movement-data.csv:000971,treadmill 1299sec k3.69,[],"{""activityName"":""Treadmill"",""distance"":3.69,""distanceUnit"":""km"",""duration"":1299000,""pace"":352.03,""speed"":10.23}",movement-data.csv:000971
movement-data.csv:000972,walk 22min 11sec 153kcal 2.28ksteps bpm106,[],"{""activityName"":""Walk"",""averageHeartRate"":106,""kcal"":153,""duration"":1331000,""steps"":2280}",movement-data.csv:000972
movement-data.csv:000973,treadmill 11.27km +153.92m kcal815 10266 steps,[],"{""activityName"":""Treadmill"",""kcal"":815,""distance"":11.27,""distanceUnit"":""km"",""elevationGain"":153.92,""steps"":10266}",movement-data.csv:000973
movement-data.csv:000974,treadmill 6.83 km 6.52k steps kcal590 52m3s,[],"{""activityName"":""Treadmill"",""kcal"":590,""distance"":6.83,""distanceUnit"":""km"",""duration"":3123000,""pace"":457.25,""speed"":7.87,""steps"":6520}",movement-data.csv:000974
movement-data.csv:000975,walk 34min 59sec steps3.5k up6.1m 270kcal,[],"{""activityName"":""Walk"",""kcal"":270,""duration"":2099000,""elevationGain"":6.1,""steps"":3500}",movement-data.csv:000975
movement-data.csv:000976,treadmill kcal359 42.3min bpm124 2.19 mi,[],"{""activityName"":""Treadmill"",""averageHeartRate"":124,""kcal"":359,""distance"":3.52,""distanceUnit"":""km"",""duration"":2538000,""pace"":720.11,""speed"":5}",movement-data.csv:000976
movement-data.csv:000977,run 15.6km 1h 25min 7sec b136,[],"{""activityName"":""Run"",""averageHeartRate"":136,""distance"":15.6,""distanceUnit"":""km"",""duration"":5107000,""pace"":327.37,""speed"":11}",movement-data.csv:000977
movement-data.csv:000978,treadmill 5.05 mi 47 min 512kcal,[],"{""activityName"":""Treadmill"",""kcal"":512,""distance"":8.13,""distanceUnit"":""km"",""duration"":2820000,""pace"":346.98,""speed"":10.38}",movement-data.csv:000978
movement-data.csv:000979,walk 111 bpm 15m22s kcal120 step1188,[],"{""activityName"":""Walk"",""averageHeartRate"":111,""kcal"":120,""duration"":922000,""steps"":1188}",movement-data.csv:000979
movement-data.csv:000980,treadmill k1.45 avg110,[],"{""activityName"":""Treadmill"",""averageHeartRate"":110,""distance"":1.45,""distanceUnit"":""km""}",movement-data.csv:000980
movement-data.csv:000981,treadmill 150 bpm 42min 29sec,[],"{""activityName"":""Treadmill"",""averageHeartRate"":150,""duration"":2549000}",movement-data.csv:000981
movement-data.csv:000982,treadmill 9520 m 60.6min,[],"{""activityName"":""Treadmill"",""distance"":9.52,""distanceUnit"":""km"",""duration"":3636000,""pace"":381.93,""speed"":9.43}",movement-data.csv:000982
movement-data.csv:000983,treadmill 541kcal 50m16s mi3.62,[],"{""activityName"":""Treadmill"",""kcal"":541,""distance"":5.83,""distanceUnit"":""km"",""duration"":3016000,""pace"":517.69,""speed"":6.95}",movement-data.csv:000983
movement-data.csv:000984,walk 922s up15.24m steps1483 92b kcal110,[],"{""activityName"":""Walk"",""averageHeartRate"":92,""kcal"":110,""duration"":922000,""elevationGain"":15.24,""steps"":1483}",movement-data.csv:000984
movement-data.csv:000985,walk kcal120 steps1681 21min 20sec,[],"{""activityName"":""Walk"",""kcal"":120,""duration"":1280000,""steps"":1681}",movement-data.csv:000985
movement-data.csv:000986,treadmill 79 bpm 6kcal step97 1m18s 0.08 km,[],"{""activityName"":""Treadmill"",""averageHeartRate"":79,""kcal"":6,""distance"":0.08,""distanceUnit"":""km"",""duration"":78000,""pace"":975,""speed"":3.69,""steps"":97}",movement-data.csv:000986
movement-data.csv:000987,treadmill k18.59 104min,[],"{""activityName"":""Treadmill"",""distance"":18.59,""distanceUnit"":""km"",""duration"":6240000,""pace"":335.66,""speed"":10.73}",movement-data.csv:000987
movement-data.csv:000988,outdoor bike 49min 389kcal bpm111 gain10.36m,[],"{""activityName"":""Outdoor Bike"",""averageHeartRate"":111,""kcal"":389,""duration"":2940000,""elevationGain"":10.36}",movement-data.csv:000988
movement-data.csv:000989,treadmill b138 1h0m27s 9.08ksteps kcal644,[],"{""activityName"":""Treadmill"",""averageHeartRate"":138,""kcal"":644,""duration"":3627000,""steps"":9080}",movement-data.csv:000989
movement-data.csv:000990,sport b106 2181steps 25min 36sec kcal184,[],"{""activityName"":""Sport"",""averageHeartRate"":106,""kcal"":184,""duration"":1536000,""steps"":2181}",movement-data.csv:000990
movement-data.csv:000991,outdoor bike 6.1m gain b117 20.5min kcal167,[],"{""activityName"":""Outdoor Bike"",""averageHeartRate"":117,""kcal"":167,""duration"":1230000,""elevationGain"":6.1}",movement-data.csv:000991
movement-data.csv:000992,treadmill avg160 km5.6 37min 32sec kcal459,[],"{""activityName"":""Treadmill"",""averageHeartRate"":160,""kcal"":459,""distance"":5.6,""distanceUnit"":""km"",""duration"":2252000,""pace"":402.14,""speed"":8.95}",movement-data.csv:000992
movement-data.csv:000993,treadmill kcal597 51min 30sec b145 9.3km,[],"{""activityName"":""Treadmill"",""averageHeartRate"":145,""kcal"":597,""distance"":9.3,""distanceUnit"":""km"",""duration"":3090000,""pace"":332.26,""speed"":10.83}",movement-data.csv:000993
movement-data.csv:000994,treadmill up57m km10.1 kcal624 step8997 56min avg142,[],"{""activityName"":""Treadmill"",""averageHeartRate"":142,""kcal"":624,""distance"":10.1,""distanceUnit"":""km"",""duration"":3360000,""elevationGain"":57,""pace"":332.67,""speed"":10.82,""steps"":8997}",movement-data.csv:000994
movement-data.csv:000995,treadmill steps9.16k 68min 9.84 km,[],"{""activityName"":""Treadmill"",""distance"":9.84,""distanceUnit"":""km"",""duration"":4080000,""pace"":414.63,""speed"":8.68,""steps"":9160}",movement-data.csv:000995
movement-data.csv:000996,treadmill kcal714 k11.32 1h28m36s,[],"{""activityName"":""Treadmill"",""kcal"":714,""distance"":11.32,""distanceUnit"":""km"",""duration"":5316000,""pace"":469.61,""speed"":7.67}",movement-data.csv:000996
movement-data.csv:000997,run 15.84 mi sec8900,[],"{""activityName"":""Run"",""distance"":25.49,""distanceUnit"":""km"",""duration"":8900000,""pace"":349.13,""speed"":10.31}",movement-data.csv:000997
movement-data.csv:000998,walk 149kcal hr99 24m45s 1.84k steps,[],"{""activityName"":""Walk"",""averageHeartRate"":99,""kcal"":149,""duration"":1485000,""steps"":1840}",movement-data.csv:000998
movement-data.csv:000999,walk 188kcal 29.9min,[],"{""activityName"":""Walk"",""kcal"":188,""duration"":1794000}",movement-data.csv:000999
movement-data.csv:001000,treadmill b161 50.4min,[],"{""activityName"":""Treadmill"",""averageHeartRate"":161,""duration"":3024000}",movement-data.csv:001000
movement-data.csv:001001,treadmill 58min 9.04k steps kcal605,[],"{""activityName"":""Treadmill"",""kcal"":605,""duration"":3480000,""steps"":9040}",movement-data.csv:001001
movement-data.csv:001002,treadmill 6.33k steps +98.45m 570kcal min47 avg156 7.33 km,[],"{""activityName"":""Treadmill"",""averageHeartRate"":156,""kcal"":570,""distance"":7.33,""distanceUnit"":""km"",""duration"":2820000,""elevationGain"":98.45,""pace"":384.72,""speed"":9.36,""steps"":6330}",movement-data.csv:001002
movement-data.csv:001003,hike 487kcal k2.01,[],"{""activityName"":""Hike"",""kcal"":487,""distance"":2.01,""distanceUnit"":""km""}",movement-data.csv:001003
movement-data.csv:001004,hike kcal550 1h 30min 27sec 2.27km,[],"{""activityName"":""Hike"",""kcal"":550,""distance"":2.27,""distanceUnit"":""km"",""duration"":5427000,""pace"":2390.75,""speed"":1.51}",movement-data.csv:001004
movement-data.csv:001005,hike 3.2km 83.6 steps4.87k,[],"{""activityName"":""Hike"",""distance"":3.2,""distanceUnit"":""km"",""duration"":5016000,""pace"":1567.5,""speed"":2.3,""steps"":4870}",movement-data.csv:001005
movement-data.csv:001006,treadmill 9770m 63min 657kcal 8.4k steps +253.29m 138b,[],"{""activityName"":""Treadmill"",""averageHeartRate"":138,""kcal"":657,""distance"":9.77,""distanceUnit"":""km"",""duration"":3780000,""elevationGain"":253.29,""pace"":386.9,""speed"":9.3,""steps"":8400}",movement-data.csv:001006
movement-data.csv:001007,hike 633sec 158steps km0.05 36kcal,[],"{""activityName"":""Hike"",""kcal"":36,""distance"":0.05,""distanceUnit"":""km"",""duration"":633000,""pace"":12660,""speed"":0.28,""steps"":158}",movement-data.csv:001007
movement-data.csv:001008,hike km3.49 1h27m43s,[],"{""activityName"":""Hike"",""distance"":3.49,""distanceUnit"":""km"",""duration"":5263000,""pace"":1508.02,""speed"":2.39}",movement-data.csv:001008
movement-data.csv:001009,treadmill 16.2min 1.62 mi 2256steps kcal179,[],"{""activityName"":""Treadmill"",""kcal"":179,""distance"":2.61,""distanceUnit"":""km"",""duration"":972000,""pace"":372.82,""speed"":9.66,""steps"":2256}",movement-data.csv:001009
movement-data.csv:001010,treadmill up77.42m 9684steps 695kcal 147hr 11.52 km sec3951,[],"{""activityName"":""Treadmill"",""averageHeartRate"":147,""kcal"":695,""distance"":11.52,""distanceUnit"":""km"",""duration"":3951000,""elevationGain"":77.42,""pace"":342.97,""speed"":10.5,""steps"":9684}",movement-data.csv:001010
movement-data.csv:001011,walk sec3379 hr83 2838 steps,[],"{""activityName"":""Walk"",""averageHeartRate"":83,""duration"":3379000,""steps"":2838}",movement-data.csv:001011
movement-data.csv:001012,treadmill km4.97 164bpm kcal429 34,[],"{""activityName"":""Treadmill"",""averageHeartRate"":164,""kcal"":429,""distance"":4.97,""distanceUnit"":""km"",""duration"":2040000,""pace"":410.46,""speed"":8.77}",movement-data.csv:001012
movement-data.csv:001013,walk 190kcal steps2.73k 106bpm 1741s,[],"{""activityName"":""Walk"",""averageHeartRate"":106,""kcal"":190,""duration"":1741000,""steps"":2730}",movement-data.csv:001013
movement-data.csv:001014,treadmill 57.3 628kcal +96.62m k10.33,[],"{""activityName"":""Treadmill"",""kcal"":628,""distance"":10.33,""distanceUnit"":""km"",""duration"":3438000,""elevationGain"":96.62,""pace"":332.82,""speed"":10.82}",movement-data.csv:001014
movement-data.csv:001015,sport 1.29ksteps sec973 kcal106 94b,[],"{""activityName"":""Sport"",""averageHeartRate"":94,""kcal"":106,""duration"":973000,""steps"":1290}",movement-data.csv:001015
movement-data.csv:001016,treadmill 6.15k steps 162hr 40.6min kcal512,[],"{""activityName"":""Treadmill"",""averageHeartRate"":162,""kcal"":512,""duration"":2436000,""steps"":6150}",movement-data.csv:001016
movement-data.csv:001017,treadmill 45m31s 453kcal,[],"{""activityName"":""Treadmill"",""kcal"":453,""duration"":2731000}",movement-data.csv:001017
movement-data.csv:001018,treadmill 6230m 49m34s up308.15m 5561steps 144 bpm 496kcal,[],"{""activityName"":""Treadmill"",""averageHeartRate"":144,""kcal"":496,""distance"":6.23,""distanceUnit"":""km"",""duration"":2974000,""elevationGain"":308.15,""pace"":477.37,""speed"":7.54,""steps"":5561}",movement-data.csv:001018
movement-data.csv:001019,hike 2h 34min 4sec k3.56 904kcal,[],"{""activityName"":""Hike"",""kcal"":904,""distance"":3.56,""distanceUnit"":""km"",""duration"":9244000,""pace"":2596.63,""speed"":1.39}",movement-data.csv:001019
movement-data.csv:001020,run bpm147 4290sec steps10405 11.19 km,[],"{""activityName"":""Run"",""averageHeartRate"":147,""distance"":11.19,""distanceUnit"":""km"",""duration"":4290000,""pace"":383.38,""speed"":9.39,""steps"":10405}",movement-data.csv:001020
movement-data.csv:001021,walk 146.5min b95 3.05km,[],"{""activityName"":""Walk"",""averageHeartRate"":95,""distance"":3.05,""distanceUnit"":""km"",""duration"":8790000,""pace"":2881.97,""speed"":1.25}",movement-data.csv:001021
movement-data.csv:001022,hike 7140 m b97 3h 36min 30sec kcal1360,[],"{""activityName"":""Hike"",""averageHeartRate"":97,""kcal"":1360,""distance"":7.14,""distanceUnit"":""km"",""duration"":12990000,""pace"":1819.33,""speed"":1.98}",movement-data.csv:001022
movement-data.csv:001023,walk 35min 50sec 105hr,[],"{""activityName"":""Walk"",""averageHeartRate"":105,""duration"":2150000}",movement-data.csv:001023
movement-data.csv:001024,treadmill 51min 53sec 9.67km 146b,[],"{""activityName"":""Treadmill"",""averageHeartRate"":146,""distance"":9.67,""distanceUnit"":""km"",""duration"":3113000,""pace"":321.92,""speed"":11.18}",movement-data.csv:001024
movement-data.csv:001025,treadmill 6598steps 47,[],"{""activityName"":""Treadmill"",""duration"":2820000,""steps"":6598}",movement-data.csv:001025
movement-data.csv:001026,treadmill 119 bpm up0.31m m2880 min22,[],"{""activityName"":""Treadmill"",""averageHeartRate"":119,""distance"":2.88,""distanceUnit"":""km"",""duration"":1320000,""elevationGain"":0.31,""pace"":458.33,""speed"":7.85}",movement-data.csv:001026
movement-data.csv:001027,treadmill steps8724 72.2 714kcal 6.1 mi,[],"{""activityName"":""Treadmill"",""kcal"":714,""distance"":9.82,""distanceUnit"":""km"",""duration"":4332000,""pace"":441.28,""speed"":8.16,""steps"":8724}",movement-data.csv:001027
movement-data.csv:001028,treadmill 8.13km 52.4,[],"{""activityName"":""Treadmill"",""distance"":8.13,""distanceUnit"":""km"",""duration"":3144000,""pace"":386.72,""speed"":9.31}",movement-data.csv:001028
movement-data.csv:001029,treadmill 7.95k 48.77m gain 41.8min,[],"{""activityName"":""Treadmill"",""distance"":7.95,""distanceUnit"":""km"",""duration"":2508000,""elevationGain"":48.77,""pace"":315.47,""speed"":11.41}",movement-data.csv:001029
movement-data.csv:001030,treadmill steps6863 mi5.03 45 min,[],"{""activityName"":""Treadmill"",""distance"":8.1,""distanceUnit"":""km"",""duration"":2700000,""pace"":333.54,""speed"":10.79,""steps"":6863}",movement-data.csv:001030
movement-data.csv:001031,walk 102hr 124kcal up6.1m 20min 29sec step2203,[],"{""activityName"":""Walk"",""averageHeartRate"":102,""kcal"":124,""duration"":1229000,""elevationGain"":6.1,""steps"":2203}",movement-data.csv:001031
movement-data.csv:001032,treadmill km4.14 145bpm 24m38s kcal246,[],"{""activityName"":""Treadmill"",""averageHeartRate"":145,""kcal"":246,""distance"":4.14,""distanceUnit"":""km"",""duration"":1478000,""pace"":357,""speed"":10.08}",movement-data.csv:001032
movement-data.csv:001033,treadmill 297kcal sec1621 3.25mi 4396 steps,[],"{""activityName"":""Treadmill"",""kcal"":297,""distance"":5.23,""distanceUnit"":""km"",""duration"":1621000,""pace"":309.92,""speed"":11.62,""steps"":4396}",movement-data.csv:001033
movement-data.csv:001034,sport 1022steps 104hr 114kcal 15min 22sec,[],"{""activityName"":""Sport"",""averageHeartRate"":104,""kcal"":114,""duration"":922000,""steps"":1022}",movement-data.csv:001034
movement-data.csv:001035,sport kcal700 min83 bpm112 5.1k steps,[],"{""activityName"":""Sport"",""averageHeartRate"":112,""kcal"":700,""duration"":4980000,""steps"":5100}",movement-data.csv:001035
movement-data.csv:001036,treadmill 455kcal 147 bpm steps6419 42.4min km7.6 gain44.5m,[],"{""activityName"":""Treadmill"",""averageHeartRate"":147,""kcal"":455,""distance"":7.6,""distanceUnit"":""km"",""duration"":2544000,""elevationGain"":44.5,""pace"":334.74,""speed"":10.75,""steps"":6419}",movement-data.csv:001036
movement-data.csv:001037,sport 54m37s 94b,[],"{""activityName"":""Sport"",""averageHeartRate"":94,""duration"":3277000}",movement-data.csv:001037
movement-data.csv:001038,sport kcal424 3686s,[],"{""activityName"":""Sport"",""kcal"":424,""duration"":3686000}",movement-data.csv:001038
movement-data.csv:001039,treadmill 14.8 k2.16,[],"{""activityName"":""Treadmill"",""distance"":2.16,""distanceUnit"":""km"",""duration"":888000,""pace"":411.11,""speed"":8.76}",movement-data.csv:001039
movement-data.csv:001040,treadmill elev221.89m 39min km5.57,[],"{""activityName"":""Treadmill"",""distance"":5.57,""distanceUnit"":""km"",""duration"":2340000,""elevationGain"":221.89,""pace"":420.11,""speed"":8.57}",movement-data.csv:001040
movement-data.csv:001041,walk 20.5 79b step1093 12.19m gain 98kcal,[],"{""activityName"":""Walk"",""averageHeartRate"":79,""kcal"":98,""duration"":1230000,""elevationGain"":12.19,""steps"":1093}",movement-data.csv:001041
movement-data.csv:001042,treadmill 6.49 mi 3577s kcal576 hr133,[],"{""activityName"":""Treadmill"",""averageHeartRate"":133,""kcal"":576,""distance"":10.44,""distanceUnit"":""km"",""duration"":3577000,""pace"":342.47,""speed"":10.51}",movement-data.csv:001042
movement-data.csv:001043,treadmill up85.34m 573kcal 47min 2sec m8590 step7264 167hr,[],"{""activityName"":""Treadmill"",""averageHeartRate"":167,""kcal"":573,""distance"":8.59,""distanceUnit"":""km"",""duration"":2822000,""elevationGain"":85.34,""pace"":328.52,""speed"":10.96,""steps"":7264}",movement-data.csv:001043
movement-data.csv:001044,walk 15min 22sec 94kcal 98hr step1171,[],"{""activityName"":""Walk"",""averageHeartRate"":98,""kcal"":94,""duration"":922000,""steps"":1171}",movement-data.csv:001044
movement-data.csv:001045,treadmill km5.46 38min 39sec,[],"{""activityName"":""Treadmill"",""distance"":5.46,""distanceUnit"":""km"",""duration"":2319000,""pace"":424.73,""speed"":8.48}",movement-data.csv:001045
movement-data.csv:001046,treadmill sec165 hr119 21kcal 283steps km0.29,[],"{""activityName"":""Treadmill"",""averageHeartRate"":119,""kcal"":21,""distance"":0.29,""distanceUnit"":""km"",""duration"":165000,""pace"":568.97,""speed"":6.33,""steps"":283}",movement-data.csv:001046
movement-data.csv:001047,treadmill 190.4min m11280,[],"{""activityName"":""Treadmill"",""distance"":11.28,""distanceUnit"":""km"",""duration"":11424000,""pace"":1012.77,""speed"":3.55}",movement-data.csv:001047
movement-data.csv:001048,walk b108 109kcal 15m21s 1.25k steps up6.1m,[],"{""activityName"":""Walk"",""averageHeartRate"":108,""kcal"":109,""duration"":921000,""elevationGain"":6.1,""steps"":1250}",movement-data.csv:001048
movement-data.csv:001049,treadmill 39.6min km7.06 6.12k steps bpm162,[],"{""activityName"":""Treadmill"",""averageHeartRate"":162,""distance"":7.06,""distanceUnit"":""km"",""duration"":2376000,""pace"":336.54,""speed"":10.7,""steps"":6120}",movement-data.csv:001049
movement-data.csv:001050,sport 298kcal 106 bpm sec2048,[],"{""activityName"":""Sport"",""averageHeartRate"":106,""kcal"":298,""duration"":2048000}",movement-data.csv:001050
movement-data.csv:001051,sport kcal309 hr94 56min 20sec,[],"{""activityName"":""Sport"",""averageHeartRate"":94,""kcal"":309,""duration"":3380000}",movement-data.csv:001051
movement-data.csv:001052,treadmill hr127 330kcal 4.78k steps elev8.23m 5.52 km 2329sec,[],"{""activityName"":""Treadmill"",""averageHeartRate"":127,""kcal"":330,""distance"":5.52,""distanceUnit"":""km"",""duration"":2329000,""elevationGain"":8.23,""pace"":421.92,""speed"":8.53,""steps"":4780}",movement-data.csv:001052
movement-data.csv:001053,walk hr90 1.4k steps 16.2 kcal107 gain9.14m,[],"{""activityName"":""Walk"",""averageHeartRate"":90,""kcal"":107,""duration"":972000,""elevationGain"":9.14,""steps"":1400}",movement-data.csv:001053
movement-data.csv:001054,swim kcal349 1.9km 54 min,[],"{""activityName"":""Swim"",""kcal"":349,""distance"":1.9,""distanceUnit"":""km"",""duration"":3240000,""pace"":1705.26,""speed"":2.11}",movement-data.csv:001054
movement-data.csv:001055,walk 125kcal 17.1min,[],"{""activityName"":""Walk"",""kcal"":125,""duration"":1026000}",movement-data.csv:001055
movement-data.csv:001056,hike 84 bpm step4335 kcal623 1.57mi up658.06m 133.6,[],"{""activityName"":""Hike"",""averageHeartRate"":84,""kcal"":623,""distance"":2.53,""distanceUnit"":""km"",""duration"":8016000,""elevationGain"":658.06,""pace"":3172.56,""speed"":1.13,""steps"":4335}",movement-data.csv:001056
movement-data.csv:001057,treadmill 17m31s 167kcal 2800 m,[],"{""activityName"":""Treadmill"",""kcal"":167,""distance"":2.8,""distanceUnit"":""km"",""duration"":1051000,""pace"":375.36,""speed"":9.59}",movement-data.csv:001057
movement-data.csv:001058,sport 1h 46min 40sec kcal616,[],"{""activityName"":""Sport"",""kcal"":616,""duration"":6400000}",movement-data.csv:001058
movement-data.csv:001059,treadmill steps9.01k sec3478 up68.28m,[],"{""activityName"":""Treadmill"",""duration"":3478000,""elevationGain"":68.28,""steps"":9010}",movement-data.csv:001059
movement-data.csv:001060,treadmill 68.5min mi7.15 718kcal up94.18m,[],"{""activityName"":""Treadmill"",""kcal"":718,""distance"":11.51,""distanceUnit"":""km"",""duration"":4110000,""elevationGain"":94.18,""pace"":357.18,""speed"":10.08}",movement-data.csv:001060
movement-data.csv:001061,treadmill km7.38 kcal565 45.4,[],"{""activityName"":""Treadmill"",""kcal"":565,""distance"":7.38,""distanceUnit"":""km"",""duration"":2724000,""pace"":369.11,""speed"":9.75}",movement-data.csv:001061
movement-data.csv:001062,treadmill 46.5min 550kcal km8.86 steps7.47k,[],"{""activityName"":""Treadmill"",""kcal"":550,""distance"":8.86,""distanceUnit"":""km"",""duration"":2790000,""pace"":314.9,""speed"":11.43,""steps"":7470}",movement-data.csv:001062
movement-data.csv:001063,treadmill 109.8min 114bpm m12580,[],"{""activityName"":""Treadmill"",""averageHeartRate"":114,""distance"":12.58,""distanceUnit"":""km"",""duration"":6588000,""pace"":523.69,""speed"":6.87}",movement-data.csv:001063
movement-data.csv:001064,treadmill km12.13 kcal795 1h 4min 49sec,[],"{""activityName"":""Treadmill"",""kcal"":795,""distance"":12.13,""distanceUnit"":""km"",""duration"":3889000,""pace"":320.61,""speed"":11.23}",movement-data.csv:001064
movement-data.csv:001065,walk 15.24m gain min16 1.14ksteps b106 106kcal,[],"{""activityName"":""Walk"",""averageHeartRate"":106,""kcal"":106,""duration"":960000,""elevationGain"":15.24,""steps"":1140}",movement-data.csv:001065
movement-data.csv:001066,treadmill 45 min 467kcal bpm136 km8.15,[],"{""activityName"":""Treadmill"",""averageHeartRate"":136,""kcal"":467,""distance"":8.15,""distanceUnit"":""km"",""duration"":2700000,""pace"":331.29,""speed"":10.87}",movement-data.csv:001066
movement-data.csv:001067,treadmill bpm141 23min,[],"{""activityName"":""Treadmill"",""averageHeartRate"":141,""duration"":1380000}",movement-data.csv:001067
movement-data.csv:001068,treadmill 1h1m54s 11.61 km,[],"{""activityName"":""Treadmill"",""distance"":11.61,""distanceUnit"":""km"",""duration"":3714000,""pace"":319.9,""speed"":11.25}",movement-data.csv:001068
movement-data.csv:001069,treadmill 4.16 km 27m53s 172bpm,[],"{""activityName"":""Treadmill"",""averageHeartRate"":172,""distance"":4.16,""distanceUnit"":""km"",""duration"":1673000,""pace"":402.16,""speed"":8.95}",movement-data.csv:001069
movement-data.csv:001070,sport steps880 15.4 99hr,[],"{""activityName"":""Sport"",""averageHeartRate"":99,""duration"":924000,""steps"":880}",movement-data.csv:001070
movement-data.csv:001071,treadmill mi7.46 kcal788 avg133 1h 26min 27sec,[],"{""activityName"":""Treadmill"",""averageHeartRate"":133,""kcal"":788,""distance"":12.01,""distanceUnit"":""km"",""duration"":5187000,""pace"":432.04,""speed"":8.33}",movement-data.csv:001071
movement-data.csv:001072,treadmill bpm161 up817.17m kcal765 62.2min steps8.86k km10.44,[],"{""activityName"":""Treadmill"",""averageHeartRate"":161,""kcal"":765,""distance"":10.44,""distanceUnit"":""km"",""duration"":3732000,""elevationGain"":817.17,""pace"":357.47,""speed"":10.07,""steps"":8860}",movement-data.csv:001072
movement-data.csv:001073,hike m4690 kcal1508 91b 5h54m42s,[],"{""activityName"":""Hike"",""averageHeartRate"":91,""kcal"":1508,""distance"":4.69,""distanceUnit"":""km"",""duration"":21282000,""pace"":4537.74,""speed"":0.79}",movement-data.csv:001073
movement-data.csv:001074,treadmill 62.5min 723kcal,[],"{""activityName"":""Treadmill"",""kcal"":723,""duration"":3750000}",movement-data.csv:001074
movement-data.csv:001075,treadmill 5.48k 515kcal 157b 46,[],"{""activityName"":""Treadmill"",""averageHeartRate"":157,""kcal"":515,""distance"":5.48,""distanceUnit"":""km"",""duration"":2760000,""pace"":503.65,""speed"":7.15}",movement-data.csv:001075
movement-data.csv:001076,treadmill 11.21km 656kcal 59m2s,[],"{""activityName"":""Treadmill"",""kcal"":656,""distance"":11.21,""distanceUnit"":""km"",""duration"":3542000,""pace"":315.97,""speed"":11.39}",movement-data.csv:001076
movement-data.csv:001077,hike kcal489 1h 13min 5sec 2070 m,[],"{""activityName"":""Hike"",""kcal"":489,""distance"":2.07,""distanceUnit"":""km"",""duration"":4385000,""pace"":2118.36,""speed"":1.7}",movement-data.csv:001077
movement-data.csv:001078,treadmill 47min 22sec 7491steps 8.84 km 543kcal,[],"{""activityName"":""Treadmill"",""kcal"":543,""distance"":8.84,""distanceUnit"":""km"",""duration"":2842000,""pace"":321.49,""speed"":11.2,""steps"":7491}",movement-data.csv:001078
movement-data.csv:001079,treadmill bpm157 steps4.61k km5.16 2072sec,[],"{""activityName"":""Treadmill"",""averageHeartRate"":157,""distance"":5.16,""distanceUnit"":""km"",""duration"":2072000,""pace"":401.55,""speed"":8.97,""steps"":4610}",movement-data.csv:001079
movement-data.csv:001080,hike 3.11mi min175 kcal1291 97hr,[],"{""activityName"":""Hike"",""averageHeartRate"":97,""kcal"":1291,""distance"":5.01,""distanceUnit"":""km"",""duration"":10500000,""pace"":2097.88,""speed"":1.72}",movement-data.csv:001080
movement-data.csv:001081,hike 2.74 km 1h23m b98,[],"{""activityName"":""Hike"",""averageHeartRate"":98,""distance"":2.74,""distanceUnit"":""km"",""duration"":4980000,""pace"":1817.52,""speed"":1.98}",movement-data.csv:001081
movement-data.csv:001082,treadmill 48.3min 570kcal,[],"{""activityName"":""Treadmill"",""kcal"":570,""duration"":2898000}",movement-data.csv:001082
movement-data.csv:001083,treadmill bpm151 10.8k 662kcal sec3694,[],"{""activityName"":""Treadmill"",""averageHeartRate"":151,""kcal"":662,""distance"":10.8,""distanceUnit"":""km"",""duration"":3694000,""pace"":342.04,""speed"":10.53}",movement-data.csv:001083
movement-data.csv:001084,sport 105 hr100 kcal757 5.66ksteps,[],"{""activityName"":""Sport"",""averageHeartRate"":100,""kcal"":757,""duration"":6300000,""steps"":5660}",movement-data.csv:001084
movement-data.csv:001085,sport step1907 26m27s kcal184 avg103,[],"{""activityName"":""Sport"",""averageHeartRate"":103,""kcal"":184,""duration"":1587000,""steps"":1907}",movement-data.csv:001085
movement-data.csv:001086,treadmill 59min 8sec mi5.1,[],"{""activityName"":""Treadmill"",""distance"":8.21,""distanceUnit"":""km"",""duration"":3548000,""pace"":432.28,""speed"":8.33}",movement-data.csv:001086
movement-data.csv:001087,walk avg98 16.2min kcal96,[],"{""activityName"":""Walk"",""averageHeartRate"":98,""kcal"":96,""duration"":972000}",movement-data.csv:001087
movement-data.csv:001088,treadmill 158b kcal529 gain41.45m steps5.97k 2700sec 6930m,[],"{""activityName"":""Treadmill"",""averageHeartRate"":158,""kcal"":529,""distance"":6.93,""distanceUnit"":""km"",""duration"":2700000,""elevationGain"":41.45,""pace"":389.61,""speed"":9.24,""steps"":5970}",movement-data.csv:001088
movement-data.csv:001089,walk 16min 13sec 99bpm 106kcal 1369 steps,[],"{""activityName"":""Walk"",""averageHeartRate"":99,""kcal"":106,""duration"":973000,""steps"":1369}",movement-data.csv:001089
movement-data.csv:001090,treadmill 1h 2min 15sec 11580 m,[],"{""activityName"":""Treadmill"",""distance"":11.58,""distanceUnit"":""km"",""duration"":3735000,""pace"":322.54,""speed"":11.16}",movement-data.csv:001090
movement-data.csv:001091,treadmill kcal593 50min 32sec 150bpm 9.81km elev37.8m 8343 steps,[],"{""activityName"":""Treadmill"",""averageHeartRate"":150,""kcal"":593,""distance"":9.81,""distanceUnit"":""km"",""duration"":3032000,""elevationGain"":37.8,""pace"":309.07,""speed"":11.65,""steps"":8343}",movement-data.csv:001091
movement-data.csv:001092,treadmill 560kcal 7410 m elev53.04m 46m48s hr159 6501 steps,[],"{""activityName"":""Treadmill"",""averageHeartRate"":159,""kcal"":560,""distance"":7.41,""distanceUnit"":""km"",""duration"":2808000,""elevationGain"":53.04,""pace"":378.95,""speed"":9.5,""steps"":6501}",movement-data.csv:001092
movement-data.csv:001093,treadmill 4035sec steps10.2k 11.75km,[],"{""activityName"":""Treadmill"",""distance"":11.75,""distanceUnit"":""km"",""duration"":4035000,""pace"":343.4,""speed"":10.48,""steps"":10200}",movement-data.csv:001093
movement-data.csv:001094,treadmill 44.9min 7.22 km,[],"{""activityName"":""Treadmill"",""distance"":7.22,""distanceUnit"":""km"",""duration"":2694000,""pace"":373.13,""speed"":9.65}",movement-data.csv:001094
movement-data.csv:001095,walk min16 109b kcal120 steps1603,[],"{""activityName"":""Walk"",""averageHeartRate"":109,""kcal"":120,""duration"":960000,""steps"":1603}",movement-data.csv:001095
movement-data.csv:001096,treadmill km11.63 67 step9977 b130,[],"{""activityName"":""Treadmill"",""averageHeartRate"":130,""distance"":11.63,""distanceUnit"":""km"",""duration"":4020000,""pace"":345.66,""speed"":10.41,""steps"":9977}",movement-data.csv:001096
movement-data.csv:001097,sport 15m22s kcal112,[],"{""activityName"":""Sport"",""kcal"":112,""duration"":922000}",movement-data.csv:001097
movement-data.csv:001098,sport step3677 kcal341 124hr 40m7s,[],"{""activityName"":""Sport"",""averageHeartRate"":124,""kcal"":341,""duration"":2407000,""steps"":3677}",movement-data.csv:001098
movement-data.csv:001099,walk 73.4min bpm98,[],"{""activityName"":""Walk"",""averageHeartRate"":98,""duration"":4404000}",movement-data.csv:001099
movement-data.csv:001100,walk 123kcal 1.51k steps 103 bpm 17min 4sec,[],"{""activityName"":""Walk"",""averageHeartRate"":103,""kcal"":123,""duration"":1024000,""steps"":1510}",movement-data.csv:001100
movement-data.csv:001101,hike 784.56m gain hr87 765kcal steps5205 3.1km 110,[],"{""activityName"":""Hike"",""averageHeartRate"":87,""kcal"":765,""distance"":3.1,""distanceUnit"":""km"",""duration"":6600000,""elevationGain"":784.56,""pace"":2129.03,""speed"":1.69,""steps"":5205}",movement-data.csv:001101
movement-data.csv:001102,treadmill elev1.83m 158kcal km1.82 33min 33sec,[],"{""activityName"":""Treadmill"",""kcal"":158,""distance"":1.82,""distanceUnit"":""km"",""duration"":2013000,""elevationGain"":1.83,""pace"":1106.04,""speed"":3.25}",movement-data.csv:001102
movement-data.csv:001103,walk 25min 36sec 145kcal,[],"{""activityName"":""Walk"",""kcal"":145,""duration"":1536000}",movement-data.csv:001103
movement-data.csv:001104,hike 2min 85hr kcal7 steps7,[],"{""activityName"":""Hike"",""averageHeartRate"":85,""kcal"":7,""duration"":120000,""steps"":7}",movement-data.csv:001104
movement-data.csv:001105,hike 275.6min km6.01,[],"{""activityName"":""Hike"",""distance"":6.01,""distanceUnit"":""km"",""duration"":16536000,""pace"":2751.41,""speed"":1.31}",movement-data.csv:001105
movement-data.csv:001106,treadmill 10.52 km min57,[],"{""activityName"":""Treadmill"",""distance"":10.52,""distanceUnit"":""km"",""duration"":3420000,""pace"":325.1,""speed"":11.07}",movement-data.csv:001106
movement-data.csv:001107,treadmill sec3169 2.74m gain 132bpm 5.97 mi steps8159 kcal513,[],"{""activityName"":""Treadmill"",""averageHeartRate"":132,""kcal"":513,""distance"":9.61,""distanceUnit"":""km"",""duration"":3169000,""elevationGain"":2.74,""pace"":329.84,""speed"":10.91,""steps"":8159}",movement-data.csv:001107
movement-data.csv:001108,sport 102hr 52min 54sec,[],"{""activityName"":""Sport"",""averageHeartRate"":102,""duration"":3174000}",movement-data.csv:001108
movement-data.csv:001109,run mi5.48 139bpm 54.5 7.87k steps,[],"{""activityName"":""Run"",""averageHeartRate"":139,""distance"":8.82,""distanceUnit"":""km"",""duration"":3270000,""pace"":370.78,""speed"":9.71,""steps"":7870}",movement-data.csv:001109
movement-data.csv:001110,run 150b 63.5 6.64mi,[],"{""activityName"":""Run"",""averageHeartRate"":150,""distance"":10.69,""distanceUnit"":""km"",""duration"":3810000,""pace"":356.54,""speed"":10.1}",movement-data.csv:001110
movement-data.csv:001111,run 11min 1.37 km kcal89,[],"{""activityName"":""Run"",""kcal"":89,""distance"":1.37,""distanceUnit"":""km"",""duration"":660000,""pace"":481.75,""speed"":7.47}",movement-data.csv:001111
movement-data.csv:001112,run 11660m kcal819 avg162 10234steps 67.1min +158.5m,[],"{""activityName"":""Run"",""averageHeartRate"":162,""kcal"":819,""distance"":11.66,""distanceUnit"":""km"",""duration"":4026000,""elevationGain"":158.5,""pace"":345.28,""speed"":10.43,""steps"":10234}",movement-data.csv:001112
movement-data.csv:001113,run 130 bpm gain85.34m 23min 5sec 4.06 km,[],"{""activityName"":""Run"",""averageHeartRate"":130,""distance"":4.06,""distanceUnit"":""km"",""duration"":1385000,""elevationGain"":85.34,""pace"":341.13,""speed"":10.55}",movement-data.csv:001113
movement-data.csv:001114,run 47.1 8.08 km hr162,[],"{""activityName"":""Run"",""averageHeartRate"":162,""distance"":8.08,""distanceUnit"":""km"",""duration"":2826000,""pace"":349.75,""speed"":10.29}",movement-data.csv:001114
movement-data.csv:001115,sport kcal447 1h4m,[],"{""activityName"":""Sport"",""kcal"":447,""duration"":3840000}",movement-data.csv:001115
movement-data.csv:001116,run 41 min 551kcal b171 7.61k,[],"{""activityName"":""Run"",""averageHeartRate"":171,""kcal"":551,""distance"":7.61,""distanceUnit"":""km"",""duration"":2460000,""pace"":323.26,""speed"":11.14}",movement-data.csv:001116
movement-data.csv:001117,run sec4229 bpm163 mi8.28 11639 steps 906kcal elev160.02m,[],"{""activityName"":""Run"",""averageHeartRate"":163,""kcal"":906,""distance"":13.33,""distanceUnit"":""km"",""duration"":4229000,""elevationGain"":160.02,""pace"":317.36,""speed"":11.34,""steps"":11639}",movement-data.csv:001117
movement-data.csv:001118,run 1h 12min 39sec 6.78 mi,[],"{""activityName"":""Run"",""distance"":10.91,""distanceUnit"":""km"",""duration"":4359000,""pace"":399.49,""speed"":9.01}",movement-data.csv:001118
movement-data.csv:001119,run 140hr 83.3 kcal833 km11.31,[],"{""activityName"":""Run"",""averageHeartRate"":140,""kcal"":833,""distance"":11.31,""distanceUnit"":""km"",""duration"":4998000,""pace"":441.91,""speed"":8.15}",movement-data.csv:001119
movement-data.csv:001120,run m10030 146 bpm 625kcal min56,[],"{""activityName"":""Run"",""averageHeartRate"":146,""kcal"":625,""distance"":10.03,""distanceUnit"":""km"",""duration"":3360000,""pace"":335,""speed"":10.75}",movement-data.csv:001120
movement-data.csv:001121,walk kcal147 5.03m gain 1587sec,[],"{""activityName"":""Walk"",""kcal"":147,""duration"":1587000,""elevationGain"":5.03}",movement-data.csv:001121
movement-data.csv:001122,treadmill mi3.07 1h4m2s,[],"{""activityName"":""Treadmill"",""distance"":4.94,""distanceUnit"":""km"",""duration"":3842000,""pace"":777.62,""speed"":4.63}",movement-data.csv:001122
movement-data.csv:001123,walk 21m20s kcal178,[],"{""activityName"":""Walk"",""kcal"":178,""duration"":1280000}",movement-data.csv:001123
movement-data.csv:001124,run 1780m 15.2 224kcal,[],"{""activityName"":""Run"",""kcal"":224,""distance"":1.78,""distanceUnit"":""km"",""duration"":912000,""pace"":512.36,""speed"":7.03}",movement-data.csv:001124
movement-data.csv:001125,treadmill kcal626 41min 3.16 mi,[],"{""activityName"":""Treadmill"",""kcal"":626,""distance"":5.09,""distanceUnit"":""km"",""duration"":2460000,""pace"":483.73,""speed"":7.44}",movement-data.csv:001125
movement-data.csv:001126,walk hr150 min20 2101 steps,[],"{""activityName"":""Walk"",""averageHeartRate"":150,""duration"":1200000,""steps"":2101}",movement-data.csv:001126
movement-data.csv:001127,walk min27 57.91m gain kcal254 96b,[],"{""activityName"":""Walk"",""averageHeartRate"":96,""kcal"":254,""duration"":1620000,""elevationGain"":57.91}",movement-data.csv:001127
movement-data.csv:001128,walk 96hr steps1317 20m28s kcal149,[],"{""activityName"":""Walk"",""averageHeartRate"":96,""kcal"":149,""duration"":1228000,""steps"":1317}",movement-data.csv:001128
movement-data.csv:001129,treadmill 63.3 159bpm m6590,[],"{""activityName"":""Treadmill"",""averageHeartRate"":159,""distance"":6.59,""distanceUnit"":""km"",""duration"":3798000,""pace"":576.33,""speed"":6.25}",movement-data.csv:001129
movement-data.csv:001130,walk 2295steps 23.1min kcal233,[],"{""activityName"":""Walk"",""kcal"":233,""duration"":1386000,""steps"":2295}",movement-data.csv:001130
movement-data.csv:001131,walk kcal196 2446 steps bpm106 21min 20sec,[],"{""activityName"":""Walk"",""averageHeartRate"":106,""kcal"":196,""duration"":1280000,""steps"":2446}",movement-data.csv:001131
movement-data.csv:001132,walk kcal253 25min 36sec +85.34m,[],"{""activityName"":""Walk"",""kcal"":253,""duration"":1536000,""elevationGain"":85.34}",movement-data.csv:001132
movement-data.csv:001133,treadmill 0kcal 71min bpm78,[],"{""activityName"":""Treadmill"",""averageHeartRate"":78,""kcal"":0,""duration"":4260000}",movement-data.csv:001133
movement-data.csv:001134,walk 1741sec kcal234,[],"{""activityName"":""Walk"",""kcal"":234,""duration"":1741000}",movement-data.csv:001134
movement-data.csv:001135,run 11.83km 133bpm 1h 44min 59sec,[],"{""activityName"":""Run"",""averageHeartRate"":133,""distance"":11.83,""distanceUnit"":""km"",""duration"":6299000,""pace"":532.46,""speed"":6.76}",movement-data.csv:001135
movement-data.csv:001136,run up1.83m km5.79 780kcal 7.76ksteps avg157 50.5min,[],"{""activityName"":""Run"",""averageHeartRate"":157,""kcal"":780,""distance"":5.79,""distanceUnit"":""km"",""duration"":3030000,""elevationGain"":1.83,""pace"":523.32,""speed"":6.88,""steps"":7760}",movement-data.csv:001136
movement-data.csv:001137,walk 22 min avg100,[],"{""activityName"":""Walk"",""averageHeartRate"":100,""duration"":1320000}",movement-data.csv:001137
movement-data.csv:001138,treadmill 51m55s 5.18m gain steps7144 km5.31,[],"{""activityName"":""Treadmill"",""distance"":5.31,""distanceUnit"":""km"",""duration"":3115000,""elevationGain"":5.18,""pace"":586.63,""speed"":6.14,""steps"":7144}",movement-data.csv:001138
movement-data.csv:001139,walk steps2.47k hr107 24m45s gain82.3m,[],"{""activityName"":""Walk"",""averageHeartRate"":107,""duration"":1485000,""elevationGain"":82.3,""steps"":2470}",movement-data.csv:001139
movement-data.csv:001140,run 1730m 1.9k steps 12.7min,[],"{""activityName"":""Run"",""distance"":1.73,""distanceUnit"":""km"",""duration"":762000,""pace"":440.46,""speed"":8.17,""steps"":1900}",movement-data.csv:001140
movement-data.csv:001141,aerobic workout avg123 43m31s kcal464,[],"{""activityName"":""Aerobic Workout"",""averageHeartRate"":123,""kcal"":464,""duration"":2611000}",movement-data.csv:001141
movement-data.csv:001142,run 0.91 mi 654sec 1527 steps,[],"{""activityName"":""Run"",""distance"":1.46,""distanceUnit"":""km"",""duration"":654000,""pace"":446.57,""speed"":8.06,""steps"":1527}",movement-data.csv:001142
movement-data.csv:001143,run k1.78 12m31s b147,[],"{""activityName"":""Run"",""averageHeartRate"":147,""distance"":1.78,""distanceUnit"":""km"",""duration"":751000,""pace"":421.91,""speed"":8.53}",movement-data.csv:001143
movement-data.csv:001144,run 45.2 avg164 6120 steps,[],"{""activityName"":""Run"",""averageHeartRate"":164,""duration"":2712000,""steps"":6120}",movement-data.csv:001144
movement-data.csv:001145,treadmill hr76 0kcal 0.1min,[],"{""activityName"":""Treadmill"",""averageHeartRate"":76,""kcal"":0,""duration"":6000}",movement-data.csv:001145
movement-data.csv:001146,walk 106 bpm 29 246kcal step2786,[],"{""activityName"":""Walk"",""averageHeartRate"":106,""kcal"":246,""duration"":1740000,""steps"":2786}",movement-data.csv:001146
movement-data.csv:001147,walk b92 217kcal 27min 19sec,[],"{""activityName"":""Walk"",""averageHeartRate"":92,""kcal"":217,""duration"":1639000}",movement-data.csv:001147
movement-data.csv:001148,run 12.4 1.07mi kcal174,[],"{""activityName"":""Run"",""kcal"":174,""distance"":1.72,""distanceUnit"":""km"",""duration"":744000,""pace"":432.06,""speed"":8.33}",movement-data.csv:001148
movement-data.csv:001149,treadmill 56min 10sec 4k 111hr 543kcal,[],"{""activityName"":""Treadmill"",""averageHeartRate"":111,""kcal"":543,""distance"":4,""distanceUnit"":""km"",""duration"":3370000,""pace"":842.5,""speed"":4.27}",movement-data.csv:001149
movement-data.csv:001150,run 744s kcal151 1.17mi 7.32m gain 1.84k steps avg132,[],"{""activityName"":""Run"",""averageHeartRate"":132,""kcal"":151,""distance"":1.88,""distanceUnit"":""km"",""duration"":744000,""elevationGain"":7.32,""pace"":395.13,""speed"":9.11,""steps"":1840}",movement-data.csv:001150
movement-data.csv:001151,run 4762s 1103kcal,[],"{""activityName"":""Run"",""kcal"":1103,""duration"":4762000}",movement-data.csv:001151
movement-data.csv:001152,walk 2.16ksteps 22min 11sec kcal167 hr99,[],"{""activityName"":""Walk"",""averageHeartRate"":99,""kcal"":167,""duration"":1331000,""steps"":2160}",movement-data.csv:001152
movement-data.csv:001153,run 59m29s gain6.1m,[],"{""activityName"":""Run"",""duration"":3569000,""elevationGain"":6.1}",movement-data.csv:001153
movement-data.csv:001154,treadmill steps9004 1h 10min 56sec kcal1001 7.26km,[],"{""activityName"":""Treadmill"",""kcal"":1001,""distance"":7.26,""distanceUnit"":""km"",""duration"":4256000,""pace"":586.23,""speed"":6.14,""steps"":9004}",movement-data.csv:001154
movement-data.csv:001155,walk 104b 32.4 kcal278 3238 steps,[],"{""activityName"":""Walk"",""averageHeartRate"":104,""kcal"":278,""duration"":1944000,""steps"":3238}",movement-data.csv:001155
movement-data.csv:001156,run 151bpm 9.3min kcal128,[],"{""activityName"":""Run"",""averageHeartRate"":151,""kcal"":128,""duration"":558000}",movement-data.csv:001156
movement-data.csv:001157,run 65kcal km0.7 7m50s up23.47m steps811 b115,[],"{""activityName"":""Run"",""averageHeartRate"":115,""kcal"":65,""distance"":0.7,""distanceUnit"":""km"",""duration"":470000,""elevationGain"":23.47,""pace"":671.43,""speed"":5.36,""steps"":811}",movement-data.csv:001157
movement-data.csv:001158,walk 24min +85.34m 242kcal,[],"{""activityName"":""Walk"",""kcal"":242,""duration"":1440000,""elevationGain"":85.34}",movement-data.csv:001158
movement-data.csv:001159,treadmill 1h16m29s 5.49 km 134bpm,[],"{""activityName"":""Treadmill"",""averageHeartRate"":134,""distance"":5.49,""distanceUnit"":""km"",""duration"":4589000,""pace"":835.88,""speed"":4.31}",movement-data.csv:001159
movement-data.csv:001160,walk steps1.12k 101 bpm sec973 kcal132,[],"{""activityName"":""Walk"",""averageHeartRate"":101,""kcal"":132,""duration"":973000,""steps"":1120}",movement-data.csv:001160
movement-data.csv:001161,walk 24m44s steps1.46k 163kcal,[],"{""activityName"":""Walk"",""kcal"":163,""duration"":1484000,""steps"":1460}",movement-data.csv:001161
movement-data.csv:001162,walk sec1331 183kcal 2308 steps,[],"{""activityName"":""Walk"",""kcal"":183,""duration"":1331000,""steps"":2308}",movement-data.csv:001162
movement-data.csv:001163,walk 27.3 109bpm steps2685 kcal252 6.1m gain,[],"{""activityName"":""Walk"",""averageHeartRate"":109,""kcal"":252,""duration"":1638000,""elevationGain"":6.1,""steps"":2685}",movement-data.csv:001163
movement-data.csv:001164,walk 32 min 91b,[],"{""activityName"":""Walk"",""averageHeartRate"":91,""duration"":1920000}",movement-data.csv:001164
movement-data.csv:001165,walk 1531 steps kcal146 b91 sec1178,[],"{""activityName"":""Walk"",""averageHeartRate"":91,""kcal"":146,""duration"":1178000,""steps"":1531}",movement-data.csv:001165
movement-data.csv:001166,run 12min 41sec step1875,[],"{""activityName"":""Run"",""duration"":761000,""steps"":1875}",movement-data.csv:001166
movement-data.csv:001167,treadmill 3636s hr133,[],"{""activityName"":""Treadmill"",""averageHeartRate"":133,""duration"":3636000}",movement-data.csv:001167
movement-data.csv:001168,run 955s 1.75 km,[],"{""activityName"":""Run"",""distance"":1.75,""distanceUnit"":""km"",""duration"":955000,""pace"":545.71,""speed"":6.6}",movement-data.csv:001168
movement-data.csv:001169,treadmill 1.52m gain 16.08ksteps 1448kcal 138hr 16570 m 1h50m17s,[],"{""activityName"":""Treadmill"",""averageHeartRate"":138,""kcal"":1448,""distance"":16.57,""distanceUnit"":""km"",""duration"":6617000,""elevationGain"":1.52,""pace"":399.34,""speed"":9.01,""steps"":16080}",movement-data.csv:001169
movement-data.csv:001170,run 1390 m 15.2min bpm107,[],"{""activityName"":""Run"",""averageHeartRate"":107,""distance"":1.39,""distanceUnit"":""km"",""duration"":912000,""pace"":656.12,""speed"":5.49}",movement-data.csv:001170
movement-data.csv:001171,walk bpm114 2.46k steps sec1485,[],"{""activityName"":""Walk"",""averageHeartRate"":114,""duration"":1485000,""steps"":2460}",movement-data.csv:001171
movement-data.csv:001172,walk 181kcal 22min,[],"{""activityName"":""Walk"",""kcal"":181,""duration"":1320000}",movement-data.csv:001172
movement-data.csv:001173,walk 2.69ksteps 26min 27sec 258kcal 101hr,[],"{""activityName"":""Walk"",""averageHeartRate"":101,""kcal"":258,""duration"":1587000,""steps"":2690}",movement-data.csv:001173
movement-data.csv:001174,walk 2.56k steps 27m18s,[],"{""activityName"":""Walk"",""duration"":1638000,""steps"":2560}",movement-data.csv:001174
movement-data.csv:001175,run 170kcal 12min 29sec 1.89ksteps 1.12 mi +75.9m 138hr,[],"{""activityName"":""Run"",""averageHeartRate"":138,""kcal"":170,""distance"":1.8,""distanceUnit"":""km"",""duration"":749000,""elevationGain"":75.9,""pace"":415.54,""speed"":8.66,""steps"":1890}",movement-data.csv:001175
movement-data.csv:001176,treadmill 140 bpm 3364s +5.49m steps7880 mi4.6 757kcal,[],"{""activityName"":""Treadmill"",""averageHeartRate"":140,""kcal"":757,""distance"":7.4,""distanceUnit"":""km"",""duration"":3364000,""elevationGain"":5.49,""pace"":454.41,""speed"":7.92,""steps"":7880}",movement-data.csv:001176
movement-data.csv:001177,walk 27 min kcal256 106bpm steps2530,[],"{""activityName"":""Walk"",""averageHeartRate"":106,""kcal"":256,""duration"":1620000,""steps"":2530}",movement-data.csv:001177
movement-data.csv:001178,walk kcal176 bpm105 steps2220 20m29s,[],"{""activityName"":""Walk"",""averageHeartRate"":105,""kcal"":176,""duration"":1229000,""steps"":2220}",movement-data.csv:001178
movement-data.csv:001179,treadmill 151bpm 757kcal 5.97 km step6606 gain10.36m min52,[],"{""activityName"":""Treadmill"",""averageHeartRate"":151,""kcal"":757,""distance"":5.97,""distanceUnit"":""km"",""duration"":3120000,""elevationGain"":10.36,""pace"":522.61,""speed"":6.89,""steps"":6606}",movement-data.csv:001179
movement-data.csv:001180,walk 28m10s kcal268 107bpm,[],"{""activityName"":""Walk"",""averageHeartRate"":107,""kcal"":268,""duration"":1690000}",movement-data.csv:001180
movement-data.csv:001181,run 13.1min 1.79 km,[],"{""activityName"":""Run"",""distance"":1.79,""distanceUnit"":""km"",""duration"":786000,""pace"":439.11,""speed"":8.2}",movement-data.csv:001181
movement-data.csv:001182,treadmill 4.9min 0.13 km,[],"{""activityName"":""Treadmill"",""distance"":0.13,""distanceUnit"":""km"",""duration"":294000,""pace"":2261.54,""speed"":1.59}",movement-data.csv:001182
movement-data.csv:001183,aerobic workout 147bpm 2.18ksteps 253kcal 17m56s,[],"{""activityName"":""Aerobic Workout"",""averageHeartRate"":147,""kcal"":253,""duration"":1076000,""steps"":2180}",movement-data.csv:001183
movement-data.csv:001184,run 127bpm 11.8min 1870 m,[],"{""activityName"":""Run"",""averageHeartRate"":127,""distance"":1.87,""distanceUnit"":""km"",""duration"":708000,""pace"":378.61,""speed"":9.51}",movement-data.csv:001184
movement-data.csv:001185,walk 2.6ksteps 25min 36sec hr105 kcal244,[],"{""activityName"":""Walk"",""averageHeartRate"":105,""kcal"":244,""duration"":1536000,""steps"":2600}",movement-data.csv:001185
movement-data.csv:001186,treadmill 21 min b146 2.67km 2.89ksteps up0.31m kcal286,[],"{""activityName"":""Treadmill"",""averageHeartRate"":146,""kcal"":286,""distance"":2.67,""distanceUnit"":""km"",""duration"":1260000,""elevationGain"":0.31,""pace"":471.91,""speed"":7.63,""steps"":2890}",movement-data.csv:001186
movement-data.csv:001187,walk kcal145 avg98 18.8 1305 steps,[],"{""activityName"":""Walk"",""averageHeartRate"":98,""kcal"":145,""duration"":1128000,""steps"":1305}",movement-data.csv:001187
movement-data.csv:001188,walk steps2.39k kcal184 23min 54sec,[],"{""activityName"":""Walk"",""kcal"":184,""duration"":1434000,""steps"":2390}",movement-data.csv:001188
movement-data.csv:001189,aerobic workout 280kcal step2392 bpm126 25min 37sec,[],"{""activityName"":""Aerobic Workout"",""averageHeartRate"":126,""kcal"":280,""duration"":1537000,""steps"":2392}",movement-data.csv:001189
movement-data.csv:001190,sport kcal200 avg111 1558 steps min22,[],"{""activityName"":""Sport"",""averageHeartRate"":111,""kcal"":200,""duration"":1320000,""steps"":1558}",movement-data.csv:001190
movement-data.csv:001191,aerobic workout 232kcal 23m2s,[],"{""activityName"":""Aerobic Workout"",""kcal"":232,""duration"":1382000}",movement-data.csv:001191
movement-data.csv:001192,run 14.39 mi b153 2h9m12s,[],"{""activityName"":""Run"",""averageHeartRate"":153,""distance"":23.16,""distanceUnit"":""km"",""duration"":7752000,""pace"":334.74,""speed"":10.75}",movement-data.csv:001192
movement-data.csv:001193,run 1.44km 13.8,[],"{""activityName"":""Run"",""distance"":1.44,""distanceUnit"":""km"",""duration"":828000,""pace"":575,""speed"":6.26}",movement-data.csv:001193
movement-data.csv:001194,run min26 126 bpm 26.82m gain kcal301,[],"{""activityName"":""Run"",""averageHeartRate"":126,""kcal"":301,""duration"":1560000,""elevationGain"":26.82}",movement-data.csv:001194
movement-data.csv:001195,treadmill k8.85 148b 1h14m16s kcal1032,[],"{""activityName"":""Treadmill"",""averageHeartRate"":148,""kcal"":1032,""distance"":8.85,""distanceUnit"":""km"",""duration"":4456000,""pace"":503.5,""speed"":7.15}",movement-data.csv:001195
movement-data.csv:001196,treadmill kcal840 elev1.52m 5.63 km 3895s,[],"{""activityName"":""Treadmill"",""kcal"":840,""distance"":5.63,""distanceUnit"":""km"",""duration"":3895000,""elevationGain"":1.52,""pace"":691.83,""speed"":5.2}",movement-data.csv:001196
movement-data.csv:001197,treadmill k4.92 39min 35sec,[],"{""activityName"":""Treadmill"",""distance"":4.92,""distanceUnit"":""km"",""duration"":2375000,""pace"":482.72,""speed"":7.46}",movement-data.csv:001197
movement-data.csv:001198,treadmill 1h 6min 4sec 6.89 km hr145,[],"{""activityName"":""Treadmill"",""averageHeartRate"":145,""distance"":6.89,""distanceUnit"":""km"",""duration"":3964000,""pace"":575.33,""speed"":6.26}",movement-data.csv:001198
movement-data.csv:001199,treadmill steps8010 719kcal 145bpm 7.78 km 3071s up1.22m,[],"{""activityName"":""Treadmill"",""averageHeartRate"":145,""kcal"":719,""distance"":7.78,""distanceUnit"":""km"",""duration"":3071000,""elevationGain"":1.22,""pace"":394.73,""speed"":9.12,""steps"":8010}",movement-data.csv:001199
movement-data.csv:001200,walk 15m21s kcal117 avg98 steps1.23k,[],"{""activityName"":""Walk"",""averageHeartRate"":98,""kcal"":117,""duration"":921000,""steps"":1230}",movement-data.csv:001200
movement-data.csv:001201,sport 107b 1h 48min 23sec step6109 kcal878,[],"{""activityName"":""Sport"",""averageHeartRate"":107,""kcal"":878,""duration"":6503000,""steps"":6109}",movement-data.csv:001201
movement-data.csv:001202,sport 102bpm kcal115 15.4min 830 steps,[],"{""activityName"":""Sport"",""averageHeartRate"":102,""kcal"":115,""duration"":924000,""steps"":830}",movement-data.csv:001202
movement-data.csv:001203,walk 96 bpm 1661steps kcal138 16min 13sec,[],"{""activityName"":""Walk"",""averageHeartRate"":96,""kcal"":138,""duration"":973000,""steps"":1661}",movement-data.csv:001203
movement-data.csv:001204,run 10.99 km 74min hr138,[],"{""activityName"":""Run"",""averageHeartRate"":138,""distance"":10.99,""distanceUnit"":""km"",""duration"":4440000,""pace"":404,""speed"":8.91}",movement-data.csv:001204
movement-data.csv:001205,walk 23.1 1.57k steps 165kcal,[],"{""activityName"":""Walk"",""kcal"":165,""duration"":1386000,""steps"":1570}",movement-data.csv:001205
movement-data.csv:001206,sport 110bpm 783kcal 1h 28min 44sec,[],"{""activityName"":""Sport"",""averageHeartRate"":110,""kcal"":783,""duration"":5324000}",movement-data.csv:001206
movement-data.csv:001207,walk 16min 13sec 1.68ksteps kcal153,[],"{""activityName"":""Walk"",""kcal"":153,""duration"":973000,""steps"":1680}",movement-data.csv:001207
movement-data.csv:001208,run km6.9 612kcal +57.3m 6936 steps 44m18s 142b,[],"{""activityName"":""Run"",""averageHeartRate"":142,""kcal"":612,""distance"":6.9,""distanceUnit"":""km"",""duration"":2658000,""elevationGain"":57.3,""pace"":385.22,""speed"":9.35,""steps"":6936}",movement-data.csv:001208
movement-data.csv:001209,treadmill steps11.96k 7.18mi 1h21m48s,[],"{""activityName"":""Treadmill"",""distance"":11.56,""distanceUnit"":""km"",""duration"":4908000,""pace"":424.75,""speed"":8.48,""steps"":11960}",movement-data.csv:001209
movement-data.csv:001210,swim pool 25m 15min 22sec 112kcal laps23,[],"{""activityName"":""Swim"",""kcal"":112,""distance"":0.58,""distanceUnit"":""km"",""duration"":922000,""pace"":1603.48,""poolLength"":25,""poolLengthUnit"":""m"",""speed"":2.25,""swimLengths"":23}",movement-data.csv:001210
movement-data.csv:001211,treadmill 36.7min mi3.42 kcal571,[],"{""activityName"":""Treadmill"",""kcal"":571,""distance"":5.5,""distanceUnit"":""km"",""duration"":2202000,""pace"":400.08,""speed"":9}",movement-data.csv:001211
movement-data.csv:001212,walk 98 bpm kcal142 17.1 step1657,[],"{""activityName"":""Walk"",""averageHeartRate"":98,""kcal"":142,""duration"":1026000,""steps"":1657}",movement-data.csv:001212
movement-data.csv:001213,run bpm156 3087s 6.19mi,[],"{""activityName"":""Run"",""averageHeartRate"":156,""distance"":9.96,""distanceUnit"":""km"",""duration"":3087000,""pace"":309.88,""speed"":11.62}",movement-data.csv:001213
movement-data.csv:001214,treadmill 1h5m10s 8942steps,[],"{""activityName"":""Treadmill"",""duration"":3910000,""steps"":8942}",movement-data.csv:001214
movement-data.csv:001215,treadmill 4s 0kcal,[],"{""activityName"":""Treadmill"",""kcal"":0,""duration"":4000}",movement-data.csv:001215
movement-data.csv:001216,run steps8.84k 6.79mi gain74.07m 750kcal 3369sec 134bpm,[],"{""activityName"":""Run"",""averageHeartRate"":134,""kcal"":750,""distance"":10.93,""distanceUnit"":""km"",""duration"":3369000,""elevationGain"":74.07,""pace"":308.31,""speed"":11.68,""steps"":8840}",movement-data.csv:001216
movement-data.csv:001217,treadmill 2.57mi b151 31.8min,[],"{""activityName"":""Treadmill"",""averageHeartRate"":151,""distance"":4.14,""distanceUnit"":""km"",""duration"":1908000,""pace"":461.31,""speed"":7.8}",movement-data.csv:001217
movement-data.csv:001218,walk 1.61ksteps 22min 11sec 199kcal +36.58m,[],"{""activityName"":""Walk"",""kcal"":199,""duration"":1331000,""elevationGain"":36.58,""steps"":1610}",movement-data.csv:001218
movement-data.csv:001219,aerobic workout 1h1m27s 509kcal 3.68k steps bpm107,[],"{""activityName"":""Aerobic Workout"",""averageHeartRate"":107,""kcal"":509,""duration"":3687000,""steps"":3680}",movement-data.csv:001219
movement-data.csv:001220,walk 3380s steps5.26k bpm100,[],"{""activityName"":""Walk"",""averageHeartRate"":100,""duration"":3380000,""steps"":5260}",movement-data.csv:001220
movement-data.csv:001221,run 6535 steps km7.13 41.6,[],"{""activityName"":""Run"",""distance"":7.13,""distanceUnit"":""km"",""duration"":2496000,""pace"":350.07,""speed"":10.28,""steps"":6535}",movement-data.csv:001221
movement-data.csv:001222,run 46m26s 150b 684kcal 4.95mi,[],"{""activityName"":""Run"",""averageHeartRate"":150,""kcal"":684,""distance"":7.97,""distanceUnit"":""km"",""duration"":2786000,""pace"":349.73,""speed"":10.29}",movement-data.csv:001222
movement-data.csv:001223,walk 102b kcal170 9.14m gain 1280sec,[],"{""activityName"":""Walk"",""averageHeartRate"":102,""kcal"":170,""duration"":1280000,""elevationGain"":9.14}",movement-data.csv:001223
movement-data.csv:001224,walk kcal152 18m46s,[],"{""activityName"":""Walk"",""kcal"":152,""duration"":1126000}",movement-data.csv:001224
movement-data.csv:001225,run +119.18m 1h35m19s 1647kcal step14715 avg180 16.17km,[],"{""activityName"":""Run"",""averageHeartRate"":180,""kcal"":1647,""distance"":16.17,""distanceUnit"":""km"",""duration"":5719000,""elevationGain"":119.18,""pace"":353.68,""speed"":10.18,""steps"":14715}",movement-data.csv:001225
movement-data.csv:001226,run 12min 3sec 1.13mi steps1.85k elev77.11m 136b kcal159,[],"{""activityName"":""Run"",""averageHeartRate"":136,""kcal"":159,""distance"":1.82,""distanceUnit"":""km"",""duration"":723000,""elevationGain"":77.11,""pace"":397.57,""speed"":9.06,""steps"":1850}",movement-data.csv:001226
movement-data.csv:001227,treadmill 5.42km 4290s,[],"{""activityName"":""Treadmill"",""distance"":5.42,""distanceUnit"":""km"",""duration"":4290000,""pace"":791.51,""speed"":4.55}",movement-data.csv:001227
movement-data.csv:001228,run 12min 45sec b142 1.13 mi 178kcal,[],"{""activityName"":""Run"",""averageHeartRate"":142,""kcal"":178,""distance"":1.82,""distanceUnit"":""km"",""duration"":765000,""pace"":420.66,""speed"":8.56}",movement-data.csv:001228
movement-data.csv:001229,treadmill 3.51 km 113bpm 3016sec,[],"{""activityName"":""Treadmill"",""averageHeartRate"":113,""distance"":3.51,""distanceUnit"":""km"",""duration"":3016000,""pace"":859.26,""speed"":4.19}",movement-data.csv:001229
movement-data.csv:001230,run 9501steps 64.5min,[],"{""activityName"":""Run"",""duration"":3870000,""steps"":9501}",movement-data.csv:001230
movement-data.csv:001231,treadmill 796kcal 6060m 1h1m30s,[],"{""activityName"":""Treadmill"",""kcal"":796,""distance"":6.06,""distanceUnit"":""km"",""duration"":3690000,""pace"":608.91,""speed"":5.91}",movement-data.csv:001231
movement-data.csv:001232,run 8850 m 3235sec,[],"{""activityName"":""Run"",""distance"":8.85,""distanceUnit"":""km"",""duration"":3235000,""pace"":365.54,""speed"":9.85}",movement-data.csv:001232
movement-data.csv:001233,treadmill elev2.74m hr135 1h 12min 35sec 904kcal 6802 steps 3.18mi,[],"{""activityName"":""Treadmill"",""averageHeartRate"":135,""kcal"":904,""distance"":5.12,""distanceUnit"":""km"",""duration"":4355000,""elevationGain"":2.74,""pace"":850.97,""speed"":4.23,""steps"":6802}",movement-data.csv:001233
movement-data.csv:001234,aerobic workout kcal695 63 min,[],"{""activityName"":""Aerobic Workout"",""kcal"":695,""duration"":3780000}",movement-data.csv:001234
movement-data.csv:001235,walk 94bpm kcal183 1331sec,[],"{""activityName"":""Walk"",""averageHeartRate"":94,""kcal"":183,""duration"":1331000}",movement-data.csv:001235
movement-data.csv:001236,walk 1485sec 204kcal 18.29m gain avg89 2.45k steps,[],"{""activityName"":""Walk"",""averageHeartRate"":89,""kcal"":204,""duration"":1485000,""elevationGain"":18.29,""steps"":2450}",movement-data.csv:001236
movement-data.csv:001237,walk up18.29m 23.1min avg84 kcal185,[],"{""activityName"":""Walk"",""averageHeartRate"":84,""kcal"":185,""duration"":1386000,""elevationGain"":18.29}",movement-data.csv:001237
movement-data.csv:001238,run 139hr 753s 183kcal,[],"{""activityName"":""Run"",""averageHeartRate"":139,""kcal"":183,""duration"":753000}",movement-data.csv:001238
movement-data.csv:001239,treadmill 1380kcal step9680 2h49m4s,[],"{""activityName"":""Treadmill"",""kcal"":1380,""duration"":10144000,""steps"":9680}",movement-data.csv:001239
movement-data.csv:001240,walk steps2.52k 25min 243kcal,[],"{""activityName"":""Walk"",""kcal"":243,""duration"":1500000,""steps"":2520}",movement-data.csv:001240
movement-data.csv:001241,walk 18.8min 190kcal b112 elev12.19m,[],"{""activityName"":""Walk"",""averageHeartRate"":112,""kcal"":190,""duration"":1128000,""elevationGain"":12.19}",movement-data.csv:001241
movement-data.csv:001242,run up75.9m 13 min 177kcal 1750m,[],"{""activityName"":""Run"",""kcal"":177,""distance"":1.75,""distanceUnit"":""km"",""duration"":780000,""elevationGain"":75.9,""pace"":445.71,""speed"":8.08}",movement-data.csv:001242
movement-data.csv:001243,aerobic workout 55.5 kcal540 b114 steps5.09k,[],"{""activityName"":""Aerobic Workout"",""averageHeartRate"":114,""kcal"":540,""duration"":3330000,""steps"":5090}",movement-data.csv:001243
movement-data.csv:001244,sport 23min kcal177 avg100 1060 steps,[],"{""activityName"":""Sport"",""averageHeartRate"":100,""kcal"":177,""duration"":1380000,""steps"":1060}",movement-data.csv:001244
movement-data.csv:001245,sport 651kcal avg112 72.5 2.73ksteps,[],"{""activityName"":""Sport"",""averageHeartRate"":112,""kcal"":651,""duration"":4350000,""steps"":2730}",movement-data.csv:001245
movement-data.csv:001246,sport kcal207 step874 min20,[],"{""activityName"":""Sport"",""kcal"":207,""duration"":1200000,""steps"":874}",movement-data.csv:001246
movement-data.csv:001247,run 10.22 km 3669sec kcal776 gain102.11m,[],"{""activityName"":""Run"",""kcal"":776,""distance"":10.22,""distanceUnit"":""km"",""duration"":3669000,""elevationGain"":102.11,""pace"":359,""speed"":10.03}",movement-data.csv:001247
movement-data.csv:001248,run steps1594 kcal164 685sec elev74.37m 154bpm km1.6,[],"{""activityName"":""Run"",""averageHeartRate"":154,""kcal"":164,""distance"":1.6,""distanceUnit"":""km"",""duration"":685000,""elevationGain"":74.37,""pace"":428.13,""speed"":8.41,""steps"":1594}",movement-data.csv:001248
movement-data.csv:001249,treadmill up1.83m steps6.2k 1h4m50s,[],"{""activityName"":""Treadmill"",""duration"":3890000,""elevationGain"":1.83,""steps"":6200}",movement-data.csv:001249
movement-data.csv:001250,run elev14.63m 1604 steps 11min 1.11mi,[],"{""activityName"":""Run"",""distance"":1.79,""distanceUnit"":""km"",""duration"":660000,""elevationGain"":14.63,""pace"":369.46,""speed"":9.74,""steps"":1604}",movement-data.csv:001250
movement-data.csv:001251,run 23m37s step2208 gain80.47m 1960 m 227kcal b139,[],"{""activityName"":""Run"",""averageHeartRate"":139,""kcal"":227,""distance"":1.96,""distanceUnit"":""km"",""duration"":1417000,""elevationGain"":80.47,""pace"":722.96,""speed"":4.98,""steps"":2208}",movement-data.csv:001251
movement-data.csv:001252,treadmill +4.57m 47min 9sec 7.13 km,[],"{""activityName"":""Treadmill"",""distance"":7.13,""distanceUnit"":""km"",""duration"":2829000,""elevationGain"":4.57,""pace"":396.77,""speed"":9.07}",movement-data.csv:001252
movement-data.csv:001253,run 10min 1.52ksteps +12.19m 1.79 km 131kcal 144hr,[],"{""activityName"":""Run"",""averageHeartRate"":144,""kcal"":131,""distance"":1.79,""distanceUnit"":""km"",""duration"":600000,""elevationGain"":12.19,""pace"":335.2,""speed"":10.74,""steps"":1520}",movement-data.csv:001253
movement-data.csv:001254,walk 105bpm 29 kcal261 steps2.86k,[],"{""activityName"":""Walk"",""averageHeartRate"":105,""kcal"":261,""duration"":1740000,""steps"":2860}",movement-data.csv:001254
movement-data.csv:001255,treadmill kcal1062 9.27 km 89.3,[],"{""activityName"":""Treadmill"",""kcal"":1062,""distance"":9.27,""distanceUnit"":""km"",""duration"":5358000,""pace"":577.99,""speed"":6.23}",movement-data.csv:001255
movement-data.csv:001256,run 1.85km 178kcal 137b 1940steps sec895 gain79.25m,[],"{""activityName"":""Run"",""averageHeartRate"":137,""kcal"":178,""distance"":1.85,""distanceUnit"":""km"",""duration"":895000,""elevationGain"":79.25,""pace"":483.78,""speed"":7.44,""steps"":1940}",movement-data.csv:001256
movement-data.csv:001257,treadmill m810 13.4min,[],"{""activityName"":""Treadmill"",""distance"":0.81,""distanceUnit"":""km"",""duration"":804000,""pace"":992.59,""speed"":3.63}",movement-data.csv:001257
movement-data.csv:001258,treadmill 1h 8min 29sec 4960 m,[],"{""activityName"":""Treadmill"",""distance"":4.96,""distanceUnit"":""km"",""duration"":4109000,""pace"":828.43,""speed"":4.35}",movement-data.csv:001258
movement-data.csv:001259,run 11.2min 134b steps1.62k,[],"{""activityName"":""Run"",""averageHeartRate"":134,""duration"":672000,""steps"":1620}",movement-data.csv:001259
movement-data.csv:001260,sport 228kcal 21min 1500steps 107bpm,[],"{""activityName"":""Sport"",""averageHeartRate"":107,""kcal"":228,""duration"":1260000,""steps"":1500}",movement-data.csv:001260
movement-data.csv:001261,walk 1332sec step2259 hr107,[],"{""activityName"":""Walk"",""averageHeartRate"":107,""duration"":1332000,""steps"":2259}",movement-data.csv:001261
movement-data.csv:001262,walk up21.34m 21m20s steps2.43k 187kcal,[],"{""activityName"":""Walk"",""kcal"":187,""duration"":1280000,""elevationGain"":21.34,""steps"":2430}",movement-data.csv:001262
movement-data.csv:001263,run hr138 kcal169 1.83k 13.3min,[],"{""activityName"":""Run"",""averageHeartRate"":138,""kcal"":169,""distance"":1.83,""distanceUnit"":""km"",""duration"":798000,""pace"":436.07,""speed"":8.26}",movement-data.csv:001263
movement-data.csv:001264,treadmill 69 119hr 4.35 km,[],"{""activityName"":""Treadmill"",""averageHeartRate"":119,""distance"":4.35,""distanceUnit"":""km"",""duration"":4140000,""pace"":951.72,""speed"":3.78}",movement-data.csv:001264
movement-data.csv:001265,walk 1537sec +88.39m steps2.4k,[],"{""activityName"":""Walk"",""duration"":1537000,""elevationGain"":88.39,""steps"":2400}",movement-data.csv:001265
movement-data.csv:001266,walk kcal135 16.2min hr105,[],"{""activityName"":""Walk"",""averageHeartRate"":105,""kcal"":135,""duration"":972000}",movement-data.csv:001266
movement-data.csv:001267,run steps8.99k 5.99 mi 1h27m40s bpm131,[],"{""activityName"":""Run"",""averageHeartRate"":131,""distance"":9.64,""distanceUnit"":""km"",""duration"":5260000,""pace"":545.64,""speed"":6.6,""steps"":8990}",movement-data.csv:001267
movement-data.csv:001268,walk 105b 15.3min 125kcal,[],"{""activityName"":""Walk"",""averageHeartRate"":105,""kcal"":125,""duration"":918000}",movement-data.csv:001268
movement-data.csv:001269,walk 15min 22sec steps936 98b,[],"{""activityName"":""Walk"",""averageHeartRate"":98,""duration"":922000,""steps"":936}",movement-data.csv:001269
movement-data.csv:001270,run 86kcal 134b 6m32s km1.05 gain0.31m step956,[],"{""activityName"":""Run"",""averageHeartRate"":134,""kcal"":86,""distance"":1.05,""distanceUnit"":""km"",""duration"":392000,""elevationGain"":0.31,""pace"":373.33,""speed"":9.64,""steps"":956}",movement-data.csv:001270
movement-data.csv:001271,sport 90min hr128,[],"{""activityName"":""Sport"",""averageHeartRate"":128,""duration"":5400000}",movement-data.csv:001271
movement-data.csv:001272,run up78.94m 18min 6sec,[],"{""activityName"":""Run"",""duration"":1086000,""elevationGain"":78.94}",movement-data.csv:001272
movement-data.csv:001273,run 1410m 14.5min,[],"{""activityName"":""Run"",""distance"":1.41,""distanceUnit"":""km"",""duration"":870000,""pace"":617.02,""speed"":5.83}",movement-data.csv:001273
movement-data.csv:001274,run avg126 10min 59sec,[],"{""activityName"":""Run"",""averageHeartRate"":126,""duration"":659000}",movement-data.csv:001274
movement-data.csv:001275,treadmill 1390kcal 8312sec 131b 9.58 km,[],"{""activityName"":""Treadmill"",""averageHeartRate"":131,""kcal"":1390,""distance"":9.58,""distanceUnit"":""km"",""duration"":8312000,""pace"":867.64,""speed"":4.15}",movement-data.csv:001275
movement-data.csv:001276,treadmill km6.78 604kcal 6.81k steps 45m31s,[],"{""activityName"":""Treadmill"",""kcal"":604,""distance"":6.78,""distanceUnit"":""km"",""duration"":2731000,""pace"":402.8,""speed"":8.94,""steps"":6810}",movement-data.csv:001276
movement-data.csv:001277,walk 1792s 256kcal 102bpm elev27.43m,[],"{""activityName"":""Walk"",""averageHeartRate"":102,""kcal"":256,""duration"":1792000,""elevationGain"":27.43}",movement-data.csv:001277
movement-data.csv:001278,treadmill 1h 3min 47sec m7880 up34.75m 8245 steps kcal830 147bpm,[],"{""activityName"":""Treadmill"",""averageHeartRate"":147,""kcal"":830,""distance"":7.88,""distanceUnit"":""km"",""duration"":3827000,""elevationGain"":34.75,""pace"":485.66,""speed"":7.41,""steps"":8245}",movement-data.csv:001278
movement-data.csv:001279,walk kcal163 20min 2139steps bpm106,[],"{""activityName"":""Walk"",""averageHeartRate"":106,""kcal"":163,""duration"":1200000,""steps"":2139}",movement-data.csv:001279
movement-data.csv:001280,run 1770m steps1736 12m40s up73.46m,[],"{""activityName"":""Run"",""distance"":1.77,""distanceUnit"":""km"",""duration"":760000,""elevationGain"":73.46,""pace"":429.38,""speed"":8.38,""steps"":1736}",movement-data.csv:001280
movement-data.csv:001281,treadmill 1.41mi sec2193 379kcal,[],"{""activityName"":""Treadmill"",""kcal"":379,""distance"":2.27,""distanceUnit"":""km"",""duration"":2193000,""pace"":966.43,""speed"":3.73}",movement-data.csv:001281
movement-data.csv:001282,run 10min 3sec 1.05 mi 129kcal,[],"{""activityName"":""Run"",""kcal"":129,""distance"":1.69,""distanceUnit"":""km"",""duration"":603000,""pace"":356.84,""speed"":10.09}",movement-data.csv:001282
movement-data.csv:001283,run 10min 57sec 75.9m gain 1.77 km kcal155,[],"{""activityName"":""Run"",""kcal"":155,""distance"":1.77,""distanceUnit"":""km"",""duration"":657000,""elevationGain"":75.9,""pace"":371.19,""speed"":9.7}",movement-data.csv:001283
movement-data.csv:001284,treadmill bpm154 1h 11min 33sec 9154steps km9.33,[],"{""activityName"":""Treadmill"",""averageHeartRate"":154,""distance"":9.33,""distanceUnit"":""km"",""duration"":4293000,""pace"":460.13,""speed"":7.82,""steps"":9154}",movement-data.csv:001284
movement-data.csv:001285,run 1.35km kcal95 8.4,[],"{""activityName"":""Run"",""kcal"":95,""distance"":1.35,""distanceUnit"":""km"",""duration"":504000,""pace"":373.33,""speed"":9.64}",movement-data.csv:001285
movement-data.csv:001286,run b143 42min 584kcal k8.11,[],"{""activityName"":""Run"",""averageHeartRate"":143,""kcal"":584,""distance"":8.11,""distanceUnit"":""km"",""duration"":2520000,""pace"":310.73,""speed"":11.59}",movement-data.csv:001286
movement-data.csv:001287,walk steps2.15k 205kcal 21min 20sec elev81.79m 110 bpm,[],"{""activityName"":""Walk"",""averageHeartRate"":110,""kcal"":205,""duration"":1280000,""elevationGain"":81.79,""steps"":2150}",movement-data.csv:001287
movement-data.csv:001288,treadmill steps4656 56min 32sec 761kcal m3510 b153 elev1.83m,[],"{""activityName"":""Treadmill"",""averageHeartRate"":153,""kcal"":761,""distance"":3.51,""distanceUnit"":""km"",""duration"":3392000,""elevationGain"":1.83,""pace"":966.38,""speed"":3.73,""steps"":4656}",movement-data.csv:001288
movement-data.csv:001289,walk 182kcal 21min 20sec 108hr gain9.14m 2.32k steps,[],"{""activityName"":""Walk"",""averageHeartRate"":108,""kcal"":182,""duration"":1280000,""elevationGain"":9.14,""steps"":2320}",movement-data.csv:001289
movement-data.csv:001290,run km1.96 1969 steps 1426s,[],"{""activityName"":""Run"",""distance"":1.96,""distanceUnit"":""km"",""duration"":1426000,""pace"":727.55,""speed"":4.95,""steps"":1969}",movement-data.csv:001290
movement-data.csv:001291,run 3168s 9.75k,[],"{""activityName"":""Run"",""distance"":9.75,""distanceUnit"":""km"",""duration"":3168000,""pace"":324.92,""speed"":11.08}",movement-data.csv:001291
movement-data.csv:001292,aerobic workout step12119 b116 1301kcal 2h 7min 9sec,[],"{""activityName"":""Aerobic Workout"",""averageHeartRate"":116,""kcal"":1301,""duration"":7629000,""steps"":12119}",movement-data.csv:001292
movement-data.csv:001293,treadmill 1254kcal 160.6 k10.35,[],"{""activityName"":""Treadmill"",""kcal"":1254,""distance"":10.35,""distanceUnit"":""km"",""duration"":9636000,""pace"":931.01,""speed"":3.87}",movement-data.csv:001293
movement-data.csv:001294,run steps8.25k 8.84 km 857kcal 1h22m19s,[],"{""activityName"":""Run"",""kcal"":857,""distance"":8.84,""distanceUnit"":""km"",""duration"":4939000,""pace"":558.71,""speed"":6.44,""steps"":8250}",movement-data.csv:001294
movement-data.csv:001295,run 127b kcal106 12.6 mi0.71,[],"{""activityName"":""Run"",""averageHeartRate"":127,""kcal"":106,""distance"":1.14,""distanceUnit"":""km"",""duration"":756000,""pace"":661.63,""speed"":5.44}",movement-data.csv:001295
movement-data.csv:001296,treadmill 100.6 km8.59 up1.22m kcal807 143b step9122,[],"{""activityName"":""Treadmill"",""averageHeartRate"":143,""kcal"":807,""distance"":8.59,""distanceUnit"":""km"",""duration"":6036000,""elevationGain"":1.22,""pace"":702.68,""speed"":5.12,""steps"":9122}",movement-data.csv:001296
movement-data.csv:001297,run m390 3.9,[],"{""activityName"":""Run"",""distance"":0.39,""distanceUnit"":""km"",""duration"":234000,""pace"":600,""speed"":6}",movement-data.csv:001297
movement-data.csv:001298,walk avg109 2357steps 1485s,[],"{""activityName"":""Walk"",""averageHeartRate"":109,""duration"":1485000,""steps"":2357}",movement-data.csv:001298
movement-data.csv:001299,treadmill kcal702 50.5min step7693,[],"{""activityName"":""Treadmill"",""kcal"":702,""duration"":3030000,""steps"":7693}",movement-data.csv:001299
movement-data.csv:001300,treadmill m3360 3251steps 44.4,[],"{""activityName"":""Treadmill"",""distance"":3.36,""distanceUnit"":""km"",""duration"":2664000,""pace"":792.86,""speed"":4.54,""steps"":3251}",movement-data.csv:001300
movement-data.csv:001301,run up58.52m 1.87 km sec1101 hr120,[],"{""activityName"":""Run"",""averageHeartRate"":120,""distance"":1.87,""distanceUnit"":""km"",""duration"":1101000,""elevationGain"":58.52,""pace"":588.77,""speed"":6.11}",movement-data.csv:001301
movement-data.csv:001302,walk 47.8min 358kcal steps4.06k,[],"{""activityName"":""Walk"",""kcal"":358,""duration"":2868000,""steps"":4060}",movement-data.csv:001302
movement-data.csv:001303,run 1.94km 15.2min 1978steps b134,[],"{""activityName"":""Run"",""averageHeartRate"":134,""distance"":1.94,""distanceUnit"":""km"",""duration"":912000,""pace"":470.1,""speed"":7.66,""steps"":1978}",movement-data.csv:001303
movement-data.csv:001304,treadmill kcal1470 127bpm min136 10940m,[],"{""activityName"":""Treadmill"",""averageHeartRate"":127,""kcal"":1470,""distance"":10.94,""distanceUnit"":""km"",""duration"":8160000,""pace"":745.89,""speed"":4.83}",movement-data.csv:001304
movement-data.csv:001305,run 16.5 1.5 km kcal137 up9.14m step1618 128 bpm,[],"{""activityName"":""Run"",""averageHeartRate"":128,""kcal"":137,""distance"":1.5,""distanceUnit"":""km"",""duration"":990000,""elevationGain"":9.14,""pace"":660,""speed"":5.45,""steps"":1618}",movement-data.csv:001305
movement-data.csv:001306,walk steps7.54k 82.8min elev6.1m kcal661,[],"{""activityName"":""Walk"",""kcal"":661,""duration"":4968000,""elevationGain"":6.1,""steps"":7540}",movement-data.csv:001306
movement-data.csv:001307,treadmill 56.9 +7.01m km7.28 steps7481 b152 kcal809,[],"{""activityName"":""Treadmill"",""averageHeartRate"":152,""kcal"":809,""distance"":7.28,""distanceUnit"":""km"",""duration"":3414000,""elevationGain"":7.01,""pace"":468.96,""speed"":7.68,""steps"":7481}",movement-data.csv:001307
movement-data.csv:001308,walk 110hr 22m11s,[],"{""activityName"":""Walk"",""averageHeartRate"":110,""duration"":1331000}",movement-data.csv:001308
movement-data.csv:001309,treadmill k5.11 1h10m28s,[],"{""activityName"":""Treadmill"",""distance"":5.11,""distanceUnit"":""km"",""duration"":4228000,""pace"":827.4,""speed"":4.35}",movement-data.csv:001309
movement-data.csv:001310,walk 20.5 hr101 2178 steps kcal167,[],"{""activityName"":""Walk"",""averageHeartRate"":101,""kcal"":167,""duration"":1230000,""steps"":2178}",movement-data.csv:001310
movement-data.csv:001311,run 767kcal 58min,[],"{""activityName"":""Run"",""kcal"":767,""duration"":3480000}",movement-data.csv:001311
movement-data.csv:001312,walk steps1.84k 22.2min,[],"{""activityName"":""Walk"",""duration"":1332000,""steps"":1840}",movement-data.csv:001312
movement-data.csv:001313,treadmill up24.99m mi6.1 62min,[],"{""activityName"":""Treadmill"",""distance"":9.82,""distanceUnit"":""km"",""duration"":3720000,""elevationGain"":24.99,""pace"":378.93,""speed"":9.5}",movement-data.csv:001313
movement-data.csv:001314,treadmill steps10122 2h16m32s 1241kcal,[],"{""activityName"":""Treadmill"",""kcal"":1241,""duration"":8192000,""steps"":10122}",movement-data.csv:001314
movement-data.csv:001315,walk steps1177 kcal146 16.2 110b +30.48m,[],"{""activityName"":""Walk"",""averageHeartRate"":110,""kcal"":146,""duration"":972000,""elevationGain"":30.48,""steps"":1177}",movement-data.csv:001315
movement-data.csv:001316,walk 158kcal 1.87ksteps b105 19 min,[],"{""activityName"":""Walk"",""averageHeartRate"":105,""kcal"":158,""duration"":1140000,""steps"":1870}",movement-data.csv:001316
movement-data.csv:001317,run 10.86 km 9794 steps 92.6 avg124 up328.88m 993kcal,[],"{""activityName"":""Run"",""averageHeartRate"":124,""kcal"":993,""distance"":10.86,""distanceUnit"":""km"",""duration"":5556000,""elevationGain"":328.88,""pace"":511.6,""speed"":7.04,""steps"":9794}",movement-data.csv:001317
movement-data.csv:001318,aerobic workout 118hr 73.4 steps7036,[],"{""activityName"":""Aerobic Workout"",""averageHeartRate"":118,""duration"":4404000,""steps"":7036}",movement-data.csv:001318
movement-data.csv:001319,sport 113hr kcal478 48m15s,[],"{""activityName"":""Sport"",""averageHeartRate"":113,""kcal"":478,""duration"":2895000}",movement-data.csv:001319
movement-data.csv:001320,swim 1h 43min 16sec m3180 kcal713,[],"{""activityName"":""Swim"",""kcal"":713,""distance"":3.18,""distanceUnit"":""km"",""duration"":6196000,""pace"":1948.43,""speed"":1.85}",movement-data.csv:001320
movement-data.csv:001321,treadmill 4.58km kcal569 steps5185 47m17s,[],"{""activityName"":""Treadmill"",""kcal"":569,""distance"":4.58,""distanceUnit"":""km"",""duration"":2837000,""pace"":619.43,""speed"":5.81,""steps"":5185}",movement-data.csv:001321
movement-data.csv:001322,run 137bpm 1894 steps mi1.13 12.6min,[],"{""activityName"":""Run"",""averageHeartRate"":137,""distance"":1.82,""distanceUnit"":""km"",""duration"":756000,""pace"":415.71,""speed"":8.66,""steps"":1894}",movement-data.csv:001322
movement-data.csv:001323,treadmill sec3070 b128 3.09ksteps 370kcal 2.3 km,[],"{""activityName"":""Treadmill"",""averageHeartRate"":128,""kcal"":370,""distance"":2.3,""distanceUnit"":""km"",""duration"":3070000,""pace"":1334.78,""speed"":2.7,""steps"":3090}",movement-data.csv:001323
movement-data.csv:001324,run 9.6min steps1.47k gain7.32m 141 bpm kcal134 1.73km,[],"{""activityName"":""Run"",""averageHeartRate"":141,""kcal"":134,""distance"":1.73,""distanceUnit"":""km"",""duration"":576000,""elevationGain"":7.32,""pace"":332.95,""speed"":10.81,""steps"":1470}",movement-data.csv:001324
movement-data.csv:001325,treadmill 10.02 km 9721 steps 1h9m37s up7.93m kcal892 137hr,[],"{""activityName"":""Treadmill"",""averageHeartRate"":137,""kcal"":892,""distance"":10.02,""distanceUnit"":""km"",""duration"":4177000,""elevationGain"":7.93,""pace"":416.87,""speed"":8.64,""steps"":9721}",movement-data.csv:001325
movement-data.csv:001326,walk up88.39m 228kcal min22 hr114,[],"{""activityName"":""Walk"",""averageHeartRate"":114,""kcal"":228,""duration"":1320000,""elevationGain"":88.39}",movement-data.csv:001326
movement-data.csv:001327,treadmill 463kcal 2.86 km 41.7min,[],"{""activityName"":""Treadmill"",""kcal"":463,""distance"":2.86,""distanceUnit"":""km"",""duration"":2502000,""pace"":874.83,""speed"":4.12}",movement-data.csv:001327
movement-data.csv:001328,run 863sec km1.52,[],"{""activityName"":""Run"",""distance"":1.52,""distanceUnit"":""km"",""duration"":863000,""pace"":567.76,""speed"":6.34}",movement-data.csv:001328
movement-data.csv:001329,walk 2.58ksteps 25 min 88.39m gain 243kcal hr104,[],"{""activityName"":""Walk"",""averageHeartRate"":104,""kcal"":243,""duration"":1500000,""elevationGain"":88.39,""steps"":2580}",movement-data.csv:001329
movement-data.csv:001330,aerobic workout kcal1062 118 bpm 101.6min,[],"{""activityName"":""Aerobic Workout"",""averageHeartRate"":118,""kcal"":1062,""duration"":6096000}",movement-data.csv:001330
movement-data.csv:001331,treadmill b135 5.46mi 9071steps 890kcal,[],"{""activityName"":""Treadmill"",""averageHeartRate"":135,""kcal"":890,""distance"":8.79,""distanceUnit"":""km"",""steps"":9071}",movement-data.csv:001331
movement-data.csv:001332,walk 2.67k steps 24.8,[],"{""activityName"":""Walk"",""duration"":1488000,""steps"":2670}",movement-data.csv:001332
movement-data.csv:001333,treadmill 4010 m 61 min elev1.22m avg131,[],"{""activityName"":""Treadmill"",""averageHeartRate"":131,""distance"":4.01,""distanceUnit"":""km"",""duration"":3660000,""elevationGain"":1.22,""pace"":912.72,""speed"":3.94}",movement-data.csv:001333
movement-data.csv:001334,walk avg103 1639sec up9.14m,[],"{""activityName"":""Walk"",""averageHeartRate"":103,""duration"":1639000,""elevationGain"":9.14}",movement-data.csv:001334
movement-data.csv:001335,walk step2359 up9.14m 22min 12sec 179kcal,[],"{""activityName"":""Walk"",""kcal"":179,""duration"":1332000,""elevationGain"":9.14,""steps"":2359}",movement-data.csv:001335
movement-data.csv:001336,walk steps2211 kcal218 hr111 21.3,[],"{""activityName"":""Walk"",""averageHeartRate"":111,""kcal"":218,""duration"":1278000,""steps"":2211}",movement-data.csv:001336
movement-data.csv:001337,run 313sec 0.52 km 106hr kcal46 604 steps,[],"{""activityName"":""Run"",""averageHeartRate"":106,""kcal"":46,""distance"":0.52,""distanceUnit"":""km"",""duration"":313000,""pace"":601.92,""speed"":5.98,""steps"":604}",movement-data.csv:001337
movement-data.csv:001338,walk 19m38s gain3.05m,[],"{""activityName"":""Walk"",""duration"":1178000,""elevationGain"":3.05}",movement-data.csv:001338
movement-data.csv:001339,run up150.88m 148 bpm 43.2min kcal615,[],"{""activityName"":""Run"",""averageHeartRate"":148,""kcal"":615,""duration"":2592000,""elevationGain"":150.88}",movement-data.csv:001339
movement-data.csv:001340,treadmill 8.14k 1h 2min 21sec,[],"{""activityName"":""Treadmill"",""distance"":8.14,""distanceUnit"":""km"",""duration"":3741000,""pace"":459.58,""speed"":7.83}",movement-data.csv:001340
movement-data.csv:001341,swim sec5939 3.1km,[],"{""activityName"":""Swim"",""distance"":3.1,""distanceUnit"":""km"",""duration"":5939000,""pace"":1915.81,""speed"":1.88}",movement-data.csv:001341
movement-data.csv:001342,sport 1732steps bpm113 kcal211 21.3min,[],"{""activityName"":""Sport"",""averageHeartRate"":113,""kcal"":211,""duration"":1278000,""steps"":1732}",movement-data.csv:001342
movement-data.csv:001343,run 11670 m steps10472 74.1min,[],"{""activityName"":""Run"",""distance"":11.67,""distanceUnit"":""km"",""duration"":4446000,""pace"":380.98,""speed"":9.45,""steps"":10472}",movement-data.csv:001343
movement-data.csv:001344,walk 38m24s 97 bpm kcal319,[],"{""activityName"":""Walk"",""averageHeartRate"":97,""kcal"":319,""duration"":2304000}",movement-data.csv:001344
movement-data.csv:001345,treadmill kcal675 bpm137 min57,[],"{""activityName"":""Treadmill"",""averageHeartRate"":137,""kcal"":675,""duration"":3420000}",movement-data.csv:001345
movement-data.csv:001346,run 439.22m gain 13.44k steps 1127kcal 130hr 1h41m24s 8.98mi,[],"{""activityName"":""Run"",""averageHeartRate"":130,""kcal"":1127,""distance"":14.45,""distanceUnit"":""km"",""duration"":6084000,""elevationGain"":439.22,""pace"":420.98,""speed"":8.55,""steps"":13440}",movement-data.csv:001346
movement-data.csv:001347,run 797kcal 60 k10.93 hr142,[],"{""activityName"":""Run"",""averageHeartRate"":142,""kcal"":797,""distance"":10.93,""distanceUnit"":""km"",""duration"":3600000,""pace"":329.37,""speed"":10.93}",movement-data.csv:001347
movement-data.csv:001348,run 1h43m58s kcal1176 16.33 km up524.56m,[],"{""activityName"":""Run"",""kcal"":1176,""distance"":16.33,""distanceUnit"":""km"",""duration"":6238000,""elevationGain"":524.56,""pace"":382,""speed"":9.42}",movement-data.csv:001348
movement-data.csv:001349,treadmill 10300m gain2.74m steps9379 kcal819 135bpm 1h4m29s,[],"{""activityName"":""Treadmill"",""averageHeartRate"":135,""kcal"":819,""distance"":10.3,""distanceUnit"":""km"",""duration"":3869000,""elevationGain"":2.74,""pace"":375.63,""speed"":9.58,""steps"":9379}",movement-data.csv:001349
movement-data.csv:001350,sport 122min 107 bpm,[],"{""activityName"":""Sport"",""averageHeartRate"":107,""duration"":7320000}",movement-data.csv:001350
movement-data.csv:001351,run k10.08 sec3393,[],"{""activityName"":""Run"",""distance"":10.08,""distanceUnit"":""km"",""duration"":3393000,""pace"":336.61,""speed"":10.69}",movement-data.csv:001351
movement-data.csv:001352,run 80 min 15.04km hr146 kcal1147,[],"{""activityName"":""Run"",""averageHeartRate"":146,""kcal"":1147,""distance"":15.04,""distanceUnit"":""km"",""duration"":4800000,""pace"":319.15,""speed"":11.28}",movement-data.csv:001352
movement-data.csv:001353,walk +103.63m step3991 2509sec,[],"{""activityName"":""Walk"",""duration"":2509000,""elevationGain"":103.63,""steps"":3991}",movement-data.csv:001353
movement-data.csv:001354,treadmill 11171 steps 11.94 km kcal1253,[],"{""activityName"":""Treadmill"",""kcal"":1253,""distance"":11.94,""distanceUnit"":""km"",""steps"":11171}",movement-data.csv:001354
movement-data.csv:001355,treadmill 55min 10sec 139 bpm 7997steps 8.89 km,[],"{""activityName"":""Treadmill"",""averageHeartRate"":139,""distance"":8.89,""distanceUnit"":""km"",""duration"":3310000,""pace"":372.33,""speed"":9.67,""steps"":7997}",movement-data.csv:001355
movement-data.csv:001356,run step10036 1h 5min 33sec kcal899,[],"{""activityName"":""Run"",""kcal"":899,""duration"":3933000,""steps"":10036}",movement-data.csv:001356
movement-data.csv:001357,treadmill elev6.71m 52.1min 8.91 km,[],"{""activityName"":""Treadmill"",""distance"":8.91,""distanceUnit"":""km"",""duration"":3126000,""elevationGain"":6.71,""pace"":350.84,""speed"":10.26}",movement-data.csv:001357
movement-data.csv:001358,run 20190m 109.6min,[],"{""activityName"":""Run"",""distance"":20.19,""distanceUnit"":""km"",""duration"":6576000,""pace"":325.71,""speed"":11.05}",movement-data.csv:001358
movement-data.csv:001359,run b146 2h8m42s k21.2,[],"{""activityName"":""Run"",""averageHeartRate"":146,""distance"":21.2,""distanceUnit"":""km"",""duration"":7722000,""pace"":364.25,""speed"":9.88}",movement-data.csv:001359
movement-data.csv:001360,walk step2107 181kcal 22.2 b99,[],"{""activityName"":""Walk"",""averageHeartRate"":99,""kcal"":181,""duration"":1332000,""steps"":2107}",movement-data.csv:001360
movement-data.csv:001361,walk 96bpm 1h27m40s 575kcal,[],"{""activityName"":""Walk"",""averageHeartRate"":96,""kcal"":575,""duration"":5260000}",movement-data.csv:001361
movement-data.csv:001362,walk 973sec bpm101 kcal137,[],"{""activityName"":""Walk"",""averageHeartRate"":101,""kcal"":137,""duration"":973000}",movement-data.csv:001362
movement-data.csv:001363,walk 1.58k steps 17min 4sec +6.1m 156kcal 105hr,[],"{""activityName"":""Walk"",""averageHeartRate"":105,""kcal"":156,""duration"":1024000,""elevationGain"":6.1,""steps"":1580}",movement-data.csv:001363
movement-data.csv:001364,walk 113bpm 15m22s 1.51ksteps elev12.19m,[],"{""activityName"":""Walk"",""averageHeartRate"":113,""duration"":922000,""elevationGain"":12.19,""steps"":1510}",movement-data.csv:001364
movement-data.csv:001365,walk kcal240 b102 2.45ksteps 12.19m gain sec1895,[],"{""activityName"":""Walk"",""averageHeartRate"":102,""kcal"":240,""duration"":1895000,""elevationGain"":12.19,""steps"":2450}",movement-data.csv:001365
movement-data.csv:001366,walk 3.3k steps elev30.48m 32.4min kcal310 109b,[],"{""activityName"":""Walk"",""averageHeartRate"":109,""kcal"":310,""duration"":1944000,""elevationGain"":30.48,""steps"":3300}",movement-data.csv:001366
movement-data.csv:001367,walk 2034steps hr103 20.5,[],"{""activityName"":""Walk"",""averageHeartRate"":103,""duration"":1230000,""steps"":2034}",movement-data.csv:001367
movement-data.csv:001368,walk kcal121 steps1.19k 17min,[],"{""activityName"":""Walk"",""kcal"":121,""duration"":1020000,""steps"":1190}",movement-data.csv:001368
movement-data.csv:001369,run gain2.13m 39.6 km5.6,[],"{""activityName"":""Run"",""distance"":5.6,""distanceUnit"":""km"",""duration"":2376000,""elevationGain"":2.13,""pace"":424.29,""speed"":8.48}",movement-data.csv:001369
movement-data.csv:001370,walk 18min 47sec 103 bpm,[],"{""activityName"":""Walk"",""averageHeartRate"":103,""duration"":1127000}",movement-data.csv:001370
movement-data.csv:001371,walk 164kcal bpm111 19.6min steps1.37k,[],"{""activityName"":""Walk"",""averageHeartRate"":111,""kcal"":164,""duration"":1176000,""steps"":1370}",movement-data.csv:001371
movement-data.csv:001372,walk 17m4s kcal124 b97,[],"{""activityName"":""Walk"",""averageHeartRate"":97,""kcal"":124,""duration"":1024000}",movement-data.csv:001372
movement-data.csv:001373,walk 17min 1478 steps kcal126 hr102,[],"{""activityName"":""Walk"",""averageHeartRate"":102,""kcal"":126,""duration"":1020000,""steps"":1478}",movement-data.csv:001373
movement-data.csv:001374,walk steps1366 18 min,[],"{""activityName"":""Walk"",""duration"":1080000,""steps"":1366}",movement-data.csv:001374
movement-data.csv:001375,walk 16 min 1603steps hr108 141kcal 12.19m gain,[],"{""activityName"":""Walk"",""averageHeartRate"":108,""kcal"":141,""duration"":960000,""elevationGain"":12.19,""steps"":1603}",movement-data.csv:001375
movement-data.csv:001376,walk 1.44ksteps 15.24m gain 149kcal 17min 4sec,[],"{""activityName"":""Walk"",""kcal"":149,""duration"":1024000,""elevationGain"":15.24,""steps"":1440}",movement-data.csv:001376
movement-data.csv:001377,walk steps1.98k 212kcal 34m8s b95,[],"{""activityName"":""Walk"",""averageHeartRate"":95,""kcal"":212,""duration"":2048000,""steps"":1980}",movement-data.csv:001377
movement-data.csv:001378,walk 50m21s 360kcal,[],"{""activityName"":""Walk"",""kcal"":360,""duration"":3021000}",movement-data.csv:001378
movement-data.csv:001379,walk 6.1m gain 23.1 173kcal 108b 1657steps,[],"{""activityName"":""Walk"",""averageHeartRate"":108,""kcal"":173,""duration"":1386000,""elevationGain"":6.1,""steps"":1657}",movement-data.csv:001379
movement-data.csv:001380,walk 29m1s 98hr,[],"{""activityName"":""Walk"",""averageHeartRate"":98,""duration"":1741000}",movement-data.csv:001380
movement-data.csv:001381,run step5115 3.91 km 166b up1.22m 2594sec kcal565,[],"{""activityName"":""Run"",""averageHeartRate"":166,""kcal"":565,""distance"":3.91,""distanceUnit"":""km"",""duration"":2594000,""elevationGain"":1.22,""pace"":663.43,""speed"":5.43,""steps"":5115}",movement-data.csv:001381
movement-data.csv:001382,walk bpm100 19m38s +9.14m,[],"{""activityName"":""Walk"",""averageHeartRate"":100,""duration"":1178000,""elevationGain"":9.14}",movement-data.csv:001382
movement-data.csv:001383,walk kcal126 15.4 hr106 elev3.05m steps1465,[],"{""activityName"":""Walk"",""averageHeartRate"":106,""kcal"":126,""duration"":924000,""elevationGain"":3.05,""steps"":1465}",movement-data.csv:001383
movement-data.csv:001384,walk 16 min elev12.19m,[],"{""activityName"":""Walk"",""duration"":960000,""elevationGain"":12.19}",movement-data.csv:001384
movement-data.csv:001385,walk 25m36s b101,[],"{""activityName"":""Walk"",""averageHeartRate"":101,""duration"":1536000}",movement-data.csv:001385
movement-data.csv:001386,walk step4826 52min up21.34m 602kcal b129,[],"{""activityName"":""Walk"",""averageHeartRate"":129,""kcal"":602,""duration"":3120000,""elevationGain"":21.34,""steps"":4826}",movement-data.csv:001386
movement-data.csv:001387,aerobic workout bpm127 1156 steps 167kcal 15min 22sec,[],"{""activityName"":""Aerobic Workout"",""averageHeartRate"":127,""kcal"":167,""duration"":922000,""steps"":1156}",movement-data.csv:001387
movement-data.csv:001388,walk 20 min kcal164,[],"{""activityName"":""Walk"",""kcal"":164,""duration"":1200000}",movement-data.csv:001388
movement-data.csv:001389,walk sec6144 kcal726 96hr +33.53m 8.5k steps,[],"{""activityName"":""Walk"",""averageHeartRate"":96,""kcal"":726,""duration"":6144000,""elevationGain"":33.53,""steps"":8500}",movement-data.csv:001389
movement-data.csv:001390,walk step6847 1h18m30s hr101 635kcal,[],"{""activityName"":""Walk"",""averageHeartRate"":101,""kcal"":635,""duration"":4710000,""steps"":6847}",movement-data.csv:001390
movement-data.csv:001391,walk min19 111b 182kcal,[],"{""activityName"":""Walk"",""averageHeartRate"":111,""kcal"":182,""duration"":1140000}",movement-data.csv:001391
movement-data.csv:001392,walk sec1024 steps1.32k 154kcal,[],"{""activityName"":""Walk"",""kcal"":154,""duration"":1024000,""steps"":1320}",movement-data.csv:001392
movement-data.csv:001393,walk bpm113 1739steps 171kcal sec1075,[],"{""activityName"":""Walk"",""averageHeartRate"":113,""kcal"":171,""duration"":1075000,""steps"":1739}",movement-data.csv:001393
movement-data.csv:001394,walk 1h 2min 18sec +36.58m,[],"{""activityName"":""Walk"",""duration"":3738000,""elevationGain"":36.58}",movement-data.csv:001394
movement-data.csv:001395,walk 101bpm 32 min,[],"{""activityName"":""Walk"",""averageHeartRate"":101,""duration"":1920000}",movement-data.csv:001395
movement-data.csv:001396,walk 22min 12sec 217kcal b111 up24.38m 2390steps,[],"{""activityName"":""Walk"",""averageHeartRate"":111,""kcal"":217,""duration"":1332000,""elevationGain"":24.38,""steps"":2390}",movement-data.csv:001396
movement-data.csv:001397,walk elev42.67m 17.1 155kcal step1527,[],"{""activityName"":""Walk"",""kcal"":155,""duration"":1026000,""elevationGain"":42.67,""steps"":1527}",movement-data.csv:001397
movement-data.csv:001398,walk 257kcal 2.48k steps sec1638,[],"{""activityName"":""Walk"",""kcal"":257,""duration"":1638000,""steps"":2480}",movement-data.csv:001398
movement-data.csv:001399,aerobic workout 29m1s b125 steps3.01k 328kcal,[],"{""activityName"":""Aerobic Workout"",""averageHeartRate"":125,""kcal"":328,""duration"":1741000,""steps"":3010}",movement-data.csv:001399
movement-data.csv:001400,walk sec1024 b94,[],"{""activityName"":""Walk"",""averageHeartRate"":94,""duration"":1024000}",movement-data.csv:001400
movement-data.csv:001401,walk hr106 2041 steps kcal214 min26 up6.1m,[],"{""activityName"":""Walk"",""averageHeartRate"":106,""kcal"":214,""duration"":1560000,""elevationGain"":6.1,""steps"":2041}",movement-data.csv:001401
movement-data.csv:001402,walk 2585steps 27.3 avg120 291kcal up3.05m,[],"{""activityName"":""Walk"",""averageHeartRate"":120,""kcal"":291,""duration"":1638000,""elevationGain"":3.05,""steps"":2585}",movement-data.csv:001402
movement-data.csv:001403,walk 104bpm steps1.31k 15m21s,[],"{""activityName"":""Walk"",""averageHeartRate"":104,""duration"":921000,""steps"":1310}",movement-data.csv:001403
movement-data.csv:001404,walk up3.05m 2.96ksteps 33m17s 100hr kcal266,[],"{""activityName"":""Walk"",""averageHeartRate"":100,""kcal"":266,""duration"":1997000,""elevationGain"":3.05,""steps"":2960}",movement-data.csv:001404
movement-data.csv:001405,walk 25.6min elev3.05m 1.77ksteps 179kcal,[],"{""activityName"":""Walk"",""kcal"":179,""duration"":1536000,""elevationGain"":3.05,""steps"":1770}",movement-data.csv:001405
movement-data.csv:001406,aerobic workout 36.7min 128 bpm,[],"{""activityName"":""Aerobic Workout"",""averageHeartRate"":128,""duration"":2202000}",movement-data.csv:001406
movement-data.csv:001407,aerobic workout 121hr steps3725 35min kcal364,[],"{""activityName"":""Aerobic Workout"",""averageHeartRate"":121,""kcal"":364,""duration"":2100000,""steps"":3725}",movement-data.csv:001407
movement-data.csv:001408,walk +6.1m 15m21s 135kcal 112hr steps1.34k,[],"{""activityName"":""Walk"",""averageHeartRate"":112,""kcal"":135,""duration"":921000,""elevationGain"":6.1,""steps"":1340}",movement-data.csv:001408
movement-data.csv:001409,walk 1.84ksteps 18.8min b107,[],"{""activityName"":""Walk"",""averageHeartRate"":107,""duration"":1128000,""steps"":1840}",movement-data.csv:001409
movement-data.csv:001410,walk 134kcal 105hr step1636 16.2min,[],"{""activityName"":""Walk"",""averageHeartRate"":105,""kcal"":134,""duration"":972000,""steps"":1636}",movement-data.csv:001410
movement-data.csv:001411,walk 922s 108kcal,[],"{""activityName"":""Walk"",""kcal"":108,""duration"":922000}",movement-data.csv:001411
movement-data.csv:001412,walk 29m1s 30.48m gain 218kcal,[],"{""activityName"":""Walk"",""kcal"":218,""duration"":1741000,""elevationGain"":30.48}",movement-data.csv:001412
movement-data.csv:001413,walk 2h 17min 23sec 107 bpm kcal1247,[],"{""activityName"":""Walk"",""averageHeartRate"":107,""kcal"":1247,""duration"":8243000}",movement-data.csv:001413
movement-data.csv:001414,walk steps4k 43min 31sec elev39.62m,[],"{""activityName"":""Walk"",""duration"":2611000,""elevationGain"":39.62,""steps"":4000}",movement-data.csv:001414
movement-data.csv:001415,treadmill m4870 30min 38sec,[],"{""activityName"":""Treadmill"",""distance"":4.87,""distanceUnit"":""km"",""duration"":1838000,""pace"":377.41,""speed"":9.54}",movement-data.csv:001415
movement-data.csv:001416,walk kcal106 1415 steps 18m47s,[],"{""activityName"":""Walk"",""kcal"":106,""duration"":1127000,""steps"":1415}",movement-data.csv:001416
movement-data.csv:001417,walk min18 up33.53m kcal120 117hr,[],"{""activityName"":""Walk"",""averageHeartRate"":117,""kcal"":120,""duration"":1080000,""elevationGain"":33.53}",movement-data.csv:001417
movement-data.csv:001418,walk 103b 29 min 21.34m gain,[],"{""activityName"":""Walk"",""averageHeartRate"":103,""duration"":1740000,""elevationGain"":21.34}",movement-data.csv:001418
movement-data.csv:001419,treadmill 1136 steps min7 1.12km,[],"{""activityName"":""Treadmill"",""distance"":1.12,""distanceUnit"":""km"",""duration"":420000,""pace"":375,""speed"":9.6,""steps"":1136}",movement-data.csv:001419
movement-data.csv:001420,run elev37.49m kcal307 168 bpm 26m46s,[],"{""activityName"":""Run"",""averageHeartRate"":168,""kcal"":307,""duration"":1606000,""elevationGain"":37.49}",movement-data.csv:001420
movement-data.csv:001421,walk 177kcal +27.43m bpm120 2.85ksteps 26 min,[],"{""activityName"":""Walk"",""averageHeartRate"":120,""kcal"":177,""duration"":1560000,""elevationGain"":27.43,""steps"":2850}",movement-data.csv:001421
movement-data.csv:001422,walk 92kcal 17.9min b101 up18.29m,[],"{""activityName"":""Walk"",""averageHeartRate"":101,""kcal"":92,""duration"":1074000,""elevationGain"":18.29}",movement-data.csv:001422
movement-data.csv:001423,treadmill 12 min 1.14 mi steps1.85k 114kcal,[],"{""activityName"":""Treadmill"",""kcal"":114,""distance"":1.83,""distanceUnit"":""km"",""duration"":720000,""pace"":392.44,""speed"":9.17,""steps"":1850}",movement-data.csv:001423
movement-data.csv:001424,walk 104kcal elev27.43m 1.51ksteps bpm109 1126sec,[],"{""activityName"":""Walk"",""averageHeartRate"":109,""kcal"":104,""duration"":1126000,""elevationGain"":27.43,""steps"":1510}",movement-data.csv:001424
movement-data.csv:001425,walk 95kcal bpm100 gain9.14m 22m12s 1.32ksteps,[],"{""activityName"":""Walk"",""averageHeartRate"":100,""kcal"":95,""duration"":1332000,""elevationGain"":9.14,""steps"":1320}",movement-data.csv:001425
movement-data.csv:001426,walk 137kcal 1683steps 19min 38sec,[],"{""activityName"":""Walk"",""kcal"":137,""duration"":1178000,""steps"":1683}",movement-data.csv:001426
movement-data.csv:001427,walk 2998 steps 46 min 95 bpm 206kcal,[],"{""activityName"":""Walk"",""averageHeartRate"":95,""kcal"":206,""duration"":2760000,""steps"":2998}",movement-data.csv:001427
movement-data.csv:001428,aerobic workout 1076sec 1.03ksteps b116 kcal98,[],"{""activityName"":""Aerobic Workout"",""averageHeartRate"":116,""kcal"":98,""duration"":1076000,""steps"":1030}",movement-data.csv:001428
movement-data.csv:001429,walk b109 25min 37sec steps1.93k,[],"{""activityName"":""Walk"",""averageHeartRate"":109,""duration"":1537000,""steps"":1930}",movement-data.csv:001429
movement-data.csv:001430,walk elev24.38m hr109 23m54s,[],"{""activityName"":""Walk"",""averageHeartRate"":109,""duration"":1434000,""elevationGain"":24.38}",movement-data.csv:001430
movement-data.csv:001431,treadmill 880m hr156 5m34s steps895 kcal49,[],"{""activityName"":""Treadmill"",""averageHeartRate"":156,""kcal"":49,""distance"":0.88,""distanceUnit"":""km"",""duration"":334000,""pace"":379.55,""speed"":9.49,""steps"":895}",movement-data.csv:001431
movement-data.csv:001432,walk 101kcal min19,[],"{""activityName"":""Walk"",""kcal"":101,""duration"":1140000}",movement-data.csv:001432
movement-data.csv:001433,walk steps1.78k 149kcal 146b 1024s,[],"{""activityName"":""Walk"",""averageHeartRate"":146,""kcal"":149,""duration"":1024000,""steps"":1780}",movement-data.csv:001433
movement-data.csv:001434,walk 132kcal 1844 steps 28min 10sec +6.71m,[],"{""activityName"":""Walk"",""kcal"":132,""duration"":1690000,""elevationGain"":6.71,""steps"":1844}",movement-data.csv:001434
movement-data.csv:001435,treadmill kcal212 2.87k hr174 17m38s,[],"{""activityName"":""Treadmill"",""averageHeartRate"":174,""kcal"":212,""distance"":2.87,""distanceUnit"":""km"",""duration"":1058000,""pace"":368.64,""speed"":9.77}",movement-data.csv:001435
movement-data.csv:001436,walk 2.42k steps 110bpm 28.2 160kcal,[],"{""activityName"":""Walk"",""averageHeartRate"":110,""kcal"":160,""duration"":1692000,""steps"":2420}",movement-data.csv:001436
movement-data.csv:001437,walk 113 bpm 2049steps 29min 52sec,[],"{""activityName"":""Walk"",""averageHeartRate"":113,""duration"":1792000,""steps"":2049}",movement-data.csv:001437
movement-data.csv:001438,walk 1.44k steps 20min 105b,[],"{""activityName"":""Walk"",""averageHeartRate"":105,""duration"":1200000,""steps"":1440}",movement-data.csv:001438
movement-data.csv:001439,treadmill gain0.61m 0.85 km kcal47 steps891 6min 150hr,[],"{""activityName"":""Treadmill"",""averageHeartRate"":150,""kcal"":47,""distance"":0.85,""distanceUnit"":""km"",""duration"":360000,""elevationGain"":0.61,""pace"":423.53,""speed"":8.5,""steps"":891}",movement-data.csv:001439
movement-data.csv:001440,walk 18m46s avg103,[],"{""activityName"":""Walk"",""averageHeartRate"":103,""duration"":1126000}",movement-data.csv:001440
movement-data.csv:001441,walk 1127s kcal100,[],"{""activityName"":""Walk"",""kcal"":100,""duration"":1127000}",movement-data.csv:001441
movement-data.csv:001442,walk min26 119kcal,[],"{""activityName"":""Walk"",""kcal"":119,""duration"":1560000}",movement-data.csv:001442
movement-data.csv:001443,walk 27.3min 30.48m gain kcal141,[],"{""activityName"":""Walk"",""kcal"":141,""duration"":1638000,""elevationGain"":30.48}",movement-data.csv:001443
movement-data.csv:001444,walk kcal105 19min 38sec,[],"{""activityName"":""Walk"",""kcal"":105,""duration"":1178000}",movement-data.csv:001444
movement-data.csv:001445,treadmill kcal128 1.89k 159b 737sec,[],"{""activityName"":""Treadmill"",""averageHeartRate"":159,""kcal"":128,""distance"":1.89,""distanceUnit"":""km"",""duration"":737000,""pace"":389.95,""speed"":9.23}",movement-data.csv:001445
movement-data.csv:001446,walk 99kcal 107 bpm 17.9min,[],"{""activityName"":""Walk"",""averageHeartRate"":107,""kcal"":99,""duration"":1074000}",movement-data.csv:001446
movement-data.csv:001447,walk avg108 steps1.49k 111kcal gain18.29m 1280s,[],"{""activityName"":""Walk"",""averageHeartRate"":108,""kcal"":111,""duration"":1280000,""elevationGain"":18.29,""steps"":1490}",movement-data.csv:001447
movement-data.csv:001448,walk 111 bpm steps2.66k 172kcal 25.6,[],"{""activityName"":""Walk"",""averageHeartRate"":111,""kcal"":172,""duration"":1536000,""steps"":2660}",movement-data.csv:001448
movement-data.csv:001449,walk b108 36.7min +39.62m 182kcal,[],"{""activityName"":""Walk"",""averageHeartRate"":108,""kcal"":182,""duration"":2202000,""elevationGain"":39.62}",movement-data.csv:001449
movement-data.csv:001450,walk 102b 2.36k steps 27.3 kcal140 elev9.14m,[],"{""activityName"":""Walk"",""averageHeartRate"":102,""kcal"":140,""duration"":1638000,""elevationGain"":9.14,""steps"":2360}",movement-data.csv:001450
movement-data.csv:001451,walk 105hr min22,[],"{""activityName"":""Walk"",""averageHeartRate"":105,""duration"":1320000}",movement-data.csv:001451
movement-data.csv:001452,treadmill 3.04 mi kcal339 30.3min 5.18m gain,[],"{""activityName"":""Treadmill"",""kcal"":339,""distance"":4.89,""distanceUnit"":""km"",""duration"":1818000,""elevationGain"":5.18,""pace"":371.6,""speed"":9.69}",movement-data.csv:001452
movement-data.csv:001453,walk 18m46s 102bpm,[],"{""activityName"":""Walk"",""averageHeartRate"":102,""duration"":1126000}",movement-data.csv:001453
movement-data.csv:001454,treadmill 2.87mi kcal351 150bpm 40 min,[],"{""activityName"":""Treadmill"",""averageHeartRate"":150,""kcal"":351,""distance"":4.62,""distanceUnit"":""km"",""duration"":2400000,""pace"":519.61,""speed"":6.93}",movement-data.csv:001454
movement-data.csv:001455,walk 91kcal min17 steps1.33k,[],"{""activityName"":""Walk"",""kcal"":91,""duration"":1020000,""steps"":1330}",movement-data.csv:001455
movement-data.csv:001456,walk 1h19m22s 96bpm elev24.38m,[],"{""activityName"":""Walk"",""averageHeartRate"":96,""duration"":4762000,""elevationGain"":24.38}",movement-data.csv:001456
movement-data.csv:001457,walk 2969sec steps3.28k,[],"{""activityName"":""Walk"",""duration"":2969000,""steps"":3280}",movement-data.csv:001457
movement-data.csv:001458,walk 26 min kcal151,[],"{""activityName"":""Walk"",""kcal"":151,""duration"":1560000}",movement-data.csv:001458
movement-data.csv:001459,walk kcal347 1h 7min 25sec,[],"{""activityName"":""Walk"",""kcal"":347,""duration"":4045000}",movement-data.csv:001459
movement-data.csv:001460,walk 107b 16m13s,[],"{""activityName"":""Walk"",""averageHeartRate"":107,""duration"":973000}",movement-data.csv:001460
movement-data.csv:001461,walk 82kcal bpm106 gain12.19m 17m4s,[],"{""activityName"":""Walk"",""averageHeartRate"":106,""kcal"":82,""duration"":1024000,""elevationGain"":12.19}",movement-data.csv:001461
movement-data.csv:001462,walk 168kcal 29.9 b105 2.7k steps,[],"{""activityName"":""Walk"",""averageHeartRate"":105,""kcal"":168,""duration"":1794000,""steps"":2700}",movement-data.csv:001462
movement-data.csv:001463,walk elev21.34m 107kcal 22min 11sec 104b step1507,[],"{""activityName"":""Walk"",""averageHeartRate"":104,""kcal"":107,""duration"":1331000,""elevationGain"":21.34,""steps"":1507}",movement-data.csv:001463
movement-data.csv:001464,walk 1997sec 106 bpm,[],"{""activityName"":""Walk"",""averageHeartRate"":106,""duration"":1997000}",movement-data.csv:001464
movement-data.csv:001465,walk 18m47s up9.14m,[],"{""activityName"":""Walk"",""duration"":1127000,""elevationGain"":9.14}",movement-data.csv:001465
movement-data.csv:001466,walk 29.9min b108 step1878 143kcal,[],"{""activityName"":""Walk"",""averageHeartRate"":108,""kcal"":143,""duration"":1794000,""steps"":1878}",movement-data.csv:001466
movement-data.csv:001467,walk min32 1602 steps,[],"{""activityName"":""Walk"",""duration"":1920000,""steps"":1602}",movement-data.csv:001467
movement-data.csv:001468,walk gain12.19m 27min 19sec,[],"{""activityName"":""Walk"",""duration"":1639000,""elevationGain"":12.19}",movement-data.csv:001468
movement-data.csv:001469,walk min50 kcal240 103bpm,[],"{""activityName"":""Walk"",""averageHeartRate"":103,""kcal"":240,""duration"":3000000}",movement-data.csv:001469
movement-data.csv:001470,walk 103hr 2918s steps2.84k 214kcal,[],"{""activityName"":""Walk"",""averageHeartRate"":103,""kcal"":214,""duration"":2918000,""steps"":2840}",movement-data.csv:001470
movement-data.csv:001471,outdoor bike 141kcal 33.3min b106,[],"{""activityName"":""Outdoor Bike"",""averageHeartRate"":106,""kcal"":141,""duration"":1998000}",movement-data.csv:001471
movement-data.csv:001472,walk 134kcal 109 bpm sec1331 2.14ksteps,[],"{""activityName"":""Walk"",""averageHeartRate"":109,""kcal"":134,""duration"":1331000,""steps"":2140}",movement-data.csv:001472
movement-data.csv:001473,swim m780 min61 178kcal,[],"{""activityName"":""Swim"",""kcal"":178,""distance"":0.78,""distanceUnit"":""km"",""duration"":3660000,""pace"":4692.31,""speed"":0.77}",movement-data.csv:001473
movement-data.csv:001474,walk 37.5min b118 kcal249 112.78m gain,[],"{""activityName"":""Walk"",""averageHeartRate"":118,""kcal"":249,""duration"":2250000,""elevationGain"":112.78}",movement-data.csv:001474
movement-data.csv:001475,treadmill 4.75ksteps 4.73km sec1796 174bpm,[],"{""activityName"":""Treadmill"",""averageHeartRate"":174,""distance"":4.73,""distanceUnit"":""km"",""duration"":1796000,""pace"":379.7,""speed"":9.48,""steps"":4750}",movement-data.csv:001475
movement-data.csv:001476,walk 18min 47sec 110kcal +21.34m 114bpm steps1.56k,[],"{""activityName"":""Walk"",""averageHeartRate"":114,""kcal"":110,""duration"":1127000,""elevationGain"":21.34,""steps"":1560}",movement-data.csv:001476
movement-data.csv:001477,walk 1h 35min 35sec step9186 hr108 kcal553,[],"{""activityName"":""Walk"",""averageHeartRate"":108,""kcal"":553,""duration"":5735000,""steps"":9186}",movement-data.csv:001477
movement-data.csv:001478,walk 18.29m gain 34.1min kcal166 2.51ksteps 104bpm,[],"{""activityName"":""Walk"",""averageHeartRate"":104,""kcal"":166,""duration"":2046000,""elevationGain"":18.29,""steps"":2510}",movement-data.csv:001478
movement-data.csv:001479,treadmill 30.1min 4.78k b177,[],"{""activityName"":""Treadmill"",""averageHeartRate"":177,""distance"":4.78,""distanceUnit"":""km"",""duration"":1806000,""pace"":377.82,""speed"":9.53}",movement-data.csv:001479
movement-data.csv:001480,walk 151kcal steps2.3k 29 min,[],"{""activityName"":""Walk"",""kcal"":151,""duration"":1740000,""steps"":2300}",movement-data.csv:001480
movement-data.csv:001481,walk steps1.35k 89kcal sec1127 b100,[],"{""activityName"":""Walk"",""averageHeartRate"":100,""kcal"":89,""duration"":1127000,""steps"":1350}",movement-data.csv:001481
movement-data.csv:001482,walk hr120 106kcal 17min 56sec,[],"{""activityName"":""Walk"",""averageHeartRate"":120,""kcal"":106,""duration"":1076000}",movement-data.csv:001482
movement-data.csv:001483,walk 1895s 181kcal step3038,[],"{""activityName"":""Walk"",""kcal"":181,""duration"":1895000,""steps"":3038}",movement-data.csv:001483
movement-data.csv:001484,walk 23min 2sec b102 kcal112,[],"{""activityName"":""Walk"",""averageHeartRate"":102,""kcal"":112,""duration"":1382000}",movement-data.csv:001484
movement-data.csv:001485,walk 92kcal avg109 sec922 steps1.48k,[],"{""activityName"":""Walk"",""averageHeartRate"":109,""kcal"":92,""duration"":922000,""steps"":1480}",movement-data.csv:001485
movement-data.csv:001486,walk kcal111 19.6min bpm110,[],"{""activityName"":""Walk"",""averageHeartRate"":110,""kcal"":111,""duration"":1176000}",movement-data.csv:001486
movement-data.csv:001487,walk 2.52k steps 26min 119bpm 162kcal,[],"{""activityName"":""Walk"",""averageHeartRate"":119,""kcal"":162,""duration"":1560000,""steps"":2520}",movement-data.csv:001487
movement-data.csv:001488,walk +21.34m 110b 106kcal 20m29s 1428steps,[],"{""activityName"":""Walk"",""averageHeartRate"":110,""kcal"":106,""duration"":1229000,""elevationGain"":21.34,""steps"":1428}",movement-data.csv:001488
movement-data.csv:001489,treadmill 22 kcal228 2.11 mi bpm161,[],"{""activityName"":""Treadmill"",""averageHeartRate"":161,""kcal"":228,""distance"":3.4,""distanceUnit"":""km"",""duration"":1320000,""pace"":388.73,""speed"":9.26}",movement-data.csv:001489
movement-data.csv:001490,walk elev24.38m 20m29s 1476steps,[],"{""activityName"":""Walk"",""duration"":1229000,""elevationGain"":24.38,""steps"":1476}",movement-data.csv:001490
movement-data.csv:001491,walk 1383s avg107 139kcal,[],"{""activityName"":""Walk"",""averageHeartRate"":107,""kcal"":139,""duration"":1383000}",movement-data.csv:001491
movement-data.csv:001492,treadmill 1255sec 2.04mi,[],"{""activityName"":""Treadmill"",""distance"":3.28,""distanceUnit"":""km"",""duration"":1255000,""pace"":382.27,""speed"":9.42}",movement-data.csv:001492
movement-data.csv:001493,walk 105hr 1229s kcal99 +18.44m,[],"{""activityName"":""Walk"",""averageHeartRate"":105,""kcal"":99,""duration"":1229000,""elevationGain"":18.44}",movement-data.csv:001493
movement-data.csv:001494,walk 100kcal gain9.14m 20min 29sec 1.32k steps bpm107,[],"{""activityName"":""Walk"",""averageHeartRate"":107,""kcal"":100,""duration"":1229000,""elevationGain"":9.14,""steps"":1320}",movement-data.csv:001494
movement-data.csv:001495,walk kcal128 22 min 114 bpm elev6.2m,[],"{""activityName"":""Walk"",""averageHeartRate"":114,""kcal"":128,""duration"":1320000,""elevationGain"":6.2}",movement-data.csv:001495
movement-data.csv:001496,walk 46m5s 221kcal,[],"{""activityName"":""Walk"",""kcal"":221,""duration"":2765000}",movement-data.csv:001496
movement-data.csv:001497,walk 188kcal steps3053 21.34m gain 1895sec 105 bpm,[],"{""activityName"":""Walk"",""averageHeartRate"":105,""kcal"":188,""duration"":1895000,""elevationGain"":21.34,""steps"":3053}",movement-data.csv:001497
movement-data.csv:001498,walk kcal108 1177s,[],"{""activityName"":""Walk"",""kcal"":108,""duration"":1177000}",movement-data.csv:001498
movement-data.csv:001499,treadmill 1029 steps m1020 8.9,[],"{""activityName"":""Treadmill"",""distance"":1.02,""distanceUnit"":""km"",""duration"":534000,""pace"":523.53,""speed"":6.88,""steps"":1029}",movement-data.csv:001499
movement-data.csv:001500,walk min20 step2094 133kcal +24.38m,[],"{""activityName"":""Walk"",""kcal"":133,""duration"":1200000,""elevationGain"":24.38,""steps"":2094}",movement-data.csv:001500
movement-data.csv:001501,walk 19min 38sec hr109 kcal123 gain38.91m,[],"{""activityName"":""Walk"",""averageHeartRate"":109,""kcal"":123,""duration"":1178000,""elevationGain"":38.91}",movement-data.csv:001501
movement-data.csv:001502,walk kcal153 33min 17sec,[],"{""activityName"":""Walk"",""kcal"":153,""duration"":1997000}",movement-data.csv:001502
movement-data.csv:001503,walk 26m28s +15.24m 2091steps b94 138kcal,[],"{""activityName"":""Walk"",""averageHeartRate"":94,""kcal"":138,""duration"":1588000,""elevationGain"":15.24,""steps"":2091}",movement-data.csv:001503
movement-data.csv:001504,walk 111b steps3.95k sec2253,[],"{""activityName"":""Walk"",""averageHeartRate"":111,""duration"":2253000,""steps"":3950}",movement-data.csv:001504
movement-data.csv:001505,walk 107kcal 1075sec,[],"{""activityName"":""Walk"",""kcal"":107,""duration"":1075000}",movement-data.csv:001505
movement-data.csv:001506,walk up21.34m steps2736 29 190kcal,[],"{""activityName"":""Walk"",""kcal"":190,""duration"":1740000,""elevationGain"":21.34,""steps"":2736}",movement-data.csv:001506
movement-data.csv:001507,walk 508kcal 96.4min hr106 128.02m gain 8057 steps,[],"{""activityName"":""Walk"",""averageHeartRate"":106,""kcal"":508,""duration"":5784000,""elevationGain"":128.02,""steps"":8057}",movement-data.csv:001507
movement-data.csv:001508,walk 120b elev33.53m sec2560 kcal290,[],"{""activityName"":""Walk"",""averageHeartRate"":120,""kcal"":290,""duration"":2560000,""elevationGain"":33.53}",movement-data.csv:001508
movement-data.csv:001509,walk avg107 1h 15min 6sec,[],"{""activityName"":""Walk"",""averageHeartRate"":107,""duration"":4506000}",movement-data.csv:001509
movement-data.csv:001510,walk elev9.14m kcal113 1383s 101bpm steps1.56k,[],"{""activityName"":""Walk"",""averageHeartRate"":101,""kcal"":113,""duration"":1383000,""elevationGain"":9.14,""steps"":1560}",movement-data.csv:001510
movement-data.csv:001511,walk 3943sec elev21.34m 5.26k steps,[],"{""activityName"":""Walk"",""duration"":3943000,""elevationGain"":21.34,""steps"":5260}",movement-data.csv:001511
movement-data.csv:001512,walk up18.29m 110 bpm 17min 97kcal,[],"{""activityName"":""Walk"",""averageHeartRate"":110,""kcal"":97,""duration"":1020000,""elevationGain"":18.29}",movement-data.csv:001512
movement-data.csv:001513,walk hr107 1.48ksteps +27.43m 1229s 106kcal,[],"{""activityName"":""Walk"",""averageHeartRate"":107,""kcal"":106,""duration"":1229000,""elevationGain"":27.43,""steps"":1480}",movement-data.csv:001513
movement-data.csv:001514,walk 24min 111bpm 1.84ksteps 133kcal,[],"{""activityName"":""Walk"",""averageHeartRate"":111,""kcal"":133,""duration"":1440000,""steps"":1840}",movement-data.csv:001514
movement-data.csv:001515,walk gain213.36m 111 bpm kcal1005 step15754 168.1,[],"{""activityName"":""Walk"",""averageHeartRate"":111,""kcal"":1005,""duration"":10086000,""elevationGain"":213.36,""steps"":15754}",movement-data.csv:001515
movement-data.csv:001516,walk 2356s kcal246 bpm112,[],"{""activityName"":""Walk"",""averageHeartRate"":112,""kcal"":246,""duration"":2356000}",movement-data.csv:001516
movement-data.csv:001517,walk 2.69ksteps 172kcal 26.4min,[],"{""activityName"":""Walk"",""kcal"":172,""duration"":1584000,""steps"":2690}",movement-data.csv:001517
movement-data.csv:001518,walk step3210 204kcal 29.9 116b 73.15m gain,[],"{""activityName"":""Walk"",""averageHeartRate"":116,""kcal"":204,""duration"":1794000,""elevationGain"":73.15,""steps"":3210}",movement-data.csv:001518
movement-data.csv:001519,walk 20.5min kcal98 step1461,[],"{""activityName"":""Walk"",""kcal"":98,""duration"":1230000,""steps"":1461}",movement-data.csv:001519
movement-data.csv:001520,walk sec1127 elev12.19m kcal108,[],"{""activityName"":""Walk"",""kcal"":108,""duration"":1127000,""elevationGain"":12.19}",movement-data.csv:001520
movement-data.csv:001521,walk 111hr 108kcal gain30.48m 17min 56sec,[],"{""activityName"":""Walk"",""averageHeartRate"":111,""kcal"":108,""duration"":1076000,""elevationGain"":30.48}",movement-data.csv:001521
movement-data.csv:001522,walk kcal154 28min,[],"{""activityName"":""Walk"",""kcal"":154,""duration"":1680000}",movement-data.csv:001522
movement-data.csv:001523,walk bpm133 kcal166 20min 29sec,[],"{""activityName"":""Walk"",""averageHeartRate"":133,""kcal"":166,""duration"":1229000}",movement-data.csv:001523
movement-data.csv:001524,walk 92kcal b111 +36.58m 15m21s,[],"{""activityName"":""Walk"",""averageHeartRate"":111,""kcal"":92,""duration"":921000,""elevationGain"":36.58}",movement-data.csv:001524
movement-data.csv:001525,treadmill 2.59k 80.5min,[],"{""activityName"":""Treadmill"",""distance"":2.59,""distanceUnit"":""km"",""duration"":4830000,""pace"":1864.86,""speed"":1.93}",movement-data.csv:001525
movement-data.csv:001526,walk 17min 55sec 108kcal 1882steps,[],"{""activityName"":""Walk"",""kcal"":108,""duration"":1075000,""steps"":1882}",movement-data.csv:001526
movement-data.csv:001527,walk b110 3635sec,[],"{""activityName"":""Walk"",""averageHeartRate"":110,""duration"":3635000}",movement-data.csv:001527
movement-data.csv:001528,walk step2209 21min 20sec 177kcal,[],"{""activityName"":""Walk"",""kcal"":177,""duration"":1280000,""steps"":2209}",movement-data.csv:001528
movement-data.csv:001529,walk 116 bpm kcal210 31.6min,[],"{""activityName"":""Walk"",""averageHeartRate"":116,""kcal"":210,""duration"":1896000}",movement-data.csv:001529
movement-data.csv:001530,walk 35m51s 3771steps bpm115 elev51.82m 226kcal,[],"{""activityName"":""Walk"",""averageHeartRate"":115,""kcal"":226,""duration"":2151000,""elevationGain"":51.82,""steps"":3771}",movement-data.csv:001530
movement-data.csv:001531,walk 33 min avg110 +21.34m 193kcal,[],"{""activityName"":""Walk"",""averageHeartRate"":110,""kcal"":193,""duration"":1980000,""elevationGain"":21.34}",movement-data.csv:001531
movement-data.csv:001532,walk gain21.34m 973sec 107hr 85kcal,[],"{""activityName"":""Walk"",""averageHeartRate"":107,""kcal"":85,""duration"":973000,""elevationGain"":21.34}",movement-data.csv:001532
movement-data.csv:001533,walk 350kcal steps5.66k 64min,[],"{""activityName"":""Walk"",""kcal"":350,""duration"":3840000,""steps"":5660}",movement-data.csv:001533
movement-data.csv:001534,walk 114 bpm up21.34m min17 kcal99,[],"{""activityName"":""Walk"",""averageHeartRate"":114,""kcal"":99,""duration"":1020000,""elevationGain"":21.34}",movement-data.csv:001534
movement-data.csv:001535,walk 5216steps bpm113 3789sec kcal361,[],"{""activityName"":""Walk"",""averageHeartRate"":113,""kcal"":361,""duration"":3789000,""steps"":5216}",movement-data.csv:001535
movement-data.csv:001536,walk 138kcal step2361 22min,[],"{""activityName"":""Walk"",""kcal"":138,""duration"":1320000,""steps"":2361}",movement-data.csv:001536
movement-data.csv:001537,walk sec2356 111b gain39.62m 243kcal,[],"{""activityName"":""Walk"",""averageHeartRate"":111,""kcal"":243,""duration"":2356000,""elevationGain"":39.62}",movement-data.csv:001537
movement-data.csv:001538,walk 132kcal 2254steps 110hr 22.2,[],"{""activityName"":""Walk"",""averageHeartRate"":110,""kcal"":132,""duration"":1332000,""steps"":2254}",movement-data.csv:001538
movement-data.csv:001539,walk kcal197 steps3096 112hr 30min 43sec,[],"{""activityName"":""Walk"",""averageHeartRate"":112,""kcal"":197,""duration"":1843000,""steps"":3096}",movement-data.csv:001539
movement-data.csv:001540,treadmill 19min 13sec 2.94k,[],"{""activityName"":""Treadmill"",""distance"":2.94,""distanceUnit"":""km"",""duration"":1153000,""pace"":392.18,""speed"":9.18}",movement-data.csv:001540
movement-data.csv:001541,walk steps3582 207kcal 2048sec +21.34m 109b,[],"{""activityName"":""Walk"",""averageHeartRate"":109,""kcal"":207,""duration"":2048000,""elevationGain"":21.34,""steps"":3582}",movement-data.csv:001541
movement-data.csv:001542,walk kcal95 gain27.23m bpm100 min20,[],"{""activityName"":""Walk"",""averageHeartRate"":100,""kcal"":95,""duration"":1200000,""elevationGain"":27.23}",movement-data.csv:001542
movement-data.csv:001543,run kcal279 2.36 mi min33 hr134,[],"{""activityName"":""Run"",""averageHeartRate"":134,""kcal"":279,""distance"":3.8,""distanceUnit"":""km"",""duration"":1980000,""pace"":521.32,""speed"":6.91}",movement-data.csv:001543
movement-data.csv:001544,walk 28m9s elev60.96m 119bpm,[],"{""activityName"":""Walk"",""averageHeartRate"":119,""duration"":1689000,""elevationGain"":60.96}",movement-data.csv:001544
movement-data.csv:001545,walk +57.91m steps3746 bpm108 kcal234 39.3,[],"{""activityName"":""Walk"",""averageHeartRate"":108,""kcal"":234,""duration"":2358000,""elevationGain"":57.91,""steps"":3746}",movement-data.csv:001545
movement-data.csv:001546,walk up94.49m 3701steps 36min 238kcal,[],"{""activityName"":""Walk"",""kcal"":238,""duration"":2160000,""elevationGain"":94.49,""steps"":3701}",movement-data.csv:001546
movement-data.csv:001547,walk 265kcal 44m23s,[],"{""activityName"":""Walk"",""kcal"":265,""duration"":2663000}",movement-data.csv:001547
movement-data.csv:001548,walk 302kcal 4.57k steps 60.96m gain 54.6min avg104,[],"{""activityName"":""Walk"",""averageHeartRate"":104,""kcal"":302,""duration"":3276000,""elevationGain"":60.96,""steps"":4570}",movement-data.csv:001548
movement-data.csv:001549,run elev27.43m 163bpm 16.2min 174kcal 2.38ksteps,[],"{""activityName"":""Run"",""averageHeartRate"":163,""kcal"":174,""duration"":972000,""elevationGain"":27.43,""steps"":2380}",movement-data.csv:001549
movement-data.csv:001550,walk elev9.14m 15.4min,[],"{""activityName"":""Walk"",""duration"":924000,""elevationGain"":9.14}",movement-data.csv:001550
movement-data.csv:001551,walk 106bpm 1491steps 17.1 93kcal,[],"{""activityName"":""Walk"",""averageHeartRate"":106,""kcal"":93,""duration"":1026000,""steps"":1491}",movement-data.csv:001551
movement-data.csv:001552,walk +21.34m kcal98 min16 110b,[],"{""activityName"":""Walk"",""averageHeartRate"":110,""kcal"":98,""duration"":960000,""elevationGain"":21.34}",movement-data.csv:001552
movement-data.csv:001553,walk 22min 12sec up12.19m 113b step2109 142kcal,[],"{""activityName"":""Walk"",""averageHeartRate"":113,""kcal"":142,""duration"":1332000,""elevationGain"":12.19,""steps"":2109}",movement-data.csv:001553
movement-data.csv:001554,walk 11.9min elev6.1m kcal76 1128 steps,[],"{""activityName"":""Walk"",""kcal"":76,""duration"":714000,""elevationGain"":6.1,""steps"":1128}",movement-data.csv:001554
movement-data.csv:001555,walk bpm111 717s 923 steps,[],"{""activityName"":""Walk"",""averageHeartRate"":111,""duration"":717000,""steps"":923}",movement-data.csv:001555
movement-data.csv:001556,dancing 123bpm 164kcal 24m45s steps1.8k,[],"{""activityName"":""Dancing"",""averageHeartRate"":123,""kcal"":164,""duration"":1485000,""steps"":1800}",movement-data.csv:001556
movement-data.csv:001557,treadmill 44 min 154hr steps5219 5.18m gain kcal442 mi2.59,[],"{""activityName"":""Treadmill"",""averageHeartRate"":154,""kcal"":442,""distance"":4.17,""distanceUnit"":""km"",""duration"":2640000,""elevationGain"":5.18,""pace"":633.37,""speed"":5.68,""steps"":5219}",movement-data.csv:001557
movement-data.csv:001558,walk 17min 4sec 105kcal 1600 steps 116 bpm,[],"{""activityName"":""Walk"",""averageHeartRate"":116,""kcal"":105,""duration"":1024000,""steps"":1600}",movement-data.csv:001558
movement-data.csv:001559,walk b117 23min elev39.62m 2.01k steps kcal151,[],"{""activityName"":""Walk"",""averageHeartRate"":117,""kcal"":151,""duration"":1380000,""elevationGain"":39.62,""steps"":2010}",movement-data.csv:001559
movement-data.csv:001560,aerobic workout 90min 119b,[],"{""activityName"":""Aerobic Workout"",""averageHeartRate"":119,""duration"":5400000}",movement-data.csv:001560
movement-data.csv:001561,walk 28m10s hr99,[],"{""activityName"":""Walk"",""averageHeartRate"":99,""duration"":1690000}",movement-data.csv:001561
movement-data.csv:001562,treadmill km7.64 3836s bpm164 kcal706 8184 steps up2.13m,[],"{""activityName"":""Treadmill"",""averageHeartRate"":164,""kcal"":706,""distance"":7.64,""distanceUnit"":""km"",""duration"":3836000,""elevationGain"":2.13,""pace"":502.09,""speed"":7.17,""steps"":8184}",movement-data.csv:001562
movement-data.csv:001563,walk 151kcal 2608 steps 25.6min +3.05m,[],"{""activityName"":""Walk"",""kcal"":151,""duration"":1536000,""elevationGain"":3.05,""steps"":2608}",movement-data.csv:001563
movement-data.csv:001564,walk bpm119 elev12.19m 28min 10sec,[],"{""activityName"":""Walk"",""averageHeartRate"":119,""duration"":1690000,""elevationGain"":12.19}",movement-data.csv:001564
movement-data.csv:001565,treadmill up0.31m bpm166 6m26s 0.77km,[],"{""activityName"":""Treadmill"",""averageHeartRate"":166,""distance"":0.77,""distanceUnit"":""km"",""duration"":386000,""elevationGain"":0.31,""pace"":501.3,""speed"":7.18}",movement-data.csv:001565
movement-data.csv:001566,walk 26.4min 109 bpm steps1612,[],"{""activityName"":""Walk"",""averageHeartRate"":109,""duration"":1584000,""steps"":1612}",movement-data.csv:001566
movement-data.csv:001567,walk 95kcal 101b gain3.05m min20,[],"{""activityName"":""Walk"",""averageHeartRate"":101,""kcal"":95,""duration"":1200000,""elevationGain"":3.05}",movement-data.csv:001567
movement-data.csv:001568,walk 20m29s step2166 hr114 kcal130,[],"{""activityName"":""Walk"",""averageHeartRate"":114,""kcal"":130,""duration"":1229000,""steps"":2166}",movement-data.csv:001568
movement-data.csv:001569,walk kcal111 b118 973sec,[],"{""activityName"":""Walk"",""averageHeartRate"":118,""kcal"":111,""duration"":973000}",movement-data.csv:001569
movement-data.csv:001570,treadmill b141 34min 3sec mi2.16 307kcal,[],"{""activityName"":""Treadmill"",""averageHeartRate"":141,""kcal"":307,""distance"":3.48,""distanceUnit"":""km"",""duration"":2043000,""pace"":587.71,""speed"":6.13}",movement-data.csv:001570
movement-data.csv:001571,walk up12.19m kcal164 24m45s avg117 steps2526,[],"{""activityName"":""Walk"",""averageHeartRate"":117,""kcal"":164,""duration"":1485000,""elevationGain"":12.19,""steps"":2526}",movement-data.csv:001571
movement-data.csv:001572,walk step2980 28.2 kcal177 hr113,[],"{""activityName"":""Walk"",""averageHeartRate"":113,""kcal"":177,""duration"":1692000,""steps"":2980}",movement-data.csv:001572
movement-data.csv:001573,walk kcal86 steps1.26k 16.2min elev6.1m,[],"{""activityName"":""Walk"",""kcal"":86,""duration"":972000,""elevationGain"":6.1,""steps"":1260}",movement-data.csv:001573
movement-data.csv:001574,walk 17.1min steps1.65k kcal106,[],"{""activityName"":""Walk"",""kcal"":106,""duration"":1026000,""steps"":1650}",movement-data.csv:001574
movement-data.csv:001575,treadmill 3860m 153b 31.5,[],"{""activityName"":""Treadmill"",""averageHeartRate"":153,""distance"":3.86,""distanceUnit"":""km"",""duration"":1890000,""pace"":489.64,""speed"":7.35}",movement-data.csv:001575
movement-data.csv:001576,walk elev42.67m 2367 steps 29 189kcal,[],"{""activityName"":""Walk"",""kcal"":189,""duration"":1740000,""elevationGain"":42.67,""steps"":2367}",movement-data.csv:001576
movement-data.csv:001577,walk kcal101 16m13s,[],"{""activityName"":""Walk"",""kcal"":101,""duration"":973000}",movement-data.csv:001577
movement-data.csv:001578,treadmill 23.4 2.78km,[],"{""activityName"":""Treadmill"",""distance"":2.78,""distanceUnit"":""km"",""duration"":1404000,""pace"":505.04,""speed"":7.13}",movement-data.csv:001578
movement-data.csv:001579,walk elev42.67m 40min 7sec 122b,[],"{""activityName"":""Walk"",""averageHeartRate"":122,""duration"":2407000,""elevationGain"":42.67}",movement-data.csv:001579
movement-data.csv:001580,treadmill 4.67k steps 4.31km 160 bpm 32m49s,[],"{""activityName"":""Treadmill"",""averageHeartRate"":160,""distance"":4.31,""distanceUnit"":""km"",""duration"":1969000,""pace"":456.84,""speed"":7.88,""steps"":4670}",movement-data.csv:001580
movement-data.csv:001581,walk 236kcal bpm121 35min,[],"{""activityName"":""Walk"",""averageHeartRate"":121,""kcal"":236,""duration"":2100000}",movement-data.csv:001581
movement-data.csv:001582,walk 230kcal sec2406 hr110,[],"{""activityName"":""Walk"",""averageHeartRate"":110,""kcal"":230,""duration"":2406000}",movement-data.csv:001582
movement-data.csv:001583,walk 17min steps1251 90kcal,[],"{""activityName"":""Walk"",""kcal"":90,""duration"":1020000,""steps"":1251}",movement-data.csv:001583
movement-data.csv:001584,walk 112b min69,[],"{""activityName"":""Walk"",""averageHeartRate"":112,""duration"":4140000}",movement-data.csv:001584
movement-data.csv:001585,aerobic workout min27 142hr kcal235 2.3ksteps,[],"{""activityName"":""Aerobic Workout"",""averageHeartRate"":142,""kcal"":235,""duration"":1620000,""steps"":2300}",movement-data.csv:001585
movement-data.csv:001586,walk 100kcal 17min 4sec,[],"{""activityName"":""Walk"",""kcal"":100,""duration"":1024000}",movement-data.csv:001586
movement-data.csv:001587,walk 19m38s kcal101 1.42ksteps elev9.14m,[],"{""activityName"":""Walk"",""kcal"":101,""duration"":1178000,""elevationGain"":9.14,""steps"":1420}",movement-data.csv:001587
movement-data.csv:001588,treadmill kcal308 157 bpm 3701 steps sec1736 1.88 mi 1.22m gain,[],"{""activityName"":""Treadmill"",""averageHeartRate"":157,""kcal"":308,""distance"":3.03,""distanceUnit"":""km"",""duration"":1736000,""elevationGain"":1.22,""pace"":573.78,""speed"":6.27,""steps"":3701}",movement-data.csv:001588
movement-data.csv:001589,walk 101hr 12.19m gain steps1.4k 97kcal min20,[],"{""activityName"":""Walk"",""averageHeartRate"":101,""kcal"":97,""duration"":1200000,""elevationGain"":12.19,""steps"":1400}",movement-data.csv:001589
movement-data.csv:001590,walk 1504 steps 22.2min 103kcal up12.19m 100b,[],"{""activityName"":""Walk"",""averageHeartRate"":100,""kcal"":103,""duration"":1332000,""elevationGain"":12.19,""steps"":1504}",movement-data.csv:001590
movement-data.csv:001591,walk 21.3min hr114 up27.43m steps2.09k 139kcal,[],"{""activityName"":""Walk"",""averageHeartRate"":114,""kcal"":139,""duration"":1278000,""elevationGain"":27.43,""steps"":2090}",movement-data.csv:001591
movement-data.csv:001592,walk min53 hr114 step5576,[],"{""activityName"":""Walk"",""averageHeartRate"":114,""duration"":3180000,""steps"":5576}",movement-data.csv:001592
movement-data.csv:001593,walk sec2049 kcal252 avg124,[],"{""activityName"":""Walk"",""averageHeartRate"":124,""kcal"":252,""duration"":2049000}",movement-data.csv:001593
movement-data.csv:001594,walk hr122 39min 15sec 3.96ksteps,[],"{""activityName"":""Walk"",""averageHeartRate"":122,""duration"":2355000,""steps"":3960}",movement-data.csv:001594
movement-data.csv:001595,walk sec1639 hr101 1927 steps,[],"{""activityName"":""Walk"",""averageHeartRate"":101,""duration"":1639000,""steps"":1927}",movement-data.csv:001595
movement-data.csv:001596,walk 107hr 1946s kcal180,[],"{""activityName"":""Walk"",""averageHeartRate"":107,""kcal"":180,""duration"":1946000}",movement-data.csv:001596
movement-data.csv:001597,walk 30.7 step1736,[],"{""activityName"":""Walk"",""duration"":1842000,""steps"":1736}",movement-data.csv:001597
movement-data.csv:001598,walk 109hr 19 min,[],"{""activityName"":""Walk"",""averageHeartRate"":109,""duration"":1140000}",movement-data.csv:001598
movement-data.csv:001599,walk kcal95 107b 1268 steps 16min 13sec,[],"{""activityName"":""Walk"",""averageHeartRate"":107,""kcal"":95,""duration"":973000,""steps"":1268}",movement-data.csv:001599
movement-data.csv:001600,treadmill 1810s 2.91km,[],"{""activityName"":""Treadmill"",""distance"":2.91,""distanceUnit"":""km"",""duration"":1810000,""pace"":621.99,""speed"":5.79}",movement-data.csv:001600
movement-data.csv:001601,run min27 305kcal,[],"{""activityName"":""Run"",""kcal"":305,""duration"":1620000}",movement-data.csv:001601
movement-data.csv:001602,walk 1287steps 17.9min,[],"{""activityName"":""Walk"",""duration"":1074000,""steps"":1287}",movement-data.csv:001602
movement-data.csv:001603,treadmill 2.57km min22,[],"{""activityName"":""Treadmill"",""distance"":2.57,""distanceUnit"":""km"",""duration"":1320000,""pace"":513.62,""speed"":7.01}",movement-data.csv:001603
movement-data.csv:001604,walk gain45.72m 132 bpm 128kcal steps1.68k 16min,[],"{""activityName"":""Walk"",""averageHeartRate"":132,""kcal"":128,""duration"":960000,""elevationGain"":45.72,""steps"":1680}",movement-data.csv:001604
movement-data.csv:001605,walk 47min 4713 steps bpm113,[],"{""activityName"":""Walk"",""averageHeartRate"":113,""duration"":2820000,""steps"":4713}",movement-data.csv:001605
movement-data.csv:001606,walk 2221steps 120 bpm gain15.24m 145kcal 21.3min,[],"{""activityName"":""Walk"",""averageHeartRate"":120,""kcal"":145,""duration"":1278000,""elevationGain"":15.24,""steps"":2221}",movement-data.csv:001606
movement-data.csv:001607,walk 115b 27m19s,[],"{""activityName"":""Walk"",""averageHeartRate"":115,""duration"":1639000}",movement-data.csv:001607
movement-data.csv:001608,treadmill 12min 44sec 1.65 km,[],"{""activityName"":""Treadmill"",""distance"":1.65,""distanceUnit"":""km"",""duration"":764000,""pace"":463.03,""speed"":7.77}",movement-data.csv:001608
movement-data.csv:001609,walk 144kcal hr127 18min 46sec,[],"{""activityName"":""Walk"",""averageHeartRate"":127,""kcal"":144,""duration"":1126000}",movement-data.csv:001609
movement-data.csv:001610,treadmill 163hr 33min 37sec 3.96km,[],"{""activityName"":""Treadmill"",""averageHeartRate"":163,""distance"":3.96,""distanceUnit"":""km"",""duration"":2017000,""pace"":509.34,""speed"":7.07}",movement-data.csv:001610
movement-data.csv:001611,walk avg122 16.2min,[],"{""activityName"":""Walk"",""averageHeartRate"":122,""duration"":972000}",movement-data.csv:001611
movement-data.csv:001612,walk +24.38m sec1383 hr106 1.77ksteps 120kcal,[],"{""activityName"":""Walk"",""averageHeartRate"":106,""kcal"":120,""duration"":1383000,""elevationGain"":24.38,""steps"":1770}",movement-data.csv:001612
movement-data.csv:001613,walk up21.34m 144kcal b108 23min,[],"{""activityName"":""Walk"",""averageHeartRate"":108,""kcal"":144,""duration"":1380000,""elevationGain"":21.34}",movement-data.csv:001613
movement-data.csv:001614,walk 99kcal hr117 1.58ksteps min15,[],"{""activityName"":""Walk"",""averageHeartRate"":117,""kcal"":99,""duration"":900000,""steps"":1580}",movement-data.csv:001614
movement-data.csv:001615,walk 28.2min 125 bpm,[],"{""activityName"":""Walk"",""averageHeartRate"":125,""duration"":1692000}",movement-data.csv:001615
movement-data.csv:001616,skiing steps5.88k km4.14 5h 30min,[],"{""activityName"":""Skiing"",""distance"":4.14,""distanceUnit"":""km"",""duration"":19800000,""pace"":4782.61,""speed"":0.75,""steps"":5880}",movement-data.csv:001616
movement-data.csv:001617,cross country skiing 110 min kcal702 steps8.08k 7000 m,[],"{""activityName"":""Cross Country Skiing"",""kcal"":702,""distance"":7,""distanceUnit"":""km"",""duration"":6600000,""pace"":942.86,""speed"":3.82,""steps"":8080}",movement-data.csv:001617
movement-data.csv:001618,cross country skiing 57.2 km7.7,[],"{""activityName"":""Cross Country Skiing"",""distance"":7.7,""distanceUnit"":""km"",""duration"":3432000,""pace"":445.71,""speed"":8.08}",movement-data.csv:001618
movement-data.csv:001619,walk 88kcal b109 15m22s,[],"{""activityName"":""Walk"",""averageHeartRate"":109,""kcal"":88,""duration"":922000}",movement-data.csv:001619
movement-data.csv:001620,walk bpm117 sec3379 kcal364,[],"{""activityName"":""Walk"",""averageHeartRate"":117,""kcal"":364,""duration"":3379000}",movement-data.csv:001620
movement-data.csv:001621,walk 104 bpm 52.1min 297kcal,[],"{""activityName"":""Walk"",""averageHeartRate"":104,""kcal"":297,""duration"":3126000}",movement-data.csv:001621
movement-data.csv:001622,walk 22min 136 bpm 13.11m gain 2121steps,[],"{""activityName"":""Walk"",""averageHeartRate"":136,""duration"":1320000,""elevationGain"":13.11,""steps"":2121}",movement-data.csv:001622
movement-data.csv:001623,treadmill 11.6 1591steps,[],"{""activityName"":""Treadmill"",""duration"":696000,""steps"":1591}",movement-data.csv:001623
movement-data.csv:001624,walk elev39.62m 20m29s,[],"{""activityName"":""Walk"",""duration"":1229000,""elevationGain"":39.62}",movement-data.csv:001624
movement-data.csv:001625,walk 17min 4sec kcal98 bpm114 steps1302 elev9.14m,[],"{""activityName"":""Walk"",""averageHeartRate"":114,""kcal"":98,""duration"":1024000,""elevationGain"":9.14,""steps"":1302}",movement-data.csv:001625
movement-data.csv:001626,walk hr115 9.14m gain steps1.06k 87kcal 15min 22sec,[],"{""activityName"":""Walk"",""averageHeartRate"":115,""kcal"":87,""duration"":922000,""elevationGain"":9.14,""steps"":1060}",movement-data.csv:001626
movement-data.csv:001627,yoga 337kcal steps407 hr94 4500s,[],"{""activityName"":""Yoga"",""averageHeartRate"":94,""kcal"":337,""duration"":4500000,""steps"":407}",movement-data.csv:001627
movement-data.csv:001628,circuit training sec3600 151 bpm kcal323 1.07k steps,[],"{""activityName"":""Circuit Training"",""averageHeartRate"":151,""kcal"":323,""duration"":3600000,""steps"":1070}",movement-data.csv:001628
movement-data.csv:001629,walk 1127s 1.41ksteps,[],"{""activityName"":""Walk"",""duration"":1127000,""steps"":1410}",movement-data.csv:001629
movement-data.csv:001630,walk bpm120 109kcal +18.29m 15.4min,[],"{""activityName"":""Walk"",""averageHeartRate"":120,""kcal"":109,""duration"":924000,""elevationGain"":18.29}",movement-data.csv:001630
movement-data.csv:001631,treadmill 34.1 bpm171 4.71ksteps kcal408,[],"{""activityName"":""Treadmill"",""averageHeartRate"":171,""kcal"":408,""duration"":2046000,""steps"":4710}",movement-data.csv:001631
movement-data.csv:001632,circuit training 57min 21sec step1103 kcal425,[],"{""activityName"":""Circuit Training"",""kcal"":425,""duration"":3441000,""steps"":1103}",movement-data.csv:001632
movement-data.csv:001633,walk elev12.19m 24min 45sec,[],"{""activityName"":""Walk"",""duration"":1485000,""elevationGain"":12.19}",movement-data.csv:001633
movement-data.csv:001634,walk 104bpm 1434sec 131kcal 2236 steps,[],"{""activityName"":""Walk"",""averageHeartRate"":104,""kcal"":131,""duration"":1434000,""steps"":2236}",movement-data.csv:001634
movement-data.csv:001635,circuit training kcal552 avg162 3157s up16.76m,[],"{""activityName"":""Circuit Training"",""averageHeartRate"":162,""kcal"":552,""duration"":3157000,""elevationGain"":16.76}",movement-data.csv:001635
movement-data.csv:001636,walk 122 bpm 1946s,[],"{""activityName"":""Walk"",""averageHeartRate"":122,""duration"":1946000}",movement-data.csv:001636
movement-data.csv:001637,walk 32min 3430 steps 245kcal 127b,[],"{""activityName"":""Walk"",""averageHeartRate"":127,""kcal"":245,""duration"":1920000,""steps"":3430}",movement-data.csv:001637
movement-data.csv:001638,walk sec1587 117b,[],"{""activityName"":""Walk"",""averageHeartRate"":117,""duration"":1587000}",movement-data.csv:001638
movement-data.csv:001639,run 24.8 kcal356 3.58ksteps 177hr,[],"{""activityName"":""Run"",""averageHeartRate"":177,""kcal"":356,""duration"":1488000,""steps"":3580}",movement-data.csv:001639
movement-data.csv:001640,walk 1.85k steps 103bpm gain9.14m 24min 44sec 162kcal,[],"{""activityName"":""Walk"",""averageHeartRate"":103,""kcal"":162,""duration"":1484000,""elevationGain"":9.14,""steps"":1850}",movement-data.csv:001640
movement-data.csv:001641,walk hr101 162kcal steps1.75k 25.6,[],"{""activityName"":""Walk"",""averageHeartRate"":101,""kcal"":162,""duration"":1536000,""steps"":1750}",movement-data.csv:001641
movement-data.csv:001642,walk bpm93 kcal92 6.1m gain 17 min,[],"{""activityName"":""Walk"",""averageHeartRate"":93,""kcal"":92,""duration"":1020000,""elevationGain"":6.1}",movement-data.csv:001642
movement-data.csv:001643,run 171b m6260 35 min 471kcal,[],"{""activityName"":""Run"",""averageHeartRate"":171,""kcal"":471,""distance"":6.26,""distanceUnit"":""km"",""duration"":2100000,""pace"":335.46,""speed"":10.73}",movement-data.csv:001643
movement-data.csv:001644,walk 1638sec kcal177,[],"{""activityName"":""Walk"",""kcal"":177,""duration"":1638000}",movement-data.csv:001644
movement-data.csv:001645,walk 2.29k steps kcal159 22min 11sec hr92,[],"{""activityName"":""Walk"",""averageHeartRate"":92,""kcal"":159,""duration"":1331000,""steps"":2290}",movement-data.csv:001645
movement-data.csv:001646,run 33m37s avg172 steps5109 6.22km,[],"{""activityName"":""Run"",""averageHeartRate"":172,""distance"":6.22,""distanceUnit"":""km"",""duration"":2017000,""pace"":324.28,""speed"":11.1,""steps"":5109}",movement-data.csv:001646
movement-data.csv:001647,walk avg106 173kcal min25,[],"{""activityName"":""Walk"",""averageHeartRate"":106,""kcal"":173,""duration"":1500000}",movement-data.csv:001647
movement-data.csv:001648,run 1196s steps3.05k 3710 m 169hr kcal267,[],"{""activityName"":""Run"",""averageHeartRate"":169,""kcal"":267,""distance"":3.71,""distanceUnit"":""km"",""duration"":1196000,""pace"":322.37,""speed"":11.17,""steps"":3050}",movement-data.csv:001648
movement-data.csv:001649,run b175 5.06k steps 33.3min,[],"{""activityName"":""Run"",""averageHeartRate"":175,""duration"":1998000,""steps"":5060}",movement-data.csv:001649
movement-data.csv:001650,walk 116kcal 1.43k steps 18min hr104 9.14m gain,[],"{""activityName"":""Walk"",""averageHeartRate"":104,""kcal"":116,""duration"":1080000,""elevationGain"":9.14,""steps"":1430}",movement-data.csv:001650
movement-data.csv:001651,run km4.49 steps3.84k 25.8min 344kcal b170,[],"{""activityName"":""Run"",""averageHeartRate"":170,""kcal"":344,""distance"":4.49,""distanceUnit"":""km"",""duration"":1548000,""pace"":344.77,""speed"":10.44,""steps"":3840}",movement-data.csv:001651
movement-data.csv:001652,walk 17m4s steps1.11k 122 bpm 122kcal,[],"{""activityName"":""Walk"",""averageHeartRate"":122,""kcal"":122,""duration"":1024000,""steps"":1110}",movement-data.csv:001652
movement-data.csv:001653,walk 132kcal 1024sec,[],"{""activityName"":""Walk"",""kcal"":132,""duration"":1024000}",movement-data.csv:001653
movement-data.csv:001654,walk 35min 102b step2990 kcal235 +30.48m,[],"{""activityName"":""Walk"",""averageHeartRate"":102,""kcal"":235,""duration"":2100000,""elevationGain"":30.48,""steps"":2990}",movement-data.csv:001654
movement-data.csv:001655,walk b97 steps2.67k 28.2 kcal188,[],"{""activityName"":""Walk"",""averageHeartRate"":97,""kcal"":188,""duration"":1692000,""steps"":2670}",movement-data.csv:001655
movement-data.csv:001656,walk min27 2616 steps elev24.38m,[],"{""activityName"":""Walk"",""duration"":1620000,""elevationGain"":24.38,""steps"":2616}",movement-data.csv:001656
movement-data.csv:001657,walk +18.29m avg115 kcal260 32.4min,[],"{""activityName"":""Walk"",""averageHeartRate"":115,""kcal"":260,""duration"":1944000,""elevationGain"":18.29}",movement-data.csv:001657
movement-data.csv:001658,walk 271kcal min41 bpm104 2959 steps,[],"{""activityName"":""Walk"",""averageHeartRate"":104,""kcal"":271,""duration"":2460000,""steps"":2959}",movement-data.csv:001658
movement-data.csv:001659,walk +42.67m 22m12s kcal167 111hr,[],"{""activityName"":""Walk"",""averageHeartRate"":111,""kcal"":167,""duration"":1332000,""elevationGain"":42.67}",movement-data.csv:001659
movement-data.csv:001660,walk 68.3min 103bpm 48.77m gain kcal428,[],"{""activityName"":""Walk"",""averageHeartRate"":103,""kcal"":428,""duration"":4098000,""elevationGain"":48.77}",movement-data.csv:001660
movement-data.csv:001661,walk 156kcal 27.3 steps1.83k,[],"{""activityName"":""Walk"",""kcal"":156,""duration"":1638000,""steps"":1830}",movement-data.csv:001661
movement-data.csv:001662,run 379kcal b162 31 min step4552,[],"{""activityName"":""Run"",""averageHeartRate"":162,""kcal"":379,""duration"":1860000,""steps"":4552}",movement-data.csv:001662
movement-data.csv:001663,walk kcal141 b126 step1047 17min 4sec,[],"{""activityName"":""Walk"",""averageHeartRate"":126,""kcal"":141,""duration"":1024000,""steps"":1047}",movement-data.csv:001663
movement-data.csv:001664,walk sec1434 bpm97 1.52k steps kcal139,[],"{""activityName"":""Walk"",""averageHeartRate"":97,""kcal"":139,""duration"":1434000,""steps"":1520}",movement-data.csv:001664
movement-data.csv:001665,walk 22.2 up6.1m hr96 kcal118 1.3k steps,[],"{""activityName"":""Walk"",""averageHeartRate"":96,""kcal"":118,""duration"":1332000,""elevationGain"":6.1,""steps"":1300}",movement-data.csv:001665
movement-data.csv:001666,walk 105kcal 18m47s 1.17k steps,[],"{""activityName"":""Walk"",""kcal"":105,""duration"":1127000,""steps"":1170}",movement-data.csv:001666
movement-data.csv:001667,walk 16min 13sec kcal101 bpm101 +3.05m,[],"{""activityName"":""Walk"",""averageHeartRate"":101,""kcal"":101,""duration"":973000,""elevationGain"":3.05}",movement-data.csv:001667
movement-data.csv:001668,run 3.28k steps 22min 12sec 175hr kcal301,[],"{""activityName"":""Run"",""averageHeartRate"":175,""kcal"":301,""duration"":1332000,""steps"":3280}",movement-data.csv:001668
movement-data.csv:001669,walk 105b 18.29m gain 145kcal min19 1.9k steps,[],"{""activityName"":""Walk"",""averageHeartRate"":105,""kcal"":145,""duration"":1140000,""elevationGain"":18.29,""steps"":1900}",movement-data.csv:001669
movement-data.csv:001670,walk 106hr 76.2m gain 26.5 step1750 kcal176,[],"{""activityName"":""Walk"",""averageHeartRate"":106,""kcal"":176,""duration"":1590000,""elevationGain"":76.2,""steps"":1750}",movement-data.csv:001670
movement-data.csv:001671,walk sec1127 bpm101 125kcal gain33.53m steps1553,[],"{""activityName"":""Walk"",""averageHeartRate"":101,""kcal"":125,""duration"":1127000,""elevationGain"":33.53,""steps"":1553}",movement-data.csv:001671
movement-data.csv:001672,walk kcal441 hr107 4351steps 62.3,[],"{""activityName"":""Walk"",""averageHeartRate"":107,""kcal"":441,""duration"":3738000,""steps"":4351}",movement-data.csv:001672
movement-data.csv:001673,walk 4.34k steps 106hr min47 +42.67m kcal310,[],"{""activityName"":""Walk"",""averageHeartRate"":106,""kcal"":310,""duration"":2820000,""elevationGain"":42.67,""steps"":4340}",movement-data.csv:001673
movement-data.csv:001674,run avg174 step3133 kcal294 21.4,[],"{""activityName"":""Run"",""averageHeartRate"":174,""kcal"":294,""duration"":1284000,""steps"":3133}",movement-data.csv:001674
movement-data.csv:001675,walk 112kcal 18m46s 105bpm,[],"{""activityName"":""Walk"",""averageHeartRate"":105,""kcal"":112,""duration"":1126000}",movement-data.csv:001675
movement-data.csv:001676,walk 42m40s 100bpm,[],"{""activityName"":""Walk"",""averageHeartRate"":100,""duration"":2560000}",movement-data.csv:001676
movement-data.csv:001677,walk 17min 55sec 1.64k steps 110b kcal126,[],"{""activityName"":""Walk"",""averageHeartRate"":110,""kcal"":126,""duration"":1075000,""steps"":1640}",movement-data.csv:001677
movement-data.csv:001678,walk hr101 elev15.24m 22m11s 154kcal,[],"{""activityName"":""Walk"",""averageHeartRate"":101,""kcal"":154,""duration"":1331000,""elevationGain"":15.24}",movement-data.csv:001678
movement-data.csv:001679,walk 1908steps avg107 21.3min,[],"{""activityName"":""Walk"",""averageHeartRate"":107,""duration"":1278000,""steps"":1908}",movement-data.csv:001679
movement-data.csv:001680,walk avg99 kcal93 15min,[],"{""activityName"":""Walk"",""averageHeartRate"":99,""kcal"":93,""duration"":900000}",movement-data.csv:001680
movement-data.csv:001681,walk 3.16k steps bpm99 2355s kcal247,[],"{""activityName"":""Walk"",""averageHeartRate"":99,""kcal"":247,""duration"":2355000,""steps"":3160}",movement-data.csv:001681
movement-data.csv:001682,walk 86kcal 15 min 898 steps,[],"{""activityName"":""Walk"",""kcal"":86,""duration"":900000,""steps"":898}",movement-data.csv:001682
movement-data.csv:001683,walk 206kcal 35min 50sec bpm99,[],"{""activityName"":""Walk"",""averageHeartRate"":99,""kcal"":206,""duration"":2150000}",movement-data.csv:001683
movement-data.csv:001684,walk kcal179 31.6min,[],"{""activityName"":""Walk"",""kcal"":179,""duration"":1896000}",movement-data.csv:001684
movement-data.csv:001685,walk 1637steps kcal124 22min 11sec,[],"{""activityName"":""Walk"",""kcal"":124,""duration"":1331000,""steps"":1637}",movement-data.csv:001685
movement-data.csv:001686,walk kcal481 76 105hr steps5.52k 3.05m gain,[],"{""activityName"":""Walk"",""averageHeartRate"":105,""kcal"":481,""duration"":4560000,""elevationGain"":3.05,""steps"":5520}",movement-data.csv:001686
movement-data.csv:001687,walk 35m50s kcal268 bpm113,[],"{""activityName"":""Walk"",""averageHeartRate"":113,""kcal"":268,""duration"":2150000}",movement-data.csv:001687
movement-data.csv:001688,walk 24min 45sec 1537 steps kcal137 hr95,[],"{""activityName"":""Walk"",""averageHeartRate"":95,""kcal"":137,""duration"":1485000,""steps"":1537}",movement-data.csv:001688
movement-data.csv:001689,walk 44min 289kcal b104,[],"{""activityName"":""Walk"",""averageHeartRate"":104,""kcal"":289,""duration"":2640000}",movement-data.csv:001689
movement-data.csv:001690,walk step4539 429kcal 81.1min 98bpm,[],"{""activityName"":""Walk"",""averageHeartRate"":98,""kcal"":429,""duration"":4866000,""steps"":4539}",movement-data.csv:001690
movement-data.csv:001691,walk 99hr kcal116 1504steps gain3.05m 17m4s,[],"{""activityName"":""Walk"",""averageHeartRate"":99,""kcal"":116,""duration"":1024000,""elevationGain"":3.05,""steps"":1504}",movement-data.csv:001691
movement-data.csv:001692,walk 7.67k steps kcal814 125.5 avg98,[],"{""activityName"":""Walk"",""averageHeartRate"":98,""kcal"":814,""duration"":7530000,""steps"":7670}",movement-data.csv:001692
movement-data.csv:001693,walk 104 bpm up39.62m 555kcal 1h 33min 1sec steps6947,[],"{""activityName"":""Walk"",""averageHeartRate"":104,""kcal"":555,""duration"":5581000,""elevationGain"":39.62,""steps"":6947}",movement-data.csv:001693
movement-data.csv:001694,walk min32 246kcal 137.16m gain 2427steps b106,[],"{""activityName"":""Walk"",""averageHeartRate"":106,""kcal"":246,""duration"":1920000,""elevationGain"":137.16,""steps"":2427}",movement-data.csv:001694
movement-data.csv:001695,walk 29min 2.61k steps,[],"{""activityName"":""Walk"",""duration"":1740000,""steps"":2610}",movement-data.csv:001695
movement-data.csv:001696,walk up3.05m 119bpm 18.8min,[],"{""activityName"":""Walk"",""averageHeartRate"":119,""duration"":1128000,""elevationGain"":3.05}",movement-data.csv:001696
movement-data.csv:001697,walk up9.14m 117hr steps1665 kcal146 min18,[],"{""activityName"":""Walk"",""averageHeartRate"":117,""kcal"":146,""duration"":1080000,""elevationGain"":9.14,""steps"":1665}",movement-data.csv:001697
movement-data.csv:001698,walk 211kcal 64.01m gain 1946s step2457,[],"{""activityName"":""Walk"",""kcal"":211,""duration"":1946000,""elevationGain"":64.01,""steps"":2457}",movement-data.csv:001698
movement-data.csv:001699,walk 29m1s up6.1m avg112,[],"{""activityName"":""Walk"",""averageHeartRate"":112,""duration"":1741000,""elevationGain"":6.1}",movement-data.csv:001699
movement-data.csv:001700,walk elev12.19m 123bpm 42.7min 333kcal steps3062,[],"{""activityName"":""Walk"",""averageHeartRate"":123,""kcal"":333,""duration"":2562000,""elevationGain"":12.19,""steps"":3062}",movement-data.csv:001700
movement-data.csv:001701,walk kcal105 avg106 min15,[],"{""activityName"":""Walk"",""averageHeartRate"":106,""kcal"":105,""duration"":900000}",movement-data.csv:001701
movement-data.csv:001702,walk 2253sec gain33.53m 263kcal,[],"{""activityName"":""Walk"",""kcal"":263,""duration"":2253000,""elevationGain"":33.53}",movement-data.csv:001702
movement-data.csv:001703,walk step2140 1997sec 192kcal,[],"{""activityName"":""Walk"",""kcal"":192,""duration"":1997000,""steps"":2140}",movement-data.csv:001703
movement-data.csv:001704,outdoor bike 84 bpm gain73.15m 199kcal 46m5s,[],"{""activityName"":""Outdoor Bike"",""averageHeartRate"":84,""kcal"":199,""duration"":2765000,""elevationGain"":73.15}",movement-data.csv:001704
movement-data.csv:001705,sport steps851 kcal126 102b 23.1min,[],"{""activityName"":""Sport"",""averageHeartRate"":102,""kcal"":126,""duration"":1386000,""steps"":851}",movement-data.csv:001705
movement-data.csv:001706,sport 155kcal 99b 29m1s 1.29ksteps,[],"{""activityName"":""Sport"",""averageHeartRate"":99,""kcal"":155,""duration"":1741000,""steps"":1290}",movement-data.csv:001706
movement-data.csv:001707,sport b105 1.18ksteps 16.2min 109kcal,[],"{""activityName"":""Sport"",""averageHeartRate"":105,""kcal"":109,""duration"":972000,""steps"":1180}",movement-data.csv:001707
movement-data.csv:001708,walk avg100 109kcal 1076s,[],"{""activityName"":""Walk"",""averageHeartRate"":100,""kcal"":109,""duration"":1076000}",movement-data.csv:001708
movement-data.csv:001709,walk 107b 182kcal 26m27s,[],"{""activityName"":""Walk"",""averageHeartRate"":107,""kcal"":182,""duration"":1587000}",movement-data.csv:001709
movement-data.csv:001710,walk up9.14m kcal197 avg98,[],"{""activityName"":""Walk"",""averageHeartRate"":98,""kcal"":197,""elevationGain"":9.14}",movement-data.csv:001710
movement-data.csv:001711,walk 23.1min steps2.47k 129hr 211kcal,[],"{""activityName"":""Walk"",""averageHeartRate"":129,""kcal"":211,""duration"":1386000,""steps"":2470}",movement-data.csv:001711
movement-data.csv:001712,walk 30.7 gain36.58m 104 bpm steps1939,[],"{""activityName"":""Walk"",""averageHeartRate"":104,""duration"":1842000,""elevationGain"":36.58,""steps"":1939}",movement-data.csv:001712
movement-data.csv:001713,walk bpm123 +3.05m 323kcal 40min 7sec 3.36k steps,[],"{""activityName"":""Walk"",""averageHeartRate"":123,""kcal"":323,""duration"":2407000,""elevationGain"":3.05,""steps"":3360}",movement-data.csv:001713
movement-data.csv:001714,walk sec1536 avg98 173kcal,[],"{""activityName"":""Walk"",""averageHeartRate"":98,""kcal"":173,""duration"":1536000}",movement-data.csv:001714
movement-data.csv:001715,walk bpm98 1h 45min 49sec 602kcal,[],"{""activityName"":""Walk"",""averageHeartRate"":98,""kcal"":602,""duration"":6349000}",movement-data.csv:001715
movement-data.csv:001716,walk 47min 48sec 118b kcal364,[],"{""activityName"":""Walk"",""averageHeartRate"":118,""kcal"":364,""duration"":2868000}",movement-data.csv:001716
movement-data.csv:001717,walk 103b 39.2min,[],"{""activityName"":""Walk"",""averageHeartRate"":103,""duration"":2352000}",movement-data.csv:001717
movement-data.csv:001718,walk kcal144 1.96ksteps 20m29s,[],"{""activityName"":""Walk"",""kcal"":144,""duration"":1229000,""steps"":1960}",movement-data.csv:001718
movement-data.csv:001719,walk hr143 steps2787 254kcal 24min 45sec,[],"{""activityName"":""Walk"",""averageHeartRate"":143,""kcal"":254,""duration"":1485000,""steps"":2787}",movement-data.csv:001719
movement-data.csv:001720,walk up12.19m 19.6 hr95 1144 steps kcal109,[],"{""activityName"":""Walk"",""averageHeartRate"":95,""kcal"":109,""duration"":1176000,""elevationGain"":12.19,""steps"":1144}",movement-data.csv:001720
movement-data.csv:001721,walk steps11.24k 116.9,[],"{""activityName"":""Walk"",""duration"":7014000,""steps"":11240}",movement-data.csv:001721
movement-data.csv:001722,walk 3840s b99,[],"{""activityName"":""Walk"",""averageHeartRate"":99,""duration"":3840000}",movement-data.csv:001722
movement-data.csv:001723,walk 11.92k steps hr99 2h12m16s elev262.13m kcal872,[],"{""activityName"":""Walk"",""averageHeartRate"":99,""kcal"":872,""duration"":7936000,""elevationGain"":262.13,""steps"":11920}",movement-data.csv:001723
movement-data.csv:001724,walk 4.26ksteps kcal307 43min 31sec b103,[],"{""activityName"":""Walk"",""averageHeartRate"":103,""kcal"":307,""duration"":2611000,""steps"":4260}",movement-data.csv:001724
movement-data.csv:001725,walk +128.02m 6.84k steps 1h 21min 4sec b102,[],"{""activityName"":""Walk"",""averageHeartRate"":102,""duration"":4864000,""elevationGain"":128.02,""steps"":6840}",movement-data.csv:001725
movement-data.csv:001726,walk steps2.96k up6.1m 35m50s hr129 306kcal,[],"{""activityName"":""Walk"",""averageHeartRate"":129,""kcal"":306,""duration"":2150000,""elevationGain"":6.1,""steps"":2960}",movement-data.csv:001726
movement-data.csv:001727,run avg154 4739steps 2.58 mi 31.3 3.35m gain 287kcal,[],"{""activityName"":""Run"",""averageHeartRate"":154,""kcal"":287,""distance"":4.15,""distanceUnit"":""km"",""duration"":1878000,""elevationGain"":3.35,""pace"":452.3,""speed"":7.96,""steps"":4739}",movement-data.csv:001727
movement-data.csv:001728,walk 19min 37sec bpm101 86kcal +9.14m 1.1ksteps,[],"{""activityName"":""Walk"",""averageHeartRate"":101,""kcal"":86,""duration"":1177000,""elevationGain"":9.14,""steps"":1100}",movement-data.csv:001728
movement-data.csv:001729,walk steps1286 16min,[],"{""activityName"":""Walk"",""duration"":960000,""steps"":1286}",movement-data.csv:001729
movement-data.csv:001730,walk 15.4min kcal14,[],"{""activityName"":""Walk"",""kcal"":14,""duration"":924000}",movement-data.csv:001730
movement-data.csv:001731,walk 23min 106 bpm 159kcal,[],"{""activityName"":""Walk"",""averageHeartRate"":106,""kcal"":159,""duration"":1380000}",movement-data.csv:001731
movement-data.csv:001732,walk 19.6 step1163,[],"{""activityName"":""Walk"",""duration"":1176000,""steps"":1163}",movement-data.csv:001732
movement-data.csv:001733,walk 99b kcal78 15min 22sec 815 steps,[],"{""activityName"":""Walk"",""averageHeartRate"":99,""kcal"":78,""duration"":922000,""steps"":815}",movement-data.csv:001733
movement-data.csv:001734,outdoor bike 120 bpm up3.05m kcal160 22min 11sec,[],"{""activityName"":""Outdoor Bike"",""averageHeartRate"":120,""kcal"":160,""duration"":1331000,""elevationGain"":3.05}",movement-data.csv:001734
movement-data.csv:001735,walk 47.8min 15.24m gain 260kcal step2677 b101,[],"{""activityName"":""Walk"",""averageHeartRate"":101,""kcal"":260,""duration"":2868000,""elevationGain"":15.24,""steps"":2677}",movement-data.csv:001735
movement-data.csv:001736,sport 1.53ksteps 105b 24min 140kcal,[],"{""activityName"":""Sport"",""averageHeartRate"":105,""kcal"":140,""duration"":1440000,""steps"":1530}",movement-data.csv:001736
movement-data.csv:001737,walk gain76.2m 1866 steps kcal166 27.3,[],"{""activityName"":""Walk"",""kcal"":166,""duration"":1638000,""elevationGain"":76.2,""steps"":1866}",movement-data.csv:001737
movement-data.csv:001738,outdoor bike kcal52 1075sec b85,[],"{""activityName"":""Outdoor Bike"",""averageHeartRate"":85,""kcal"":52,""duration"":1075000}",movement-data.csv:001738
movement-data.csv:001739,walk 19.6min gain3.05m step1110,[],"{""activityName"":""Walk"",""duration"":1176000,""elevationGain"":3.05,""steps"":1110}",movement-data.csv:001739
movement-data.csv:001740,walk 2141 steps 1997s,[],"{""activityName"":""Walk"",""duration"":1997000,""steps"":2141}",movement-data.csv:001740
movement-data.csv:001741,walk 1388 steps 23min 3sec kcal162 102hr,[],"{""activityName"":""Walk"",""averageHeartRate"":102,""kcal"":162,""duration"":1383000,""steps"":1388}",movement-data.csv:001741
movement-data.csv:001742,walk 56.3 4146 steps 480kcal 112 bpm elev134.11m,[],"{""activityName"":""Walk"",""averageHeartRate"":112,""kcal"":480,""duration"":3378000,""elevationGain"":134.11,""steps"":4146}",movement-data.csv:001742
movement-data.csv:001743,walk 60.6min 384kcal,[],"{""activityName"":""Walk"",""kcal"":384,""duration"":3636000}",movement-data.csv:001743
movement-data.csv:001744,walk 25.6min 103hr steps1623,[],"{""activityName"":""Walk"",""averageHeartRate"":103,""duration"":1536000,""steps"":1623}",movement-data.csv:001744
movement-data.csv:001745,walk 94b kcal93 16 min,[],"{""activityName"":""Walk"",""averageHeartRate"":94,""kcal"":93,""duration"":960000}",movement-data.csv:001745
movement-data.csv:001746,walk steps1.22k 106 bpm 15.4,[],"{""activityName"":""Walk"",""averageHeartRate"":106,""duration"":924000,""steps"":1220}",movement-data.csv:001746
movement-data.csv:001747,walk kcal202 gain24.38m sec1638,[],"{""activityName"":""Walk"",""kcal"":202,""duration"":1638000,""elevationGain"":24.38}",movement-data.csv:001747
movement-data.csv:001748,walk 21.3min gain36.58m 1943steps 108 bpm kcal185,[],"{""activityName"":""Walk"",""averageHeartRate"":108,""kcal"":185,""duration"":1278000,""elevationGain"":36.58,""steps"":1943}",movement-data.csv:001748
movement-data.csv:001749,sport 15.3min 131kcal hr107,[],"{""activityName"":""Sport"",""averageHeartRate"":107,""kcal"":131,""duration"":918000}",movement-data.csv:001749
movement-data.csv:001750,walk avg104 kcal128 gain24.38m sec1075 1ksteps,[],"{""activityName"":""Walk"",""averageHeartRate"":104,""kcal"":128,""duration"":1075000,""elevationGain"":24.38,""steps"":1000}",movement-data.csv:001750
movement-data.csv:001751,sport steps2318 224kcal 110b 24.8min,[],"{""activityName"":""Sport"",""averageHeartRate"":110,""kcal"":224,""duration"":1488000,""steps"":2318}",movement-data.csv:001751
movement-data.csv:001752,walk 2948 steps kcal265 30m44s,[],"{""activityName"":""Walk"",""kcal"":265,""duration"":1844000,""steps"":2948}",movement-data.csv:001752
movement-data.csv:001753,walk sec1741 kcal203 2089 steps,[],"{""activityName"":""Walk"",""kcal"":203,""duration"":1741000,""steps"":2089}",movement-data.csv:001753
movement-data.csv:001754,walk 42min 312kcal,[],"{""activityName"":""Walk"",""kcal"":312,""duration"":2520000}",movement-data.csv:001754
movement-data.csv:001755,walk 17.1 kcal146 b109 1680steps,[],"{""activityName"":""Walk"",""averageHeartRate"":109,""kcal"":146,""duration"":1026000,""steps"":1680}",movement-data.csv:001755
movement-data.csv:001756,walk 1.55ksteps bpm104 kcal145 17m55s,[],"{""activityName"":""Walk"",""averageHeartRate"":104,""kcal"":145,""duration"":1075000,""steps"":1550}",movement-data.csv:001756
movement-data.csv:001757,walk 1741sec 97hr 2ksteps 189kcal,[],"{""activityName"":""Walk"",""averageHeartRate"":97,""kcal"":189,""duration"":1741000,""steps"":2000}",movement-data.csv:001757
movement-data.csv:001758,walk step4839 101 bpm 530kcal 4505s,[],"{""activityName"":""Walk"",""averageHeartRate"":101,""kcal"":530,""duration"":4505000,""steps"":4839}",movement-data.csv:001758
movement-data.csv:001759,walk steps1376 hr105 kcal125 16.2,[],"{""activityName"":""Walk"",""averageHeartRate"":105,""kcal"":125,""duration"":972000,""steps"":1376}",movement-data.csv:001759
movement-data.csv:001760,walk 35.9min 103 bpm gain39.62m,[],"{""activityName"":""Walk"",""averageHeartRate"":103,""duration"":2154000,""elevationGain"":39.62}",movement-data.csv:001760
movement-data.csv:001761,walk 21m20s 64.01m gain 106bpm 165kcal steps1.55k,[],"{""activityName"":""Walk"",""averageHeartRate"":106,""kcal"":165,""duration"":1280000,""elevationGain"":64.01,""steps"":1550}",movement-data.csv:001761
movement-data.csv:001762,walk 371kcal 1h6m34s,[],"{""activityName"":""Walk"",""kcal"":371,""duration"":3994000}",movement-data.csv:001762
movement-data.csv:001763,walk min17 111hr 161kcal,[],"{""activityName"":""Walk"",""averageHeartRate"":111,""kcal"":161,""duration"":1020000}",movement-data.csv:001763
movement-data.csv:001764,walk gain6.1m 1055 steps 20m29s hr102 kcal140,[],"{""activityName"":""Walk"",""averageHeartRate"":102,""kcal"":140,""duration"":1229000,""elevationGain"":6.1,""steps"":1055}",movement-data.csv:001764
movement-data.csv:001765,walk kcal210 31m35s 101hr steps1.85k,[],"{""activityName"":""Walk"",""averageHeartRate"":101,""kcal"":210,""duration"":1895000,""steps"":1850}",movement-data.csv:001765
movement-data.csv:001766,walk 1h 4min 51sec kcal453,[],"{""activityName"":""Walk"",""kcal"":453,""duration"":3891000}",movement-data.csv:001766
movement-data.csv:001767,run m3400 1314sec,[],"{""activityName"":""Run"",""distance"":3.4,""distanceUnit"":""km"",""duration"":1314000,""pace"":386.47,""speed"":9.32}",movement-data.csv:001767
movement-data.csv:001768,outdoor bike 41m49s 119b kcal424,[],"{""activityName"":""Outdoor Bike"",""averageHeartRate"":119,""kcal"":424,""duration"":2509000}",movement-data.csv:001768
movement-data.csv:001769,outdoor bike 29min 1sec 164kcal,[],"{""activityName"":""Outdoor Bike"",""kcal"":164,""duration"":1741000}",movement-data.csv:001769
movement-data.csv:001770,sport 24.7min 1999 steps 243kcal avg122,[],"{""activityName"":""Sport"",""averageHeartRate"":122,""kcal"":243,""duration"":1482000,""steps"":1999}",movement-data.csv:001770
movement-data.csv:001771,run 25.5min 2.83mi +1.52m,[],"{""activityName"":""Run"",""distance"":4.55,""distanceUnit"":""km"",""duration"":1530000,""elevationGain"":1.52,""pace"":335.94,""speed"":10.72}",movement-data.csv:001771
movement-data.csv:001772,outdoor bike kcal768 bpm116 1h 21min 4sec,[],"{""activityName"":""Outdoor Bike"",""averageHeartRate"":116,""kcal"":768,""duration"":4864000}",movement-data.csv:001772
movement-data.csv:001773,walk avg97 35 steps2758 kcal253,[],"{""activityName"":""Walk"",""averageHeartRate"":97,""kcal"":253,""duration"":2100000,""steps"":2758}",movement-data.csv:001773
movement-data.csv:001774,outdoor bike elev6.1m 99min,[],"{""activityName"":""Outdoor Bike"",""duration"":5940000,""elevationGain"":6.1}",movement-data.csv:001774
movement-data.csv:001775,run 6.2km 38m15s 5561 steps kcal494 +153.31m 150bpm,[],"{""activityName"":""Run"",""averageHeartRate"":150,""kcal"":494,""distance"":6.2,""distanceUnit"":""km"",""duration"":2295000,""elevationGain"":153.31,""pace"":370.16,""speed"":9.73,""steps"":5561}",movement-data.csv:001775
movement-data.csv:001776,walk 17.9min kcal100,[],"{""activityName"":""Walk"",""kcal"":100,""duration"":1074000}",movement-data.csv:001776
movement-data.csv:001777,walk 103bpm 224kcal min29 +39.62m steps2.83k,[],"{""activityName"":""Walk"",""averageHeartRate"":103,""kcal"":224,""duration"":1740000,""elevationGain"":39.62,""steps"":2830}",movement-data.csv:001777
movement-data.csv:001778,walk 21.34m gain 24m45s,[],"{""activityName"":""Walk"",""duration"":1485000,""elevationGain"":21.34}",movement-data.csv:001778
movement-data.csv:001779,walk 20min avg115 1677 steps,[],"{""activityName"":""Walk"",""averageHeartRate"":115,""duration"":1200000,""steps"":1677}",movement-data.csv:001779
movement-data.csv:001780,walk kcal286 2.84ksteps 36min 42sec,[],"{""activityName"":""Walk"",""kcal"":286,""duration"":2202000,""steps"":2840}",movement-data.csv:001780
movement-data.csv:001781,walk avg110 24 min step2423 194kcal,[],"{""activityName"":""Walk"",""averageHeartRate"":110,""kcal"":194,""duration"":1440000,""steps"":2423}",movement-data.csv:001781
movement-data.csv:001782,walk 26.3min kcal195 2.58k steps up21.34m,[],"{""activityName"":""Walk"",""kcal"":195,""duration"":1578000,""elevationGain"":21.34,""steps"":2580}",movement-data.csv:001782
movement-data.csv:001783,walk 27.3 kcal204 100 bpm 2668 steps,[],"{""activityName"":""Walk"",""averageHeartRate"":100,""kcal"":204,""duration"":1638000,""steps"":2668}",movement-data.csv:001783
movement-data.csv:001784,walk 2611 steps 28min 10sec gain27.43m hr101 kcal207,[],"{""activityName"":""Walk"",""averageHeartRate"":101,""kcal"":207,""duration"":1690000,""elevationGain"":27.43,""steps"":2611}",movement-data.csv:001784
movement-data.csv:001785,walk b114 25min 36sec,[],"{""activityName"":""Walk"",""averageHeartRate"":114,""duration"":1536000}",movement-data.csv:001785
movement-data.csv:001786,treadmill 4390 m 2400s kcal320 4.21ksteps,[],"{""activityName"":""Treadmill"",""kcal"":320,""distance"":4.39,""distanceUnit"":""km"",""duration"":2400000,""pace"":546.7,""speed"":6.59,""steps"":4210}",movement-data.csv:001786
movement-data.csv:001787,walk 1536s bpm111 2.56ksteps kcal209,[],"{""activityName"":""Walk"",""averageHeartRate"":111,""kcal"":209,""duration"":1536000,""steps"":2560}",movement-data.csv:001787
movement-data.csv:001788,walk bpm108 22.2min kcal183,[],"{""activityName"":""Walk"",""averageHeartRate"":108,""kcal"":183,""duration"":1332000}",movement-data.csv:001788
movement-data.csv:001789,walk 21.3min kcal153,[],"{""activityName"":""Walk"",""kcal"":153,""duration"":1278000}",movement-data.csv:001789
movement-data.csv:001790,walk avg97 gain3.05m 21.3min 154kcal,[],"{""activityName"":""Walk"",""averageHeartRate"":97,""kcal"":154,""duration"":1278000,""elevationGain"":3.05}",movement-data.csv:001790
movement-data.csv:001791,walk 28.2 30.48m gain 106hr 162kcal 1.76ksteps,[],"{""activityName"":""Walk"",""averageHeartRate"":106,""kcal"":162,""duration"":1692000,""elevationGain"":30.48,""steps"":1760}",movement-data.csv:001791
movement-data.csv:001792,walk 19m38s 108b 146kcal,[],"{""activityName"":""Walk"",""averageHeartRate"":108,""kcal"":146,""duration"":1178000}",movement-data.csv:001792
movement-data.csv:001793,walk 155kcal steps1902 107hr 22.2,[],"{""activityName"":""Walk"",""averageHeartRate"":107,""kcal"":155,""duration"":1332000,""steps"":1902}",movement-data.csv:001793
movement-data.csv:001794,walk 15m22s gain6.1m 1.37k steps kcal130,[],"{""activityName"":""Walk"",""kcal"":130,""duration"":922000,""elevationGain"":6.1,""steps"":1370}",movement-data.csv:001794
movement-data.csv:001795,walk 20.5min steps1866,[],"{""activityName"":""Walk"",""duration"":1230000,""steps"":1866}",movement-data.csv:001795
movement-data.csv:001796,walk 3ksteps 112 bpm kcal233 1792sec 3.05m gain,[],"{""activityName"":""Walk"",""averageHeartRate"":112,""kcal"":233,""duration"":1792000,""elevationGain"":3.05,""steps"":3000}",movement-data.csv:001796
movement-data.csv:001797,walk 6.09k steps elev3.05m sec4045 111 bpm kcal508,[],"{""activityName"":""Walk"",""averageHeartRate"":111,""kcal"":508,""duration"":4045000,""elevationGain"":3.05,""steps"":6090}",movement-data.csv:001797
movement-data.csv:001798,walk 429kcal hr99 4.98ksteps 69.1min,[],"{""activityName"":""Walk"",""averageHeartRate"":99,""kcal"":429,""duration"":4146000,""steps"":4980}",movement-data.csv:001798
movement-data.csv:001799,walk 1.97k steps 19m38s,[],"{""activityName"":""Walk"",""duration"":1178000,""steps"":1970}",movement-data.csv:001799
movement-data.csv:001800,walk 3.12k steps kcal294 elev36.58m b118 35.9,[],"{""activityName"":""Walk"",""averageHeartRate"":118,""kcal"":294,""duration"":2154000,""elevationGain"":36.58,""steps"":3120}",movement-data.csv:001800
movement-data.csv:001801,walk 22m11s 2.21k steps hr90 kcal154,[],"{""activityName"":""Walk"",""averageHeartRate"":90,""kcal"":154,""duration"":1331000,""steps"":2210}",movement-data.csv:001801
movement-data.csv:001802,walk min20 157kcal gain24.38m,[],"{""activityName"":""Walk"",""kcal"":157,""duration"":1200000,""elevationGain"":24.38}",movement-data.csv:001802
movement-data.csv:001803,walk 185kcal 27.43m gain 1331s 2480 steps 110bpm,[],"{""activityName"":""Walk"",""averageHeartRate"":110,""kcal"":185,""duration"":1331000,""elevationGain"":27.43,""steps"":2480}",movement-data.csv:001803
movement-data.csv:001804,walk 16.2min 1726steps,[],"{""activityName"":""Walk"",""duration"":972000,""steps"":1726}",movement-data.csv:001804
movement-data.csv:001805,walk 2555steps b103 208kcal 27m19s gain27.43m,[],"{""activityName"":""Walk"",""averageHeartRate"":103,""kcal"":208,""duration"":1639000,""elevationGain"":27.43,""steps"":2555}",movement-data.csv:001805
movement-data.csv:001806,walk 105b 21 min step2402 kcal180,[],"{""activityName"":""Walk"",""averageHeartRate"":105,""kcal"":180,""duration"":1260000,""steps"":2402}",movement-data.csv:001806
movement-data.csv:001807,walk 29m52s 286kcal steps2740,[],"{""activityName"":""Walk"",""kcal"":286,""duration"":1792000,""steps"":2740}",movement-data.csv:001807
movement-data.csv:001808,walk 2364 steps bpm121 22.2,[],"{""activityName"":""Walk"",""averageHeartRate"":121,""duration"":1332000,""steps"":2364}",movement-data.csv:001808
movement-data.csv:001809,walk +15.24m kcal194 steps2262 27 min,[],"{""activityName"":""Walk"",""kcal"":194,""duration"":1620000,""elevationGain"":15.24,""steps"":2262}",movement-data.csv:001809
movement-data.csv:001810,walk kcal225 min30 avg109 step2705,[],"{""activityName"":""Walk"",""averageHeartRate"":109,""kcal"":225,""duration"":1800000,""steps"":2705}",movement-data.csv:001810
movement-data.csv:001811,walk 23m54s 106 bpm 183kcal,[],"{""activityName"":""Walk"",""averageHeartRate"":106,""kcal"":183,""duration"":1434000}",movement-data.csv:001811
movement-data.csv:001812,walk 26min 27sec 112bpm up30.48m 205kcal 2623 steps,[],"{""activityName"":""Walk"",""averageHeartRate"":112,""kcal"":205,""duration"":1587000,""elevationGain"":30.48,""steps"":2623}",movement-data.csv:001812
movement-data.csv:001813,walk steps2.33k 125hr 21.3,[],"{""activityName"":""Walk"",""averageHeartRate"":125,""duration"":1278000,""steps"":2330}",movement-data.csv:001813
movement-data.csv:001814,walk 164kcal +34.44m 102b min23,[],"{""activityName"":""Walk"",""averageHeartRate"":102,""kcal"":164,""duration"":1380000,""elevationGain"":34.44}",movement-data.csv:001814
movement-data.csv:001815,walk b100 2453 steps 23.1min,[],"{""activityName"":""Walk"",""averageHeartRate"":100,""duration"":1386000,""steps"":2453}",movement-data.csv:001815
movement-data.csv:001816,walk 46.9min 105b 3.59k steps 316kcal,[],"{""activityName"":""Walk"",""averageHeartRate"":105,""kcal"":316,""duration"":2814000,""steps"":3590}",movement-data.csv:001816
movement-data.csv:001817,walk 3304 steps 38 min gain24.38m,[],"{""activityName"":""Walk"",""duration"":2280000,""elevationGain"":24.38,""steps"":3304}",movement-data.csv:001817
movement-data.csv:001818,walk 109hr elev3.05m steps2.59k kcal190 1382s,[],"{""activityName"":""Walk"",""averageHeartRate"":109,""kcal"":190,""duration"":1382000,""elevationGain"":3.05,""steps"":2590}",movement-data.csv:001818
movement-data.csv:001819,walk 18.8min kcal166 24.38m gain steps2091,[],"{""activityName"":""Walk"",""kcal"":166,""duration"":1128000,""elevationGain"":24.38,""steps"":2091}",movement-data.csv:001819
movement-data.csv:001820,walk 15.3min kcal119 up27.43m avg115 1.36k steps,[],"{""activityName"":""Walk"",""averageHeartRate"":115,""kcal"":119,""duration"":918000,""elevationGain"":27.43,""steps"":1360}",movement-data.csv:001820
movement-data.csv:001821,walk 210kcal 24min 45sec,[],"{""activityName"":""Walk"",""kcal"":210,""duration"":1485000}",movement-data.csv:001821
movement-data.csv:001822,treadmill kcal562 1h 14min 58sec 7103steps 144hr,[],"{""activityName"":""Treadmill"",""averageHeartRate"":144,""kcal"":562,""duration"":4498000,""steps"":7103}",movement-data.csv:001822
movement-data.csv:001823,walk 33.3min 3.02ksteps,[],"{""activityName"":""Walk"",""duration"":1998000,""steps"":3020}",movement-data.csv:001823
movement-data.csv:001824,walk avg121 kcal211 sec1536,[],"{""activityName"":""Walk"",""averageHeartRate"":121,""kcal"":211,""duration"":1536000}",movement-data.csv:001824
movement-data.csv:001825,walk avg113 min15,[],"{""activityName"":""Walk"",""averageHeartRate"":113,""duration"":900000}",movement-data.csv:001825
movement-data.csv:001826,walk min20 kcal140,[],"{""activityName"":""Walk"",""kcal"":140,""duration"":1200000}",movement-data.csv:001826
movement-data.csv:001827,walk 27.43m gain 27min,[],"{""activityName"":""Walk"",""duration"":1620000,""elevationGain"":27.43}",movement-data.csv:001827
movement-data.csv:001828,walk 22m11s kcal180 bpm105,[],"{""activityName"":""Walk"",""averageHeartRate"":105,""kcal"":180,""duration"":1331000}",movement-data.csv:001828
movement-data.csv:001829,walk 190kcal 25min 36sec avg107,[],"{""activityName"":""Walk"",""averageHeartRate"":107,""kcal"":190,""duration"":1536000}",movement-data.csv:001829
movement-data.csv:001830,walk 1.83k steps elev3.05m 96b kcal123 17.1,[],"{""activityName"":""Walk"",""averageHeartRate"":96,""kcal"":123,""duration"":1026000,""elevationGain"":3.05,""steps"":1830}",movement-data.csv:001830
movement-data.csv:001831,walk 16.2min kcal122,[],"{""activityName"":""Walk"",""kcal"":122,""duration"":972000}",movement-data.csv:001831
movement-data.csv:001832,walk 20min 29sec 173kcal,[],"{""activityName"":""Walk"",""kcal"":173,""duration"":1229000}",movement-data.csv:001832
movement-data.csv:001833,walk 27m19s kcal210 105 bpm,[],"{""activityName"":""Walk"",""averageHeartRate"":105,""kcal"":210,""duration"":1639000}",movement-data.csv:001833
movement-data.csv:001834,walk min23 187kcal,[],"{""activityName"":""Walk"",""kcal"":187,""duration"":1380000}",movement-data.csv:001834
movement-data.csv:001835,walk 238kcal min36 up36.58m steps2.97k 100 bpm,[],"{""activityName"":""Walk"",""averageHeartRate"":100,""kcal"":238,""duration"":2160000,""elevationGain"":36.58,""steps"":2970}",movement-data.csv:001835
movement-data.csv:001836,walk 2.65k steps 197kcal bpm113 gain24.38m 24min 45sec,[],"{""activityName"":""Walk"",""averageHeartRate"":113,""kcal"":197,""duration"":1485000,""elevationGain"":24.38,""steps"":2650}",movement-data.csv:001836
movement-data.csv:001837,walk 177kcal 1434s,[],"{""activityName"":""Walk"",""kcal"":177,""duration"":1434000}",movement-data.csv:001837
movement-data.csv:001838,walk min26 2696steps,[],"{""activityName"":""Walk"",""duration"":1560000,""steps"":2696}",movement-data.csv:001838
movement-data.csv:001839,walk steps2.36k kcal173 min24 b111,[],"{""activityName"":""Walk"",""averageHeartRate"":111,""kcal"":173,""duration"":1440000,""steps"":2360}",movement-data.csv:001839
movement-data.csv:001840,walk 23min 2sec 106bpm elev6.1m 159kcal steps2018,[],"{""activityName"":""Walk"",""averageHeartRate"":106,""kcal"":159,""duration"":1382000,""elevationGain"":6.1,""steps"":2018}",movement-data.csv:001840
movement-data.csv:001841,walk sec2868 323kcal +48.77m,[],"{""activityName"":""Walk"",""kcal"":323,""duration"":2868000,""elevationGain"":48.77}",movement-data.csv:001841
movement-data.csv:001842,walk 23min 54sec 160kcal,[],"{""activityName"":""Walk"",""kcal"":160,""duration"":1434000}",movement-data.csv:001842
movement-data.csv:001843,walk sec1536 153kcal avg97,[],"{""activityName"":""Walk"",""averageHeartRate"":97,""kcal"":153,""duration"":1536000}",movement-data.csv:001843
movement-data.csv:001844,walk 98hr +45.72m kcal395 sec3533,[],"{""activityName"":""Walk"",""averageHeartRate"":98,""kcal"":395,""duration"":3533000,""elevationGain"":45.72}",movement-data.csv:001844
movement-data.csv:001845,walk min115 up109.73m kcal800 11.61k steps 96b,[],"{""activityName"":""Walk"",""averageHeartRate"":96,""kcal"":800,""duration"":6900000,""elevationGain"":109.73,""steps"":11610}",movement-data.csv:001845
movement-data.csv:001846,walk 94.49m gain kcal807 89b 2h14m50s,[],"{""activityName"":""Walk"",""averageHeartRate"":89,""kcal"":807,""duration"":8090000,""elevationGain"":94.49}",movement-data.csv:001846
movement-data.csv:001847,walk 323kcal 44m22s b100,[],"{""activityName"":""Walk"",""averageHeartRate"":100,""kcal"":323,""duration"":2662000}",movement-data.csv:001847
movement-data.csv:001848,run up97.23m 5.29k 1h 0min 53sec kcal395,[],"{""activityName"":""Run"",""kcal"":395,""distance"":5.29,""distanceUnit"":""km"",""duration"":3653000,""elevationGain"":97.23,""pace"":690.55,""speed"":5.21}",movement-data.csv:001848
movement-data.csv:001849,walk 21.4 2.33ksteps,[],"{""activityName"":""Walk"",""duration"":1284000,""steps"":2330}",movement-data.csv:001849
movement-data.csv:001850,walk 1993steps 1178s 130b 177kcal,[],"{""activityName"":""Walk"",""averageHeartRate"":130,""kcal"":177,""duration"":1178000,""steps"":1993}",movement-data.csv:001850
movement-data.csv:001851,walk 21m20s 106 bpm,[],"{""activityName"":""Walk"",""averageHeartRate"":106,""duration"":1280000}",movement-data.csv:001851
movement-data.csv:001852,walk gain9.14m kcal100 16.2min 1.53k steps,[],"{""activityName"":""Walk"",""kcal"":100,""duration"":972000,""elevationGain"":9.14,""steps"":1530}",movement-data.csv:001852
movement-data.csv:001853,walk 40.1min kcal257,[],"{""activityName"":""Walk"",""kcal"":257,""duration"":2406000}",movement-data.csv:001853
movement-data.csv:001854,walk bpm111 kcal156 20.5 steps1.98k,[],"{""activityName"":""Walk"",""averageHeartRate"":111,""kcal"":156,""duration"":1230000,""steps"":1980}",movement-data.csv:001854
movement-data.csv:001855,walk 31min steps2.5k,[],"{""activityName"":""Walk"",""duration"":1860000,""steps"":2500}",movement-data.csv:001855
movement-data.csv:001856,walk min21 97 bpm,[],"{""activityName"":""Walk"",""averageHeartRate"":97,""duration"":1260000}",movement-data.csv:001856
movement-data.csv:001857,run 4420m 279kcal steps4.1k 2014s,[],"{""activityName"":""Run"",""kcal"":279,""distance"":4.42,""distanceUnit"":""km"",""duration"":2014000,""pace"":455.66,""speed"":7.9,""steps"":4100}",movement-data.csv:001857
movement-data.csv:001858,walk sec1690 +39.62m,[],"{""activityName"":""Walk"",""duration"":1690000,""elevationGain"":39.62}",movement-data.csv:001858
movement-data.csv:001859,walk 103hr 25min 36sec 181kcal,[],"{""activityName"":""Walk"",""averageHeartRate"":103,""kcal"":181,""duration"":1536000}",movement-data.csv:001859
movement-data.csv:001860,treadmill sec1586 4.34 km,[],"{""activityName"":""Treadmill"",""distance"":4.34,""distanceUnit"":""km"",""duration"":1586000,""pace"":365.44,""speed"":9.85}",movement-data.csv:001860
movement-data.csv:001861,walk gain57.91m 172kcal 23.1 2.24ksteps,[],"{""activityName"":""Walk"",""kcal"":172,""duration"":1386000,""elevationGain"":57.91,""steps"":2240}",movement-data.csv:001861
movement-data.csv:001862,walk 2.24k steps kcal166 19.6min gain6.1m hr114,[],"{""activityName"":""Walk"",""averageHeartRate"":114,""kcal"":166,""duration"":1176000,""elevationGain"":6.1,""steps"":2240}",movement-data.csv:001862
movement-data.csv:001863,walk 45.2min kcal335 steps4.16k,[],"{""activityName"":""Walk"",""kcal"":335,""duration"":2712000,""steps"":4160}",movement-data.csv:001863
movement-data.csv:001864,run 4.08 km 38.1,[],"{""activityName"":""Run"",""distance"":4.08,""distanceUnit"":""km"",""duration"":2286000,""pace"":560.29,""speed"":6.43}",movement-data.csv:001864
movement-data.csv:001865,walk 113hr 32min 25sec,[],"{""activityName"":""Walk"",""averageHeartRate"":113,""duration"":1945000}",movement-data.csv:001865
movement-data.csv:001866,walk 1178sec kcal111 elev3.05m 100b 1.48ksteps,[],"{""activityName"":""Walk"",""averageHeartRate"":100,""kcal"":111,""duration"":1178000,""elevationGain"":3.05,""steps"":1480}",movement-data.csv:001866
movement-data.csv:001867,walk kcal170 21m20s bpm104,[],"{""activityName"":""Walk"",""averageHeartRate"":104,""kcal"":170,""duration"":1280000}",movement-data.csv:001867
movement-data.csv:001868,walk 23min 54sec avg119,[],"{""activityName"":""Walk"",""averageHeartRate"":119,""duration"":1434000}",movement-data.csv:001868
movement-data.csv:001869,walk steps3.23k 35min 50sec gain24.38m,[],"{""activityName"":""Walk"",""duration"":2150000,""elevationGain"":24.38,""steps"":3230}",movement-data.csv:001869
movement-data.csv:001870,walk 12.19m gain 2.39k steps 103b 22min kcal163,[],"{""activityName"":""Walk"",""averageHeartRate"":103,""kcal"":163,""duration"":1320000,""elevationGain"":12.19,""steps"":2390}",movement-data.csv:001870
movement-data.csv:001871,walk 106 bpm 1946s,[],"{""activityName"":""Walk"",""averageHeartRate"":106,""duration"":1946000}",movement-data.csv:001871
movement-data.csv:001872,run 2.36 mi elev36.27m 36min,[],"{""activityName"":""Run"",""distance"":3.8,""distanceUnit"":""km"",""duration"":2160000,""elevationGain"":36.27,""pace"":568.71,""speed"":6.33}",movement-data.csv:001872
movement-data.csv:001873,walk up30.48m 239kcal hr109 step3085 32.4,[],"{""activityName"":""Walk"",""averageHeartRate"":109,""kcal"":239,""duration"":1944000,""elevationGain"":30.48,""steps"":3085}",movement-data.csv:001873
movement-data.csv:001874,run k9.99 1h32m49s,[],"{""activityName"":""Run"",""distance"":9.99,""distanceUnit"":""km"",""duration"":5569000,""pace"":557.46,""speed"":6.46}",movement-data.csv:001874
movement-data.csv:001875,walk gain207.26m 5223sec 8.99ksteps b101 kcal609,[],"{""activityName"":""Walk"",""averageHeartRate"":101,""kcal"":609,""duration"":5223000,""elevationGain"":207.26,""steps"":8990}",movement-data.csv:001875
movement-data.csv:001876,walk b100 170kcal 22.2 steps2350,[],"{""activityName"":""Walk"",""averageHeartRate"":100,""kcal"":170,""duration"":1332000,""steps"":2350}",movement-data.csv:001876
movement-data.csv:001877,walk 23m54s 101 bpm,[],"{""activityName"":""Walk"",""averageHeartRate"":101,""duration"":1434000}",movement-data.csv:001877
movement-data.csv:001878,walk 179kcal steps2.35k 22min 12sec,[],"{""activityName"":""Walk"",""kcal"":179,""duration"":1332000,""steps"":2350}",movement-data.csv:001878
movement-data.csv:001879,treadmill 62 min m6110,[],"{""activityName"":""Treadmill"",""distance"":6.11,""distanceUnit"":""km"",""duration"":3720000,""pace"":608.84,""speed"":5.91}",movement-data.csv:001879
movement-data.csv:001880,walk b104 1382s,[],"{""activityName"":""Walk"",""averageHeartRate"":104,""duration"":1382000}",movement-data.csv:001880
movement-data.csv:001881,walk 23m3s 24.38m gain,[],"{""activityName"":""Walk"",""duration"":1383000,""elevationGain"":24.38}",movement-data.csv:001881
movement-data.csv:001882,walk avg98 kcal297 sec2714 3.87k steps,[],"{""activityName"":""Walk"",""averageHeartRate"":98,""kcal"":297,""duration"":2714000,""steps"":3870}",movement-data.csv:001882
movement-data.csv:001883,run kcal316 km4.49 4748steps b146 38 min +40.84m,[],"{""activityName"":""Run"",""averageHeartRate"":146,""kcal"":316,""distance"":4.49,""distanceUnit"":""km"",""duration"":2280000,""elevationGain"":40.84,""pace"":507.8,""speed"":7.09,""steps"":4748}",movement-data.csv:001883
movement-data.csv:001884,walk elev27.43m 23min 53sec 194kcal,[],"{""activityName"":""Walk"",""kcal"":194,""duration"":1433000,""elevationGain"":27.43}",movement-data.csv:001884
movement-data.csv:001885,walk avg106 steps2620 27min 19sec 218kcal,[],"{""activityName"":""Walk"",""averageHeartRate"":106,""kcal"":218,""duration"":1639000,""steps"":2620}",movement-data.csv:001885
movement-data.csv:001886,run 315kcal 39min,[],"{""activityName"":""Run"",""kcal"":315,""duration"":2340000}",movement-data.csv:001886
movement-data.csv:001887,walk sec5734 641kcal,[],"{""activityName"":""Walk"",""kcal"":641,""duration"":5734000}",movement-data.csv:001887
movement-data.csv:001888,walk 175kcal 23min 2sec,[],"{""activityName"":""Walk"",""kcal"":175,""duration"":1382000}",movement-data.csv:001888
movement-data.csv:001889,treadmill 16min 48sec steps2.66k km2.48 180kcal,[],"{""activityName"":""Treadmill"",""kcal"":180,""distance"":2.48,""distanceUnit"":""km"",""duration"":1008000,""pace"":406.45,""speed"":8.86,""steps"":2660}",movement-data.csv:001889
movement-data.csv:001890,walk 33.3min steps2784,[],"{""activityName"":""Walk"",""duration"":1998000,""steps"":2784}",movement-data.csv:001890
movement-data.csv:001891,run 145bpm 9.11km 10.09k steps gain60.05m kcal649 sec6545,[],"{""activityName"":""Run"",""averageHeartRate"":145,""kcal"":649,""distance"":9.11,""distanceUnit"":""km"",""duration"":6545000,""elevationGain"":60.05,""pace"":718.44,""speed"":5.01,""steps"":10090}",movement-data.csv:001891
movement-data.csv:001892,walk steps1.72k 118kcal 15.3min up9.14m hr114,[],"{""activityName"":""Walk"",""averageHeartRate"":114,""kcal"":118,""duration"":918000,""elevationGain"":9.14,""steps"":1720}",movement-data.csv:001892
movement-data.csv:001893,walk 1665 steps 110kcal 102bpm 16 min 12.19m gain,[],"{""activityName"":""Walk"",""averageHeartRate"":102,""kcal"":110,""duration"":960000,""elevationGain"":12.19,""steps"":1665}",movement-data.csv:001893
movement-data.csv:001894,walk 30.7min 196kcal b93,[],"{""activityName"":""Walk"",""averageHeartRate"":93,""kcal"":196,""duration"":1842000}",movement-data.csv:001894
movement-data.csv:001895,walk kcal139 1127sec,[],"{""activityName"":""Walk"",""kcal"":139,""duration"":1127000}",movement-data.csv:001895
movement-data.csv:001896,walk kcal161 steps2.41k elev6.1m 23min 53sec bpm101,[],"{""activityName"":""Walk"",""averageHeartRate"":101,""kcal"":161,""duration"":1433000,""elevationGain"":6.1,""steps"":2410}",movement-data.csv:001896
movement-data.csv:001897,walk sec1434 bpm97 178kcal,[],"{""activityName"":""Walk"",""averageHeartRate"":97,""kcal"":178,""duration"":1434000}",movement-data.csv:001897
movement-data.csv:001898,run mi3.29 4.89k steps,[],"{""activityName"":""Run"",""distance"":5.29,""distanceUnit"":""km"",""steps"":4890}",movement-data.csv:001898
movement-data.csv:001899,walk kcal177 25.6min hr98 gain21.34m,[],"{""activityName"":""Walk"",""averageHeartRate"":98,""kcal"":177,""duration"":1536000,""elevationGain"":21.34}",movement-data.csv:001899
movement-data.csv:001900,walk kcal217 35min 50sec,[],"{""activityName"":""Walk"",""kcal"":217,""duration"":2150000}",movement-data.csv:001900
movement-data.csv:001901,walk b116 12.19m gain 19min 37sec,[],"{""activityName"":""Walk"",""averageHeartRate"":116,""duration"":1177000,""elevationGain"":12.19}",movement-data.csv:001901
movement-data.csv:001902,treadmill 51.7min step6324 kcal446 6.55km,[],"{""activityName"":""Treadmill"",""kcal"":446,""distance"":6.55,""distanceUnit"":""km"",""duration"":3102000,""pace"":473.59,""speed"":7.6,""steps"":6324}",movement-data.csv:001902
movement-data.csv:001903,walk 25min 186kcal 2541steps,[],"{""activityName"":""Walk"",""kcal"":186,""duration"":1500000,""steps"":2541}",movement-data.csv:001903
movement-data.csv:001904,walk 199kcal 1.89ksteps b159 17.9,[],"{""activityName"":""Walk"",""averageHeartRate"":159,""kcal"":199,""duration"":1074000,""steps"":1890}",movement-data.csv:001904
movement-data.csv:001905,walk 154kcal avg114 19.6 2.1ksteps,[],"{""activityName"":""Walk"",""averageHeartRate"":114,""kcal"":154,""duration"":1176000,""steps"":2100}",movement-data.csv:001905
movement-data.csv:001906,run 45m2s 365kcal +62.79m 5.07k steps 148bpm mi3.13,[],"{""activityName"":""Run"",""averageHeartRate"":148,""kcal"":365,""distance"":5.04,""distanceUnit"":""km"",""duration"":2702000,""elevationGain"":62.79,""pace"":536.4,""speed"":6.71,""steps"":5070}",movement-data.csv:001906
movement-data.csv:001907,run km4.94 306kcal 44.4min,[],"{""activityName"":""Run"",""kcal"":306,""distance"":4.94,""distanceUnit"":""km"",""duration"":2664000,""pace"":539.27,""speed"":6.68}",movement-data.csv:001907
movement-data.csv:001908,walk 24.38m gain min16 kcal121 step1662 107bpm,[],"{""activityName"":""Walk"",""averageHeartRate"":107,""kcal"":121,""duration"":960000,""elevationGain"":24.38,""steps"":1662}",movement-data.csv:001908
movement-data.csv:001909,walk kcal134 17.9min,[],"{""activityName"":""Walk"",""kcal"":134,""duration"":1074000}",movement-data.csv:001909
movement-data.csv:001910,walk 123 bpm steps2.06k 19m37s,[],"{""activityName"":""Walk"",""averageHeartRate"":123,""duration"":1177000,""steps"":2060}",movement-data.csv:001910
movement-data.csv:001911,walk 17min 55sec hr124 1.89k steps 3.05m gain 152kcal,[],"{""activityName"":""Walk"",""averageHeartRate"":124,""kcal"":152,""duration"":1075000,""elevationGain"":3.05,""steps"":1890}",movement-data.csv:001911
movement-data.csv:001912,walk kcal158 23 steps2.24k,[],"{""activityName"":""Walk"",""kcal"":158,""duration"":1380000,""steps"":2240}",movement-data.csv:001912
movement-data.csv:001913,walk step3363 46min 5sec 253kcal,[],"{""activityName"":""Walk"",""kcal"":253,""duration"":2765000,""steps"":3363}",movement-data.csv:001913
movement-data.csv:001914,run 3190m 31.3 b143,[],"{""activityName"":""Run"",""averageHeartRate"":143,""distance"":3.19,""distanceUnit"":""km"",""duration"":1878000,""pace"":588.71,""speed"":6.12}",movement-data.csv:001914
movement-data.csv:001915,walk b97 kcal217 32.4min,[],"{""activityName"":""Walk"",""averageHeartRate"":97,""kcal"":217,""duration"":1944000}",movement-data.csv:001915
movement-data.csv:001916,walk 2806steps 208kcal 28 min,[],"{""activityName"":""Walk"",""kcal"":208,""duration"":1680000,""steps"":2806}",movement-data.csv:001916
movement-data.csv:001917,run kcal333 b152 4.73k 41.2min,[],"{""activityName"":""Run"",""averageHeartRate"":152,""kcal"":333,""distance"":4.73,""distanceUnit"":""km"",""duration"":2472000,""pace"":522.62,""speed"":6.89}",movement-data.csv:001917
movement-data.csv:001918,walk elev30.48m 22.2min kcal166 b100,[],"{""activityName"":""Walk"",""averageHeartRate"":100,""kcal"":166,""duration"":1332000,""elevationGain"":30.48}",movement-data.csv:001918
movement-data.csv:001919,walk avg89 21.34m gain 22min 11sec 155kcal steps2227,[],"{""activityName"":""Walk"",""averageHeartRate"":89,""kcal"":155,""duration"":1331000,""elevationGain"":21.34,""steps"":2227}",movement-data.csv:001919
movement-data.csv:001920,walk 18 min kcal125,[],"{""activityName"":""Walk"",""kcal"":125,""duration"":1080000}",movement-data.csv:001920
movement-data.csv:001921,treadmill 4.72 mi step7659 21.95m gain bpm148 561kcal 64.4,[],"{""activityName"":""Treadmill"",""averageHeartRate"":148,""kcal"":561,""distance"":7.6,""distanceUnit"":""km"",""duration"":3864000,""elevationGain"":21.95,""pace"":508.68,""speed"":7.08,""steps"":7659}",movement-data.csv:001921
movement-data.csv:001922,walk 109b kcal174 up12.19m 23min 54sec steps2282,[],"{""activityName"":""Walk"",""averageHeartRate"":109,""kcal"":174,""duration"":1434000,""elevationGain"":12.19,""steps"":2282}",movement-data.csv:001922
movement-data.csv:001923,walk steps2.21k 20m29s up3.05m 152kcal 110bpm,[],"{""activityName"":""Walk"",""averageHeartRate"":110,""kcal"":152,""duration"":1229000,""elevationGain"":3.05,""steps"":2210}",movement-data.csv:001923
movement-data.csv:001924,walk steps3156 38.4min 270kcal +27.43m,[],"{""activityName"":""Walk"",""kcal"":270,""duration"":2304000,""elevationGain"":27.43,""steps"":3156}",movement-data.csv:001924
movement-data.csv:001925,walk 3090steps b93 kcal227 up30.48m 33 min,[],"{""activityName"":""Walk"",""averageHeartRate"":93,""kcal"":227,""duration"":1980000,""elevationGain"":30.48,""steps"":3090}",movement-data.csv:001925
movement-data.csv:001926,walk 1075s 1546steps +39.62m kcal116 avg96,[],"{""activityName"":""Walk"",""averageHeartRate"":96,""kcal"":116,""duration"":1075000,""elevationGain"":39.62,""steps"":1546}",movement-data.csv:001926
movement-data.csv:001927,yoga 9 steps 72.4min 82 bpm,[],"{""activityName"":""Yoga"",""averageHeartRate"":82,""duration"":4344000,""steps"":9}",movement-data.csv:001927
movement-data.csv:001928,walk steps4.49k elev39.62m kcal302 hr96 min43,[],"{""activityName"":""Walk"",""averageHeartRate"":96,""kcal"":302,""duration"":2580000,""elevationGain"":39.62,""steps"":4490}",movement-data.csv:001928
movement-data.csv:001929,walk kcal192 steps2.68k 26min,[],"{""activityName"":""Walk"",""kcal"":192,""duration"":1560000,""steps"":2680}",movement-data.csv:001929
movement-data.csv:001930,walk kcal201 113hr 2673 steps min26,[],"{""activityName"":""Walk"",""averageHeartRate"":113,""kcal"":201,""duration"":1560000,""steps"":2673}",movement-data.csv:001930
movement-data.csv:001931,walk 611kcal b93 9.03k steps 1h 28min 45sec,[],"{""activityName"":""Walk"",""averageHeartRate"":93,""kcal"":611,""duration"":5325000,""steps"":9030}",movement-data.csv:001931
movement-data.csv:001932,walk 1997s 3162 steps hr93,[],"{""activityName"":""Walk"",""averageHeartRate"":93,""duration"":1997000,""steps"":3162}",movement-data.csv:001932
movement-data.csv:001933,walk steps2.34k 21min 20sec,[],"{""activityName"":""Walk"",""duration"":1280000,""steps"":2340}",movement-data.csv:001933
movement-data.csv:001934,walk 1076sec 125kcal up9.14m,[],"{""activityName"":""Walk"",""kcal"":125,""duration"":1076000,""elevationGain"":9.14}",movement-data.csv:001934
movement-data.csv:001935,walk 27.3min up15.24m 2.42ksteps kcal174,[],"{""activityName"":""Walk"",""kcal"":174,""duration"":1638000,""elevationGain"":15.24,""steps"":2420}",movement-data.csv:001935
movement-data.csv:001936,walk 21min 20sec kcal168,[],"{""activityName"":""Walk"",""kcal"":168,""duration"":1280000}",movement-data.csv:001936
movement-data.csv:001937,treadmill 408kcal 5.86 km 49.5 6283 steps 141bpm elev36.88m,[],"{""activityName"":""Treadmill"",""averageHeartRate"":141,""kcal"":408,""distance"":5.86,""distanceUnit"":""km"",""duration"":2970000,""elevationGain"":36.88,""pace"":506.83,""speed"":7.1,""steps"":6283}",movement-data.csv:001937
movement-data.csv:001938,walk 142kcal b115 17.1min,[],"{""activityName"":""Walk"",""averageHeartRate"":115,""kcal"":142,""duration"":1026000}",movement-data.csv:001938
movement-data.csv:001939,walk kcal192 25.6 b103 up27.43m 2.53k steps,[],"{""activityName"":""Walk"",""averageHeartRate"":103,""kcal"":192,""duration"":1536000,""elevationGain"":27.43,""steps"":2530}",movement-data.csv:001939
movement-data.csv:001940,walk 215kcal 17min,[],"{""activityName"":""Walk"",""kcal"":215,""duration"":1020000}",movement-data.csv:001940
movement-data.csv:001941,walk 22m11s 113 bpm kcal177 2259steps,[],"{""activityName"":""Walk"",""averageHeartRate"":113,""kcal"":177,""duration"":1331000,""steps"":2259}",movement-data.csv:001941
movement-data.csv:001942,walk sec1434 kcal144 1.85k steps avg98,[],"{""activityName"":""Walk"",""averageHeartRate"":98,""kcal"":144,""duration"":1434000,""steps"":1850}",movement-data.csv:001942
movement-data.csv:001943,run 7200m 1h8m32s,[],"{""activityName"":""Run"",""distance"":7.2,""distanceUnit"":""km"",""duration"":4112000,""pace"":571.11,""speed"":6.3}",movement-data.csv:001943
movement-data.csv:001944,walk 2.23k steps 21.3,[],"{""activityName"":""Walk"",""duration"":1278000,""steps"":2230}",movement-data.csv:001944
movement-data.csv:001945,run 147hr 82min 4.44 mi 8057steps,[],"{""activityName"":""Run"",""averageHeartRate"":147,""distance"":7.15,""distanceUnit"":""km"",""duration"":4920000,""pace"":688.55,""speed"":5.23,""steps"":8057}",movement-data.csv:001945
movement-data.csv:001946,walk hr100 64 min steps4.79k +12.19m,[],"{""activityName"":""Walk"",""averageHeartRate"":100,""duration"":3840000,""elevationGain"":12.19,""steps"":4790}",movement-data.csv:001946
movement-data.csv:001947,walk 234kcal 98bpm 41min steps3038,[],"{""activityName"":""Walk"",""averageHeartRate"":98,""kcal"":234,""duration"":2460000,""steps"":3038}",movement-data.csv:001947
movement-data.csv:001948,walk 112kcal 102 bpm 17min 4sec,[],"{""activityName"":""Walk"",""averageHeartRate"":102,""kcal"":112,""duration"":1024000}",movement-data.csv:001948
movement-data.csv:001949,walk 113kcal steps1569 100 bpm 16m13s,[],"{""activityName"":""Walk"",""averageHeartRate"":100,""kcal"":113,""duration"":973000,""steps"":1569}",movement-data.csv:001949
movement-data.csv:001950,walk 1h9m7s +6.1m 5.23k steps,[],"{""activityName"":""Walk"",""duration"":4147000,""elevationGain"":6.1,""steps"":5230}",movement-data.csv:001950
movement-data.csv:001951,walk 103hr steps2.4k gain18.29m 26.4 179kcal,[],"{""activityName"":""Walk"",""averageHeartRate"":103,""kcal"":179,""duration"":1584000,""elevationGain"":18.29,""steps"":2400}",movement-data.csv:001951
movement-data.csv:001952,walk steps1.8k kcal123 min20 avg92,[],"{""activityName"":""Walk"",""averageHeartRate"":92,""kcal"":123,""duration"":1200000,""steps"":1800}",movement-data.csv:001952
movement-data.csv:001953,walk steps2279 up27.43m 22min 11sec kcal175,[],"{""activityName"":""Walk"",""kcal"":175,""duration"":1331000,""elevationGain"":27.43,""steps"":2279}",movement-data.csv:001953
movement-data.csv:001954,walk 30min 43sec kcal193 21.34m gain,[],"{""activityName"":""Walk"",""kcal"":193,""duration"":1843000,""elevationGain"":21.34}",movement-data.csv:001954
movement-data.csv:001955,walk 21min 20sec 172kcal,[],"{""activityName"":""Walk"",""kcal"":172,""duration"":1280000}",movement-data.csv:001955
movement-data.csv:001956,treadmill 5.65km hr153 49 min kcal443,[],"{""activityName"":""Treadmill"",""averageHeartRate"":153,""kcal"":443,""distance"":5.65,""distanceUnit"":""km"",""duration"":2940000,""pace"":520.35,""speed"":6.92}",movement-data.csv:001956
movement-data.csv:001957,walk 15min 21sec up15.24m,[],"{""activityName"":""Walk"",""duration"":921000,""elevationGain"":15.24}",movement-data.csv:001957
movement-data.csv:001958,walk kcal117 16.2min,[],"{""activityName"":""Walk"",""kcal"":117,""duration"":972000}",movement-data.csv:001958
movement-data.csv:001959,walk kcal296 4.28ksteps 2611s,[],"{""activityName"":""Walk"",""kcal"":296,""duration"":2611000,""steps"":4280}",movement-data.csv:001959
movement-data.csv:001960,walk 2.48k steps 99 bpm elev24.38m 1536sec kcal176,[],"{""activityName"":""Walk"",""averageHeartRate"":99,""kcal"":176,""duration"":1536000,""elevationGain"":24.38,""steps"":2480}",movement-data.csv:001960
movement-data.csv:001961,walk 96 bpm 2048s kcal212 2783 steps,[],"{""activityName"":""Walk"",""averageHeartRate"":96,""kcal"":212,""duration"":2048000,""steps"":2783}",movement-data.csv:001961
movement-data.csv:001962,walk bpm100 2221steps,[],"{""activityName"":""Walk"",""averageHeartRate"":100,""steps"":2221}",movement-data.csv:001962
movement-data.csv:001963,walk kcal147 b107 1960steps sec1127,[],"{""activityName"":""Walk"",""averageHeartRate"":107,""kcal"":147,""duration"":1127000,""steps"":1960}",movement-data.csv:001963
movement-data.csv:001964,walk 20.5min 159kcal,[],"{""activityName"":""Walk"",""kcal"":159,""duration"":1230000}",movement-data.csv:001964
movement-data.csv:001965,walk 123 bpm 16m13s 1.85ksteps kcal143,[],"{""activityName"":""Walk"",""averageHeartRate"":123,""kcal"":143,""duration"":973000,""steps"":1850}",movement-data.csv:001965
movement-data.csv:001966,run kcal508 b147 64.2 k6.94,[],"{""activityName"":""Run"",""averageHeartRate"":147,""kcal"":508,""distance"":6.94,""distanceUnit"":""km"",""duration"":3852000,""pace"":555.04,""speed"":6.49}",movement-data.csv:001966
movement-data.csv:001967,outdoor bike 29min 90bpm elev3.05m 116kcal,[],"{""activityName"":""Outdoor Bike"",""averageHeartRate"":90,""kcal"":116,""duration"":1740000,""elevationGain"":3.05}",movement-data.csv:001967
movement-data.csv:001968,walk elev27.43m b106 1.96ksteps sec1126 kcal144,[],"{""activityName"":""Walk"",""averageHeartRate"":106,""kcal"":144,""duration"":1126000,""elevationGain"":27.43,""steps"":1960}",movement-data.csv:001968
movement-data.csv:001969,walk 19 min 1.98ksteps,[],"{""activityName"":""Walk"",""duration"":1140000,""steps"":1980}",movement-data.csv:001969
movement-data.csv:001970,walk kcal180 26m27s step2262 97bpm,[],"{""activityName"":""Walk"",""averageHeartRate"":97,""kcal"":180,""duration"":1587000,""steps"":2262}",movement-data.csv:001970
movement-data.csv:001971,walk 21 min gain24.38m,[],"{""activityName"":""Walk"",""duration"":1260000,""elevationGain"":24.38}",movement-data.csv:001971
movement-data.csv:001972,treadmill 57min 48sec 458kcal 6.85ksteps +199.64m 6030 m 145b,[],"{""activityName"":""Treadmill"",""averageHeartRate"":145,""kcal"":458,""distance"":6.03,""distanceUnit"":""km"",""duration"":3468000,""elevationGain"":199.64,""pace"":575.12,""speed"":6.26,""steps"":6850}",movement-data.csv:001972
movement-data.csv:001973,walk 33m17s kcal225,[],"{""activityName"":""Walk"",""kcal"":225,""duration"":1997000}",movement-data.csv:001973
movement-data.csv:001974,walk sec2458 91hr steps3.66k gain36.58m,[],"{""activityName"":""Walk"",""averageHeartRate"":91,""duration"":2458000,""elevationGain"":36.58,""steps"":3660}",movement-data.csv:001974
movement-data.csv:001975,walk steps2420 23.9min kcal184 110 bpm,[],"{""activityName"":""Walk"",""averageHeartRate"":110,""kcal"":184,""duration"":1434000,""steps"":2420}",movement-data.csv:001975
movement-data.csv:001976,walk kcal215 36m42s 2.61k steps,[],"{""activityName"":""Walk"",""kcal"":215,""duration"":2202000,""steps"":2610}",movement-data.csv:001976
movement-data.csv:001977,run m4360 4704 steps up45.42m 337kcal 155 bpm 36m53s,[],"{""activityName"":""Run"",""averageHeartRate"":155,""kcal"":337,""distance"":4.36,""distanceUnit"":""km"",""duration"":2213000,""elevationGain"":45.42,""pace"":507.57,""speed"":7.09,""steps"":4704}",movement-data.csv:001977
movement-data.csv:001978,walk 1h 12min 32sec step7524 b92 elev64.01m 540kcal,[],"{""activityName"":""Walk"",""averageHeartRate"":92,""kcal"":540,""duration"":4352000,""elevationGain"":64.01,""steps"":7524}",movement-data.csv:001978
movement-data.csv:001979,run 4.21km min39,[],"{""activityName"":""Run"",""distance"":4.21,""distanceUnit"":""km"",""duration"":2340000,""pace"":555.82,""speed"":6.48}",movement-data.csv:001979
movement-data.csv:001980,run 37m6s k3.02,[],"{""activityName"":""Run"",""distance"":3.02,""distanceUnit"":""km"",""duration"":2226000,""pace"":737.09,""speed"":4.88}",movement-data.csv:001980
movement-data.csv:001981,run 223kcal 35m47s 149hr m2920,[],"{""activityName"":""Run"",""averageHeartRate"":149,""kcal"":223,""distance"":2.92,""distanceUnit"":""km"",""duration"":2147000,""pace"":735.27,""speed"":4.9}",movement-data.csv:001981
movement-data.csv:001982,walk 247kcal 32.4min +21.34m b94 3.52ksteps,[],"{""activityName"":""Walk"",""averageHeartRate"":94,""kcal"":247,""duration"":1944000,""elevationGain"":21.34,""steps"":3520}",movement-data.csv:001982
movement-data.csv:001983,walk kcal255 b94 37min 33sec,[],"{""activityName"":""Walk"",""averageHeartRate"":94,""kcal"":255,""duration"":2253000}",movement-data.csv:001983
movement-data.csv:001984,walk 2354 steps avg106 23min 2sec elev27.43m kcal178,[],"{""activityName"":""Walk"",""averageHeartRate"":106,""kcal"":178,""duration"":1382000,""elevationGain"":27.43,""steps"":2354}",movement-data.csv:001984
movement-data.csv:001985,walk 28.2 kcal161 1975 steps hr99,[],"{""activityName"":""Walk"",""averageHeartRate"":99,""kcal"":161,""duration"":1692000,""steps"":1975}",movement-data.csv:001985
movement-data.csv:001986,walk 38min 24sec bpm101 elev30.48m 247kcal,[],"{""activityName"":""Walk"",""averageHeartRate"":101,""kcal"":247,""duration"":2304000,""elevationGain"":30.48}",movement-data.csv:001986
movement-data.csv:001987,walk 21min 20sec b99,[],"{""activityName"":""Walk"",""averageHeartRate"":99,""duration"":1280000}",movement-data.csv:001987
movement-data.csv:001988,walk steps2546 25 min kcal194 106 bpm,[],"{""activityName"":""Walk"",""averageHeartRate"":106,""kcal"":194,""duration"":1500000,""steps"":2546}",movement-data.csv:001988
movement-data.csv:001989,run 3990m 38m41s 325kcal,[],"{""activityName"":""Run"",""kcal"":325,""distance"":3.99,""distanceUnit"":""km"",""duration"":2321000,""pace"":581.7,""speed"":6.19}",movement-data.csv:001989
movement-data.csv:001990,walk 187kcal sec1434 b102,[],"{""activityName"":""Walk"",""averageHeartRate"":102,""kcal"":187,""duration"":1434000}",movement-data.csv:001990
movement-data.csv:001991,walk steps2.85k 210kcal 87hr 30.7min,[],"{""activityName"":""Walk"",""averageHeartRate"":87,""kcal"":210,""duration"":1842000,""steps"":2850}",movement-data.csv:001991
movement-data.csv:001992,walk sec1588 101b,[],"{""activityName"":""Walk"",""averageHeartRate"":101,""duration"":1588000}",movement-data.csv:001992
movement-data.csv:001993,treadmill 1h 9min 35sec 142b kcal514 step7784 136.55m gain m6490,[],"{""activityName"":""Treadmill"",""averageHeartRate"":142,""kcal"":514,""distance"":6.49,""distanceUnit"":""km"",""duration"":4175000,""elevationGain"":136.55,""pace"":643.3,""speed"":5.6,""steps"":7784}",movement-data.csv:001993
movement-data.csv:001994,walk up124.97m 1792s 2.78k steps,[],"{""activityName"":""Walk"",""duration"":1792000,""elevationGain"":124.97,""steps"":2780}",movement-data.csv:001994
movement-data.csv:001995,walk 327kcal b87 min59,[],"{""activityName"":""Walk"",""averageHeartRate"":87,""kcal"":327,""duration"":3540000}",movement-data.csv:001995
movement-data.csv:001996,run 5269steps 4.33 km 44min 27sec hr143 kcal317 +71.32m,[],"{""activityName"":""Run"",""averageHeartRate"":143,""kcal"":317,""distance"":4.33,""distanceUnit"":""km"",""duration"":2667000,""elevationGain"":71.32,""pace"":615.94,""speed"":5.84,""steps"":5269}",movement-data.csv:001996
movement-data.csv:001997,walk 2500 steps 1383s,[],"{""activityName"":""Walk"",""duration"":1383000,""steps"":2500}",movement-data.csv:001997
movement-data.csv:001998,treadmill 1h22m59s 4.81mi,[],"{""activityName"":""Treadmill"",""distance"":7.74,""distanceUnit"":""km"",""duration"":4979000,""pace"":643.2,""speed"":5.6}",movement-data.csv:001998
movement-data.csv:001999,walk hr100 2.75ksteps 233kcal 35,[],"{""activityName"":""Walk"",""averageHeartRate"":100,""kcal"":233,""duration"":2100000,""steps"":2750}",movement-data.csv:001999
movement-data.csv:002000,walk 194kcal b91 27.43m gain 29.9 2.56ksteps,[],"{""activityName"":""Walk"",""averageHeartRate"":91,""kcal"":194,""duration"":1794000,""elevationGain"":27.43,""steps"":2560}",movement-data.csv:002000
movement-data.csv:002001,walk 105 bpm 9.14m gain 1.57ksteps 15.3,[],"{""activityName"":""Walk"",""averageHeartRate"":105,""duration"":918000,""elevationGain"":9.14,""steps"":1570}",movement-data.csv:002001
movement-data.csv:002002,walk gain30.48m avg90 steps4.61k 55min 28sec kcal346,[],"{""activityName"":""Walk"",""averageHeartRate"":90,""kcal"":346,""duration"":3328000,""elevationGain"":30.48,""steps"":4610}",movement-data.csv:002002
movement-data.csv:002003,walk 2401 steps up20.98m 1332sec,[],"{""activityName"":""Walk"",""duration"":1332000,""elevationGain"":20.98,""steps"":2401}",movement-data.csv:002003
movement-data.csv:002004,walk gain6.1m 27.3 3.07k steps,[],"{""activityName"":""Walk"",""duration"":1638000,""elevationGain"":6.1,""steps"":3070}",movement-data.csv:002004
movement-data.csv:002005,walk avg98 33.53m gain 224kcal 29.9 steps3.08k,[],"{""activityName"":""Walk"",""averageHeartRate"":98,""kcal"":224,""duration"":1794000,""elevationGain"":33.53,""steps"":3080}",movement-data.csv:002005
movement-data.csv:002006,walk min18 steps1.98k 136kcal,[],"{""activityName"":""Walk"",""kcal"":136,""duration"":1080000,""steps"":1980}",movement-data.csv:002006
movement-data.csv:002007,walk 203kcal 34m59s,[],"{""activityName"":""Walk"",""kcal"":203,""duration"":2099000}",movement-data.csv:002007
movement-data.csv:002008,run 638kcal k8.2,[],"{""activityName"":""Run"",""kcal"":638,""distance"":8.2,""distanceUnit"":""km""}",movement-data.csv:002008
movement-data.csv:002009,walk 57min 397kcal 90 bpm +15.24m 5.83ksteps,[],"{""activityName"":""Walk"",""averageHeartRate"":90,""kcal"":397,""duration"":3420000,""elevationGain"":15.24,""steps"":5830}",movement-data.csv:002009
movement-data.csv:002010,run 2.67 mi 4979steps min45,[],"{""activityName"":""Run"",""distance"":4.3,""distanceUnit"":""km"",""duration"":2700000,""pace"":628.35,""speed"":5.73,""steps"":4979}",movement-data.csv:002010
movement-data.csv:002011,walk 435kcal 99b elev15.24m 3993s steps5.95k,[],"{""activityName"":""Walk"",""averageHeartRate"":99,""kcal"":435,""duration"":3993000,""elevationGain"":15.24,""steps"":5950}",movement-data.csv:002011
movement-data.csv:002012,walk 97kcal 101hr min15,[],"{""activityName"":""Walk"",""averageHeartRate"":101,""kcal"":97,""duration"":900000}",movement-data.csv:002012
movement-data.csv:002013,walk steps1852 avg112 1075s +18.29m,[],"{""activityName"":""Walk"",""averageHeartRate"":112,""duration"":1075000,""elevationGain"":18.29,""steps"":1852}",movement-data.csv:002013
movement-data.csv:002014,walk 2120 steps 20m29s kcal161 bpm110 up3.05m,[],"{""activityName"":""Walk"",""averageHeartRate"":110,""kcal"":161,""duration"":1229000,""elevationGain"":3.05,""steps"":2120}",movement-data.csv:002014
movement-data.csv:002015,walk hr93 213kcal 2.98ksteps 30.7min,[],"{""activityName"":""Walk"",""averageHeartRate"":93,""kcal"":213,""duration"":1842000,""steps"":2980}",movement-data.csv:002015
movement-data.csv:002016,walk 47min 4456 steps 91b,[],"{""activityName"":""Walk"",""averageHeartRate"":91,""duration"":2820000,""steps"":4456}",movement-data.csv:002016
movement-data.csv:002017,run 2.37 mi min36,[],"{""activityName"":""Run"",""distance"":3.81,""distanceUnit"":""km"",""duration"":2160000,""pace"":566.31,""speed"":6.36}",movement-data.csv:002017
movement-data.csv:002018,walk b80 35min 50sec kcal214,[],"{""activityName"":""Walk"",""averageHeartRate"":80,""kcal"":214,""duration"":2150000}",movement-data.csv:002018
movement-data.csv:002019,run 92min kcal818 k10.65,[],"{""activityName"":""Run"",""kcal"":818,""distance"":10.65,""distanceUnit"":""km"",""duration"":5520000,""pace"":518.31,""speed"":6.95}",movement-data.csv:002019
movement-data.csv:002020,run 50min 5.59 km +65.23m steps6463,[],"{""activityName"":""Run"",""distance"":5.59,""distanceUnit"":""km"",""duration"":3000000,""elevationGain"":65.23,""pace"":536.67,""speed"":6.71,""steps"":6463}",movement-data.csv:002020
movement-data.csv:002021,run 36.2min b152 3710 m kcal314,[],"{""activityName"":""Run"",""averageHeartRate"":152,""kcal"":314,""distance"":3.71,""distanceUnit"":""km"",""duration"":2172000,""pace"":585.44,""speed"":6.15}",movement-data.csv:002021
movement-data.csv:002022,walk 127bpm 25min 36sec steps2.65k kcal245 +24.38m,[],"{""activityName"":""Walk"",""averageHeartRate"":127,""kcal"":245,""duration"":1536000,""elevationGain"":24.38,""steps"":2650}",movement-data.csv:002022
movement-data.csv:002023,run 4.16mi 3721sec,[],"{""activityName"":""Run"",""distance"":6.69,""distanceUnit"":""km"",""duration"":3721000,""pace"":555.8,""speed"":6.48}",movement-data.csv:002023
movement-data.csv:002024,run kcal1022 14.9k steps km16.15 148bpm 113.5 gain171.91m,[],"{""activityName"":""Run"",""averageHeartRate"":148,""kcal"":1022,""distance"":16.15,""distanceUnit"":""km"",""duration"":6810000,""elevationGain"":171.91,""pace"":421.67,""speed"":8.54,""steps"":14900}",movement-data.csv:002024
movement-data.csv:002025,run kcal326 sec2098 4.93 km,[],"{""activityName"":""Run"",""kcal"":326,""distance"":4.93,""distanceUnit"":""km"",""duration"":2098000,""pace"":425.56,""speed"":8.46}",movement-data.csv:002025
movement-data.csv:002026,walk 26min 239kcal elev45.72m steps2.75k 122b,[],"{""activityName"":""Walk"",""averageHeartRate"":122,""kcal"":239,""duration"":1560000,""elevationGain"":45.72,""steps"":2750}",movement-data.csv:002026
movement-data.csv:002027,run k4.7 kcal312 35.4,[],"{""activityName"":""Run"",""kcal"":312,""distance"":4.7,""distanceUnit"":""km"",""duration"":2124000,""pace"":451.91,""speed"":7.97}",movement-data.csv:002027
movement-data.csv:002028,run 4313 steps 34m30s kcal276 4.62km,[],"{""activityName"":""Run"",""kcal"":276,""distance"":4.62,""distanceUnit"":""km"",""duration"":2070000,""pace"":448.05,""speed"":8.03,""steps"":4313}",movement-data.csv:002028
movement-data.csv:002029,walk 275kcal 3.34ksteps bpm104 39m15s,[],"{""activityName"":""Walk"",""averageHeartRate"":104,""kcal"":275,""duration"":2355000,""steps"":3340}",movement-data.csv:002029
movement-data.csv:002030,walk 293kcal b109 34.1min,[],"{""activityName"":""Walk"",""averageHeartRate"":109,""kcal"":293,""duration"":2046000}",movement-data.csv:002030
movement-data.csv:002031,walk 3682 steps 34.1 avg107 265kcal,[],"{""activityName"":""Walk"",""averageHeartRate"":107,""kcal"":265,""duration"":2046000,""steps"":3682}",movement-data.csv:002031
movement-data.csv:002032,walk hr107 kcal282 41min,[],"{""activityName"":""Walk"",""averageHeartRate"":107,""kcal"":282,""duration"":2460000}",movement-data.csv:002032
movement-data.csv:002033,run 34.5 149 bpm 2.78mi 4.38ksteps 295kcal elev45.42m,[],"{""activityName"":""Run"",""averageHeartRate"":149,""kcal"":295,""distance"":4.47,""distanceUnit"":""km"",""duration"":2070000,""elevationGain"":45.42,""pace"":462.68,""speed"":7.78,""steps"":4380}",movement-data.csv:002033
movement-data.csv:002034,walk kcal305 42.7min,[],"{""activityName"":""Walk"",""kcal"":305,""duration"":2562000}",movement-data.csv:002034
movement-data.csv:002035,run 18.92 km 1200kcal 2h 11min 10sec 150.57m gain steps18417 146b,[],"{""activityName"":""Run"",""averageHeartRate"":146,""kcal"":1200,""distance"":18.92,""distanceUnit"":""km"",""duration"":7870000,""elevationGain"":150.57,""pace"":415.96,""speed"":8.65,""steps"":18417}",movement-data.csv:002035
movement-data.csv:002036,run 4.26k steps 4.36 km sec2086 272kcal,[],"{""activityName"":""Run"",""kcal"":272,""distance"":4.36,""distanceUnit"":""km"",""duration"":2086000,""pace"":478.44,""speed"":7.52,""steps"":4260}",movement-data.csv:002036
movement-data.csv:002037,walk kcal512 113 bpm 58.8 steps5.92k,[],"{""activityName"":""Walk"",""averageHeartRate"":113,""kcal"":512,""duration"":3528000,""steps"":5920}",movement-data.csv:002037
movement-data.csv:002038,walk min35 step3965 kcal322,[],"{""activityName"":""Walk"",""kcal"":322,""duration"":2100000,""steps"":3965}",movement-data.csv:002038
movement-data.csv:002039,walk kcal304 b94,[],"{""activityName"":""Walk"",""averageHeartRate"":94,""kcal"":304}",movement-data.csv:002039
movement-data.csv:002040,walk 178kcal 18.8min +9.14m,[],"{""activityName"":""Walk"",""kcal"":178,""duration"":1128000,""elevationGain"":9.14}",movement-data.csv:002040
movement-data.csv:002041,treadmill 3.13mi avg146 42m44s,[],"{""activityName"":""Treadmill"",""averageHeartRate"":146,""distance"":5.04,""distanceUnit"":""km"",""duration"":2564000,""pace"":509.01,""speed"":7.07}",movement-data.csv:002041
movement-data.csv:002042,walk 304kcal 36min hr112,[],"{""activityName"":""Walk"",""averageHeartRate"":112,""kcal"":304,""duration"":2160000}",movement-data.csv:002042
movement-data.csv:002043,walk 11.1 944steps 98kcal,[],"{""activityName"":""Walk"",""kcal"":98,""duration"":666000,""steps"":944}",movement-data.csv:002043
movement-data.csv:002044,walk 11m6s kcal63,[],"{""activityName"":""Walk"",""kcal"":63,""duration"":666000}",movement-data.csv:002044
movement-data.csv:002045,walk 31 min kcal196 1995 steps,[],"{""activityName"":""Walk"",""kcal"":196,""duration"":1860000,""steps"":1995}",movement-data.csv:002045
movement-data.csv:002046,run 5.78km 60min 485kcal up126.49m 114hr 4.99ksteps,[],"{""activityName"":""Run"",""averageHeartRate"":114,""kcal"":485,""distance"":5.78,""distanceUnit"":""km"",""duration"":3600000,""elevationGain"":126.49,""pace"":622.84,""speed"":5.78,""steps"":4990}",movement-data.csv:002046
movement-data.csv:002047,run steps3108 km3.54 202.39m gain 319kcal 36min 116hr,[],"{""activityName"":""Run"",""averageHeartRate"":116,""kcal"":319,""distance"":3.54,""distanceUnit"":""km"",""duration"":2160000,""elevationGain"":202.39,""pace"":610.17,""speed"":5.9,""steps"":3108}",movement-data.csv:002047
movement-data.csv:002048,aerobic workout 6208 steps kcal622 120bpm 65.7,[],"{""activityName"":""Aerobic Workout"",""averageHeartRate"":120,""kcal"":622,""duration"":3942000,""steps"":6208}",movement-data.csv:002048
movement-data.csv:002049,walk 33min 17sec 111hr,[],"{""activityName"":""Walk"",""averageHeartRate"":111,""duration"":1997000}",movement-data.csv:002049
movement-data.csv:002050,walk steps4.44k 448kcal 69.1min,[],"{""activityName"":""Walk"",""kcal"":448,""duration"":4146000,""steps"":4440}",movement-data.csv:002050
movement-data.csv:002051,walk kcal294 steps3698 33.3 109bpm,[],"{""activityName"":""Walk"",""averageHeartRate"":109,""kcal"":294,""duration"":1998000,""steps"":3698}",movement-data.csv:002051
movement-data.csv:002052,walk 121hr 3.84ksteps 35min elev18.29m kcal346,[],"{""activityName"":""Walk"",""averageHeartRate"":121,""kcal"":346,""duration"":2100000,""elevationGain"":18.29,""steps"":3840}",movement-data.csv:002052
movement-data.csv:002053,walk avg121 kcal279 27.3 2.83k steps,[],"{""activityName"":""Walk"",""averageHeartRate"":121,""kcal"":279,""duration"":1638000,""steps"":2830}",movement-data.csv:002053
movement-data.csv:002054,walk 114hr gain18.29m 3.99k steps kcal343 35min 51sec,[],"{""activityName"":""Walk"",""averageHeartRate"":114,""kcal"":343,""duration"":2151000,""elevationGain"":18.29,""steps"":3990}",movement-data.csv:002054
movement-data.csv:002055,walk 16m13s b97 105kcal steps1.25k,[],"{""activityName"":""Walk"",""averageHeartRate"":97,""kcal"":105,""duration"":973000,""steps"":1250}",movement-data.csv:002055
movement-data.csv:002056,walk 6.87k steps 97hr 61.5,[],"{""activityName"":""Walk"",""averageHeartRate"":97,""duration"":3690000,""steps"":6870}",movement-data.csv:002056
movement-data.csv:002057,walk min34 kcal252 gain12.19m 95hr,[],"{""activityName"":""Walk"",""averageHeartRate"":95,""kcal"":252,""duration"":2040000,""elevationGain"":12.19}",movement-data.csv:002057
movement-data.csv:002058,walk 98b up6.1m 82kcal sec768 steps1046,[],"{""activityName"":""Walk"",""averageHeartRate"":98,""kcal"":82,""duration"":768000,""elevationGain"":6.1,""steps"":1046}",movement-data.csv:002058
movement-data.csv:002059,walk 3.99ksteps 2100sec elev18.29m 297kcal,[],"{""activityName"":""Walk"",""kcal"":297,""duration"":2100000,""elevationGain"":18.29,""steps"":3990}",movement-data.csv:002059
movement-data.csv:002060,run 7.04km steps5984 kcal579 min70,[],"{""activityName"":""Run"",""kcal"":579,""distance"":7.04,""distanceUnit"":""km"",""duration"":4200000,""pace"":596.59,""speed"":6.03,""steps"":5984}",movement-data.csv:002060
movement-data.csv:002061,run 7.66k steps gain354.48m 81.7 kcal815 124b km8.74,[],"{""activityName"":""Run"",""averageHeartRate"":124,""kcal"":815,""distance"":8.74,""distanceUnit"":""km"",""duration"":4902000,""elevationGain"":354.48,""pace"":560.87,""speed"":6.42,""steps"":7660}",movement-data.csv:002061
movement-data.csv:002062,run 176.17m gain 75.2min k6.97 128 bpm,[],"{""activityName"":""Run"",""averageHeartRate"":128,""distance"":6.97,""distanceUnit"":""km"",""duration"":4512000,""elevationGain"":176.17,""pace"":647.35,""speed"":5.56}",movement-data.csv:002062
movement-data.csv:002063,walk 10min 911steps,[],"{""activityName"":""Walk"",""duration"":600000,""steps"":911}",movement-data.csv:002063
movement-data.csv:002064,walk 10.2min 125kcal,[],"{""activityName"":""Walk"",""kcal"":125,""duration"":612000}",movement-data.csv:002064
movement-data.csv:002065,walk 614sec hr119 elev9.14m kcal95 1.03ksteps,[],"{""activityName"":""Walk"",""averageHeartRate"":119,""kcal"":95,""duration"":614000,""elevationGain"":9.14,""steps"":1030}",movement-data.csv:002065
movement-data.csv:002066,walk 717sec 100b,[],"{""activityName"":""Walk"",""averageHeartRate"":100,""duration"":717000}",movement-data.csv:002066
movement-data.csv:002067,walk b101 11min 56sec kcal94,[],"{""activityName"":""Walk"",""averageHeartRate"":101,""kcal"":94,""duration"":716000}",movement-data.csv:002067
movement-data.csv:002068,walk 101b min11 1001steps 84kcal,[],"{""activityName"":""Walk"",""averageHeartRate"":101,""kcal"":84,""duration"":660000,""steps"":1001}",movement-data.csv:002068
movement-data.csv:002069,walk hr100 83kcal 11 min 977 steps,[],"{""activityName"":""Walk"",""averageHeartRate"":100,""kcal"":83,""duration"":660000,""steps"":977}",movement-data.csv:002069
movement-data.csv:002070,walk steps1.07k 112kcal 11.1 bpm124 elev6.1m,[],"{""activityName"":""Walk"",""averageHeartRate"":124,""kcal"":112,""duration"":666000,""elevationGain"":6.1,""steps"":1070}",movement-data.csv:002070
movement-data.csv:002071,walk 98hr 39min 15sec 278kcal step3362,[],"{""activityName"":""Walk"",""averageHeartRate"":98,""kcal"":278,""duration"":2355000,""steps"":3362}",movement-data.csv:002071
movement-data.csv:002072,walk b94 2095steps kcal178 15.24m gain 28min,[],"{""activityName"":""Walk"",""averageHeartRate"":94,""kcal"":178,""duration"":1680000,""elevationGain"":15.24,""steps"":2095}",movement-data.csv:002072
movement-data.csv:002073,walk 13min 92kcal,[],"{""activityName"":""Walk"",""kcal"":92,""duration"":780000}",movement-data.csv:002073
movement-data.csv:002074,run 4400s 6.89 km 585kcal,[],"{""activityName"":""Run"",""kcal"":585,""distance"":6.89,""distanceUnit"":""km"",""duration"":4400000,""pace"":638.61,""speed"":5.64}",movement-data.csv:002074
movement-data.csv:002075,run kcal693 7.07ksteps bpm109 82.1 m7370 elev177.39m,[],"{""activityName"":""Run"",""averageHeartRate"":109,""kcal"":693,""distance"":7.37,""distanceUnit"":""km"",""duration"":4926000,""elevationGain"":177.39,""pace"":668.39,""speed"":5.39,""steps"":7070}",movement-data.csv:002075
movement-data.csv:002076,run 6910 m 604kcal +123.44m 1h 10min 22sec,[],"{""activityName"":""Run"",""kcal"":604,""distance"":6.91,""distanceUnit"":""km"",""duration"":4222000,""elevationGain"":123.44,""pace"":611,""speed"":5.89}",movement-data.csv:002076
movement-data.csv:002077,walk 93bpm 33m17s kcal243 up12.19m,[],"{""activityName"":""Walk"",""averageHeartRate"":93,""kcal"":243,""duration"":1997000,""elevationGain"":12.19}",movement-data.csv:002077
movement-data.csv:002078,walk 122kcal 12.19m gain 17 min,[],"{""activityName"":""Walk"",""kcal"":122,""duration"":1020000,""elevationGain"":12.19}",movement-data.csv:002078
movement-data.csv:002079,walk 96b up45.72m 40.1min,[],"{""activityName"":""Walk"",""averageHeartRate"":96,""duration"":2406000,""elevationGain"":45.72}",movement-data.csv:002079
movement-data.csv:002080,walk 117b 15.4min 142kcal,[],"{""activityName"":""Walk"",""averageHeartRate"":117,""kcal"":142,""duration"":924000}",movement-data.csv:002080
movement-data.csv:002081,treadmill 130b 53.4 kcal593 k6.76,[],"{""activityName"":""Treadmill"",""averageHeartRate"":130,""kcal"":593,""distance"":6.76,""distanceUnit"":""km"",""duration"":3204000,""pace"":473.96,""speed"":7.6}",movement-data.csv:002081
movement-data.csv:002082,walk b94 up6.1m steps738 11.9min 74kcal,[],"{""activityName"":""Walk"",""averageHeartRate"":94,""kcal"":74,""duration"":714000,""elevationGain"":6.1,""steps"":738}",movement-data.csv:002082
movement-data.csv:002083,walk gain9.14m 317kcal b112 min36,[],"{""activityName"":""Walk"",""averageHeartRate"":112,""kcal"":317,""duration"":2160000,""elevationGain"":9.14}",movement-data.csv:002083
movement-data.csv:002084,walk 34min hr110 3575 steps kcal306 +60.96m,[],"{""activityName"":""Walk"",""averageHeartRate"":110,""kcal"":306,""duration"":2040000,""elevationGain"":60.96,""steps"":3575}",movement-data.csv:002084
movement-data.csv:002085,walk 3923 steps 102hr kcal290 36min 42sec,[],"{""activityName"":""Walk"",""averageHeartRate"":102,""kcal"":290,""duration"":2202000,""steps"":3923}",movement-data.csv:002085
movement-data.csv:002086,treadmill 56.6 gain55.47m b126 mi3.7,[],"{""activityName"":""Treadmill"",""averageHeartRate"":126,""distance"":5.95,""distanceUnit"":""km"",""duration"":3396000,""elevationGain"":55.47,""pace"":570.32,""speed"":6.31}",movement-data.csv:002086
movement-data.csv:002087,walk 126b up12.19m 34min 9sec,[],"{""activityName"":""Walk"",""averageHeartRate"":126,""duration"":2049000,""elevationGain"":12.19}",movement-data.csv:002087
movement-data.csv:002088,walk 4238 steps kcal351 +24.38m hr92 3277s,[],"{""activityName"":""Walk"",""averageHeartRate"":92,""kcal"":351,""duration"":3277000,""elevationGain"":24.38,""steps"":4238}",movement-data.csv:002088
movement-data.csv:002089,walk 35min 51sec 18.29m gain b117,[],"{""activityName"":""Walk"",""averageHeartRate"":117,""duration"":2151000,""elevationGain"":18.29}",movement-data.csv:002089
movement-data.csv:002090,walk 29min 52sec 88b 191kcal,[],"{""activityName"":""Walk"",""averageHeartRate"":88,""kcal"":191,""duration"":1792000}",movement-data.csv:002090
movement-data.csv:002091,walk 3732steps up12.19m 2048s 91b kcal247,[],"{""activityName"":""Walk"",""averageHeartRate"":91,""kcal"":247,""duration"":2048000,""elevationGain"":12.19,""steps"":3732}",movement-data.csv:002091
movement-data.csv:002092,walk 16min 13sec 90bpm kcal116,[],"{""activityName"":""Walk"",""averageHeartRate"":90,""kcal"":116,""duration"":973000}",movement-data.csv:002092
movement-data.csv:002093,walk 27min 19sec kcal200,[],"{""activityName"":""Walk"",""kcal"":200,""duration"":1639000}",movement-data.csv:002093
movement-data.csv:002094,walk 99 bpm 272kcal 3804 steps 33m17s +18.29m,[],"{""activityName"":""Walk"",""averageHeartRate"":99,""kcal"":272,""duration"":1997000,""elevationGain"":18.29,""steps"":3804}",movement-data.csv:002094
movement-data.csv:002095,treadmill 31.6min 3.46 km 323kcal 4.21ksteps,[],"{""activityName"":""Treadmill"",""kcal"":323,""distance"":3.46,""distanceUnit"":""km"",""duration"":1896000,""pace"":547.98,""speed"":6.57,""steps"":4210}",movement-data.csv:002095
movement-data.csv:002096,walk 287kcal b98 3.35ksteps min36,[],"{""activityName"":""Walk"",""averageHeartRate"":98,""kcal"":287,""duration"":2160000,""steps"":3350}",movement-data.csv:002096
movement-data.csv:002097,walk 1844s up9.14m 231kcal,[],"{""activityName"":""Walk"",""kcal"":231,""duration"":1844000,""elevationGain"":9.14}",movement-data.csv:002097
movement-data.csv:002098,walk 6.1m gain steps1620 22 min 94b 138kcal,[],"{""activityName"":""Walk"",""averageHeartRate"":94,""kcal"":138,""duration"":1320000,""elevationGain"":6.1,""steps"":1620}",movement-data.csv:002098
movement-data.csv:002099,walk kcal341 gain18.29m step3891 35.8min 116bpm,[],"{""activityName"":""Walk"",""averageHeartRate"":116,""kcal"":341,""duration"":2148000,""elevationGain"":18.29,""steps"":3891}",movement-data.csv:002099
movement-data.csv:002100,walk kcal100 gain12.19m 94bpm steps1.23k 13.7min,[],"{""activityName"":""Walk"",""averageHeartRate"":94,""kcal"":100,""duration"":822000,""elevationGain"":12.19,""steps"":1230}",movement-data.csv:002100
movement-data.csv:002101,run m7840 11107 steps min85,[],"{""activityName"":""Run"",""distance"":7.84,""distanceUnit"":""km"",""duration"":5100000,""pace"":650.51,""speed"":5.53,""steps"":11107}",movement-data.csv:002101
movement-data.csv:002102,walk 38min 294kcal 3868 steps avg94,[],"{""activityName"":""Walk"",""averageHeartRate"":94,""kcal"":294,""duration"":2280000,""steps"":3868}",movement-data.csv:002102
movement-data.csv:002103,walk 217kcal avg95 32min,[],"{""activityName"":""Walk"",""averageHeartRate"":95,""kcal"":217,""duration"":1920000}",movement-data.csv:002103
movement-data.csv:002104,run 2h14m17s 1345kcal bpm119,[],"{""activityName"":""Run"",""averageHeartRate"":119,""kcal"":1345,""duration"":8057000}",movement-data.csv:002104
movement-data.csv:002105,run 161.8min 14.46 km,[],"{""activityName"":""Run"",""distance"":14.46,""distanceUnit"":""km"",""duration"":9708000,""pace"":671.37,""speed"":5.36}",movement-data.csv:002105
movement-data.csv:002106,walk 754 steps 12m48s,[],"{""activityName"":""Walk"",""duration"":768000,""steps"":754}",movement-data.csv:002106
movement-data.csv:002107,run kcal1771 118b 18040m 180 min,[],"{""activityName"":""Run"",""averageHeartRate"":118,""kcal"":1771,""distance"":18.04,""distanceUnit"":""km"",""duration"":10800000,""pace"":598.67,""speed"":6.01}",movement-data.csv:002107
movement-data.csv:002108,run kcal504 avg113 steps4.14k 57m17s 4700 m up106.38m,[],"{""activityName"":""Run"",""averageHeartRate"":113,""kcal"":504,""distance"":4.7,""distanceUnit"":""km"",""duration"":3437000,""elevationGain"":106.38,""pace"":731.28,""speed"":4.92,""steps"":4140}",movement-data.csv:002108
movement-data.csv:002109,run km15.48 13.84ksteps min162 kcal1523,[],"{""activityName"":""Run"",""kcal"":1523,""distance"":15.48,""distanceUnit"":""km"",""duration"":9720000,""pace"":627.91,""speed"":5.73,""steps"":13840}",movement-data.csv:002109
movement-data.csv:002110,aerobic workout 61.5min avg126 5654 steps,[],"{""activityName"":""Aerobic Workout"",""averageHeartRate"":126,""duration"":3690000,""steps"":5654}",movement-data.csv:002110
movement-data.csv:002111,run steps5633 km5.69 1h14m7s kcal631,[],"{""activityName"":""Run"",""kcal"":631,""distance"":5.69,""distanceUnit"":""km"",""duration"":4447000,""pace"":781.55,""speed"":4.61,""steps"":5633}",movement-data.csv:002111
movement-data.csv:002112,run 11.72ksteps sec8036 12.14 km,[],"{""activityName"":""Run"",""distance"":12.14,""distanceUnit"":""km"",""duration"":8036000,""pace"":661.94,""speed"":5.44,""steps"":11720}",movement-data.csv:002112
movement-data.csv:002113,run step11346 12.22 km,[],"{""activityName"":""Run"",""distance"":12.22,""distanceUnit"":""km"",""steps"":11346}",movement-data.csv:002113
movement-data.csv:002114,run 1519kcal avg122 13268 steps 644.04m gain km13.8 148min,[],"{""activityName"":""Run"",""averageHeartRate"":122,""kcal"":1519,""distance"":13.8,""distanceUnit"":""km"",""duration"":8880000,""elevationGain"":644.04,""pace"":643.48,""speed"":5.59,""steps"":13268}",movement-data.csv:002114
movement-data.csv:002115,walk 1814 steps 23m3s,[],"{""activityName"":""Walk"",""duration"":1383000,""steps"":1814}",movement-data.csv:002115
movement-data.csv:002116,run step7434 8.14 km 128 bpm 1h19m34s up349.91m 876kcal,[],"{""activityName"":""Run"",""averageHeartRate"":128,""kcal"":876,""distance"":8.14,""distanceUnit"":""km"",""duration"":4774000,""elevationGain"":349.91,""pace"":586.49,""speed"":6.14,""steps"":7434}",movement-data.csv:002116
movement-data.csv:002117,walk 33 min 255kcal,[],"{""activityName"":""Walk"",""kcal"":255,""duration"":1980000}",movement-data.csv:002117
movement-data.csv:002118,walk 3710 steps 35 +57.91m,[],"{""activityName"":""Walk"",""duration"":2100000,""elevationGain"":57.91,""steps"":3710}",movement-data.csv:002118
movement-data.csv:002119,walk 39min 16sec +9.14m steps3995 kcal281,[],"{""activityName"":""Walk"",""kcal"":281,""duration"":2356000,""elevationGain"":9.14,""steps"":3995}",movement-data.csv:002119
movement-data.csv:002120,treadmill 46min 57sec 116bpm 5.08k,[],"{""activityName"":""Treadmill"",""averageHeartRate"":116,""distance"":5.08,""distanceUnit"":""km"",""duration"":2817000,""pace"":554.53,""speed"":6.49}",movement-data.csv:002120
movement-data.csv:002121,walk +6.1m 34.1min 281kcal,[],"{""activityName"":""Walk"",""kcal"":281,""duration"":2046000,""elevationGain"":6.1}",movement-data.csv:002121
movement-data.csv:002122,walk kcal118 steps1.36k 111b gain27.43m min13,[],"{""activityName"":""Walk"",""averageHeartRate"":111,""kcal"":118,""duration"":780000,""elevationGain"":27.43,""steps"":1360}",movement-data.csv:002122
movement-data.csv:002123,walk b103 kcal319 +15.24m 37.5min steps4.18k,[],"{""activityName"":""Walk"",""averageHeartRate"":103,""kcal"":319,""duration"":2250000,""elevationGain"":15.24,""steps"":4180}",movement-data.csv:002123
movement-data.csv:002124,run 127 bpm 71.2min,[],"{""activityName"":""Run"",""averageHeartRate"":127,""duration"":4272000}",movement-data.csv:002124
movement-data.csv:002125,walk 248kcal 3.15ksteps 97bpm 32m26s,[],"{""activityName"":""Walk"",""averageHeartRate"":97,""kcal"":248,""duration"":1946000,""steps"":3150}",movement-data.csv:002125
movement-data.csv:002126,run 10550m 134 bpm 2h 11min 49sec gain411.18m steps9587 1478kcal,[],"{""activityName"":""Run"",""averageHeartRate"":134,""kcal"":1478,""distance"":10.55,""distanceUnit"":""km"",""duration"":7909000,""elevationGain"":411.18,""pace"":749.67,""speed"":4.8,""steps"":9587}",movement-data.csv:002126
movement-data.csv:002127,walk 248kcal 33m17s steps3.69k,[],"{""activityName"":""Walk"",""kcal"":248,""duration"":1997000,""steps"":3690}",movement-data.csv:002127
movement-data.csv:002128,walk +18.29m 32min 26sec kcal252,[],"{""activityName"":""Walk"",""kcal"":252,""duration"":1946000,""elevationGain"":18.29}",movement-data.csv:002128
movement-data.csv:002129,walk 98kcal step1014 11min 6sec 112bpm,[],"{""activityName"":""Walk"",""averageHeartRate"":112,""kcal"":98,""duration"":666000,""steps"":1014}",movement-data.csv:002129
movement-data.csv:002130,walk 6.1m gain hr102 kcal90 step737 12.8,[],"{""activityName"":""Walk"",""averageHeartRate"":102,""kcal"":90,""duration"":768000,""elevationGain"":6.1,""steps"":737}",movement-data.csv:002130
movement-data.csv:002131,treadmill 669kcal km6.99 hr96 1h 52min 29sec,[],"{""activityName"":""Treadmill"",""averageHeartRate"":96,""kcal"":669,""distance"":6.99,""distanceUnit"":""km"",""duration"":6749000,""pace"":965.52,""speed"":3.73}",movement-data.csv:002131
movement-data.csv:002132,walk kcal328 b110 36.7min,[],"{""activityName"":""Walk"",""averageHeartRate"":110,""kcal"":328,""duration"":2202000}",movement-data.csv:002132
movement-data.csv:002133,walk min10 step929,[],"{""activityName"":""Walk"",""duration"":600000,""steps"":929}",movement-data.csv:002133
movement-data.csv:002134,run 2h 45min 25sec kcal1740 15.47k steps 125 bpm,[],"{""activityName"":""Run"",""averageHeartRate"":125,""kcal"":1740,""duration"":9925000,""steps"":15470}",movement-data.csv:002134
movement-data.csv:002135,run 597kcal 54.5 elev164.9m km5.59,[],"{""activityName"":""Run"",""kcal"":597,""distance"":5.59,""distanceUnit"":""km"",""duration"":3270000,""elevationGain"":164.9,""pace"":584.97,""speed"":6.15}",movement-data.csv:002135
movement-data.csv:002136,run b126 km11.33 +417.58m 1h 57min 36sec step9934 kcal1206,[],"{""activityName"":""Run"",""averageHeartRate"":126,""kcal"":1206,""distance"":11.33,""distanceUnit"":""km"",""duration"":7056000,""elevationGain"":417.58,""pace"":622.77,""speed"":5.78,""steps"":9934}",movement-data.csv:002136
movement-data.csv:002137,run kcal1197 11.48 km 7018s 10.67ksteps,[],"{""activityName"":""Run"",""kcal"":1197,""distance"":11.48,""distanceUnit"":""km"",""duration"":7018000,""pace"":611.32,""speed"":5.89,""steps"":10670}",movement-data.csv:002137
movement-data.csv:002138,walk 12.19m gain 35min kcal260 hr94,[],"{""activityName"":""Walk"",""averageHeartRate"":94,""kcal"":260,""duration"":2100000,""elevationGain"":12.19}",movement-data.csv:002138
movement-data.csv:002139,walk steps753 67kcal 12 min,[],"{""activityName"":""Walk"",""kcal"":67,""duration"":720000,""steps"":753}",movement-data.csv:002139
movement-data.csv:002140,walk 91kcal 13min 40sec elev6.1m step866 97b,[],"{""activityName"":""Walk"",""averageHeartRate"":97,""kcal"":91,""duration"":820000,""elevationGain"":6.1,""steps"":866}",movement-data.csv:002140
movement-data.csv:002141,walk kcal274 36min 41sec 9.14m gain 89hr,[],"{""activityName"":""Walk"",""averageHeartRate"":89,""kcal"":274,""duration"":2201000,""elevationGain"":9.14}",movement-data.csv:002141
movement-data.csv:002142,walk sec1434 92b step1872 171kcal,[],"{""activityName"":""Walk"",""averageHeartRate"":92,""kcal"":171,""duration"":1434000,""steps"":1872}",movement-data.csv:002142
movement-data.csv:002143,bike kcal60 43 min hr140,[],"{""activityName"":""Bike"",""averageHeartRate"":140,""kcal"":60,""duration"":2580000}",movement-data.csv:002143
movement-data.csv:002144,walk kcal276 34m59s,[],"{""activityName"":""Walk"",""kcal"":276,""duration"":2099000}",movement-data.csv:002144
movement-data.csv:002145,walk 75kcal 10.2min bpm103 gain6.1m,[],"{""activityName"":""Walk"",""averageHeartRate"":103,""kcal"":75,""duration"":612000,""elevationGain"":6.1}",movement-data.csv:002145
movement-data.csv:002146,walk avg99 1h 13min 24sec steps5.74k,[],"{""activityName"":""Walk"",""averageHeartRate"":99,""duration"":4404000,""steps"":5740}",movement-data.csv:002146
movement-data.csv:002147,walk 20 min 146kcal,[],"{""activityName"":""Walk"",""kcal"":146,""duration"":1200000}",movement-data.csv:002147
movement-data.csv:002148,walk hr100 10min 14sec,[],"{""activityName"":""Walk"",""averageHeartRate"":100,""duration"":614000}",movement-data.csv:002148
movement-data.csv:002149,walk step4008 36min kcal382,[],"{""activityName"":""Walk"",""kcal"":382,""duration"":2160000,""steps"":4008}",movement-data.csv:002149
movement-data.csv:002150,run 117b 5562s,[],"{""activityName"":""Run"",""averageHeartRate"":117,""duration"":5562000}",movement-data.csv:002150
movement-data.csv:002151,run 7.92k kcal829 1h18m50s,[],"{""activityName"":""Run"",""kcal"":829,""distance"":7.92,""distanceUnit"":""km"",""duration"":4730000,""pace"":597.22,""speed"":6.03}",movement-data.csv:002151
movement-data.csv:002152,run mi6.39 9128steps avg124 gain326.14m 1h41m51s kcal1062,[],"{""activityName"":""Run"",""averageHeartRate"":124,""kcal"":1062,""distance"":10.28,""distanceUnit"":""km"",""duration"":6111000,""elevationGain"":326.14,""pace"":594.24,""speed"":6.06,""steps"":9128}",movement-data.csv:002152
movement-data.csv:002153,run km11.83 2h6m16s 495.3m gain step10972,[],"{""activityName"":""Run"",""distance"":11.83,""distanceUnit"":""km"",""duration"":7576000,""elevationGain"":495.3,""pace"":640.41,""speed"":5.62,""steps"":10972}",movement-data.csv:002153
movement-data.csv:002154,walk 34.1min kcal271,[],"{""activityName"":""Walk"",""kcal"":271,""duration"":2046000}",movement-data.csv:002154
movement-data.csv:002155,walk 3.96ksteps 3072s,[],"{""activityName"":""Walk"",""duration"":3072000,""steps"":3960}",movement-data.csv:002155
movement-data.csv:002156,walk 35.8 4034 steps,[],"{""activityName"":""Walk"",""duration"":2148000,""steps"":4034}",movement-data.csv:002156
movement-data.csv:002157,run kcal1466 mi8.18 155 min,[],"{""activityName"":""Run"",""kcal"":1466,""distance"":13.16,""distanceUnit"":""km"",""duration"":9300000,""pace"":706.45,""speed"":5.1}",movement-data.csv:002157
movement-data.csv:002158,run 2.84ksteps 32.7min kcal303 1.81mi,[],"{""activityName"":""Run"",""kcal"":303,""distance"":2.91,""distanceUnit"":""km"",""duration"":1962000,""pace"":673.55,""speed"":5.34,""steps"":2840}",movement-data.csv:002158
movement-data.csv:002159,walk 34min up12.19m kcal258 hr90,[],"{""activityName"":""Walk"",""averageHeartRate"":90,""kcal"":258,""duration"":2040000,""elevationGain"":12.19}",movement-data.csv:002159
movement-data.csv:002160,walk 3658steps kcal272 33.3min,[],"{""activityName"":""Walk"",""kcal"":272,""duration"":1998000,""steps"":3658}",movement-data.csv:002160
movement-data.csv:002161,walk 33m17s 92 bpm steps3737 elev15.24m kcal257,[],"{""activityName"":""Walk"",""averageHeartRate"":92,""kcal"":257,""duration"":1997000,""elevationGain"":15.24,""steps"":3737}",movement-data.csv:002161
movement-data.csv:002162,walk 38min 24sec 3.68k steps bpm81,[],"{""activityName"":""Walk"",""averageHeartRate"":81,""duration"":2304000,""steps"":3680}",movement-data.csv:002162
movement-data.csv:002163,walk 4.43k steps b98 44min 351kcal,[],"{""activityName"":""Walk"",""averageHeartRate"":98,""kcal"":351,""duration"":2640000,""steps"":4430}",movement-data.csv:002163
movement-data.csv:002164,walk min35 103bpm 306kcal,[],"{""activityName"":""Walk"",""averageHeartRate"":103,""kcal"":306,""duration"":2100000}",movement-data.csv:002164
movement-data.csv:002165,walk 32min 111hr kcal335,[],"{""activityName"":""Walk"",""averageHeartRate"":111,""kcal"":335,""duration"":1920000}",movement-data.csv:002165
movement-data.csv:002166,walk sec2406 steps4393 bpm76 kcal341,[],"{""activityName"":""Walk"",""averageHeartRate"":76,""kcal"":341,""duration"":2406000,""steps"":4393}",movement-data.csv:002166
movement-data.csv:002167,walk 111b kcal100 11.9min,[],"{""activityName"":""Walk"",""averageHeartRate"":111,""kcal"":100,""duration"":714000}",movement-data.csv:002167
movement-data.csv:002168,sport 23m2s 153kcal b100,[],"{""activityName"":""Sport"",""averageHeartRate"":100,""kcal"":153,""duration"":1382000}",movement-data.csv:002168
movement-data.csv:002169,walk hr105 step794 elev9.14m 11 min kcal86,[],"{""activityName"":""Walk"",""averageHeartRate"":105,""kcal"":86,""duration"":660000,""elevationGain"":9.14,""steps"":794}",movement-data.csv:002169
movement-data.csv:002170,run kcal1482 step13161 13.81 km 2h 37min 40sec,[],"{""activityName"":""Run"",""kcal"":1482,""distance"":13.81,""distanceUnit"":""km"",""duration"":9460000,""pace"":685.01,""speed"":5.26,""steps"":13161}",movement-data.csv:002170
movement-data.csv:002171,run 11.34k 2h 3min 20sec,[],"{""activityName"":""Run"",""distance"":11.34,""distanceUnit"":""km"",""duration"":7400000,""pace"":652.56,""speed"":5.52}",movement-data.csv:002171
movement-data.csv:002172,run 798kcal 8.06k steps 84.8 mi5.23 gain362.1m b110,[],"{""activityName"":""Run"",""averageHeartRate"":110,""kcal"":798,""distance"":8.42,""distanceUnit"":""km"",""duration"":5088000,""elevationGain"":362.1,""pace"":604.5,""speed"":5.96,""steps"":8060}",movement-data.csv:002172
movement-data.csv:002173,sport kcal118 1.45k steps 21.3min b67,[],"{""activityName"":""Sport"",""averageHeartRate"":67,""kcal"":118,""duration"":1278000,""steps"":1450}",movement-data.csv:002173
movement-data.csv:002174,run 167.8min 1627kcal 15.76k 117 bpm,[],"{""activityName"":""Run"",""averageHeartRate"":117,""kcal"":1627,""distance"":15.76,""distanceUnit"":""km"",""duration"":10068000,""pace"":638.83,""speed"":5.64}",movement-data.csv:002174
movement-data.csv:002175,walk 33m17s 15.24m gain bpm113 kcal316,[],"{""activityName"":""Walk"",""averageHeartRate"":113,""kcal"":316,""duration"":1997000,""elevationGain"":15.24}",movement-data.csv:002175
movement-data.csv:002176,walk 38min 52sec 95bpm up60.96m 322kcal,[],"{""activityName"":""Walk"",""averageHeartRate"":95,""kcal"":322,""duration"":2332000,""elevationGain"":60.96}",movement-data.csv:002176
movement-data.csv:002177,walk 66kcal hr89 sec615,[],"{""activityName"":""Walk"",""averageHeartRate"":89,""kcal"":66,""duration"":615000}",movement-data.csv:002177
movement-data.csv:002178,walk 11.9 b88 steps1.08k,[],"{""activityName"":""Walk"",""averageHeartRate"":88,""duration"":714000,""steps"":1080}",movement-data.csv:002178
movement-data.csv:002179,walk 58min 2sec steps3.98k up21.34m 92b 373kcal,[],"{""activityName"":""Walk"",""averageHeartRate"":92,""kcal"":373,""duration"":3482000,""elevationGain"":21.34,""steps"":3980}",movement-data.csv:002179
movement-data.csv:002180,walk 112 bpm 2.72ksteps 299kcal gain18.29m 1997sec,[],"{""activityName"":""Walk"",""averageHeartRate"":112,""kcal"":299,""duration"":1997000,""elevationGain"":18.29,""steps"":2720}",movement-data.csv:002180
movement-data.csv:002181,walk 34min 8sec kcal310 up64.01m 3.67ksteps,[],"{""activityName"":""Walk"",""kcal"":310,""duration"":2048000,""elevationGain"":64.01,""steps"":3670}",movement-data.csv:002181
movement-data.csv:002182,walk 97bpm 4.23ksteps sec2458,[],"{""activityName"":""Walk"",""averageHeartRate"":97,""duration"":2458000,""steps"":4230}",movement-data.csv:002182
movement-data.csv:002183,sport kcal236 33.3min,[],"{""activityName"":""Sport"",""kcal"":236,""duration"":1998000}",movement-data.csv:002183
movement-data.csv:002184,run 173.2min 1503kcal 13.07km hr112 steps12.76k +231.95m,[],"{""activityName"":""Run"",""averageHeartRate"":112,""kcal"":1503,""distance"":13.07,""distanceUnit"":""km"",""duration"":10392000,""elevationGain"":231.95,""pace"":795.1,""speed"":4.53,""steps"":12760}",movement-data.csv:002184
movement-data.csv:002185,walk 11.1min 1.09k steps kcal98,[],"{""activityName"":""Walk"",""kcal"":98,""duration"":666000,""steps"":1090}",movement-data.csv:002185
movement-data.csv:002186,walk 1748 steps bpm105 172kcal 19.6,[],"{""activityName"":""Walk"",""averageHeartRate"":105,""kcal"":172,""duration"":1176000,""steps"":1748}",movement-data.csv:002186
movement-data.csv:002187,walk 92kcal min13,[],"{""activityName"":""Walk"",""kcal"":92,""duration"":780000}",movement-data.csv:002187
movement-data.csv:002188,walk 97b 573kcal 1h 19min 22sec up30.48m,[],"{""activityName"":""Walk"",""averageHeartRate"":97,""kcal"":573,""duration"":4762000,""elevationGain"":30.48}",movement-data.csv:002188
movement-data.csv:002189,walk 1h 7min 26sec 551kcal step5990,[],"{""activityName"":""Walk"",""kcal"":551,""duration"":4046000,""steps"":5990}",movement-data.csv:002189
movement-data.csv:002190,run up800.71m 108hr 121.8min km10.83 1128kcal 10047 steps,[],"{""activityName"":""Run"",""averageHeartRate"":108,""kcal"":1128,""distance"":10.83,""distanceUnit"":""km"",""duration"":7308000,""elevationGain"":800.71,""pace"":674.79,""speed"":5.33,""steps"":10047}",movement-data.csv:002190
movement-data.csv:002191,walk steps5405 447kcal gain33.53m avg104 55.5min,[],"{""activityName"":""Walk"",""averageHeartRate"":104,""kcal"":447,""duration"":3330000,""elevationGain"":33.53,""steps"":5405}",movement-data.csv:002191
movement-data.csv:002192,walk 1h52m38s step9389,[],"{""activityName"":""Walk"",""duration"":6758000,""steps"":9389}",movement-data.csv:002192
movement-data.csv:002193,walk 56min kcal436 steps5593 bpm101,[],"{""activityName"":""Walk"",""averageHeartRate"":101,""kcal"":436,""duration"":3360000,""steps"":5593}",movement-data.csv:002193
movement-data.csv:002194,outdoor bike 48.77m gain 26.4min 131kcal 67hr,[],"{""activityName"":""Outdoor Bike"",""averageHeartRate"":67,""kcal"":131,""duration"":1584000,""elevationGain"":48.77}",movement-data.csv:002194
movement-data.csv:002195,walk 1.88k steps 23m2s kcal183 102b,[],"{""activityName"":""Walk"",""averageHeartRate"":102,""kcal"":183,""duration"":1382000,""steps"":1880}",movement-data.csv:002195
movement-data.csv:002196,walk 18m47s 1816 steps 107 bpm kcal160,[],"{""activityName"":""Walk"",""averageHeartRate"":107,""kcal"":160,""duration"":1127000,""steps"":1816}",movement-data.csv:002196
movement-data.csv:002197,walk kcal165 1433sec,[],"{""activityName"":""Walk"",""kcal"":165,""duration"":1433000}",movement-data.csv:002197
movement-data.csv:002198,walk sec1690 2.28k steps,[],"{""activityName"":""Walk"",""duration"":1690000,""steps"":2280}",movement-data.csv:002198
movement-data.csv:002199,sport kcal312 min46,[],"{""activityName"":""Sport"",""kcal"":312,""duration"":2760000}",movement-data.csv:002199
movement-data.csv:002200,run km10.87 hr122 10903 steps 7195sec,[],"{""activityName"":""Run"",""averageHeartRate"":122,""distance"":10.87,""distanceUnit"":""km"",""duration"":7195000,""pace"":661.91,""speed"":5.44,""steps"":10903}",movement-data.csv:002200
movement-data.csv:002201,sport 16m12s avg122 1.33k steps,[],"{""activityName"":""Sport"",""averageHeartRate"":122,""duration"":972000,""steps"":1330}",movement-data.csv:002201
movement-data.csv:002202,run 159.7min kcal1534 avg115 13.58k,[],"{""activityName"":""Run"",""averageHeartRate"":115,""kcal"":1534,""distance"":13.58,""distanceUnit"":""km"",""duration"":9582000,""pace"":705.6,""speed"":5.1}",movement-data.csv:002202
movement-data.csv:002203,walk steps1571 107bpm up18.29m 126kcal 14m30s,[],"{""activityName"":""Walk"",""averageHeartRate"":107,""kcal"":126,""duration"":870000,""elevationGain"":18.29,""steps"":1571}",movement-data.csv:002203
movement-data.csv:002204,bike 129bpm 348kcal 79.8min gain90.83m,[],"{""activityName"":""Bike"",""averageHeartRate"":129,""kcal"":348,""duration"":4788000,""elevationGain"":90.83}",movement-data.csv:002204
movement-data.csv:002205,bike 82min gain549.25m 121 bpm 771kcal,[],"{""activityName"":""Bike"",""averageHeartRate"":121,""kcal"":771,""duration"":4920000,""elevationGain"":549.25}",movement-data.csv:002205
movement-data.csv:002206,walk +136.85m avg92 min89 steps6.46k kcal578 5.36 km,[],"{""activityName"":""Walk"",""averageHeartRate"":92,""kcal"":578,""distance"":5.36,""distanceUnit"":""km"",""duration"":5340000,""elevationGain"":136.85,""pace"":996.27,""speed"":3.61,""steps"":6460}",movement-data.csv:002206
movement-data.csv:002207,outdoor bike 1h 15min 57sec avg146 kcal939 elev100.58m,[],"{""activityName"":""Outdoor Bike"",""averageHeartRate"":146,""kcal"":939,""duration"":4557000,""elevationGain"":100.58}",movement-data.csv:002207
movement-data.csv:002208,walk 9.7km 958kcal sec6887 104 bpm,[],"{""activityName"":""Walk"",""averageHeartRate"":104,""kcal"":958,""distance"":9.7,""distanceUnit"":""km"",""duration"":6887000,""pace"":710,""speed"":5.07}",movement-data.csv:002208
movement-data.csv:002209,bike up500.48m 1h25m25s,[],"{""activityName"":""Bike"",""duration"":5125000,""elevationGain"":500.48}",movement-data.csv:002209
movement-data.csv:002210,walk 2h 31min 10sec 7.05 mi,[],"{""activityName"":""Walk"",""distance"":11.35,""distanceUnit"":""km"",""duration"":9070000,""pace"":799.41,""speed"":4.5}",movement-data.csv:002210
movement-data.csv:002211,bike avg113 1h 44min 46sec kcal414 m33020,[],"{""activityName"":""Bike"",""averageHeartRate"":113,""kcal"":414,""distance"":33.02,""distanceUnit"":""km"",""duration"":6286000,""pace"":190.37,""speed"":18.91}",movement-data.csv:002211
movement-data.csv:002212,bike km42.18 kcal1235 2h 21min 30sec,[],"{""activityName"":""Bike"",""kcal"":1235,""distance"":42.18,""distanceUnit"":""km"",""duration"":8490000,""pace"":201.28,""speed"":17.89}",movement-data.csv:002212
movement-data.csv:002213,walk 145kcal 20min 28sec,[],"{""activityName"":""Walk"",""kcal"":145,""duration"":1228000}",movement-data.csv:002213
movement-data.csv:002214,walk 56.3 avg104 500kcal 6.28ksteps,[],"{""activityName"":""Walk"",""averageHeartRate"":104,""kcal"":500,""duration"":3378000,""steps"":6280}",movement-data.csv:002214
movement-data.csv:002215,bike hr138 kcal1053 min111 +623.62m 36840m,[],"{""activityName"":""Bike"",""averageHeartRate"":138,""kcal"":1053,""distance"":36.84,""distanceUnit"":""km"",""duration"":6660000,""elevationGain"":623.62,""pace"":180.78,""speed"":19.91}",movement-data.csv:002215
movement-data.csv:002216,walk 8697steps 93,[],"{""activityName"":""Walk"",""duration"":5580000,""steps"":8697}",movement-data.csv:002216
movement-data.csv:002217,bike min114 32070m gain685.8m 127hr kcal538,[],"{""activityName"":""Bike"",""averageHeartRate"":127,""kcal"":538,""distance"":32.07,""distanceUnit"":""km"",""duration"":6840000,""elevationGain"":685.8,""pace"":213.28,""speed"":16.88}",movement-data.csv:002217
movement-data.csv:002218,walk 47m47s elev88.39m avg106 kcal407,[],"{""activityName"":""Walk"",""averageHeartRate"":106,""kcal"":407,""duration"":2867000,""elevationGain"":88.39}",movement-data.csv:002218
movement-data.csv:002219,bike sec7881 hr150 up673.91m m38720 kcal1520,[],"{""activityName"":""Bike"",""averageHeartRate"":150,""kcal"":1520,""distance"":38.72,""distanceUnit"":""km"",""duration"":7881000,""elevationGain"":673.91,""pace"":203.54,""speed"":17.69}",movement-data.csv:002219
movement-data.csv:002220,walk 11min 5sec steps1.01k hr110,[],"{""activityName"":""Walk"",""averageHeartRate"":110,""duration"":665000,""steps"":1010}",movement-data.csv:002220
movement-data.csv:002221,aerobic workout 170kcal 18m46s steps1.77k bpm110,[],"{""activityName"":""Aerobic Workout"",""averageHeartRate"":110,""kcal"":170,""duration"":1126000,""steps"":1770}",movement-data.csv:002221
movement-data.csv:002222,walk 26m27s 97b,[],"{""activityName"":""Walk"",""averageHeartRate"":97,""duration"":1587000}",movement-data.csv:002222
movement-data.csv:002223,bike 128.8min 31560 m 1035kcal,[],"{""activityName"":""Bike"",""kcal"":1035,""distance"":31.56,""distanceUnit"":""km"",""duration"":7728000,""pace"":244.87,""speed"":14.7}",movement-data.csv:002223
movement-data.csv:002224,walk 73kcal 615s 596 steps,[],"{""activityName"":""Walk"",""kcal"":73,""duration"":615000,""steps"":596}",movement-data.csv:002224
movement-data.csv:002225,walk 2.18m gain kcal86 790 steps min10,[],"{""activityName"":""Walk"",""kcal"":86,""duration"":600000,""elevationGain"":2.18,""steps"":790}",movement-data.csv:002225
movement-data.csv:002226,walk kcal106 871sec,[],"{""activityName"":""Walk"",""kcal"":106,""duration"":871000}",movement-data.csv:002226
movement-data.csv:002227,walk kcal71 10.2min hr92,[],"{""activityName"":""Walk"",""averageHeartRate"":92,""kcal"":71,""duration"":612000}",movement-data.csv:002227
movement-data.csv:002228,walk steps942 82kcal elev15.24m 15m22s,[],"{""activityName"":""Walk"",""kcal"":82,""duration"":922000,""elevationGain"":15.24,""steps"":942}",movement-data.csv:002228
movement-data.csv:002229,walk 15.4min 102hr kcal82 steps858,[],"{""activityName"":""Walk"",""averageHeartRate"":102,""kcal"":82,""duration"":924000,""steps"":858}",movement-data.csv:002229
movement-data.csv:002230,walk kcal94 112bpm 16min 13sec step841 gain15.24m,[],"{""activityName"":""Walk"",""averageHeartRate"":112,""kcal"":94,""duration"":973000,""elevationGain"":15.24,""steps"":841}",movement-data.csv:002230
movement-data.csv:002231,walk 91kcal step905 15.24m gain b104 18.8,[],"{""activityName"":""Walk"",""averageHeartRate"":104,""kcal"":91,""duration"":1128000,""elevationGain"":15.24,""steps"":905}",movement-data.csv:002231
movement-data.csv:002232,walk kcal264 bpm104 46.9min,[],"{""activityName"":""Walk"",""averageHeartRate"":104,""kcal"":264,""duration"":2814000}",movement-data.csv:002232
movement-data.csv:002233,aerobic workout b101 29min,[],"{""activityName"":""Aerobic Workout"",""averageHeartRate"":101,""duration"":1740000}",movement-data.csv:002233
movement-data.csv:002234,aerobic workout 27 min kcal164 102 bpm steps2.16k,[],"{""activityName"":""Aerobic Workout"",""averageHeartRate"":102,""kcal"":164,""duration"":1620000,""steps"":2160}",movement-data.csv:002234
movement-data.csv:002235,walk 15.24m gain steps892 kcal84 106bpm 16 min,[],"{""activityName"":""Walk"",""averageHeartRate"":106,""kcal"":84,""duration"":960000,""elevationGain"":15.24,""steps"":892}",movement-data.csv:002235
movement-data.csv:002236,walk kcal147 up39.62m 1858steps 24m45s 108 bpm,[],"{""activityName"":""Walk"",""averageHeartRate"":108,""kcal"":147,""duration"":1485000,""elevationGain"":39.62,""steps"":1858}",movement-data.csv:002236
movement-data.csv:002237,walk steps991 15min 22sec 110b,[],"{""activityName"":""Walk"",""averageHeartRate"":110,""duration"":922000,""steps"":991}",movement-data.csv:002237
movement-data.csv:002238,walk steps993 kcal87 15min 21sec,[],"{""activityName"":""Walk"",""kcal"":87,""duration"":921000,""steps"":993}",movement-data.csv:002238
movement-data.csv:002239,walk b105 96kcal 1075s,[],"{""activityName"":""Walk"",""averageHeartRate"":105,""kcal"":96,""duration"":1075000}",movement-data.csv:002239
movement-data.csv:002240,outdoor bike 1229sec 62kcal avg73,[],"{""activityName"":""Outdoor Bike"",""averageHeartRate"":73,""kcal"":62,""duration"":1229000}",movement-data.csv:002240
movement-data.csv:002241,walk 103bpm elev15.24m 30min 44sec,[],"{""activityName"":""Walk"",""averageHeartRate"":103,""duration"":1844000,""elevationGain"":15.24}",movement-data.csv:002241
movement-data.csv:002242,walk gain6.1m 173kcal 1434sec bpm118 steps2067,[],"{""activityName"":""Walk"",""averageHeartRate"":118,""kcal"":173,""duration"":1434000,""elevationGain"":6.1,""steps"":2067}",movement-data.csv:002242
movement-data.csv:002243,walk kcal92 15.4min,[],"{""activityName"":""Walk"",""kcal"":92,""duration"":924000}",movement-data.csv:002243
movement-data.csv:002244,walk steps1030 106bpm 17min 4sec,[],"{""activityName"":""Walk"",""averageHeartRate"":106,""duration"":1024000,""steps"":1030}",movement-data.csv:002244
movement-data.csv:002245,walk 109kcal 1067 steps 19.6min avg106,[],"{""activityName"":""Walk"",""averageHeartRate"":106,""kcal"":109,""duration"":1176000,""steps"":1067}",movement-data.csv:002245
movement-data.csv:002246,outdoor bike avg71 23min 54sec 75kcal,[],"{""activityName"":""Outdoor Bike"",""averageHeartRate"":71,""kcal"":75,""duration"":1434000}",movement-data.csv:002246
