id,input,context,expected,group_id
gym-data.csv:000001,snatch #1 40 3reps,[],"{""exercise"":""snatch"",""setNumber"":1,""reps"":3,""weightKg"":40}",gym-data.csv:000001
gym-data.csv:000002,snatch set2 40x3,"[{""role"":""user"",""content"":""snatch #1 40 3reps""}]","{""exercise"":""snatch"",""setNumber"":2,""reps"":3,""weightKg"":40}",gym-data.csv:000002
gym-data.csv:000003,snatch #3 50kgx2,"[{""role"":""user"",""content"":""snatch set2 40x3""}]","{""exercise"":""snatch"",""setNumber"":3,""reps"":2,""weightKg"":50}",gym-data.csv:000003
gym-data.csv:000004,snatch s4 50 +10 r4,"[{""role"":""user"",""content"":""snatch #3 50kgx2""}]","{""exercise"":""snatch"",""setNumber"":4,""reps"":4,""weightKg"":60}",gym-data.csv:000004
gym-data.csv:000005,60x4,"[{""role"":""user"",""content"":""snatch s4 50 +10 r4""}]","{""exercise"":""snatch"",""setNumber"":5,""reps"":4,""weightKg"":60}",gym-data.csv:000005
gym-data.csv:000006,snatch set6 60kgx4,"[{""role"":""user"",""content"":""snatch s5 60kgx4""}]","{""exercise"":""snatch"",""setNumber"":6,""reps"":4,""weightKg"":60}",gym-data.csv:000006
gym-data.csv:000007,60x4,"[{""role"":""user"",""content"":""snatch set6 60kgx4""}]","{""exercise"":""snatch"",""setNumber"":7,""reps"":4,""weightKg"":60}",gym-data.csv:000007
gym-data.csv:000008,+10 x1,"[{""role"":""user"",""content"":""snatch set7 60 4r""}]","{""exercise"":""snatch"",""setNumber"":8,""reps"":1,""weightKg"":70}",gym-data.csv:000008
gym-data.csv:000009,clean s1 50x4,"[{""role"":""user"",""content"":""snatch set8 60kg +10kg x1""}]","{""exercise"":""clean"",""setNumber"":1,""reps"":4,""weightKg"":50}",gym-data.csv:000009
gym-data.csv:000010,clean #2 50+10 r2,"[{""role"":""user"",""content"":""clean s1 50x4""}]","{""exercise"":""clean"",""setNumber"":2,""reps"":2,""weightKg"":60}",gym-data.csv:000010
gym-data.csv:000011,clean s3 60+10x2,"[{""role"":""user"",""content"":""clean #2 50+10 r2""}]","{""exercise"":""clean"",""setNumber"":3,""reps"":2,""weightKg"":70}",gym-data.csv:000011
gym-data.csv:000012,clean s4 80kgx2,"[{""role"":""user"",""content"":""clean s3 60+10x2""}]","{""exercise"":""clean"",""setNumber"":4,""reps"":2,""weightKg"":80}",gym-data.csv:000012
gym-data.csv:000013,+5 x4,"[{""role"":""user"",""content"":""clean s4 80kgx2""}]","{""exercise"":""clean"",""setNumber"":5,""reps"":4,""weightKg"":85}",gym-data.csv:000013
gym-data.csv:000014,85x4,"[{""role"":""user"",""content"":""clean set5 80+5x4""}]","{""exercise"":""clean"",""setNumber"":6,""reps"":4,""weightKg"":85}",gym-data.csv:000014
gym-data.csv:000015,clean set7 85 4reps,"[{""role"":""user"",""content"":""clean #6 85 r4""}]","{""exercise"":""clean"",""setNumber"":7,""reps"":4,""weightKg"":85}",gym-data.csv:000015
gym-data.csv:000016,clean #8 90x4,"[{""role"":""user"",""content"":""clean set7 85 4reps""}]","{""exercise"":""clean"",""setNumber"":8,""reps"":4,""weightKg"":90}",gym-data.csv:000016
gym-data.csv:000017,fs set1 50 4reps,[],"{""exercise"":""front_squat"",""setNumber"":1,""reps"":4,""weightKg"":50}",gym-data.csv:000017
gym-data.csv:000018,#2 70kgx2,"[{""role"":""user"",""content"":""fs set1 50 4reps""}]","{""exercise"":""front_squat"",""setNumber"":2,""reps"":2,""weightKg"":70}",gym-data.csv:000018
gym-data.csv:000019,fs #3 80kgx2,"[{""role"":""user"",""content"":""fs #2 70kgx2""}]","{""exercise"":""front_squat"",""setNumber"":3,""reps"":2,""weightKg"":80}",gym-data.csv:000019
gym-data.csv:000020,fs #4 90x2,"[{""role"":""user"",""content"":""fs #3 80kgx2""}]","{""exercise"":""front_squat"",""setNumber"":4,""reps"":2,""weightKg"":90}",gym-data.csv:000020
gym-data.csv:000021,+5 x4,"[{""role"":""user"",""content"":""fs #4 90x2""}]","{""exercise"":""front_squat"",""setNumber"":5,""reps"":4,""weightKg"":95}",gym-data.csv:000021
gym-data.csv:000022,95x4,"[{""role"":""user"",""content"":""fs #5 95 r4""}]","{""exercise"":""front_squat"",""setNumber"":6,""reps"":4,""weightKg"":95}",gym-data.csv:000022
gym-data.csv:000023,fs s7 95 3r,"[{""role"":""user"",""content"":""fs set6 95x4""}]","{""exercise"":""front_squat"",""setNumber"":7,""reps"":3,""weightKg"":95}",gym-data.csv:000023
gym-data.csv:000024,95x4,"[{""role"":""user"",""content"":""fs s7 95 3r""}]","{""exercise"":""front_squat"",""setNumber"":8,""reps"":4,""weightKg"":95}",gym-data.csv:000024
gym-data.csv:000025,press s1 30kgx7,[],"{""exercise"":""ohp"",""setNumber"":1,""reps"":7,""weightKg"":30}",gym-data.csv:000025
gym-data.csv:000026,+10 x5,"[{""role"":""user"",""content"":""press s1 30kgx7""}]","{""exercise"":""ohp"",""setNumber"":2,""reps"":5,""weightKg"":40}",gym-data.csv:000026
gym-data.csv:000027,ohp set3 40kgx5,"[{""role"":""user"",""content"":""ohp s2 40 5reps""}]","{""exercise"":""ohp"",""setNumber"":3,""reps"":5,""weightKg"":40}",gym-data.csv:000027
gym-data.csv:000028,40x5,"[{""role"":""user"",""content"":""ohp set3 40kgx5""}]","{""exercise"":""ohp"",""setNumber"":4,""reps"":5,""weightKg"":40}",gym-data.csv:000028
gym-data.csv:000029,ohp #5 40x5,"[{""role"":""user"",""content"":""ohp #4 40kgx5""}]","{""exercise"":""ohp"",""setNumber"":5,""reps"":5,""weightKg"":40}",gym-data.csv:000029
gym-data.csv:000030,40x5,"[{""role"":""user"",""content"":""ohp #5 40x5""}]","{""exercise"":""ohp"",""setNumber"":6,""reps"":5,""weightKg"":40}",gym-data.csv:000030
gym-data.csv:000031,snatch s1 40kgx3,[],"{""exercise"":""snatch"",""setNumber"":1,""reps"":3,""weightKg"":40}",gym-data.csv:000031
gym-data.csv:000032,40x3,"[{""role"":""user"",""content"":""snatch s1 40kgx3""}]","{""exercise"":""snatch"",""setNumber"":2,""reps"":3,""weightKg"":40}",gym-data.csv:000032
gym-data.csv:000033,snatch s3 50 2,"[{""role"":""user"",""content"":""snatch set2 40 3r""}]","{""exercise"":""snatch"",""setNumber"":3,""reps"":2,""weightKg"":50}",gym-data.csv:000033
gym-data.csv:000034,snatch set4 50+5x4,"[{""role"":""user"",""content"":""snatch s3 50 2""}]","{""exercise"":""snatch"",""setNumber"":4,""reps"":4,""weightKg"":55}",gym-data.csv:000034
gym-data.csv:000035,55x4,"[{""role"":""user"",""content"":""snatch set4 50+5x4""}]","{""exercise"":""snatch"",""setNumber"":5,""reps"":4,""weightKg"":55}",gym-data.csv:000035
gym-data.csv:000036,55x4,"[{""role"":""user"",""content"":""snatch set5 55 4r""}]","{""exercise"":""snatch"",""setNumber"":6,""reps"":4,""weightKg"":55}",gym-data.csv:000036
gym-data.csv:000037,snatch #7 55 r4,"[{""role"":""user"",""content"":""snatch #6 55x4""}]","{""exercise"":""snatch"",""setNumber"":7,""reps"":4,""weightKg"":55}",gym-data.csv:000037
gym-data.csv:000038,spull #1 75kgx3,[],"{""exercise"":""snatch_pull"",""setNumber"":1,""reps"":3,""weightKg"":75}",gym-data.csv:000038
gym-data.csv:000039,s2 75x3,"[{""role"":""user"",""content"":""spull #1 75kgx3""}]","{""exercise"":""snatch_pull"",""setNumber"":2,""reps"":3,""weightKg"":75}",gym-data.csv:000039
gym-data.csv:000040,#3 75x4,"[{""role"":""user"",""content"":""spull s2 75x3""}]","{""exercise"":""snatch_pull"",""setNumber"":3,""reps"":4,""weightKg"":75}",gym-data.csv:000040
gym-data.csv:000041,clean s1 50kgx4,[],"{""exercise"":""clean"",""setNumber"":1,""reps"":4,""weightKg"":50}",gym-data.csv:000041
gym-data.csv:000042,+10 x2,"[{""role"":""user"",""content"":""clean s1 50kgx4""}]","{""exercise"":""clean"",""setNumber"":2,""reps"":2,""weightKg"":60}",gym-data.csv:000042
gym-data.csv:000043,+10 x2,"[{""role"":""user"",""content"":""clean #2 50+10x2""}]","{""exercise"":""clean"",""setNumber"":3,""reps"":2,""weightKg"":70}",gym-data.csv:000043
gym-data.csv:000044,+10 x2,"[{""role"":""user"",""content"":""clean #3 60kg +10kg x2""}]","{""exercise"":""clean"",""setNumber"":4,""reps"":2,""weightKg"":80}",gym-data.csv:000044
gym-data.csv:000045,80x4,"[{""role"":""user"",""content"":""clean set4 80 2reps""}]","{""exercise"":""clean"",""setNumber"":5,""reps"":4,""weightKg"":80}",gym-data.csv:000045
gym-data.csv:000046,clean set6 80 4reps,"[{""role"":""user"",""content"":""clean set5 80x4""}]","{""exercise"":""clean"",""setNumber"":6,""reps"":4,""weightKg"":80}",gym-data.csv:000046
gym-data.csv:000047,80x4,"[{""role"":""user"",""content"":""clean set6 80 4reps""}]","{""exercise"":""clean"",""setNumber"":7,""reps"":4,""weightKg"":80}",gym-data.csv:000047
gym-data.csv:000048,fs #1 50kgx4,"[{""role"":""user"",""content"":""clean s7 80 r4""}]","{""exercise"":""front_squat"",""setNumber"":1,""reps"":4,""weightKg"":50}",gym-data.csv:000048
gym-data.csv:000049,+20 x2,"[{""role"":""user"",""content"":""fs #1 50kgx4""}]","{""exercise"":""front_squat"",""setNumber"":2,""reps"":2,""weightKg"":70}",gym-data.csv:000049
gym-data.csv:000050,+10 x2,"[{""role"":""user"",""content"":""fs set2 70x2""}]","{""exercise"":""front_squat"",""setNumber"":3,""reps"":2,""weightKg"":80}",gym-data.csv:000050
gym-data.csv:000051,#4 80+10x4,"[{""role"":""user"",""content"":""fs set3 70+10x2""}]","{""exercise"":""front_squat"",""setNumber"":4,""reps"":4,""weightKg"":90}",gym-data.csv:000051
gym-data.csv:000052,set5 90 4,"[{""role"":""user"",""content"":""fs #4 80+10x4""}]","{""exercise"":""front_squat"",""setNumber"":5,""reps"":4,""weightKg"":90}",gym-data.csv:000052
gym-data.csv:000053,set6 90 r4,"[{""role"":""user"",""content"":""fs set5 90 4""}]","{""exercise"":""front_squat"",""setNumber"":6,""reps"":4,""weightKg"":90}",gym-data.csv:000053
gym-data.csv:000054,90x4,"[{""role"":""user"",""content"":""fs set6 90 r4""}]","{""exercise"":""front_squat"",""setNumber"":7,""reps"":4,""weightKg"":90}",gym-data.csv:000054
gym-data.csv:000055,press set1 30 7reps,[],"{""exercise"":""ohp"",""setNumber"":1,""reps"":7,""weightKg"":30}",gym-data.csv:000055
gym-data.csv:000056,s2 30+10 5,"[{""role"":""user"",""content"":""press set1 30 7reps""}]","{""exercise"":""ohp"",""setNumber"":2,""reps"":5,""weightKg"":40}",gym-data.csv:000056
gym-data.csv:000057,#3 40kgx5,"[{""role"":""user"",""content"":""ohp s2 30+10 5""}]","{""exercise"":""ohp"",""setNumber"":3,""reps"":5,""weightKg"":40}",gym-data.csv:000057
gym-data.csv:000058,ohp set4 40x5,"[{""role"":""user"",""content"":""press #3 40kgx5""}]","{""exercise"":""ohp"",""setNumber"":4,""reps"":5,""weightKg"":40}",gym-data.csv:000058
gym-data.csv:000059,40x5,"[{""role"":""user"",""content"":""ohp set4 40x5""}]","{""exercise"":""ohp"",""setNumber"":5,""reps"":5,""weightKg"":40}",gym-data.csv:000059
gym-data.csv:000060,snatch #1 40 3,[],"{""exercise"":""snatch"",""setNumber"":1,""reps"":3,""weightKg"":40}",gym-data.csv:000060
gym-data.csv:000061,40x3,"[{""role"":""user"",""content"":""snatch #1 40 3""}]","{""exercise"":""snatch"",""setNumber"":2,""reps"":3,""weightKg"":40}",gym-data.csv:000061
gym-data.csv:000062,snatch set3 50 2r,"[{""role"":""user"",""content"":""snatch set2 40 3reps""}]","{""exercise"":""snatch"",""setNumber"":3,""reps"":2,""weightKg"":50}",gym-data.csv:000062
gym-data.csv:000063,snatch #4 50+10x4,"[{""role"":""user"",""content"":""snatch set3 50 2r""}]","{""exercise"":""snatch"",""setNumber"":4,""reps"":4,""weightKg"":60}",gym-data.csv:000063
gym-data.csv:000064,60x4,"[{""role"":""user"",""content"":""snatch #4 50+10x4""}]","{""exercise"":""snatch"",""setNumber"":5,""reps"":4,""weightKg"":60}",gym-data.csv:000064
gym-data.csv:000065,60x4,"[{""role"":""user"",""content"":""snatch s5 60 r4""}]","{""exercise"":""snatch"",""setNumber"":6,""reps"":4,""weightKg"":60}",gym-data.csv:000065
gym-data.csv:000066,60x4,"[{""role"":""user"",""content"":""snatch #6 60x4""}]","{""exercise"":""snatch"",""setNumber"":7,""reps"":4,""weightKg"":60}",gym-data.csv:000066
gym-data.csv:000067,clean s1 50 4,[],"{""exercise"":""clean"",""setNumber"":1,""reps"":4,""weightKg"":50}",gym-data.csv:000067
gym-data.csv:000068,set2 50kg +10kg x2,"[{""role"":""user"",""content"":""clean s1 50 4""}]","{""exercise"":""clean"",""setNumber"":2,""reps"":2,""weightKg"":60}",gym-data.csv:000068
gym-data.csv:000069,clean #3 70 r2,"[{""role"":""user"",""content"":""clean set2 50kg +10kg x2""}]","{""exercise"":""clean"",""setNumber"":3,""reps"":2,""weightKg"":70}",gym-data.csv:000069
gym-data.csv:000070,clean #4 70+10x2,"[{""role"":""user"",""content"":""clean #3 70 r2""}]","{""exercise"":""clean"",""setNumber"":4,""reps"":2,""weightKg"":80}",gym-data.csv:000070
gym-data.csv:000071,s5 80 +5 4r,"[{""role"":""user"",""content"":""clean #4 70+10x2""}]","{""exercise"":""clean"",""setNumber"":5,""reps"":4,""weightKg"":85}",gym-data.csv:000071
gym-data.csv:000072,clean s6 85x4,"[{""role"":""user"",""content"":""clean s5 80 +5 4r""}]","{""exercise"":""clean"",""setNumber"":6,""reps"":4,""weightKg"":85}",gym-data.csv:000072
gym-data.csv:000073,clean set7 85+5 r4,"[{""role"":""user"",""content"":""clean s6 85x4""}]","{""exercise"":""clean"",""setNumber"":7,""reps"":4,""weightKg"":90}",gym-data.csv:000073
gym-data.csv:000074,clean set8 90 4reps,"[{""role"":""user"",""content"":""clean set7 85+5 r4""}]","{""exercise"":""clean"",""setNumber"":8,""reps"":4,""weightKg"":90}",gym-data.csv:000074
gym-data.csv:000075,fs set1 50x4,"[{""role"":""user"",""content"":""clean set8 90 4reps""}]","{""exercise"":""front_squat"",""setNumber"":1,""reps"":4,""weightKg"":50}",gym-data.csv:000075
gym-data.csv:000076,+20 x2,"[{""role"":""user"",""content"":""fs set1 50x4""}]","{""exercise"":""front_squat"",""setNumber"":2,""reps"":2,""weightKg"":70}",gym-data.csv:000076
gym-data.csv:000077,+10 x3,"[{""role"":""user"",""content"":""fs #2 70kgx2""}]","{""exercise"":""front_squat"",""setNumber"":3,""reps"":3,""weightKg"":80}",gym-data.csv:000077
gym-data.csv:000078,fs #4 80 +10 2reps,"[{""role"":""user"",""content"":""fs s3 70 +10 r3""}]","{""exercise"":""front_squat"",""setNumber"":4,""reps"":2,""weightKg"":90}",gym-data.csv:000078
gym-data.csv:000079,set5 90kg +5kg x4,"[{""role"":""user"",""content"":""fs #4 80 +10 2reps""}]","{""exercise"":""front_squat"",""setNumber"":5,""reps"":4,""weightKg"":95}",gym-data.csv:000079
gym-data.csv:000080,set6 95 4,"[{""role"":""user"",""content"":""fs set5 90kg +5kg x4""}]","{""exercise"":""front_squat"",""setNumber"":6,""reps"":4,""weightKg"":95}",gym-data.csv:000080
gym-data.csv:000081,95x3,"[{""role"":""user"",""content"":""fs set6 95 4""}]","{""exercise"":""front_squat"",""setNumber"":7,""reps"":3,""weightKg"":95}",gym-data.csv:000081
gym-data.csv:000082,95x4,"[{""role"":""user"",""content"":""fs #7 95x3""}]","{""exercise"":""front_squat"",""setNumber"":8,""reps"":4,""weightKg"":95}",gym-data.csv:000082
gym-data.csv:000083,snatch #1 40x3,[],"{""exercise"":""snatch"",""setNumber"":1,""reps"":3,""weightKg"":40}",gym-data.csv:000083
gym-data.csv:000084,snatch #2 40x3,"[{""role"":""user"",""content"":""snatch #1 40x3""}]","{""exercise"":""snatch"",""setNumber"":2,""reps"":3,""weightKg"":40}",gym-data.csv:000084
gym-data.csv:000085,snatch s3 40+10 2reps,"[{""role"":""user"",""content"":""snatch #2 40x3""}]","{""exercise"":""snatch"",""setNumber"":3,""reps"":2,""weightKg"":50}",gym-data.csv:000085
gym-data.csv:000086,snatch s4 60x2,"[{""role"":""user"",""content"":""snatch s3 40+10 2reps""}]","{""exercise"":""snatch"",""setNumber"":4,""reps"":2,""weightKg"":60}",gym-data.csv:000086
gym-data.csv:000087,s5 60kg +5kg x3,"[{""role"":""user"",""content"":""snatch s4 60x2""}]","{""exercise"":""snatch"",""setNumber"":5,""reps"":3,""weightKg"":65}",gym-data.csv:000087
gym-data.csv:000088,65x3,"[{""role"":""user"",""content"":""snatch s5 60kg +5kg x3""}]","{""exercise"":""snatch"",""setNumber"":6,""reps"":3,""weightKg"":65}",gym-data.csv:000088
gym-data.csv:000089,snatch #7 65kgx3,"[{""role"":""user"",""content"":""snatch set6 65 r3""}]","{""exercise"":""snatch"",""setNumber"":7,""reps"":3,""weightKg"":65}",gym-data.csv:000089
gym-data.csv:000090,clean set1 50x4,[],"{""exercise"":""clean"",""setNumber"":1,""reps"":4,""weightKg"":50}",gym-data.csv:000090
gym-data.csv:000091,clean s2 60x2,"[{""role"":""user"",""content"":""clean set1 50x4""}]","{""exercise"":""clean"",""setNumber"":2,""reps"":2,""weightKg"":60}",gym-data.csv:000091
gym-data.csv:000092,+10 x2,"[{""role"":""user"",""content"":""clean s2 60x2""}]","{""exercise"":""clean"",""setNumber"":3,""reps"":2,""weightKg"":70}",gym-data.csv:000092
gym-data.csv:000093,s4 80x4,"[{""role"":""user"",""content"":""clean set3 70kgx2""}]","{""exercise"":""clean"",""setNumber"":4,""reps"":4,""weightKg"":80}",gym-data.csv:000093
gym-data.csv:000094,80x4,"[{""role"":""user"",""content"":""clean s4 80x4""}]","{""exercise"":""clean"",""setNumber"":5,""reps"":4,""weightKg"":80}",gym-data.csv:000094
gym-data.csv:000095,clean #6 80x4,"[{""role"":""user"",""content"":""clean set5 80 r4""}]","{""exercise"":""clean"",""setNumber"":6,""reps"":4,""weightKg"":80}",gym-data.csv:000095
gym-data.csv:000096,80x4,"[{""role"":""user"",""content"":""clean #6 80x4""}]","{""exercise"":""clean"",""setNumber"":7,""reps"":4,""weightKg"":80}",gym-data.csv:000096
gym-data.csv:000097,squat s1 50kgx4,[],"{""exercise"":""squat"",""setNumber"":1,""reps"":4,""weightKg"":50}",gym-data.csv:000097
gym-data.csv:000098,squat #2 50kg +20kg x3,"[{""role"":""user"",""content"":""squat s1 50kgx4""}]","{""exercise"":""squat"",""setNumber"":2,""reps"":3,""weightKg"":70}",gym-data.csv:000098
gym-data.csv:000099,+10 x2,"[{""role"":""user"",""content"":""squat #2 50kg +20kg x3""}]","{""exercise"":""squat"",""setNumber"":3,""reps"":2,""weightKg"":80}",gym-data.csv:000099
gym-data.csv:000100,squat set4 80kg +10kg x2,"[{""role"":""user"",""content"":""squat s3 70kg +10kg x2""}]","{""exercise"":""squat"",""setNumber"":4,""reps"":2,""weightKg"":90}",gym-data.csv:000100
gym-data.csv:000101,squat set5 90kg +10kg x4,"[{""role"":""user"",""content"":""squat set4 80kg +10kg x2""}]","{""exercise"":""squat"",""setNumber"":5,""reps"":4,""weightKg"":100}",gym-data.csv:000101
gym-data.csv:000102,100x4,"[{""role"":""user"",""content"":""squat set5 90kg +10kg x4""}]","{""exercise"":""squat"",""setNumber"":6,""reps"":4,""weightKg"":100}",gym-data.csv:000102
gym-data.csv:000103,100x4,"[{""role"":""user"",""content"":""squat s6 100kgx4""}]","{""exercise"":""squat"",""setNumber"":7,""reps"":4,""weightKg"":100}",gym-data.csv:000103
gym-data.csv:000104,#8 100kgx4,"[{""role"":""user"",""content"":""squat #7 100kgx4""}]","{""exercise"":""squat"",""setNumber"":8,""reps"":4,""weightKg"":100}",gym-data.csv:000104
gym-data.csv:000105,snatch #1 40 r3,[],"{""exercise"":""snatch"",""setNumber"":1,""reps"":3,""weightKg"":40}",gym-data.csv:000105
gym-data.csv:000106,set2 40kgx3,"[{""role"":""user"",""content"":""snatch #1 40 r3""}]","{""exercise"":""snatch"",""setNumber"":2,""reps"":3,""weightKg"":40}",gym-data.csv:000106
gym-data.csv:000107,+10 x2,"[{""role"":""user"",""content"":""snatch set2 40kgx3""}]","{""exercise"":""snatch"",""setNumber"":3,""reps"":2,""weightKg"":50}",gym-data.csv:000107
gym-data.csv:000108,+10 x4,"[{""role"":""user"",""content"":""snatch #3 40kg +10kg x2""}]","{""exercise"":""snatch"",""setNumber"":4,""reps"":4,""weightKg"":60}",gym-data.csv:000108
gym-data.csv:000109,60x4,"[{""role"":""user"",""content"":""snatch set4 50kg +10kg x4""}]","{""exercise"":""snatch"",""setNumber"":5,""reps"":4,""weightKg"":60}",gym-data.csv:000109
gym-data.csv:000110,60x4,"[{""role"":""user"",""content"":""snatch set5 60x4""}]","{""exercise"":""snatch"",""setNumber"":6,""reps"":4,""weightKg"":60}",gym-data.csv:000110
gym-data.csv:000111,snatch set7 60 4r,"[{""role"":""user"",""content"":""snatch set6 60 4r""}]","{""exercise"":""snatch"",""setNumber"":7,""reps"":4,""weightKg"":60}",gym-data.csv:000111
gym-data.csv:000112,clean set1 50x3,[],"{""exercise"":""clean"",""setNumber"":1,""reps"":3,""weightKg"":50}",gym-data.csv:000112
gym-data.csv:000113,s2 60x3,"[{""role"":""user"",""content"":""clean set1 50x3""}]","{""exercise"":""clean"",""setNumber"":2,""reps"":3,""weightKg"":60}",gym-data.csv:000113
gym-data.csv:000114,clean #3 60kg +10kg x2,"[{""role"":""user"",""content"":""clean s2 60x3""}]","{""exercise"":""clean"",""setNumber"":3,""reps"":2,""weightKg"":70}",gym-data.csv:000114
gym-data.csv:000115,#4 80x2,"[{""role"":""user"",""content"":""clean #3 60kg +10kg x2""}]","{""exercise"":""clean"",""setNumber"":4,""reps"":2,""weightKg"":80}",gym-data.csv:000115
gym-data.csv:000116,clean #5 80 +5 4reps,"[{""role"":""user"",""content"":""clean #4 80x2""}]","{""exercise"":""clean"",""setNumber"":5,""reps"":4,""weightKg"":85}",gym-data.csv:000116
gym-data.csv:000117,85x4,"[{""role"":""user"",""content"":""clean #5 80 +5 4reps""}]","{""exercise"":""clean"",""setNumber"":6,""reps"":4,""weightKg"":85}",gym-data.csv:000117
gym-data.csv:000118,clean s7 85x4,"[{""role"":""user"",""content"":""clean s6 85kgx4""}]","{""exercise"":""clean"",""setNumber"":7,""reps"":4,""weightKg"":85}",gym-data.csv:000118
gym-data.csv:000119,s8 85 4r,"[{""role"":""user"",""content"":""clean s7 85x4""}]","{""exercise"":""clean"",""setNumber"":8,""reps"":4,""weightKg"":85}",gym-data.csv:000119
gym-data.csv:000120,fs s1 50x4,"[{""role"":""user"",""content"":""clean s8 85 4r""}]","{""exercise"":""front_squat"",""setNumber"":1,""reps"":4,""weightKg"":50}",gym-data.csv:000120
gym-data.csv:000121,s2 70x3,"[{""role"":""user"",""content"":""fs s1 50x4""}]","{""exercise"":""front_squat"",""setNumber"":2,""reps"":3,""weightKg"":70}",gym-data.csv:000121
gym-data.csv:000122,+10 x3,"[{""role"":""user"",""content"":""fs s2 70x3""}]","{""exercise"":""front_squat"",""setNumber"":3,""reps"":3,""weightKg"":80}",gym-data.csv:000122
gym-data.csv:000123,fs set4 80 +10 4reps,"[{""role"":""user"",""content"":""fs set3 70 +10 3""}]","{""exercise"":""front_squat"",""setNumber"":4,""reps"":4,""weightKg"":90}",gym-data.csv:000123
gym-data.csv:000124,90x4,"[{""role"":""user"",""content"":""fs set4 80 +10 4reps""}]","{""exercise"":""front_squat"",""setNumber"":5,""reps"":4,""weightKg"":90}",gym-data.csv:000124
gym-data.csv:000125,fs s6 90kgx4,"[{""role"":""user"",""content"":""fs #5 90x4""}]","{""exercise"":""front_squat"",""setNumber"":6,""reps"":4,""weightKg"":90}",gym-data.csv:000125
gym-data.csv:000126,s7 90x4,"[{""role"":""user"",""content"":""fs s6 90kgx4""}]","{""exercise"":""front_squat"",""setNumber"":7,""reps"":4,""weightKg"":90}",gym-data.csv:000126
gym-data.csv:000127,90x4,"[{""role"":""user"",""content"":""fs s7 90x4""}]","{""exercise"":""front_squat"",""setNumber"":8,""reps"":4,""weightKg"":90}",gym-data.csv:000127
gym-data.csv:000128,press s1 30 r7,[],"{""exercise"":""ohp"",""setNumber"":1,""reps"":7,""weightKg"":30}",gym-data.csv:000128
gym-data.csv:000129,+10 x5,"[{""role"":""user"",""content"":""press s1 30 r7""}]","{""exercise"":""ohp"",""setNumber"":2,""reps"":5,""weightKg"":40}",gym-data.csv:000129
gym-data.csv:000130,40x5,"[{""role"":""user"",""content"":""ohp #2 40kgx5""}]","{""exercise"":""ohp"",""setNumber"":3,""reps"":5,""weightKg"":40}",gym-data.csv:000130
gym-data.csv:000131,ohp #4 40 5reps,"[{""role"":""user"",""content"":""press set3 40kgx5""}]","{""exercise"":""ohp"",""setNumber"":4,""reps"":5,""weightKg"":40}",gym-data.csv:000131
gym-data.csv:000132,40x5,"[{""role"":""user"",""content"":""ohp #4 40 5reps""}]","{""exercise"":""ohp"",""setNumber"":5,""reps"":5,""weightKg"":40}",gym-data.csv:000132
gym-data.csv:000133,40x9,"[{""role"":""user"",""content"":""ohp set5 40 r5""}]","{""exercise"":""ohp"",""setNumber"":6,""reps"":9,""weightKg"":40}",gym-data.csv:000133
gym-data.csv:000134,psnatch #1 40x4,[],"{""exercise"":""power_snatch"",""setNumber"":1,""reps"":4,""weightKg"":40}",gym-data.csv:000134
gym-data.csv:000135,psnatch #2 40kgx4,"[{""role"":""user"",""content"":""psnatch #1 40x4""}]","{""exercise"":""power_snatch"",""setNumber"":2,""reps"":4,""weightKg"":40}",gym-data.csv:000135
gym-data.csv:000136,set3 40+10x3,"[{""role"":""user"",""content"":""psnatch #2 40kgx4""}]","{""exercise"":""power_snatch"",""setNumber"":3,""reps"":3,""weightKg"":50}",gym-data.csv:000136
gym-data.csv:000137,psnatch #4 50+10x4,"[{""role"":""user"",""content"":""psnatch set3 40+10x3""}]","{""exercise"":""power_snatch"",""setNumber"":4,""reps"":4,""weightKg"":60}",gym-data.csv:000137
gym-data.csv:000138,psnatch set5 60x4,"[{""role"":""user"",""content"":""psnatch #4 50+10x4""}]","{""exercise"":""power_snatch"",""setNumber"":5,""reps"":4,""weightKg"":60}",gym-data.csv:000138
gym-data.csv:000139,s6 60kgx4,"[{""role"":""user"",""content"":""psnatch set5 60x4""}]","{""exercise"":""power_snatch"",""setNumber"":6,""reps"":4,""weightKg"":60}",gym-data.csv:000139
gym-data.csv:000140,#7 60kgx4,"[{""role"":""user"",""content"":""psnatch s6 60kgx4""}]","{""exercise"":""power_snatch"",""setNumber"":7,""reps"":4,""weightKg"":60}",gym-data.csv:000140
gym-data.csv:000141,#8 60x4,"[{""role"":""user"",""content"":""psnatch #7 60kgx4""}]","{""exercise"":""power_snatch"",""setNumber"":8,""reps"":4,""weightKg"":60}",gym-data.csv:000141
gym-data.csv:000142,pclean s1 50 5,"[{""role"":""user"",""content"":""psnatch #8 60x4""}]","{""exercise"":""power_clean"",""setNumber"":1,""reps"":5,""weightKg"":50}",gym-data.csv:000142
gym-data.csv:000143,pclean s2 60x3,"[{""role"":""user"",""content"":""pclean s1 50 5""}]","{""exercise"":""power_clean"",""setNumber"":2,""reps"":3,""weightKg"":60}",gym-data.csv:000143
gym-data.csv:000144,pclean #3 60kg +10kg x2,"[{""role"":""user"",""content"":""pclean s2 60x3""}]","{""exercise"":""power_clean"",""setNumber"":3,""reps"":2,""weightKg"":70}",gym-data.csv:000144
gym-data.csv:000145,set4 80 4reps,"[{""role"":""user"",""content"":""pclean #3 60kg +10kg x2""}]","{""exercise"":""power_clean"",""setNumber"":4,""reps"":4,""weightKg"":80}",gym-data.csv:000145
gym-data.csv:000146,80x4,"[{""role"":""user"",""content"":""pclean set4 80 4reps""}]","{""exercise"":""power_clean"",""setNumber"":5,""reps"":4,""weightKg"":80}",gym-data.csv:000146
gym-data.csv:000147,#6 80kgx4,"[{""role"":""user"",""content"":""pclean s5 80kgx4""}]","{""exercise"":""power_clean"",""setNumber"":6,""reps"":4,""weightKg"":80}",gym-data.csv:000147
gym-data.csv:000148,s7 80 r4,"[{""role"":""user"",""content"":""pclean #6 80kgx4""}]","{""exercise"":""power_clean"",""setNumber"":7,""reps"":4,""weightKg"":80}",gym-data.csv:000148
gym-data.csv:000149,squat #1 50kgx5,[],"{""exercise"":""squat"",""setNumber"":1,""reps"":5,""weightKg"":50}",gym-data.csv:000149
gym-data.csv:000150,squat #2 50kg +20kg x3,"[{""role"":""user"",""content"":""squat #1 50kgx5""}]","{""exercise"":""squat"",""setNumber"":2,""reps"":3,""weightKg"":70}",gym-data.csv:000150
gym-data.csv:000151,+10 x3,"[{""role"":""user"",""content"":""squat #2 50kg +20kg x3""}]","{""exercise"":""squat"",""setNumber"":3,""reps"":3,""weightKg"":80}",gym-data.csv:000151
gym-data.csv:000152,s4 90x2,"[{""role"":""user"",""content"":""squat #3 70 +10 3r""}]","{""exercise"":""squat"",""setNumber"":4,""reps"":2,""weightKg"":90}",gym-data.csv:000152
gym-data.csv:000153,squat #5 100x4,"[{""role"":""user"",""content"":""squat s4 90x2""}]","{""exercise"":""squat"",""setNumber"":5,""reps"":4,""weightKg"":100}",gym-data.csv:000153
gym-data.csv:000154,s6 100x4,"[{""role"":""user"",""content"":""squat #5 100x4""}]","{""exercise"":""squat"",""setNumber"":6,""reps"":4,""weightKg"":100}",gym-data.csv:000154
gym-data.csv:000155,100x4,"[{""role"":""user"",""content"":""squat s6 100x4""}]","{""exercise"":""squat"",""setNumber"":7,""reps"":4,""weightKg"":100}",gym-data.csv:000155
gym-data.csv:000156,squat set8 100x7,"[{""role"":""user"",""content"":""squat s7 100 4""}]","{""exercise"":""squat"",""setNumber"":8,""reps"":7,""weightKg"":100}",gym-data.csv:000156
gym-data.csv:000157,snatch #1 40kgx3,[],"{""exercise"":""snatch"",""setNumber"":1,""reps"":3,""weightKg"":40}",gym-data.csv:000157
gym-data.csv:000158,#2 40 3reps,"[{""role"":""user"",""content"":""snatch #1 40kgx3""}]","{""exercise"":""snatch"",""setNumber"":2,""reps"":3,""weightKg"":40}",gym-data.csv:000158
gym-data.csv:000159,snatch #3 40+10x3,"[{""role"":""user"",""content"":""snatch #2 40 3reps""}]","{""exercise"":""snatch"",""setNumber"":3,""reps"":3,""weightKg"":50}",gym-data.csv:000159
gym-data.csv:000160,#4 50+10x4,"[{""role"":""user"",""content"":""snatch #3 40+10x3""}]","{""exercise"":""snatch"",""setNumber"":4,""reps"":4,""weightKg"":60}",gym-data.csv:000160
gym-data.csv:000161,snatch s5 60x4,"[{""role"":""user"",""content"":""snatch #4 50+10x4""}]","{""exercise"":""snatch"",""setNumber"":5,""reps"":4,""weightKg"":60}",gym-data.csv:000161
gym-data.csv:000162,set6 65 r4,"[{""role"":""user"",""content"":""snatch s5 60x4""}]","{""exercise"":""snatch"",""setNumber"":6,""reps"":4,""weightKg"":65}",gym-data.csv:000162
gym-data.csv:000163,snatch s7 65x4,"[{""role"":""user"",""content"":""snatch set6 65 r4""}]","{""exercise"":""snatch"",""setNumber"":7,""reps"":4,""weightKg"":65}",gym-data.csv:000163
gym-data.csv:000164,s8 65kg +5kg x1,"[{""role"":""user"",""content"":""snatch s7 65x4""}]","{""exercise"":""snatch"",""setNumber"":8,""reps"":1,""weightKg"":70}",gym-data.csv:000164
gym-data.csv:000165,clean #1 50kgx4,[],"{""exercise"":""clean"",""setNumber"":1,""reps"":4,""weightKg"":50}",gym-data.csv:000165
gym-data.csv:000166,+10 x4,"[{""role"":""user"",""content"":""clean #1 50kgx4""}]","{""exercise"":""clean"",""setNumber"":2,""reps"":4,""weightKg"":60}",gym-data.csv:000166
gym-data.csv:000167,#3 60+10 r3,"[{""role"":""user"",""content"":""clean set2 50+10 r4""}]","{""exercise"":""clean"",""setNumber"":3,""reps"":3,""weightKg"":70}",gym-data.csv:000167
gym-data.csv:000168,#4 80 2reps,"[{""role"":""user"",""content"":""clean #3 60+10 r3""}]","{""exercise"":""clean"",""setNumber"":4,""reps"":2,""weightKg"":80}",gym-data.csv:000168
gym-data.csv:000169,clean s5 90 r3,"[{""role"":""user"",""content"":""clean #4 80 2reps""}]","{""exercise"":""clean"",""setNumber"":5,""reps"":3,""weightKg"":90}",gym-data.csv:000169
gym-data.csv:000170,clean #6 90 r3,"[{""role"":""user"",""content"":""clean s5 90 r3""}]","{""exercise"":""clean"",""setNumber"":6,""reps"":3,""weightKg"":90}",gym-data.csv:000170
gym-data.csv:000171,#7 90kgx6,"[{""role"":""user"",""content"":""clean #6 90 r3""}]","{""exercise"":""clean"",""setNumber"":7,""reps"":6,""weightKg"":90}",gym-data.csv:000171
gym-data.csv:000172,psnatch #1 40kgx3,[],"{""exercise"":""power_snatch"",""setNumber"":1,""reps"":3,""weightKg"":40}",gym-data.csv:000172
gym-data.csv:000173,#2 40 3,"[{""role"":""user"",""content"":""psnatch #1 40kgx3""}]","{""exercise"":""power_snatch"",""setNumber"":2,""reps"":3,""weightKg"":40}",gym-data.csv:000173
gym-data.csv:000174,+10 x3,"[{""role"":""user"",""content"":""psnatch #2 40 3""}]","{""exercise"":""power_snatch"",""setNumber"":3,""reps"":3,""weightKg"":50}",gym-data.csv:000174
gym-data.csv:000175,psnatch s4 50+5x1,"[{""role"":""user"",""content"":""psnatch s3 40+10x3""}]","{""exercise"":""power_snatch"",""setNumber"":4,""reps"":1,""weightKg"":55}",gym-data.csv:000175
gym-data.csv:000176,+5 x4,"[{""role"":""user"",""content"":""psnatch s4 50+5x1""}]","{""exercise"":""power_snatch"",""setNumber"":5,""reps"":4,""weightKg"":60}",gym-data.csv:000176
gym-data.csv:000177,s6 60kgx4,"[{""role"":""user"",""content"":""psnatch set5 55+5 4""}]","{""exercise"":""power_snatch"",""setNumber"":6,""reps"":4,""weightKg"":60}",gym-data.csv:000177
gym-data.csv:000178,psnatch s7 60kgx4,"[{""role"":""user"",""content"":""psnatch s6 60kgx4""}]","{""exercise"":""power_snatch"",""setNumber"":7,""reps"":4,""weightKg"":60}",gym-data.csv:000178
gym-data.csv:000179,60x4,"[{""role"":""user"",""content"":""psnatch s7 60kgx4""}]","{""exercise"":""power_snatch"",""setNumber"":8,""reps"":4,""weightKg"":60}",gym-data.csv:000179
gym-data.csv:000180,pclean #1 50kgx4,[],"{""exercise"":""power_clean"",""setNumber"":1,""reps"":4,""weightKg"":50}",gym-data.csv:000180
gym-data.csv:000181,+20 x3,"[{""role"":""user"",""content"":""pclean #1 50kgx4""}]","{""exercise"":""power_clean"",""setNumber"":2,""reps"":3,""weightKg"":70}",gym-data.csv:000181
gym-data.csv:000182,#3 80 r4,"[{""role"":""user"",""content"":""pclean set2 70x3""}]","{""exercise"":""power_clean"",""setNumber"":3,""reps"":4,""weightKg"":80}",gym-data.csv:000182
gym-data.csv:000183,set4 80x4,"[{""role"":""user"",""content"":""pclean #3 80 r4""}]","{""exercise"":""power_clean"",""setNumber"":4,""reps"":4,""weightKg"":80}",gym-data.csv:000183
gym-data.csv:000184,#5 80 4,"[{""role"":""user"",""content"":""pclean set4 80x4""}]","{""exercise"":""power_clean"",""setNumber"":5,""reps"":4,""weightKg"":80}",gym-data.csv:000184
gym-data.csv:000185,s6 80 4reps,"[{""role"":""user"",""content"":""pclean #5 80 4""}]","{""exercise"":""power_clean"",""setNumber"":6,""reps"":4,""weightKg"":80}",gym-data.csv:000185
gym-data.csv:000186,snatch set1 40x3,[],"{""exercise"":""snatch"",""setNumber"":1,""reps"":3,""weightKg"":40}",gym-data.csv:000186
gym-data.csv:000187,snatch #2 40kgx3,"[{""role"":""user"",""content"":""snatch set1 40x3""}]","{""exercise"":""snatch"",""setNumber"":2,""reps"":3,""weightKg"":40}",gym-data.csv:000187
gym-data.csv:000188,snatch set3 50 3reps,"[{""role"":""user"",""content"":""snatch #2 40kgx3""}]","{""exercise"":""snatch"",""setNumber"":3,""reps"":3,""weightKg"":50}",gym-data.csv:000188
gym-data.csv:000189,+10 x4,"[{""role"":""user"",""content"":""snatch set3 50 3reps""}]","{""exercise"":""snatch"",""setNumber"":4,""reps"":4,""weightKg"":60}",gym-data.csv:000189
gym-data.csv:000190,s5 65 4r,"[{""role"":""user"",""content"":""snatch #4 50kg +10kg x4""}]","{""exercise"":""snatch"",""setNumber"":5,""reps"":4,""weightKg"":65}",gym-data.csv:000190
gym-data.csv:000191,65x4,"[{""role"":""user"",""content"":""snatch s5 65 4r""}]","{""exercise"":""snatch"",""setNumber"":6,""reps"":4,""weightKg"":65}",gym-data.csv:000191
gym-data.csv:000192,65x4,"[{""role"":""user"",""content"":""snatch s6 65kgx4""}]","{""exercise"":""snatch"",""setNumber"":7,""reps"":4,""weightKg"":65}",gym-data.csv:000192
gym-data.csv:000193,snatch set8 65 4r,"[{""role"":""user"",""content"":""snatch set7 65 4r""}]","{""exercise"":""snatch"",""setNumber"":8,""reps"":4,""weightKg"":65}",gym-data.csv:000193
gym-data.csv:000194,snatch #1 30kgx5,[],"{""exercise"":""snatch"",""setNumber"":1,""reps"":5,""weightKg"":30}",gym-data.csv:000194
gym-data.csv:000195,+10 x4,"[{""role"":""user"",""content"":""snatch #1 30kgx5""}]","{""exercise"":""snatch"",""setNumber"":2,""reps"":4,""weightKg"":40}",gym-data.csv:000195
gym-data.csv:000196,snatch #3 40 +10 r3,"[{""role"":""user"",""content"":""snatch s2 40x4""}]","{""exercise"":""snatch"",""setNumber"":3,""reps"":3,""weightKg"":50}",gym-data.csv:000196
gym-data.csv:000197,snatch set4 60 2r,"[{""role"":""user"",""content"":""snatch #3 40 +10 r3""}]","{""exercise"":""snatch"",""setNumber"":4,""reps"":2,""weightKg"":60}",gym-data.csv:000197
gym-data.csv:000198,s5 65kgx3,"[{""role"":""user"",""content"":""snatch set4 60 2r""}]","{""exercise"":""snatch"",""setNumber"":5,""reps"":3,""weightKg"":65}",gym-data.csv:000198
gym-data.csv:000199,set6 65x3,"[{""role"":""user"",""content"":""snatch s5 65kgx3""}]","{""exercise"":""snatch"",""setNumber"":6,""reps"":3,""weightKg"":65}",gym-data.csv:000199
gym-data.csv:000200,s7 65kgx3,"[{""role"":""user"",""content"":""snatch set6 65x3""}]","{""exercise"":""snatch"",""setNumber"":7,""reps"":3,""weightKg"":65}",gym-data.csv:000200
gym-data.csv:000201,snatch set8 65 4r,"[{""role"":""user"",""content"":""snatch s7 65kgx3""}]","{""exercise"":""snatch"",""setNumber"":8,""reps"":4,""weightKg"":65}",gym-data.csv:000201
gym-data.csv:000202,set9 65 2,"[{""role"":""user"",""content"":""snatch set8 65 4r""}]","{""exercise"":""snatch"",""setNumber"":9,""reps"":2,""weightKg"":65}",gym-data.csv:000202
gym-data.csv:000203,clean set1 50kgx5,[],"{""exercise"":""clean"",""setNumber"":1,""reps"":5,""weightKg"":50}",gym-data.csv:000203
gym-data.csv:000204,+10 x3,"[{""role"":""user"",""content"":""clean set1 50kgx5""}]","{""exercise"":""clean"",""setNumber"":2,""reps"":3,""weightKg"":60}",gym-data.csv:000204
gym-data.csv:000205,clean s3 60+10x2,"[{""role"":""user"",""content"":""clean #2 50+10 3""}]","{""exercise"":""clean"",""setNumber"":3,""reps"":2,""weightKg"":70}",gym-data.csv:000205
gym-data.csv:000206,clean s4 70+10 2r,"[{""role"":""user"",""content"":""clean s3 60+10x2""}]","{""exercise"":""clean"",""setNumber"":4,""reps"":2,""weightKg"":80}",gym-data.csv:000206
gym-data.csv:000207,clean #5 80+10 r4,"[{""role"":""user"",""content"":""clean s4 70+10 2r""}]","{""exercise"":""clean"",""setNumber"":5,""reps"":4,""weightKg"":90}",gym-data.csv:000207
gym-data.csv:000208,#6 90kgx4,"[{""role"":""user"",""content"":""clean #5 80+10 r4""}]","{""exercise"":""clean"",""setNumber"":6,""reps"":4,""weightKg"":90}",gym-data.csv:000208
gym-data.csv:000209,clean set7 90x4,"[{""role"":""user"",""content"":""clean #6 90kgx4""}]","{""exercise"":""clean"",""setNumber"":7,""reps"":4,""weightKg"":90}",gym-data.csv:000209
gym-data.csv:000210,clean #8 90 1,"[{""role"":""user"",""content"":""clean set7 90x4""}]","{""exercise"":""clean"",""setNumber"":8,""reps"":1,""weightKg"":90}",gym-data.csv:000210
gym-data.csv:000211,snatch set1 40x5,[],"{""exercise"":""snatch"",""setNumber"":1,""reps"":5,""weightKg"":40}",gym-data.csv:000211
gym-data.csv:000212,set2 40kg +10kg x4,"[{""role"":""user"",""content"":""snatch set1 40x5""}]","{""exercise"":""snatch"",""setNumber"":2,""reps"":4,""weightKg"":50}",gym-data.csv:000212
gym-data.csv:000213,#3 60kgx2,"[{""role"":""user"",""content"":""snatch set2 40kg +10kg x4""}]","{""exercise"":""snatch"",""setNumber"":3,""reps"":2,""weightKg"":60}",gym-data.csv:000213
gym-data.csv:000214,snatch set4 65 2r,"[{""role"":""user"",""content"":""snatch #3 60kgx2""}]","{""exercise"":""snatch"",""setNumber"":4,""reps"":2,""weightKg"":65}",gym-data.csv:000214
gym-data.csv:000215,-5 x4,"[{""role"":""user"",""content"":""snatch set4 65 2r""}]","{""exercise"":""snatch"",""setNumber"":5,""reps"":4,""weightKg"":60}",gym-data.csv:000215
gym-data.csv:000216,60x4,"[{""role"":""user"",""content"":""snatch s5 60kgx4""}]","{""exercise"":""snatch"",""setNumber"":6,""reps"":4,""weightKg"":60}",gym-data.csv:000216
gym-data.csv:000217,60x4,"[{""role"":""user"",""content"":""snatch s6 60kgx4""}]","{""exercise"":""snatch"",""setNumber"":7,""reps"":4,""weightKg"":60}",gym-data.csv:000217
gym-data.csv:000218,snatch #8 60x4,"[{""role"":""user"",""content"":""snatch #7 60kgx4""}]","{""exercise"":""snatch"",""setNumber"":8,""reps"":4,""weightKg"":60}",gym-data.csv:000218
gym-data.csv:000219,clean s1 50 3r,"[{""role"":""user"",""content"":""snatch #8 60x4""}]","{""exercise"":""clean"",""setNumber"":1,""reps"":3,""weightKg"":50}",gym-data.csv:000219
gym-data.csv:000220,+10 x3,"[{""role"":""user"",""content"":""clean s1 50 3r""}]","{""exercise"":""clean"",""setNumber"":2,""reps"":3,""weightKg"":60}",gym-data.csv:000220
gym-data.csv:000221,s3 70 3,"[{""role"":""user"",""content"":""clean set2 50+10x3""}]","{""exercise"":""clean"",""setNumber"":3,""reps"":3,""weightKg"":70}",gym-data.csv:000221
gym-data.csv:000222,+10 x2,"[{""role"":""user"",""content"":""clean s3 70 3""}]","{""exercise"":""clean"",""setNumber"":4,""reps"":2,""weightKg"":80}",gym-data.csv:000222
gym-data.csv:000223,+5 x1,"[{""role"":""user"",""content"":""clean set4 80kgx2""}]","{""exercise"":""clean"",""setNumber"":5,""reps"":1,""weightKg"":85}",gym-data.csv:000223
gym-data.csv:000224,clean #6 85-5x4,"[{""role"":""user"",""content"":""clean s5 80+5 r1""}]","{""exercise"":""clean"",""setNumber"":6,""reps"":4,""weightKg"":80}",gym-data.csv:000224
gym-data.csv:000225,80x4,"[{""role"":""user"",""content"":""clean #6 85-5x4""}]","{""exercise"":""clean"",""setNumber"":7,""reps"":4,""weightKg"":80}",gym-data.csv:000225
gym-data.csv:000226,clean #8 80 4,"[{""role"":""user"",""content"":""clean s7 80 4r""}]","{""exercise"":""clean"",""setNumber"":8,""reps"":4,""weightKg"":80}",gym-data.csv:000226
gym-data.csv:000227,clean #9 80x4,"[{""role"":""user"",""content"":""clean #8 80 4""}]","{""exercise"":""clean"",""setNumber"":9,""reps"":4,""weightKg"":80}",gym-data.csv:000227
gym-data.csv:000228,snatch s1 40 r3,[],"{""exercise"":""snatch"",""setNumber"":1,""reps"":3,""weightKg"":40}",gym-data.csv:000228
gym-data.csv:000229,set2 40x3,"[{""role"":""user"",""content"":""snatch s1 40 r3""}]","{""exercise"":""snatch"",""setNumber"":2,""reps"":3,""weightKg"":40}",gym-data.csv:000229
gym-data.csv:000230,snatch set3 40kg +10kg x3,"[{""role"":""user"",""content"":""snatch set2 40x3""}]","{""exercise"":""snatch"",""setNumber"":3,""reps"":3,""weightKg"":50}",gym-data.csv:000230
gym-data.csv:000231,+10 x3,"[{""role"":""user"",""content"":""snatch set3 40kg +10kg x3""}]","{""exercise"":""snatch"",""setNumber"":4,""reps"":3,""weightKg"":60}",gym-data.csv:000231
gym-data.csv:000232,snatch #5 65 4reps,"[{""role"":""user"",""content"":""snatch s4 50kg +10kg x3""}]","{""exercise"":""snatch"",""setNumber"":5,""reps"":4,""weightKg"":65}",gym-data.csv:000232
gym-data.csv:000233,snatch #6 65x4,"[{""role"":""user"",""content"":""snatch #5 65 4reps""}]","{""exercise"":""snatch"",""setNumber"":6,""reps"":4,""weightKg"":65}",gym-data.csv:000233
gym-data.csv:000234,snatch s7 65kgx4,"[{""role"":""user"",""content"":""snatch #6 65x4""}]","{""exercise"":""snatch"",""setNumber"":7,""reps"":4,""weightKg"":65}",gym-data.csv:000234
gym-data.csv:000235,65x4,"[{""role"":""user"",""content"":""snatch s7 65kgx4""}]","{""exercise"":""snatch"",""setNumber"":8,""reps"":4,""weightKg"":65}",gym-data.csv:000235
gym-data.csv:000236,snatch #9 70kgx1,"[{""role"":""user"",""content"":""snatch #8 65x4""}]","{""exercise"":""snatch"",""setNumber"":9,""reps"":1,""weightKg"":70}",gym-data.csv:000236
gym-data.csv:000237,squat #1 50x5,[],"{""exercise"":""squat"",""setNumber"":1,""reps"":5,""weightKg"":50}",gym-data.csv:000237
gym-data.csv:000238,squat set2 70 3reps,"[{""role"":""user"",""content"":""squat #1 50x5""}]","{""exercise"":""squat"",""setNumber"":2,""reps"":3,""weightKg"":70}",gym-data.csv:000238
gym-data.csv:000239,+10 x3,"[{""role"":""user"",""content"":""squat set2 70 3reps""}]","{""exercise"":""squat"",""setNumber"":3,""reps"":3,""weightKg"":80}",gym-data.csv:000239
gym-data.csv:000240,#4 90 2reps,"[{""role"":""user"",""content"":""squat s3 70+10 3""}]","{""exercise"":""squat"",""setNumber"":4,""reps"":2,""weightKg"":90}",gym-data.csv:000240
gym-data.csv:000241,+10 x4,"[{""role"":""user"",""content"":""squat #4 90 2reps""}]","{""exercise"":""squat"",""setNumber"":5,""reps"":4,""weightKg"":100}",gym-data.csv:000241
gym-data.csv:000242,s6 100 r4,"[{""role"":""user"",""content"":""squat #5 90 +10 4reps""}]","{""exercise"":""squat"",""setNumber"":6,""reps"":4,""weightKg"":100}",gym-data.csv:000242
gym-data.csv:000243,100x4,"[{""role"":""user"",""content"":""squat s6 100 r4""}]","{""exercise"":""squat"",""setNumber"":7,""reps"":4,""weightKg"":100}",gym-data.csv:000243
gym-data.csv:000244,set8 100kgx4,"[{""role"":""user"",""content"":""squat #7 100kgx4""}]","{""exercise"":""squat"",""setNumber"":8,""reps"":4,""weightKg"":100}",gym-data.csv:000244
gym-data.csv:000245,#9 100kgx4,"[{""role"":""user"",""content"":""squat set8 100kgx4""}]","{""exercise"":""squat"",""setNumber"":9,""reps"":4,""weightKg"":100}",gym-data.csv:000245
gym-data.csv:000246,clean #1 40 3,[],"{""exercise"":""clean"",""setNumber"":1,""reps"":3,""weightKg"":40}",gym-data.csv:000246
gym-data.csv:000247,s2 50x4,"[{""role"":""user"",""content"":""clean #1 40 3""}]","{""exercise"":""clean"",""setNumber"":2,""reps"":4,""weightKg"":50}",gym-data.csv:000247
gym-data.csv:000248,clean #3 50 +10 3reps,"[{""role"":""user"",""content"":""clean s2 50x4""}]","{""exercise"":""clean"",""setNumber"":3,""reps"":3,""weightKg"":60}",gym-data.csv:000248
gym-data.csv:000249,s4 70x2,"[{""role"":""user"",""content"":""clean #3 50 +10 3reps""}]","{""exercise"":""clean"",""setNumber"":4,""reps"":2,""weightKg"":70}",gym-data.csv:000249
gym-data.csv:000250,set5 70 +10 5reps,"[{""role"":""user"",""content"":""clean s4 70x2""}]","{""exercise"":""clean"",""setNumber"":5,""reps"":5,""weightKg"":80}",gym-data.csv:000250
gym-data.csv:000251,#6 80kgx5,"[{""role"":""user"",""content"":""clean set5 70 +10 5reps""}]","{""exercise"":""clean"",""setNumber"":6,""reps"":5,""weightKg"":80}",gym-data.csv:000251
gym-data.csv:000252,#7 80x5,"[{""role"":""user"",""content"":""clean #6 80kgx5""}]","{""exercise"":""clean"",""setNumber"":7,""reps"":5,""weightKg"":80}",gym-data.csv:000252
gym-data.csv:000253,80x5,"[{""role"":""user"",""content"":""clean #7 80x5""}]","{""exercise"":""clean"",""setNumber"":8,""reps"":5,""weightKg"":80}",gym-data.csv:000253
gym-data.csv:000254,80x6,"[{""role"":""user"",""content"":""clean set8 80kgx5""}]","{""exercise"":""clean"",""setNumber"":9,""reps"":6,""weightKg"":80}",gym-data.csv:000254
gym-data.csv:000255,squat s1 50x4,[],"{""exercise"":""squat"",""setNumber"":1,""reps"":4,""weightKg"":50}",gym-data.csv:000255
gym-data.csv:000256,+20 x5,"[{""role"":""user"",""content"":""squat s1 50x4""}]","{""exercise"":""squat"",""setNumber"":2,""reps"":5,""weightKg"":70}",gym-data.csv:000256
gym-data.csv:000257,#3 80x3,"[{""role"":""user"",""content"":""squat s2 70kgx5""}]","{""exercise"":""squat"",""setNumber"":3,""reps"":3,""weightKg"":80}",gym-data.csv:000257
gym-data.csv:000258,#4 80+10x3,"[{""role"":""user"",""content"":""squat #3 80x3""}]","{""exercise"":""squat"",""setNumber"":4,""reps"":3,""weightKg"":90}",gym-data.csv:000258
gym-data.csv:000259,squat s5 90+10 4,"[{""role"":""user"",""content"":""squat #4 80+10x3""}]","{""exercise"":""squat"",""setNumber"":5,""reps"":4,""weightKg"":100}",gym-data.csv:000259
gym-data.csv:000260,squat #6 100x4,"[{""role"":""user"",""content"":""squat s5 90+10 4""}]","{""exercise"":""squat"",""setNumber"":6,""reps"":4,""weightKg"":100}",gym-data.csv:000260
gym-data.csv:000261,squat set7 100 4reps,"[{""role"":""user"",""content"":""squat #6 100x4""}]","{""exercise"":""squat"",""setNumber"":7,""reps"":4,""weightKg"":100}",gym-data.csv:000261
gym-data.csv:000262,s8 100x4,"[{""role"":""user"",""content"":""squat set7 100 4reps""}]","{""exercise"":""squat"",""setNumber"":8,""reps"":4,""weightKg"":100}",gym-data.csv:000262
gym-data.csv:000263,snatch set1 40x3,[],"{""exercise"":""snatch"",""setNumber"":1,""reps"":3,""weightKg"":40}",gym-data.csv:000263
gym-data.csv:000264,s2 40 3,"[{""role"":""user"",""content"":""snatch set1 40x3""}]","{""exercise"":""snatch"",""setNumber"":2,""reps"":3,""weightKg"":40}",gym-data.csv:000264
gym-data.csv:000265,snatch set3 40kg +10kg x3,"[{""role"":""user"",""content"":""snatch s2 40 3""}]","{""exercise"":""snatch"",""setNumber"":3,""reps"":3,""weightKg"":50}",gym-data.csv:000265
gym-data.csv:000266,snatch #4 50+10 r3,"[{""role"":""user"",""content"":""snatch set3 40kg +10kg x3""}]","{""exercise"":""snatch"",""setNumber"":4,""reps"":3,""weightKg"":60}",gym-data.csv:000266
gym-data.csv:000267,s5 65kgx2,"[{""role"":""user"",""content"":""snatch #4 50+10 r3""}]","{""exercise"":""snatch"",""setNumber"":5,""reps"":2,""weightKg"":65}",gym-data.csv:000267
gym-data.csv:000268,-5 x4,"[{""role"":""user"",""content"":""snatch s5 65kgx2""}]","{""exercise"":""snatch"",""setNumber"":6,""reps"":4,""weightKg"":60}",gym-data.csv:000268
gym-data.csv:000269,60x3,"[{""role"":""user"",""content"":""snatch #6 65 -5 4reps""}]","{""exercise"":""snatch"",""setNumber"":7,""reps"":3,""weightKg"":60}",gym-data.csv:000269
gym-data.csv:000270,spull #1 70 5r,"[{""role"":""user"",""content"":""snatch set7 60 3r""}]","{""exercise"":""snatch_pull"",""setNumber"":1,""reps"":5,""weightKg"":70}",gym-data.csv:000270
gym-data.csv:000271,s2 70 r5,"[{""role"":""user"",""content"":""spull #1 70 5r""}]","{""exercise"":""snatch_pull"",""setNumber"":2,""reps"":5,""weightKg"":70}",gym-data.csv:000271
gym-data.csv:000272,spull set3 70kgx5,"[{""role"":""user"",""content"":""spull s2 70 r5""}]","{""exercise"":""snatch_pull"",""setNumber"":3,""reps"":5,""weightKg"":70}",gym-data.csv:000272
gym-data.csv:000273,clean #1 50 r4,[],"{""exercise"":""clean"",""setNumber"":1,""reps"":4,""weightKg"":50}",gym-data.csv:000273
gym-data.csv:000274,clean set2 50kg +10kg x3,"[{""role"":""user"",""content"":""clean #1 50 r4""}]","{""exercise"":""clean"",""setNumber"":2,""reps"":3,""weightKg"":60}",gym-data.csv:000274
gym-data.csv:000275,set3 70kgx3,"[{""role"":""user"",""content"":""clean set2 50kg +10kg x3""}]","{""exercise"":""clean"",""setNumber"":3,""reps"":3,""weightKg"":70}",gym-data.csv:000275
gym-data.csv:000276,clean #4 70 +10 4r,"[{""role"":""user"",""content"":""clean set3 70kgx3""}]","{""exercise"":""clean"",""setNumber"":4,""reps"":4,""weightKg"":80}",gym-data.csv:000276
gym-data.csv:000277,80x4,"[{""role"":""user"",""content"":""clean #4 70 +10 4r""}]","{""exercise"":""clean"",""setNumber"":5,""reps"":4,""weightKg"":80}",gym-data.csv:000277
gym-data.csv:000278,80x4,"[{""role"":""user"",""content"":""clean #5 80 4reps""}]","{""exercise"":""clean"",""setNumber"":6,""reps"":4,""weightKg"":80}",gym-data.csv:000278
gym-data.csv:000279,set7 80 4,"[{""role"":""user"",""content"":""clean #6 80kgx4""}]","{""exercise"":""clean"",""setNumber"":7,""reps"":4,""weightKg"":80}",gym-data.csv:000279
gym-data.csv:000280,clean set8 90kgx1,"[{""role"":""user"",""content"":""clean set7 80 4""}]","{""exercise"":""clean"",""setNumber"":8,""reps"":1,""weightKg"":90}",gym-data.csv:000280
gym-data.csv:000281,deadlift set1 100x4,[],"{""exercise"":""deadlift"",""setNumber"":1,""reps"":4,""weightKg"":100}",gym-data.csv:000281
gym-data.csv:000282,deadlift s2 100 4reps,"[{""role"":""user"",""content"":""deadlift set1 100x4""}]","{""exercise"":""deadlift"",""setNumber"":2,""reps"":4,""weightKg"":100}",gym-data.csv:000282
gym-data.csv:000283,100x4,"[{""role"":""user"",""content"":""deadlift s2 100 4reps""}]","{""exercise"":""deadlift"",""setNumber"":3,""reps"":4,""weightKg"":100}",gym-data.csv:000283
gym-data.csv:000284,squat #1 50kgx4,[],"{""exercise"":""squat"",""setNumber"":1,""reps"":4,""weightKg"":50}",gym-data.csv:000284
gym-data.csv:000285,#2 50+20x4,"[{""role"":""user"",""content"":""squat #1 50kgx4""}]","{""exercise"":""squat"",""setNumber"":2,""reps"":4,""weightKg"":70}",gym-data.csv:000285
gym-data.csv:000286,squat #3 70 +10 r4,"[{""role"":""user"",""content"":""squat #2 50+20x4""}]","{""exercise"":""squat"",""setNumber"":3,""reps"":4,""weightKg"":80}",gym-data.csv:000286
gym-data.csv:000287,squat s4 90x4,"[{""role"":""user"",""content"":""squat #3 70 +10 r4""}]","{""exercise"":""squat"",""setNumber"":4,""reps"":4,""weightKg"":90}",gym-data.csv:000287
gym-data.csv:000288,+10 x4,"[{""role"":""user"",""content"":""squat s4 90x4""}]","{""exercise"":""squat"",""setNumber"":5,""reps"":4,""weightKg"":100}",gym-data.csv:000288
gym-data.csv:000289,squat set6 100x4,"[{""role"":""user"",""content"":""squat s5 100kgx4""}]","{""exercise"":""squat"",""setNumber"":6,""reps"":4,""weightKg"":100}",gym-data.csv:000289
gym-data.csv:000290,100x4,"[{""role"":""user"",""content"":""squat set6 100x4""}]","{""exercise"":""squat"",""setNumber"":7,""reps"":4,""weightKg"":100}",gym-data.csv:000290
gym-data.csv:000291,snatch #1 40kgx3,[],"{""exercise"":""snatch"",""setNumber"":1,""reps"":3,""weightKg"":40}",gym-data.csv:000291
gym-data.csv:000292,snatch #2 40x3,"[{""role"":""user"",""content"":""snatch #1 40kgx3""}]","{""exercise"":""snatch"",""setNumber"":2,""reps"":3,""weightKg"":40}",gym-data.csv:000292
gym-data.csv:000293,+10 x3,"[{""role"":""user"",""content"":""snatch #2 40x3""}]","{""exercise"":""snatch"",""setNumber"":3,""reps"":3,""weightKg"":50}",gym-data.csv:000293
gym-data.csv:000294,snatch #4 55kgx3,"[{""role"":""user"",""content"":""snatch s3 40+10 r3""}]","{""exercise"":""snatch"",""setNumber"":4,""reps"":3,""weightKg"":55}",gym-data.csv:000294
gym-data.csv:000295,55x3,"[{""role"":""user"",""content"":""snatch #4 55kgx3""}]","{""exercise"":""snatch"",""setNumber"":5,""reps"":3,""weightKg"":55}",gym-data.csv:000295
gym-data.csv:000296,snatch s6 55kgx3,"[{""role"":""user"",""content"":""snatch s5 55 3r""}]","{""exercise"":""snatch"",""setNumber"":6,""reps"":3,""weightKg"":55}",gym-data.csv:000296
gym-data.csv:000297,clean set1 40x5,[],"{""exercise"":""clean"",""setNumber"":1,""reps"":5,""weightKg"":40}",gym-data.csv:000297
gym-data.csv:000298,set2 40+10 3r,"[{""role"":""user"",""content"":""clean set1 40x5""}]","{""exercise"":""clean"",""setNumber"":2,""reps"":3,""weightKg"":50}",gym-data.csv:000298
gym-data.csv:000299,set3 50+10x3,"[{""role"":""user"",""content"":""clean set2 40+10 3r""}]","{""exercise"":""clean"",""setNumber"":3,""reps"":3,""weightKg"":60}",gym-data.csv:000299
gym-data.csv:000300,+10 x3,"[{""role"":""user"",""content"":""clean set3 50+10x3""}]","{""exercise"":""clean"",""setNumber"":4,""reps"":3,""weightKg"":70}",gym-data.csv:000300
gym-data.csv:000301,70x3,"[{""role"":""user"",""content"":""clean #4 60kg +10kg x3""}]","{""exercise"":""clean"",""setNumber"":5,""reps"":3,""weightKg"":70}",gym-data.csv:000301
gym-data.csv:000302,70x3,"[{""role"":""user"",""content"":""clean #5 70kgx3""}]","{""exercise"":""clean"",""setNumber"":6,""reps"":3,""weightKg"":70}",gym-data.csv:000302
gym-data.csv:000303,squat set1 50x5,[],"{""exercise"":""squat"",""setNumber"":1,""reps"":5,""weightKg"":50}",gym-data.csv:000303
gym-data.csv:000304,set2 50kg +10kg x3,"[{""role"":""user"",""content"":""squat set1 50x5""}]","{""exercise"":""squat"",""setNumber"":2,""reps"":3,""weightKg"":60}",gym-data.csv:000304
gym-data.csv:000305,+10 x3,"[{""role"":""user"",""content"":""squat set2 50kg +10kg x3""}]","{""exercise"":""squat"",""setNumber"":3,""reps"":3,""weightKg"":70}",gym-data.csv:000305
gym-data.csv:000306,+10 x3,"[{""role"":""user"",""content"":""squat s3 70 3""}]","{""exercise"":""squat"",""setNumber"":4,""reps"":3,""weightKg"":80}",gym-data.csv:000306
gym-data.csv:000307,squat set5 80kgx3,"[{""role"":""user"",""content"":""squat #4 80x3""}]","{""exercise"":""squat"",""setNumber"":5,""reps"":3,""weightKg"":80}",gym-data.csv:000307
gym-data.csv:000308,80x3,"[{""role"":""user"",""content"":""squat set5 80kgx3""}]","{""exercise"":""squat"",""setNumber"":6,""reps"":3,""weightKg"":80}",gym-data.csv:000308
gym-data.csv:000309,snatch s1 40kgx3,[],"{""exercise"":""snatch"",""setNumber"":1,""reps"":3,""weightKg"":40}",gym-data.csv:000309
gym-data.csv:000310,40x5,"[{""role"":""user"",""content"":""snatch s1 40kgx3""}]","{""exercise"":""snatch"",""setNumber"":2,""reps"":5,""weightKg"":40}",gym-data.csv:000310
gym-data.csv:000311,snatch s3 50x4,"[{""role"":""user"",""content"":""snatch #2 40kgx5""}]","{""exercise"":""snatch"",""setNumber"":3,""reps"":4,""weightKg"":50}",gym-data.csv:000311
gym-data.csv:000312,+10 x3,"[{""role"":""user"",""content"":""snatch s3 50x4""}]","{""exercise"":""snatch"",""setNumber"":4,""reps"":3,""weightKg"":60}",gym-data.csv:000312
gym-data.csv:000313,#5 60kgx3,"[{""role"":""user"",""content"":""snatch #4 50+10x3""}]","{""exercise"":""snatch"",""setNumber"":5,""reps"":3,""weightKg"":60}",gym-data.csv:000313
gym-data.csv:000314,snatch s6 60 r3,"[{""role"":""user"",""content"":""snatch #5 60kgx3""}]","{""exercise"":""snatch"",""setNumber"":6,""reps"":3,""weightKg"":60}",gym-data.csv:000314
gym-data.csv:000315,clean s1 40kgx5,[],"{""exercise"":""clean"",""setNumber"":1,""reps"":5,""weightKg"":40}",gym-data.csv:000315
gym-data.csv:000316,clean set2 40 +10 3reps,"[{""role"":""user"",""content"":""clean s1 40kgx5""}]","{""exercise"":""clean"",""setNumber"":2,""reps"":3,""weightKg"":50}",gym-data.csv:000316
gym-data.csv:000317,s3 60x3,"[{""role"":""user"",""content"":""clean set2 40 +10 3reps""}]","{""exercise"":""clean"",""setNumber"":3,""reps"":3,""weightKg"":60}",gym-data.csv:000317
gym-data.csv:000318,+10 x2,"[{""role"":""user"",""content"":""clean s3 60x3""}]","{""exercise"":""clean"",""setNumber"":4,""reps"":2,""weightKg"":70}",gym-data.csv:000318
gym-data.csv:000319,clean #5 70 +10 3,"[{""role"":""user"",""content"":""clean set4 60 +10 2reps""}]","{""exercise"":""clean"",""setNumber"":5,""reps"":3,""weightKg"":80}",gym-data.csv:000319
gym-data.csv:000320,clean #6 80x3,"[{""role"":""user"",""content"":""clean #5 70 +10 3""}]","{""exercise"":""clean"",""setNumber"":6,""reps"":3,""weightKg"":80}",gym-data.csv:000320
gym-data.csv:000321,clean #7 80+5 3,"[{""role"":""user"",""content"":""clean #6 80x3""}]","{""exercise"":""clean"",""setNumber"":7,""reps"":3,""weightKg"":85}",gym-data.csv:000321
gym-data.csv:000322,clean set8 85+5x1,"[{""role"":""user"",""content"":""clean #7 80+5 3""}]","{""exercise"":""clean"",""setNumber"":8,""reps"":1,""weightKg"":90}",gym-data.csv:000322
gym-data.csv:000323,squat s1 50x10,[],"{""exercise"":""squat"",""setNumber"":1,""reps"":10,""weightKg"":50}",gym-data.csv:000323
gym-data.csv:000324,+20 x5,"[{""role"":""user"",""content"":""squat s1 50x10""}]","{""exercise"":""squat"",""setNumber"":2,""reps"":5,""weightKg"":70}",gym-data.csv:000324
gym-data.csv:000325,+10 x2,"[{""role"":""user"",""content"":""squat #2 50+20 5reps""}]","{""exercise"":""squat"",""setNumber"":3,""reps"":2,""weightKg"":80}",gym-data.csv:000325
gym-data.csv:000326,#4 90 3,"[{""role"":""user"",""content"":""squat #3 80kgx2""}]","{""exercise"":""squat"",""setNumber"":4,""reps"":3,""weightKg"":90}",gym-data.csv:000326
gym-data.csv:000327,squat set5 90kgx3,"[{""role"":""user"",""content"":""squat #4 90 3""}]","{""exercise"":""squat"",""setNumber"":5,""reps"":3,""weightKg"":90}",gym-data.csv:000327
gym-data.csv:000328,90x3,"[{""role"":""user"",""content"":""squat set5 90kgx3""}]","{""exercise"":""squat"",""setNumber"":6,""reps"":3,""weightKg"":90}",gym-data.csv:000328
gym-data.csv:000329,90x3,"[{""role"":""user"",""content"":""squat s6 90 3""}]","{""exercise"":""squat"",""setNumber"":7,""reps"":3,""weightKg"":90}",gym-data.csv:000329
gym-data.csv:000330,snatch s1 40kgx4,[],"{""exercise"":""snatch"",""setNumber"":1,""reps"":4,""weightKg"":40}",gym-data.csv:000330
gym-data.csv:000331,40x3,"[{""role"":""user"",""content"":""snatch s1 40kgx4""}]","{""exercise"":""snatch"",""setNumber"":2,""reps"":3,""weightKg"":40}",gym-data.csv:000331
gym-data.csv:000332,snatch s3 40+10 r3,"[{""role"":""user"",""content"":""snatch #2 40kgx3""}]","{""exercise"":""snatch"",""setNumber"":3,""reps"":3,""weightKg"":50}",gym-data.csv:000332
gym-data.csv:000333,snatch #4 60x4,"[{""role"":""user"",""content"":""snatch s3 40+10 r3""}]","{""exercise"":""snatch"",""setNumber"":4,""reps"":4,""weightKg"":60}",gym-data.csv:000333
gym-data.csv:000334,60x4,"[{""role"":""user"",""content"":""snatch #4 60x4""}]","{""exercise"":""snatch"",""setNumber"":5,""reps"":4,""weightKg"":60}",gym-data.csv:000334
gym-data.csv:000335,snatch #6 60x4,"[{""role"":""user"",""content"":""snatch set5 60 4r""}]","{""exercise"":""snatch"",""setNumber"":6,""reps"":4,""weightKg"":60}",gym-data.csv:000335
gym-data.csv:000336,snatch set7 60x4,"[{""role"":""user"",""content"":""snatch #6 60x4""}]","{""exercise"":""snatch"",""setNumber"":7,""reps"":4,""weightKg"":60}",gym-data.csv:000336
gym-data.csv:000337,#8 65kgx1,"[{""role"":""user"",""content"":""snatch set7 60x4""}]","{""exercise"":""snatch"",""setNumber"":8,""reps"":1,""weightKg"":65}",gym-data.csv:000337
gym-data.csv:000338,clean set1 50 5r,"[{""role"":""user"",""content"":""snatch #8 65kgx1""}]","{""exercise"":""clean"",""setNumber"":1,""reps"":5,""weightKg"":50}",gym-data.csv:000338
gym-data.csv:000339,clean s2 50 +10 3reps,"[{""role"":""user"",""content"":""clean set1 50 5r""}]","{""exercise"":""clean"",""setNumber"":2,""reps"":3,""weightKg"":60}",gym-data.csv:000339
gym-data.csv:000340,clean s3 60+10x3,"[{""role"":""user"",""content"":""clean s2 50 +10 3reps""}]","{""exercise"":""clean"",""setNumber"":3,""reps"":3,""weightKg"":70}",gym-data.csv:000340
gym-data.csv:000341,clean #4 70+10x4,"[{""role"":""user"",""content"":""clean s3 60+10x3""}]","{""exercise"":""clean"",""setNumber"":4,""reps"":4,""weightKg"":80}",gym-data.csv:000341
gym-data.csv:000342,s5 80kgx4,"[{""role"":""user"",""content"":""clean #4 70+10x4""}]","{""exercise"":""clean"",""setNumber"":5,""reps"":4,""weightKg"":80}",gym-data.csv:000342
gym-data.csv:000343,#6 80kgx4,"[{""role"":""user"",""content"":""clean s5 80kgx4""}]","{""exercise"":""clean"",""setNumber"":6,""reps"":4,""weightKg"":80}",gym-data.csv:000343
gym-data.csv:000344,clean set7 80kgx4,"[{""role"":""user"",""content"":""clean #6 80kgx4""}]","{""exercise"":""clean"",""setNumber"":7,""reps"":4,""weightKg"":80}",gym-data.csv:000344
gym-data.csv:000345,snatch s1 40x4,[],"{""exercise"":""snatch"",""setNumber"":1,""reps"":4,""weightKg"":40}",gym-data.csv:000345
gym-data.csv:000346,+10 x3,"[{""role"":""user"",""content"":""snatch s1 40x4""}]","{""exercise"":""snatch"",""setNumber"":2,""reps"":3,""weightKg"":50}",gym-data.csv:000346
gym-data.csv:000347,snatch s3 50kg +10kg x4,"[{""role"":""user"",""content"":""snatch set2 50kgx3""}]","{""exercise"":""snatch"",""setNumber"":3,""reps"":4,""weightKg"":60}",gym-data.csv:000347
gym-data.csv:000348,s4 60x4,"[{""role"":""user"",""content"":""snatch s3 50kg +10kg x4""}]","{""exercise"":""snatch"",""setNumber"":4,""reps"":4,""weightKg"":60}",gym-data.csv:000348
gym-data.csv:000349,snatch #5 60x4,"[{""role"":""user"",""content"":""snatch s4 60x4""}]","{""exercise"":""snatch"",""setNumber"":5,""reps"":4,""weightKg"":60}",gym-data.csv:000349
gym-data.csv:000350,set6 60 4,"[{""role"":""user"",""content"":""snatch #5 60x4""}]","{""exercise"":""snatch"",""setNumber"":6,""reps"":4,""weightKg"":60}",gym-data.csv:000350
gym-data.csv:000351,snatch #7 60x4,"[{""role"":""user"",""content"":""snatch set6 60 4""}]","{""exercise"":""snatch"",""setNumber"":7,""reps"":4,""weightKg"":60}",gym-data.csv:000351
gym-data.csv:000352,+5 x2,"[{""role"":""user"",""content"":""snatch #7 60x4""}]","{""exercise"":""snatch"",""setNumber"":8,""reps"":2,""weightKg"":65}",gym-data.csv:000352
gym-data.csv:000353,snatch #1 40kgx4,[],"{""exercise"":""snatch"",""setNumber"":1,""reps"":4,""weightKg"":40}",gym-data.csv:000353
gym-data.csv:000354,+10 x2,"[{""role"":""user"",""content"":""snatch #1 40kgx4""}]","{""exercise"":""snatch"",""setNumber"":2,""reps"":2,""weightKg"":50}",gym-data.csv:000354
gym-data.csv:000355,+5 x1,"[{""role"":""user"",""content"":""snatch s2 40+10 2""}]","{""exercise"":""snatch"",""setNumber"":3,""reps"":1,""weightKg"":55}",gym-data.csv:000355
gym-data.csv:000356,snatch set4 55 +5 3,"[{""role"":""user"",""content"":""snatch set3 50+5 r1""}]","{""exercise"":""snatch"",""setNumber"":4,""reps"":3,""weightKg"":60}",gym-data.csv:000356
gym-data.csv:000357,60x3,"[{""role"":""user"",""content"":""snatch set4 55 +5 3""}]","{""exercise"":""snatch"",""setNumber"":5,""reps"":3,""weightKg"":60}",gym-data.csv:000357
gym-data.csv:000358,+5 x3,"[{""role"":""user"",""content"":""snatch set5 60kgx3""}]","{""exercise"":""snatch"",""setNumber"":6,""reps"":3,""weightKg"":65}",gym-data.csv:000358
gym-data.csv:000359,65x3,"[{""role"":""user"",""content"":""snatch set6 60kg +5kg x3""}]","{""exercise"":""snatch"",""setNumber"":7,""reps"":3,""weightKg"":65}",gym-data.csv:000359
gym-data.csv:000360,clean s1 50kgx4,"[{""role"":""user"",""content"":""snatch #7 65kgx3""}]","{""exercise"":""clean"",""setNumber"":1,""reps"":4,""weightKg"":50}",gym-data.csv:000360
gym-data.csv:000361,#2 50+10 r3,"[{""role"":""user"",""content"":""clean s1 50kgx4""}]","{""exercise"":""clean"",""setNumber"":2,""reps"":3,""weightKg"":60}",gym-data.csv:000361
gym-data.csv:000362,clean s3 70 r3,"[{""role"":""user"",""content"":""clean #2 50+10 r3""}]","{""exercise"":""clean"",""setNumber"":3,""reps"":3,""weightKg"":70}",gym-data.csv:000362
gym-data.csv:000363,clean s4 70kg +10kg x3,"[{""role"":""user"",""content"":""clean s3 70 r3""}]","{""exercise"":""clean"",""setNumber"":4,""reps"":3,""weightKg"":80}",gym-data.csv:000363
gym-data.csv:000364,clean set5 80 3reps,"[{""role"":""user"",""content"":""clean s4 70kg +10kg x3""}]","{""exercise"":""clean"",""setNumber"":5,""reps"":3,""weightKg"":80}",gym-data.csv:000364
gym-data.csv:000365,dl s1 90kgx3,[],"{""exercise"":""deadlift"",""setNumber"":1,""reps"":3,""weightKg"":90}",gym-data.csv:000365
gym-data.csv:000366,deadlift set2 90 3reps,"[{""role"":""user"",""content"":""dl s1 90kgx3""}]","{""exercise"":""deadlift"",""setNumber"":2,""reps"":3,""weightKg"":90}",gym-data.csv:000366
gym-data.csv:000367,#3 90kgx5,"[{""role"":""user"",""content"":""deadlift set2 90 3reps""}]","{""exercise"":""deadlift"",""setNumber"":3,""reps"":5,""weightKg"":90}",gym-data.csv:000367
gym-data.csv:000368,snatch #1 40 3,[],"{""exercise"":""snatch"",""setNumber"":1,""reps"":3,""weightKg"":40}",gym-data.csv:000368
gym-data.csv:000369,snatch set2 40kgx3,"[{""role"":""user"",""content"":""snatch #1 40 3""}]","{""exercise"":""snatch"",""setNumber"":2,""reps"":3,""weightKg"":40}",gym-data.csv:000369
gym-data.csv:000370,+10 x3,"[{""role"":""user"",""content"":""snatch set2 40kgx3""}]","{""exercise"":""snatch"",""setNumber"":3,""reps"":3,""weightKg"":50}",gym-data.csv:000370
gym-data.csv:000371,snatch s4 60 4reps,"[{""role"":""user"",""content"":""snatch s3 50x3""}]","{""exercise"":""snatch"",""setNumber"":4,""reps"":4,""weightKg"":60}",gym-data.csv:000371
gym-data.csv:000372,snatch s5 60x4,"[{""role"":""user"",""content"":""snatch s4 60 4reps""}]","{""exercise"":""snatch"",""setNumber"":5,""reps"":4,""weightKg"":60}",gym-data.csv:000372
gym-data.csv:000373,snatch s6 60x4,"[{""role"":""user"",""content"":""snatch s5 60x4""}]","{""exercise"":""snatch"",""setNumber"":6,""reps"":4,""weightKg"":60}",gym-data.csv:000373
gym-data.csv:000374,60x4,"[{""role"":""user"",""content"":""snatch s6 60x4""}]","{""exercise"":""snatch"",""setNumber"":7,""reps"":4,""weightKg"":60}",gym-data.csv:000374
gym-data.csv:000375,clean s1 50x4,[],"{""exercise"":""clean"",""setNumber"":1,""reps"":4,""weightKg"":50}",gym-data.csv:000375
gym-data.csv:000376,clean set2 50+10x2,"[{""role"":""user"",""content"":""clean s1 50x4""}]","{""exercise"":""clean"",""setNumber"":2,""reps"":2,""weightKg"":60}",gym-data.csv:000376
gym-data.csv:000377,clean set3 70x3,"[{""role"":""user"",""content"":""clean set2 50+10x2""}]","{""exercise"":""clean"",""setNumber"":3,""reps"":3,""weightKg"":70}",gym-data.csv:000377
gym-data.csv:000378,clean #4 80 r4,"[{""role"":""user"",""content"":""clean set3 70x3""}]","{""exercise"":""clean"",""setNumber"":4,""reps"":4,""weightKg"":80}",gym-data.csv:000378
gym-data.csv:000379,clean #5 80 4,"[{""role"":""user"",""content"":""clean #4 80 r4""}]","{""exercise"":""clean"",""setNumber"":5,""reps"":4,""weightKg"":80}",gym-data.csv:000379
gym-data.csv:000380,clean #6 80kgx4,"[{""role"":""user"",""content"":""clean #5 80 4""}]","{""exercise"":""clean"",""setNumber"":6,""reps"":4,""weightKg"":80}",gym-data.csv:000380
gym-data.csv:000381,clean set7 80kgx3,"[{""role"":""user"",""content"":""clean #6 80kgx4""}]","{""exercise"":""clean"",""setNumber"":7,""reps"":3,""weightKg"":80}",gym-data.csv:000381
gym-data.csv:000382,squat #1 60 5,[],"{""exercise"":""squat"",""setNumber"":1,""reps"":5,""weightKg"":60}",gym-data.csv:000382
gym-data.csv:000383,squat s2 60+20x4,"[{""role"":""user"",""content"":""squat #1 60 5""}]","{""exercise"":""squat"",""setNumber"":2,""reps"":4,""weightKg"":80}",gym-data.csv:000383
gym-data.csv:000384,+10 x3,"[{""role"":""user"",""content"":""squat s2 60+20x4""}]","{""exercise"":""squat"",""setNumber"":3,""reps"":3,""weightKg"":90}",gym-data.csv:000384
gym-data.csv:000385,90x4,"[{""role"":""user"",""content"":""squat set3 80+10x3""}]","{""exercise"":""squat"",""setNumber"":4,""reps"":4,""weightKg"":90}",gym-data.csv:000385
gym-data.csv:000386,squat #5 90 4,"[{""role"":""user"",""content"":""squat #4 90 r4""}]","{""exercise"":""squat"",""setNumber"":5,""reps"":4,""weightKg"":90}",gym-data.csv:000386
gym-data.csv:000387,snatch set1 40 3r,[],"{""exercise"":""snatch"",""setNumber"":1,""reps"":3,""weightKg"":40}",gym-data.csv:000387
gym-data.csv:000388,#2 40x3,"[{""role"":""user"",""content"":""snatch set1 40 3r""}]","{""exercise"":""snatch"",""setNumber"":2,""reps"":3,""weightKg"":40}",gym-data.csv:000388
gym-data.csv:000389,set3 40kg +10kg x3,"[{""role"":""user"",""content"":""snatch #2 40x3""}]","{""exercise"":""snatch"",""setNumber"":3,""reps"":3,""weightKg"":50}",gym-data.csv:000389
gym-data.csv:000390,snatch s4 60kgx4,"[{""role"":""user"",""content"":""snatch set3 40kg +10kg x3""}]","{""exercise"":""snatch"",""setNumber"":4,""reps"":4,""weightKg"":60}",gym-data.csv:000390
gym-data.csv:000391,60x4,"[{""role"":""user"",""content"":""snatch s4 60kgx4""}]","{""exercise"":""snatch"",""setNumber"":5,""reps"":4,""weightKg"":60}",gym-data.csv:000391
gym-data.csv:000392,60x4,"[{""role"":""user"",""content"":""snatch s5 60 4""}]","{""exercise"":""snatch"",""setNumber"":6,""reps"":4,""weightKg"":60}",gym-data.csv:000392
gym-data.csv:000393,set7 60 r4,"[{""role"":""user"",""content"":""snatch #6 60x4""}]","{""exercise"":""snatch"",""setNumber"":7,""reps"":4,""weightKg"":60}",gym-data.csv:000393
gym-data.csv:000394,60x4,"[{""role"":""user"",""content"":""snatch set7 60 r4""}]","{""exercise"":""snatch"",""setNumber"":8,""reps"":4,""weightKg"":60}",gym-data.csv:000394
gym-data.csv:000395,squat #1 60x5,[],"{""exercise"":""squat"",""setNumber"":1,""reps"":5,""weightKg"":60}",gym-data.csv:000395
gym-data.csv:000396,#2 80x4,"[{""role"":""user"",""content"":""squat #1 60x5""}]","{""exercise"":""squat"",""setNumber"":2,""reps"":4,""weightKg"":80}",gym-data.csv:000396
gym-data.csv:000397,s3 80kg +10kg x3,"[{""role"":""user"",""content"":""squat #2 80x4""}]","{""exercise"":""squat"",""setNumber"":3,""reps"":3,""weightKg"":90}",gym-data.csv:000397
gym-data.csv:000398,set4 90+10 r4,"[{""role"":""user"",""content"":""squat s3 80kg +10kg x3""}]","{""exercise"":""squat"",""setNumber"":4,""reps"":4,""weightKg"":100}",gym-data.csv:000398
gym-data.csv:000399,squat #5 100 4r,"[{""role"":""user"",""content"":""squat set4 90+10 r4""}]","{""exercise"":""squat"",""setNumber"":5,""reps"":4,""weightKg"":100}",gym-data.csv:000399
gym-data.csv:000400,squat s6 100 4r,"[{""role"":""user"",""content"":""squat #5 100 4r""}]","{""exercise"":""squat"",""setNumber"":6,""reps"":4,""weightKg"":100}",gym-data.csv:000400
gym-data.csv:000401,squat set7 100kgx4,"[{""role"":""user"",""content"":""squat s6 100 4r""}]","{""exercise"":""squat"",""setNumber"":7,""reps"":4,""weightKg"":100}",gym-data.csv:000401
gym-data.csv:000402,snatch set1 40x3,[],"{""exercise"":""snatch"",""setNumber"":1,""reps"":3,""weightKg"":40}",gym-data.csv:000402
gym-data.csv:000403,40x4,"[{""role"":""user"",""content"":""snatch set1 40x3""}]","{""exercise"":""snatch"",""setNumber"":2,""reps"":4,""weightKg"":40}",gym-data.csv:000403
gym-data.csv:000404,snatch #3 50x4,"[{""role"":""user"",""content"":""snatch s2 40x4""}]","{""exercise"":""snatch"",""setNumber"":3,""reps"":4,""weightKg"":50}",gym-data.csv:000404
gym-data.csv:000405,snatch set4 50 +10 3,"[{""role"":""user"",""content"":""snatch #3 50x4""}]","{""exercise"":""snatch"",""setNumber"":4,""reps"":3,""weightKg"":60}",gym-data.csv:000405
gym-data.csv:000406,+5 x3,"[{""role"":""user"",""content"":""snatch set4 50 +10 3""}]","{""exercise"":""snatch"",""setNumber"":5,""reps"":3,""weightKg"":65}",gym-data.csv:000406
gym-data.csv:000407,65x3,"[{""role"":""user"",""content"":""snatch set5 65x3""}]","{""exercise"":""snatch"",""setNumber"":6,""reps"":3,""weightKg"":65}",gym-data.csv:000407
gym-data.csv:000408,snatch s7 65x3,"[{""role"":""user"",""content"":""snatch s6 65x3""}]","{""exercise"":""snatch"",""setNumber"":7,""reps"":3,""weightKg"":65}",gym-data.csv:000408
gym-data.csv:000409,clean s1 50x5,[],"{""exercise"":""clean"",""setNumber"":1,""reps"":5,""weightKg"":50}",gym-data.csv:000409
gym-data.csv:000410,clean s2 50+20x3,"[{""role"":""user"",""content"":""clean s1 50x5""}]","{""exercise"":""clean"",""setNumber"":2,""reps"":3,""weightKg"":70}",gym-data.csv:000410
gym-data.csv:000411,set3 70+10x3,"[{""role"":""user"",""content"":""clean s2 50+20x3""}]","{""exercise"":""clean"",""setNumber"":3,""reps"":3,""weightKg"":80}",gym-data.csv:000411
gym-data.csv:000412,s4 90kgx3,"[{""role"":""user"",""content"":""clean set3 70+10x3""}]","{""exercise"":""clean"",""setNumber"":4,""reps"":3,""weightKg"":90}",gym-data.csv:000412
gym-data.csv:000413,clean s5 90x3,"[{""role"":""user"",""content"":""clean s4 90kgx3""}]","{""exercise"":""clean"",""setNumber"":5,""reps"":3,""weightKg"":90}",gym-data.csv:000413
gym-data.csv:000414,clean set6 90 r3,"[{""role"":""user"",""content"":""clean s5 90x3""}]","{""exercise"":""clean"",""setNumber"":6,""reps"":3,""weightKg"":90}",gym-data.csv:000414
gym-data.csv:000415,squat #1 60kgx5,[],"{""exercise"":""squat"",""setNumber"":1,""reps"":5,""weightKg"":60}",gym-data.csv:000415
gym-data.csv:000416,set2 80x4,"[{""role"":""user"",""content"":""squat #1 60kgx5""}]","{""exercise"":""squat"",""setNumber"":2,""reps"":4,""weightKg"":80}",gym-data.csv:000416
gym-data.csv:000417,squat s3 80+10 3,"[{""role"":""user"",""content"":""squat set2 80x4""}]","{""exercise"":""squat"",""setNumber"":3,""reps"":3,""weightKg"":90}",gym-data.csv:000417
gym-data.csv:000418,squat s4 100x3,"[{""role"":""user"",""content"":""squat s3 80+10 3""}]","{""exercise"":""squat"",""setNumber"":4,""reps"":3,""weightKg"":100}",gym-data.csv:000418
gym-data.csv:000419,100x3,"[{""role"":""user"",""content"":""squat s4 100x3""}]","{""exercise"":""squat"",""setNumber"":5,""reps"":3,""weightKg"":100}",gym-data.csv:000419
gym-data.csv:000420,#6 100kgx3,"[{""role"":""user"",""content"":""squat set5 100 3""}]","{""exercise"":""squat"",""setNumber"":6,""reps"":3,""weightKg"":100}",gym-data.csv:000420
gym-data.csv:000421,press #1 40 6reps,"[{""role"":""user"",""content"":""squat #6 100kgx3""}]","{""exercise"":""ohp"",""setNumber"":1,""reps"":6,""weightKg"":40}",gym-data.csv:000421
gym-data.csv:000422,ohp set2 40 +10 6,"[{""role"":""user"",""content"":""press #1 40 6reps""}]","{""exercise"":""ohp"",""setNumber"":2,""reps"":6,""weightKg"":50}",gym-data.csv:000422
gym-data.csv:000423,ohp #3 50+10x4,"[{""role"":""user"",""content"":""ohp set2 40 +10 6""}]","{""exercise"":""ohp"",""setNumber"":3,""reps"":4,""weightKg"":60}",gym-data.csv:000423
gym-data.csv:000424,60x5,"[{""role"":""user"",""content"":""ohp #3 50+10x4""}]","{""exercise"":""ohp"",""setNumber"":4,""reps"":5,""weightKg"":60}",gym-data.csv:000424
gym-data.csv:000425,ohp #5 60 8reps,"[{""role"":""user"",""content"":""press #4 60x5""}]","{""exercise"":""ohp"",""setNumber"":5,""reps"":8,""weightKg"":60}",gym-data.csv:000425
gym-data.csv:000426,squat set1 50kgx5,[],"{""exercise"":""squat"",""setNumber"":1,""reps"":5,""weightKg"":50}",gym-data.csv:000426
gym-data.csv:000427,set2 60 4,"[{""role"":""user"",""content"":""squat set1 50kgx5""}]","{""exercise"":""squat"",""setNumber"":2,""reps"":4,""weightKg"":60}",gym-data.csv:000427
gym-data.csv:000428,squat s3 60+20x3,"[{""role"":""user"",""content"":""squat set2 60 4""}]","{""exercise"":""squat"",""setNumber"":3,""reps"":3,""weightKg"":80}",gym-data.csv:000428
gym-data.csv:000429,squat set4 90 3r,"[{""role"":""user"",""content"":""squat s3 60+20x3""}]","{""exercise"":""squat"",""setNumber"":4,""reps"":3,""weightKg"":90}",gym-data.csv:000429
gym-data.csv:000430,squat set5 90kg +10kg x4,"[{""role"":""user"",""content"":""squat set4 90 3r""}]","{""exercise"":""squat"",""setNumber"":5,""reps"":4,""weightKg"":100}",gym-data.csv:000430
gym-data.csv:000431,s6 100x4,"[{""role"":""user"",""content"":""squat set5 90kg +10kg x4""}]","{""exercise"":""squat"",""setNumber"":6,""reps"":4,""weightKg"":100}",gym-data.csv:000431
gym-data.csv:000432,100x4,"[{""role"":""user"",""content"":""squat s6 100x4""}]","{""exercise"":""squat"",""setNumber"":7,""reps"":4,""weightKg"":100}",gym-data.csv:000432
gym-data.csv:000433,100x4,"[{""role"":""user"",""content"":""squat s7 100kgx4""}]","{""exercise"":""squat"",""setNumber"":8,""reps"":4,""weightKg"":100}",gym-data.csv:000433
gym-data.csv:000434,spull set1 50x4,"[{""role"":""user"",""content"":""squat #8 100 4""}]","{""exercise"":""snatch_pull"",""setNumber"":1,""reps"":4,""weightKg"":50}",gym-data.csv:000434
gym-data.csv:000435,s2 50 +10 r4,"[{""role"":""user"",""content"":""spull set1 50x4""}]","{""exercise"":""snatch_pull"",""setNumber"":2,""reps"":4,""weightKg"":60}",gym-data.csv:000435
gym-data.csv:000436,spull set3 60+10 4r,"[{""role"":""user"",""content"":""spull s2 50 +10 r4""}]","{""exercise"":""snatch_pull"",""setNumber"":3,""reps"":4,""weightKg"":70}",gym-data.csv:000436
gym-data.csv:000437,70x4,"[{""role"":""user"",""content"":""spull set3 60+10 4r""}]","{""exercise"":""snatch_pull"",""setNumber"":4,""reps"":4,""weightKg"":70}",gym-data.csv:000437
gym-data.csv:000438,#5 70 +5 4reps,"[{""role"":""user"",""content"":""spull #4 70 4""}]","{""exercise"":""snatch_pull"",""setNumber"":5,""reps"":4,""weightKg"":75}",gym-data.csv:000438
gym-data.csv:000439,set6 75 r4,"[{""role"":""user"",""content"":""spull #5 70 +5 4reps""}]","{""exercise"":""snatch_pull"",""setNumber"":6,""reps"":4,""weightKg"":75}",gym-data.csv:000439
gym-data.csv:000440,squat set1 50x5,[],"{""exercise"":""squat"",""setNumber"":1,""reps"":5,""weightKg"":50}",gym-data.csv:000440
gym-data.csv:000441,+10 x4,"[{""role"":""user"",""content"":""squat set1 50x5""}]","{""exercise"":""squat"",""setNumber"":2,""reps"":4,""weightKg"":60}",gym-data.csv:000441
gym-data.csv:000442,+20 x4,"[{""role"":""user"",""content"":""squat #2 50+10 4reps""}]","{""exercise"":""squat"",""setNumber"":3,""reps"":4,""weightKg"":80}",gym-data.csv:000442
gym-data.csv:000443,squat #4 80kg +10kg x2,"[{""role"":""user"",""content"":""squat s3 80kgx4""}]","{""exercise"":""squat"",""setNumber"":4,""reps"":2,""weightKg"":90}",gym-data.csv:000443
gym-data.csv:000444,90x5,"[{""role"":""user"",""content"":""squat #4 80kg +10kg x2""}]","{""exercise"":""squat"",""setNumber"":5,""reps"":5,""weightKg"":90}",gym-data.csv:000444
gym-data.csv:000445,90x5,"[{""role"":""user"",""content"":""squat s5 90x5""}]","{""exercise"":""squat"",""setNumber"":6,""reps"":5,""weightKg"":90}",gym-data.csv:000445
gym-data.csv:000446,set7 90x5,"[{""role"":""user"",""content"":""squat s6 90 5reps""}]","{""exercise"":""squat"",""setNumber"":7,""reps"":5,""weightKg"":90}",gym-data.csv:000446
gym-data.csv:000447,90x5,"[{""role"":""user"",""content"":""squat set7 90x5""}]","{""exercise"":""squat"",""setNumber"":8,""reps"":5,""weightKg"":90}",gym-data.csv:000447
gym-data.csv:000448,spull set1 50kgx4,[],"{""exercise"":""snatch_pull"",""setNumber"":1,""reps"":4,""weightKg"":50}",gym-data.csv:000448
gym-data.csv:000449,s2 50kg +10kg x4,"[{""role"":""user"",""content"":""spull set1 50kgx4""}]","{""exercise"":""snatch_pull"",""setNumber"":2,""reps"":4,""weightKg"":60}",gym-data.csv:000449
gym-data.csv:000450,+10 x4,"[{""role"":""user"",""content"":""spull s2 50kg +10kg x4""}]","{""exercise"":""snatch_pull"",""setNumber"":3,""reps"":4,""weightKg"":70}",gym-data.csv:000450
gym-data.csv:000451,#4 70x4,"[{""role"":""user"",""content"":""spull s3 60+10 4reps""}]","{""exercise"":""snatch_pull"",""setNumber"":4,""reps"":4,""weightKg"":70}",gym-data.csv:000451
gym-data.csv:000452,#5 70 r4,"[{""role"":""user"",""content"":""spull #4 70x4""}]","{""exercise"":""snatch_pull"",""setNumber"":5,""reps"":4,""weightKg"":70}",gym-data.csv:000452
gym-data.csv:000453,70x4,"[{""role"":""user"",""content"":""spull #5 70 r4""}]","{""exercise"":""snatch_pull"",""setNumber"":6,""reps"":4,""weightKg"":70}",gym-data.csv:000453
gym-data.csv:000454,snatch #1 40kgx3,[],"{""exercise"":""snatch"",""setNumber"":1,""reps"":3,""weightKg"":40}",gym-data.csv:000454
gym-data.csv:000455,snatch #2 40kgx3,"[{""role"":""user"",""content"":""snatch #1 40kgx3""}]","{""exercise"":""snatch"",""setNumber"":2,""reps"":3,""weightKg"":40}",gym-data.csv:000455
gym-data.csv:000456,+10 x3,"[{""role"":""user"",""content"":""snatch #2 40kgx3""}]","{""exercise"":""snatch"",""setNumber"":3,""reps"":3,""weightKg"":50}",gym-data.csv:000456
gym-data.csv:000457,50x3,"[{""role"":""user"",""content"":""snatch s3 50x3""}]","{""exercise"":""snatch"",""setNumber"":4,""reps"":3,""weightKg"":50}",gym-data.csv:000457
gym-data.csv:000458,snatch set5 50kg +5kg x3,"[{""role"":""user"",""content"":""snatch s4 50 r3""}]","{""exercise"":""snatch"",""setNumber"":5,""reps"":3,""weightKg"":55}",gym-data.csv:000458
gym-data.csv:000459,s6 55+5x1,"[{""role"":""user"",""content"":""snatch set5 50kg +5kg x3""}]","{""exercise"":""snatch"",""setNumber"":6,""reps"":1,""weightKg"":60}",gym-data.csv:000459
gym-data.csv:000460,clean s1 50 r3,"[{""role"":""user"",""content"":""snatch s6 55+5x1""}]","{""exercise"":""clean"",""setNumber"":1,""reps"":3,""weightKg"":50}",gym-data.csv:000460
gym-data.csv:000461,+10 x3,"[{""role"":""user"",""content"":""clean s1 50 r3""}]","{""exercise"":""clean"",""setNumber"":2,""reps"":3,""weightKg"":60}",gym-data.csv:000461
gym-data.csv:000462,set3 60kg +10kg x3,"[{""role"":""user"",""content"":""clean #2 50+10x3""}]","{""exercise"":""clean"",""setNumber"":3,""reps"":3,""weightKg"":70}",gym-data.csv:000462
gym-data.csv:000463,clean #4 70 3,"[{""role"":""user"",""content"":""clean set3 60kg +10kg x3""}]","{""exercise"":""clean"",""setNumber"":4,""reps"":3,""weightKg"":70}",gym-data.csv:000463
gym-data.csv:000464,+10 x3,"[{""role"":""user"",""content"":""clean #4 70 3""}]","{""exercise"":""clean"",""setNumber"":5,""reps"":3,""weightKg"":80}",gym-data.csv:000464
gym-data.csv:000465,clean s6 90x1,"[{""role"":""user"",""content"":""clean #5 70 +10 3reps""}]","{""exercise"":""clean"",""setNumber"":6,""reps"":1,""weightKg"":90}",gym-data.csv:000465
gym-data.csv:000466,squat set1 50x5,[],"{""exercise"":""squat"",""setNumber"":1,""reps"":5,""weightKg"":50}",gym-data.csv:000466
gym-data.csv:000467,+20 x4,"[{""role"":""user"",""content"":""squat set1 50x5""}]","{""exercise"":""squat"",""setNumber"":2,""reps"":4,""weightKg"":70}",gym-data.csv:000467
gym-data.csv:000468,set3 70 +10 4reps,"[{""role"":""user"",""content"":""squat s2 70 4""}]","{""exercise"":""squat"",""setNumber"":3,""reps"":4,""weightKg"":80}",gym-data.csv:000468
gym-data.csv:000469,+10 x4,"[{""role"":""user"",""content"":""squat set3 70 +10 4reps""}]","{""exercise"":""squat"",""setNumber"":4,""reps"":4,""weightKg"":90}",gym-data.csv:000469
gym-data.csv:000470,squat #5 90kgx4,"[{""role"":""user"",""content"":""squat s4 80kg +10kg x4""}]","{""exercise"":""squat"",""setNumber"":5,""reps"":4,""weightKg"":90}",gym-data.csv:000470
gym-data.csv:000471,squat #6 90kgx4,"[{""role"":""user"",""content"":""squat #5 90kgx4""}]","{""exercise"":""squat"",""setNumber"":6,""reps"":4,""weightKg"":90}",gym-data.csv:000471
gym-data.csv:000472,90x4,"[{""role"":""user"",""content"":""squat #6 90kgx4""}]","{""exercise"":""squat"",""setNumber"":7,""reps"":4,""weightKg"":90}",gym-data.csv:000472
gym-data.csv:000473,ohp #1 40kgx5,"[{""role"":""user"",""content"":""squat s7 90 4r""}]","{""exercise"":""ohp"",""setNumber"":1,""reps"":5,""weightKg"":40}",gym-data.csv:000473
gym-data.csv:000474,set2 40x5,"[{""role"":""user"",""content"":""ohp #1 40kgx5""}]","{""exercise"":""ohp"",""setNumber"":2,""reps"":5,""weightKg"":40}",gym-data.csv:000474
gym-data.csv:000475,ohp s3 40 +10 r5,"[{""role"":""user"",""content"":""press set2 40x5""}]","{""exercise"":""ohp"",""setNumber"":3,""reps"":5,""weightKg"":50}",gym-data.csv:000475
gym-data.csv:000476,ohp #4 50kgx5,"[{""role"":""user"",""content"":""ohp s3 40 +10 r5""}]","{""exercise"":""ohp"",""setNumber"":4,""reps"":5,""weightKg"":50}",gym-data.csv:000476
gym-data.csv:000477,ohp #5 50 +5 5r,"[{""role"":""user"",""content"":""ohp #4 50kgx5""}]","{""exercise"":""ohp"",""setNumber"":5,""reps"":5,""weightKg"":55}",gym-data.csv:000477
gym-data.csv:000478,fs s1 40x4,[],"{""exercise"":""front_squat"",""setNumber"":1,""reps"":4,""weightKg"":40}",gym-data.csv:000478
gym-data.csv:000479,+10 x4,"[{""role"":""user"",""content"":""fs s1 40x4""}]","{""exercise"":""front_squat"",""setNumber"":2,""reps"":4,""weightKg"":50}",gym-data.csv:000479
gym-data.csv:000480,#3 50+10x4,"[{""role"":""user"",""content"":""fs s2 40+10x4""}]","{""exercise"":""front_squat"",""setNumber"":3,""reps"":4,""weightKg"":60}",gym-data.csv:000480
gym-data.csv:000481,fs set4 60 +10 r4,"[{""role"":""user"",""content"":""fs #3 50+10x4""}]","{""exercise"":""front_squat"",""setNumber"":4,""reps"":4,""weightKg"":70}",gym-data.csv:000481
gym-data.csv:000482,set5 80kgx5,"[{""role"":""user"",""content"":""fs set4 60 +10 r4""}]","{""exercise"":""front_squat"",""setNumber"":5,""reps"":5,""weightKg"":80}",gym-data.csv:000482
gym-data.csv:000483,fs set6 80x5,"[{""role"":""user"",""content"":""fs set5 80kgx5""}]","{""exercise"":""front_squat"",""setNumber"":6,""reps"":5,""weightKg"":80}",gym-data.csv:000483
gym-data.csv:000484,fs s7 80 5,"[{""role"":""user"",""content"":""fs set6 80x5""}]","{""exercise"":""front_squat"",""setNumber"":7,""reps"":5,""weightKg"":80}",gym-data.csv:000484
gym-data.csv:000485,80x5,"[{""role"":""user"",""content"":""fs s7 80 5""}]","{""exercise"":""front_squat"",""setNumber"":8,""reps"":5,""weightKg"":80}",gym-data.csv:000485
gym-data.csv:000486,fs set9 80 5,"[{""role"":""user"",""content"":""fs #8 80 5r""}]","{""exercise"":""front_squat"",""setNumber"":9,""reps"":5,""weightKg"":80}",gym-data.csv:000486
gym-data.csv:000487,press #1 30kgx5,[],"{""exercise"":""ohp"",""setNumber"":1,""reps"":5,""weightKg"":30}",gym-data.csv:000487
gym-data.csv:000488,press set2 40 5reps,"[{""role"":""user"",""content"":""press #1 30kgx5""}]","{""exercise"":""ohp"",""setNumber"":2,""reps"":5,""weightKg"":40}",gym-data.csv:000488
gym-data.csv:000489,s3 40kgx5,"[{""role"":""user"",""content"":""press set2 40 5reps""}]","{""exercise"":""ohp"",""setNumber"":3,""reps"":5,""weightKg"":40}",gym-data.csv:000489
gym-data.csv:000490,press s4 40kgx5,"[{""role"":""user"",""content"":""press s3 40kgx5""}]","{""exercise"":""ohp"",""setNumber"":4,""reps"":5,""weightKg"":40}",gym-data.csv:000490
gym-data.csv:000491,snatch #1 40kgx3,[],"{""exercise"":""snatch"",""setNumber"":1,""reps"":3,""weightKg"":40}",gym-data.csv:000491
gym-data.csv:000492,40x3,"[{""role"":""user"",""content"":""snatch #1 40kgx3""}]","{""exercise"":""snatch"",""setNumber"":2,""reps"":3,""weightKg"":40}",gym-data.csv:000492
gym-data.csv:000493,snatch #3 50kgx3,"[{""role"":""user"",""content"":""snatch set2 40x3""}]","{""exercise"":""snatch"",""setNumber"":3,""reps"":3,""weightKg"":50}",gym-data.csv:000493
gym-data.csv:000494,snatch #4 50+5x4,"[{""role"":""user"",""content"":""snatch #3 50kgx3""}]","{""exercise"":""snatch"",""setNumber"":4,""reps"":4,""weightKg"":55}",gym-data.csv:000494
gym-data.csv:000495,snatch set5 55 4r,"[{""role"":""user"",""content"":""snatch #4 50+5x4""}]","{""exercise"":""snatch"",""setNumber"":5,""reps"":4,""weightKg"":55}",gym-data.csv:000495
gym-data.csv:000496,+5 x4,"[{""role"":""user"",""content"":""snatch set5 55 4r""}]","{""exercise"":""snatch"",""setNumber"":6,""reps"":4,""weightKg"":60}",gym-data.csv:000496
gym-data.csv:000497,#7 60 r4,"[{""role"":""user"",""content"":""snatch #6 55+5x4""}]","{""exercise"":""snatch"",""setNumber"":7,""reps"":4,""weightKg"":60}",gym-data.csv:000497
gym-data.csv:000498,+5 x1,"[{""role"":""user"",""content"":""snatch #7 60 r4""}]","{""exercise"":""snatch"",""setNumber"":8,""reps"":1,""weightKg"":65}",gym-data.csv:000498
gym-data.csv:000499,clean #1 50x3,[],"{""exercise"":""clean"",""setNumber"":1,""reps"":3,""weightKg"":50}",gym-data.csv:000499
gym-data.csv:000500,+20 x3,"[{""role"":""user"",""content"":""clean #1 50x3""}]","{""exercise"":""clean"",""setNumber"":2,""reps"":3,""weightKg"":70}",gym-data.csv:000500
gym-data.csv:000501,+10 x4,"[{""role"":""user"",""content"":""clean set2 50+20 3reps""}]","{""exercise"":""clean"",""setNumber"":3,""reps"":4,""weightKg"":80}",gym-data.csv:000501
gym-data.csv:000502,set4 80x4,"[{""role"":""user"",""content"":""clean #3 80 4reps""}]","{""exercise"":""clean"",""setNumber"":4,""reps"":4,""weightKg"":80}",gym-data.csv:000502
gym-data.csv:000503,80x4,"[{""role"":""user"",""content"":""clean set4 80x4""}]","{""exercise"":""clean"",""setNumber"":5,""reps"":4,""weightKg"":80}",gym-data.csv:000503
gym-data.csv:000504,set6 80x4,"[{""role"":""user"",""content"":""clean #5 80x4""}]","{""exercise"":""clean"",""setNumber"":6,""reps"":4,""weightKg"":80}",gym-data.csv:000504
gym-data.csv:000505,s7 80+15 r1,"[{""role"":""user"",""content"":""clean set6 80x4""}]","{""exercise"":""clean"",""setNumber"":7,""reps"":1,""weightKg"":95}",gym-data.csv:000505
gym-data.csv:000506,squat s1 50kgx5,"[{""role"":""user"",""content"":""clean s7 80+15 r1""}]","{""exercise"":""squat"",""setNumber"":1,""reps"":5,""weightKg"":50}",gym-data.csv:000506
gym-data.csv:000507,squat s2 70x3,"[{""role"":""user"",""content"":""squat s1 50kgx5""}]","{""exercise"":""squat"",""setNumber"":2,""reps"":3,""weightKg"":70}",gym-data.csv:000507
gym-data.csv:000508,squat s3 70 +20 3,"[{""role"":""user"",""content"":""squat s2 70x3""}]","{""exercise"":""squat"",""setNumber"":3,""reps"":3,""weightKg"":90}",gym-data.csv:000508
gym-data.csv:000509,+10 x4,"[{""role"":""user"",""content"":""squat s3 70 +20 3""}]","{""exercise"":""squat"",""setNumber"":4,""reps"":4,""weightKg"":100}",gym-data.csv:000509
gym-data.csv:000510,set5 100x4,"[{""role"":""user"",""content"":""squat #4 90kg +10kg x4""}]","{""exercise"":""squat"",""setNumber"":5,""reps"":4,""weightKg"":100}",gym-data.csv:000510
gym-data.csv:000511,100x4,"[{""role"":""user"",""content"":""squat set5 100x4""}]","{""exercise"":""squat"",""setNumber"":6,""reps"":4,""weightKg"":100}",gym-data.csv:000511
gym-data.csv:000512,squat s7 100x4,"[{""role"":""user"",""content"":""squat set6 100kgx4""}]","{""exercise"":""squat"",""setNumber"":7,""reps"":4,""weightKg"":100}",gym-data.csv:000512
gym-data.csv:000513,sj s1 40 5reps,[],"{""exercise"":""split_jerk"",""setNumber"":1,""reps"":5,""weightKg"":40}",gym-data.csv:000513
gym-data.csv:000514,sj set2 40 +10 4reps,"[{""role"":""user"",""content"":""sj s1 40 5reps""}]","{""exercise"":""split_jerk"",""setNumber"":2,""reps"":4,""weightKg"":50}",gym-data.csv:000514
gym-data.csv:000515,sj #3 60x4,"[{""role"":""user"",""content"":""sj set2 40 +10 4reps""}]","{""exercise"":""split_jerk"",""setNumber"":3,""reps"":4,""weightKg"":60}",gym-data.csv:000515
gym-data.csv:000516,snatch #1 40x3,[],"{""exercise"":""snatch"",""setNumber"":1,""reps"":3,""weightKg"":40}",gym-data.csv:000516
gym-data.csv:000517,40x2,"[{""role"":""user"",""content"":""snatch #1 40x3""}]","{""exercise"":""snatch"",""setNumber"":2,""reps"":2,""weightKg"":40}",gym-data.csv:000517
gym-data.csv:000518,set3 50 r3,"[{""role"":""user"",""content"":""snatch s2 40 2reps""}]","{""exercise"":""snatch"",""setNumber"":3,""reps"":3,""weightKg"":50}",gym-data.csv:000518
gym-data.csv:000519,s4 50kg +10kg x5,"[{""role"":""user"",""content"":""snatch set3 50 r3""}]","{""exercise"":""snatch"",""setNumber"":4,""reps"":5,""weightKg"":60}",gym-data.csv:000519
gym-data.csv:000520,60x4,"[{""role"":""user"",""content"":""snatch s4 50kg +10kg x5""}]","{""exercise"":""snatch"",""setNumber"":5,""reps"":4,""weightKg"":60}",gym-data.csv:000520
gym-data.csv:000521,60x4,"[{""role"":""user"",""content"":""snatch s5 60kgx4""}]","{""exercise"":""snatch"",""setNumber"":6,""reps"":4,""weightKg"":60}",gym-data.csv:000521
gym-data.csv:000522,60x4,"[{""role"":""user"",""content"":""snatch s6 60kgx4""}]","{""exercise"":""snatch"",""setNumber"":7,""reps"":4,""weightKg"":60}",gym-data.csv:000522
gym-data.csv:000523,+10 x1,"[{""role"":""user"",""content"":""snatch s7 60kgx4""}]","{""exercise"":""snatch"",""setNumber"":8,""reps"":1,""weightKg"":70}",gym-data.csv:000523
gym-data.csv:000524,set9 70 1,"[{""role"":""user"",""content"":""snatch set8 60+10 1""}]","{""exercise"":""snatch"",""setNumber"":9,""reps"":1,""weightKg"":70}",gym-data.csv:000524
gym-data.csv:000525,clean s1 45x4,[],"{""exercise"":""clean"",""setNumber"":1,""reps"":4,""weightKg"":45}",gym-data.csv:000525
gym-data.csv:000526,+25 x3,"[{""role"":""user"",""content"":""clean s1 45x4""}]","{""exercise"":""clean"",""setNumber"":2,""reps"":3,""weightKg"":70}",gym-data.csv:000526
gym-data.csv:000527,clean set3 80 3reps,"[{""role"":""user"",""content"":""clean #2 45+25x3""}]","{""exercise"":""clean"",""setNumber"":3,""reps"":3,""weightKg"":80}",gym-data.csv:000527
gym-data.csv:000528,s4 85kgx4,"[{""role"":""user"",""content"":""clean set3 80 3reps""}]","{""exercise"":""clean"",""setNumber"":4,""reps"":4,""weightKg"":85}",gym-data.csv:000528
gym-data.csv:000529,85x4,"[{""role"":""user"",""content"":""clean s4 85kgx4""}]","{""exercise"":""clean"",""setNumber"":5,""reps"":4,""weightKg"":85}",gym-data.csv:000529
gym-data.csv:000530,set6 85 2,"[{""role"":""user"",""content"":""clean #5 85kgx4""}]","{""exercise"":""clean"",""setNumber"":6,""reps"":2,""weightKg"":85}",gym-data.csv:000530
gym-data.csv:000531,squat s1 50 5r,[],"{""exercise"":""squat"",""setNumber"":1,""reps"":5,""weightKg"":50}",gym-data.csv:000531
gym-data.csv:000532,squat s2 70kgx3,"[{""role"":""user"",""content"":""squat s1 50 5r""}]","{""exercise"":""squat"",""setNumber"":2,""reps"":3,""weightKg"":70}",gym-data.csv:000532
gym-data.csv:000533,squat s3 70kg +20kg x3,"[{""role"":""user"",""content"":""squat s2 70kgx3""}]","{""exercise"":""squat"",""setNumber"":3,""reps"":3,""weightKg"":90}",gym-data.csv:000533
gym-data.csv:000534,+10 x4,"[{""role"":""user"",""content"":""squat s3 70kg +20kg x3""}]","{""exercise"":""squat"",""setNumber"":4,""reps"":4,""weightKg"":100}",gym-data.csv:000534
gym-data.csv:000535,#5 100kgx4,"[{""role"":""user"",""content"":""squat set4 100 r4""}]","{""exercise"":""squat"",""setNumber"":5,""reps"":4,""weightKg"":100}",gym-data.csv:000535
gym-data.csv:000536,squat #6 100x4,"[{""role"":""user"",""content"":""squat #5 100kgx4""}]","{""exercise"":""squat"",""setNumber"":6,""reps"":4,""weightKg"":100}",gym-data.csv:000536
gym-data.csv:000537,squat #7 100x4,"[{""role"":""user"",""content"":""squat #6 100x4""}]","{""exercise"":""squat"",""setNumber"":7,""reps"":4,""weightKg"":100}",gym-data.csv:000537
gym-data.csv:000538,snatch s1 40 3reps,[],"{""exercise"":""snatch"",""setNumber"":1,""reps"":3,""weightKg"":40}",gym-data.csv:000538
gym-data.csv:000539,snatch s2 40x3,"[{""role"":""user"",""content"":""snatch s1 40 3reps""}]","{""exercise"":""snatch"",""setNumber"":2,""reps"":3,""weightKg"":40}",gym-data.csv:000539
gym-data.csv:000540,set3 40+10x3,"[{""role"":""user"",""content"":""snatch s2 40x3""}]","{""exercise"":""snatch"",""setNumber"":3,""reps"":3,""weightKg"":50}",gym-data.csv:000540
gym-data.csv:000541,snatch set4 60 5r,"[{""role"":""user"",""content"":""snatch set3 40+10x3""}]","{""exercise"":""snatch"",""setNumber"":4,""reps"":5,""weightKg"":60}",gym-data.csv:000541
gym-data.csv:000542,set5 60 4r,"[{""role"":""user"",""content"":""snatch set4 60 5r""}]","{""exercise"":""snatch"",""setNumber"":5,""reps"":4,""weightKg"":60}",gym-data.csv:000542
gym-data.csv:000543,snatch #6 60 4r,"[{""role"":""user"",""content"":""snatch set5 60 4r""}]","{""exercise"":""snatch"",""setNumber"":6,""reps"":4,""weightKg"":60}",gym-data.csv:000543
gym-data.csv:000544,+5 x2,"[{""role"":""user"",""content"":""snatch #6 60 4r""}]","{""exercise"":""snatch"",""setNumber"":7,""reps"":2,""weightKg"":65}",gym-data.csv:000544
gym-data.csv:000545,spull #1 75 r4,"[{""role"":""user"",""content"":""snatch #7 60 +5 2reps""}]","{""exercise"":""snatch_pull"",""setNumber"":1,""reps"":4,""weightKg"":75}",gym-data.csv:000545
gym-data.csv:000546,spull #2 75x4,"[{""role"":""user"",""content"":""spull #1 75 r4""}]","{""exercise"":""snatch_pull"",""setNumber"":2,""reps"":4,""weightKg"":75}",gym-data.csv:000546
gym-data.csv:000547,spull #3 75 4r,"[{""role"":""user"",""content"":""spull #2 75x4""}]","{""exercise"":""snatch_pull"",""setNumber"":3,""reps"":4,""weightKg"":75}",gym-data.csv:000547
gym-data.csv:000548,fs #1 50x5,"[{""role"":""user"",""content"":""spull #3 75 4r""}]","{""exercise"":""front_squat"",""setNumber"":1,""reps"":5,""weightKg"":50}",gym-data.csv:000548
gym-data.csv:000549,+20 x4,"[{""role"":""user"",""content"":""fs #1 50x5""}]","{""exercise"":""front_squat"",""setNumber"":2,""reps"":4,""weightKg"":70}",gym-data.csv:000549
gym-data.csv:000550,+10 x5,"[{""role"":""user"",""content"":""fs #2 50kg +20kg x4""}]","{""exercise"":""front_squat"",""setNumber"":3,""reps"":5,""weightKg"":80}",gym-data.csv:000550
gym-data.csv:000551,fs s4 80 5,"[{""role"":""user"",""content"":""fs s3 70+10x5""}]","{""exercise"":""front_squat"",""setNumber"":4,""reps"":5,""weightKg"":80}",gym-data.csv:000551
gym-data.csv:000552,fs set5 80 5,"[{""role"":""user"",""content"":""fs s4 80 5""}]","{""exercise"":""front_squat"",""setNumber"":5,""reps"":5,""weightKg"":80}",gym-data.csv:000552
gym-data.csv:000553,#6 80kgx5,"[{""role"":""user"",""content"":""fs set5 80 5""}]","{""exercise"":""front_squat"",""setNumber"":6,""reps"":5,""weightKg"":80}",gym-data.csv:000553
gym-data.csv:000554,fs #7 85x5,"[{""role"":""user"",""content"":""fs #6 80kgx5""}]","{""exercise"":""front_squat"",""setNumber"":7,""reps"":5,""weightKg"":85}",gym-data.csv:000554
gym-data.csv:000555,snatch set1 30x5,[],"{""exercise"":""snatch"",""setNumber"":1,""reps"":5,""weightKg"":30}",gym-data.csv:000555
gym-data.csv:000556,snatch #2 40kgx3,"[{""role"":""user"",""content"":""snatch set1 30x5""}]","{""exercise"":""snatch"",""setNumber"":2,""reps"":3,""weightKg"":40}",gym-data.csv:000556
gym-data.csv:000557,#3 40+10 r3,"[{""role"":""user"",""content"":""snatch #2 40kgx3""}]","{""exercise"":""snatch"",""setNumber"":3,""reps"":3,""weightKg"":50}",gym-data.csv:000557
gym-data.csv:000558,+10 x4,"[{""role"":""user"",""content"":""snatch #3 40+10 r3""}]","{""exercise"":""snatch"",""setNumber"":4,""reps"":4,""weightKg"":60}",gym-data.csv:000558
gym-data.csv:000559,60x4,"[{""role"":""user"",""content"":""snatch #4 50+10 r4""}]","{""exercise"":""snatch"",""setNumber"":5,""reps"":4,""weightKg"":60}",gym-data.csv:000559
gym-data.csv:000560,+5 x4,"[{""role"":""user"",""content"":""snatch #5 60x4""}]","{""exercise"":""snatch"",""setNumber"":6,""reps"":4,""weightKg"":65}",gym-data.csv:000560
gym-data.csv:000561,65x4,"[{""role"":""user"",""content"":""snatch #6 65x4""}]","{""exercise"":""snatch"",""setNumber"":7,""reps"":4,""weightKg"":65}",gym-data.csv:000561
gym-data.csv:000562,clean set1 45 4,"[{""role"":""user"",""content"":""snatch s7 65x4""}]","{""exercise"":""clean"",""setNumber"":1,""reps"":4,""weightKg"":45}",gym-data.csv:000562
gym-data.csv:000563,clean set2 65x2,"[{""role"":""user"",""content"":""clean set1 45 4""}]","{""exercise"":""clean"",""setNumber"":2,""reps"":2,""weightKg"":65}",gym-data.csv:000563
gym-data.csv:000564,clean s3 65+10x3,"[{""role"":""user"",""content"":""clean set2 65x2""}]","{""exercise"":""clean"",""setNumber"":3,""reps"":3,""weightKg"":75}",gym-data.csv:000564
gym-data.csv:000565,+10 x4,"[{""role"":""user"",""content"":""clean s3 65+10x3""}]","{""exercise"":""clean"",""setNumber"":4,""reps"":4,""weightKg"":85}",gym-data.csv:000565
gym-data.csv:000566,clean s5 85 4r,"[{""role"":""user"",""content"":""clean s4 75+10 4reps""}]","{""exercise"":""clean"",""setNumber"":5,""reps"":4,""weightKg"":85}",gym-data.csv:000566
gym-data.csv:000567,clean #6 85kgx4,"[{""role"":""user"",""content"":""clean s5 85 4r""}]","{""exercise"":""clean"",""setNumber"":6,""reps"":4,""weightKg"":85}",gym-data.csv:000567
gym-data.csv:000568,85x4,"[{""role"":""user"",""content"":""clean #6 85kgx4""}]","{""exercise"":""clean"",""setNumber"":7,""reps"":4,""weightKg"":85}",gym-data.csv:000568
gym-data.csv:000569,squat #1 50x4,"[{""role"":""user"",""content"":""clean #7 85 4""}]","{""exercise"":""squat"",""setNumber"":1,""reps"":4,""weightKg"":50}",gym-data.csv:000569
gym-data.csv:000570,+20 x3,"[{""role"":""user"",""content"":""squat #1 50x4""}]","{""exercise"":""squat"",""setNumber"":2,""reps"":3,""weightKg"":70}",gym-data.csv:000570
gym-data.csv:000571,squat #3 70+20 3,"[{""role"":""user"",""content"":""squat #2 70x3""}]","{""exercise"":""squat"",""setNumber"":3,""reps"":3,""weightKg"":90}",gym-data.csv:000571
gym-data.csv:000572,squat #4 90+10 4r,"[{""role"":""user"",""content"":""squat #3 70+20 3""}]","{""exercise"":""squat"",""setNumber"":4,""reps"":4,""weightKg"":100}",gym-data.csv:000572
gym-data.csv:000573,s5 100kgx4,"[{""role"":""user"",""content"":""squat #4 90+10 4r""}]","{""exercise"":""squat"",""setNumber"":5,""reps"":4,""weightKg"":100}",gym-data.csv:000573
gym-data.csv:000574,+5 x4,"[{""role"":""user"",""content"":""squat s5 100kgx4""}]","{""exercise"":""squat"",""setNumber"":6,""reps"":4,""weightKg"":105}",gym-data.csv:000574
gym-data.csv:000575,105x4,"[{""role"":""user"",""content"":""squat set6 100+5x4""}]","{""exercise"":""squat"",""setNumber"":7,""reps"":4,""weightKg"":105}",gym-data.csv:000575
gym-data.csv:000576,sj set1 40x4,[],"{""exercise"":""split_jerk"",""setNumber"":1,""reps"":4,""weightKg"":40}",gym-data.csv:000576
gym-data.csv:000577,sj set2 50kgx4,"[{""role"":""user"",""content"":""sj set1 40x4""}]","{""exercise"":""split_jerk"",""setNumber"":2,""reps"":4,""weightKg"":50}",gym-data.csv:000577
gym-data.csv:000578,sj set3 50+10 2r,"[{""role"":""user"",""content"":""sj set2 50kgx4""}]","{""exercise"":""split_jerk"",""setNumber"":3,""reps"":2,""weightKg"":60}",gym-data.csv:000578
gym-data.csv:000579,sj #4 60 4r,"[{""role"":""user"",""content"":""sj set3 50+10 2r""}]","{""exercise"":""split_jerk"",""setNumber"":4,""reps"":4,""weightKg"":60}",gym-data.csv:000579
gym-data.csv:000580,snatch s1 40 3reps,[],"{""exercise"":""snatch"",""setNumber"":1,""reps"":3,""weightKg"":40}",gym-data.csv:000580
gym-data.csv:000581,40x3,"[{""role"":""user"",""content"":""snatch s1 40 3reps""}]","{""exercise"":""snatch"",""setNumber"":2,""reps"":3,""weightKg"":40}",gym-data.csv:000581
gym-data.csv:000582,#3 40 +10 3reps,"[{""role"":""user"",""content"":""snatch set2 40x3""}]","{""exercise"":""snatch"",""setNumber"":3,""reps"":3,""weightKg"":50}",gym-data.csv:000582
gym-data.csv:000583,s4 50kg +10kg x4,"[{""role"":""user"",""content"":""snatch #3 40 +10 3reps""}]","{""exercise"":""snatch"",""setNumber"":4,""reps"":4,""weightKg"":60}",gym-data.csv:000583
gym-data.csv:000584,set5 60 4,"[{""role"":""user"",""content"":""snatch s4 50kg +10kg x4""}]","{""exercise"":""snatch"",""setNumber"":5,""reps"":4,""weightKg"":60}",gym-data.csv:000584
gym-data.csv:000585,snatch #6 60 4r,"[{""role"":""user"",""content"":""snatch set5 60 4""}]","{""exercise"":""snatch"",""setNumber"":6,""reps"":4,""weightKg"":60}",gym-data.csv:000585
gym-data.csv:000586,60x4,"[{""role"":""user"",""content"":""snatch #6 60 4r""}]","{""exercise"":""snatch"",""setNumber"":7,""reps"":4,""weightKg"":60}",gym-data.csv:000586
gym-data.csv:000587,clean #1 45kgx4,[],"{""exercise"":""clean"",""setNumber"":1,""reps"":4,""weightKg"":45}",gym-data.csv:000587
gym-data.csv:000588,clean #2 70kgx3,"[{""role"":""user"",""content"":""clean #1 45kgx4""}]","{""exercise"":""clean"",""setNumber"":2,""reps"":3,""weightKg"":70}",gym-data.csv:000588
gym-data.csv:000589,clean set3 70 +10 4,"[{""role"":""user"",""content"":""clean #2 70kgx3""}]","{""exercise"":""clean"",""setNumber"":3,""reps"":4,""weightKg"":80}",gym-data.csv:000589
gym-data.csv:000590,clean #4 80 4r,"[{""role"":""user"",""content"":""clean set3 70 +10 4""}]","{""exercise"":""clean"",""setNumber"":4,""reps"":4,""weightKg"":80}",gym-data.csv:000590
gym-data.csv:000591,clean s5 80kgx4,"[{""role"":""user"",""content"":""clean #4 80 4r""}]","{""exercise"":""clean"",""setNumber"":5,""reps"":4,""weightKg"":80}",gym-data.csv:000591
gym-data.csv:000592,s6 80x4,"[{""role"":""user"",""content"":""clean s5 80kgx4""}]","{""exercise"":""clean"",""setNumber"":6,""reps"":4,""weightKg"":80}",gym-data.csv:000592
gym-data.csv:000593,squat #1 50kgx5,[],"{""exercise"":""squat"",""setNumber"":1,""reps"":5,""weightKg"":50}",gym-data.csv:000593
gym-data.csv:000594,#2 50+20 3,"[{""role"":""user"",""content"":""squat #1 50kgx5""}]","{""exercise"":""squat"",""setNumber"":2,""reps"":3,""weightKg"":70}",gym-data.csv:000594
gym-data.csv:000595,#3 70+20x3,"[{""role"":""user"",""content"":""squat #2 50+20 3""}]","{""exercise"":""squat"",""setNumber"":3,""reps"":3,""weightKg"":90}",gym-data.csv:000595
gym-data.csv:000596,squat set4 90+10 4r,"[{""role"":""user"",""content"":""squat #3 70+20x3""}]","{""exercise"":""squat"",""setNumber"":4,""reps"":4,""weightKg"":100}",gym-data.csv:000596
gym-data.csv:000597,100x4,"[{""role"":""user"",""content"":""squat set4 90+10 4r""}]","{""exercise"":""squat"",""setNumber"":5,""reps"":4,""weightKg"":100}",gym-data.csv:000597
gym-data.csv:000598,squat s6 100 4reps,"[{""role"":""user"",""content"":""squat #5 100 4""}]","{""exercise"":""squat"",""setNumber"":6,""reps"":4,""weightKg"":100}",gym-data.csv:000598
gym-data.csv:000599,s7 100x4,"[{""role"":""user"",""content"":""squat s6 100 4reps""}]","{""exercise"":""squat"",""setNumber"":7,""reps"":4,""weightKg"":100}",gym-data.csv:000599
gym-data.csv:000600,sj s1 30kgx8,[],"{""exercise"":""split_jerk"",""setNumber"":1,""reps"":8,""weightKg"":30}",gym-data.csv:000600
gym-data.csv:000601,sj set2 40kgx5,"[{""role"":""user"",""content"":""sj s1 30kgx8""}]","{""exercise"":""split_jerk"",""setNumber"":2,""reps"":5,""weightKg"":40}",gym-data.csv:000601
gym-data.csv:000602,40x5,"[{""role"":""user"",""content"":""sj set2 40kgx5""}]","{""exercise"":""split_jerk"",""setNumber"":3,""reps"":5,""weightKg"":40}",gym-data.csv:000602
gym-data.csv:000603,sj set4 40kgx5,"[{""role"":""user"",""content"":""sj #3 40 r5""}]","{""exercise"":""split_jerk"",""setNumber"":4,""reps"":5,""weightKg"":40}",gym-data.csv:000603
gym-data.csv:000604,snatch set1 40 4r,[],"{""exercise"":""snatch"",""setNumber"":1,""reps"":4,""weightKg"":40}",gym-data.csv:000604
gym-data.csv:000605,+10 x3,"[{""role"":""user"",""content"":""snatch set1 40 4r""}]","{""exercise"":""snatch"",""setNumber"":2,""reps"":3,""weightKg"":50}",gym-data.csv:000605
gym-data.csv:000606,+10 x4,"[{""role"":""user"",""content"":""snatch s2 50 3r""}]","{""exercise"":""snatch"",""setNumber"":3,""reps"":4,""weightKg"":60}",gym-data.csv:000606
gym-data.csv:000607,set4 60+5 3,"[{""role"":""user"",""content"":""snatch set3 50 +10 r4""}]","{""exercise"":""snatch"",""setNumber"":4,""reps"":3,""weightKg"":65}",gym-data.csv:000607
gym-data.csv:000608,snatch s5 65 -5 4reps,"[{""role"":""user"",""content"":""snatch set4 60+5 3""}]","{""exercise"":""snatch"",""setNumber"":5,""reps"":4,""weightKg"":60}",gym-data.csv:000608
gym-data.csv:000609,#6 60kg +5kg x4,"[{""role"":""user"",""content"":""snatch s5 65 -5 4reps""}]","{""exercise"":""snatch"",""setNumber"":6,""reps"":4,""weightKg"":65}",gym-data.csv:000609
gym-data.csv:000610,clean s1 50 r4,[],"{""exercise"":""clean"",""setNumber"":1,""reps"":4,""weightKg"":50}",gym-data.csv:000610
gym-data.csv:000611,#2 70 3,"[{""role"":""user"",""content"":""clean s1 50 r4""}]","{""exercise"":""clean"",""setNumber"":2,""reps"":3,""weightKg"":70}",gym-data.csv:000611
gym-data.csv:000612,clean set3 80x1,"[{""role"":""user"",""content"":""clean #2 70 3""}]","{""exercise"":""clean"",""setNumber"":3,""reps"":1,""weightKg"":80}",gym-data.csv:000612
gym-data.csv:000613,+5 x1,"[{""role"":""user"",""content"":""clean set3 80x1""}]","{""exercise"":""clean"",""setNumber"":4,""reps"":1,""weightKg"":85}",gym-data.csv:000613
gym-data.csv:000614,+5 x3,"[{""role"":""user"",""content"":""clean #4 80+5x1""}]","{""exercise"":""clean"",""setNumber"":5,""reps"":3,""weightKg"":90}",gym-data.csv:000614
gym-data.csv:000615,90x3,"[{""role"":""user"",""content"":""clean s5 90 3""}]","{""exercise"":""clean"",""setNumber"":6,""reps"":3,""weightKg"":90}",gym-data.csv:000615
gym-data.csv:000616,clean s7 90x3,"[{""role"":""user"",""content"":""clean set6 90 3r""}]","{""exercise"":""clean"",""setNumber"":7,""reps"":3,""weightKg"":90}",gym-data.csv:000616
gym-data.csv:000617,squat set1 80kgx4,[],"{""exercise"":""squat"",""setNumber"":1,""reps"":4,""weightKg"":80}",gym-data.csv:000617
gym-data.csv:000618,+10 x4,"[{""role"":""user"",""content"":""squat set1 80kgx4""}]","{""exercise"":""squat"",""setNumber"":2,""reps"":4,""weightKg"":90}",gym-data.csv:000618
gym-data.csv:000619,#3 90kg +10kg x4,"[{""role"":""user"",""content"":""squat #2 80kg +10kg x4""}]","{""exercise"":""squat"",""setNumber"":3,""reps"":4,""weightKg"":100}",gym-data.csv:000619
gym-data.csv:000620,100x4,"[{""role"":""user"",""content"":""squat #3 90kg +10kg x4""}]","{""exercise"":""squat"",""setNumber"":4,""reps"":4,""weightKg"":100}",gym-data.csv:000620
gym-data.csv:000621,100x4,"[{""role"":""user"",""content"":""squat set4 100x4""}]","{""exercise"":""squat"",""setNumber"":5,""reps"":4,""weightKg"":100}",gym-data.csv:000621
gym-data.csv:000622,100x4,"[{""role"":""user"",""content"":""squat #5 100kgx4""}]","{""exercise"":""squat"",""setNumber"":6,""reps"":4,""weightKg"":100}",gym-data.csv:000622
gym-data.csv:000623,+10 x1,"[{""role"":""user"",""content"":""squat s6 100x4""}]","{""exercise"":""squat"",""setNumber"":7,""reps"":1,""weightKg"":110}",gym-data.csv:000623
gym-data.csv:000624,+5 x1,"[{""role"":""user"",""content"":""squat s7 110x1""}]","{""exercise"":""squat"",""setNumber"":8,""reps"":1,""weightKg"":115}",gym-data.csv:000624
gym-data.csv:000625,fs #1 40 4,[],"{""exercise"":""front_squat"",""setNumber"":1,""reps"":4,""weightKg"":40}",gym-data.csv:000625
gym-data.csv:000626,+10 x3,"[{""role"":""user"",""content"":""fs #1 40 4""}]","{""exercise"":""front_squat"",""setNumber"":2,""reps"":3,""weightKg"":50}",gym-data.csv:000626
gym-data.csv:000627,set3 50 +10 3r,"[{""role"":""user"",""content"":""fs s2 50kgx3""}]","{""exercise"":""front_squat"",""setNumber"":3,""reps"":3,""weightKg"":60}",gym-data.csv:000627
gym-data.csv:000628,+10 x2,"[{""role"":""user"",""content"":""fs set3 50 +10 3r""}]","{""exercise"":""front_squat"",""setNumber"":4,""reps"":2,""weightKg"":70}",gym-data.csv:000628
gym-data.csv:000629,fs set5 80x2,"[{""role"":""user"",""content"":""fs s4 70 2""}]","{""exercise"":""front_squat"",""setNumber"":5,""reps"":2,""weightKg"":80}",gym-data.csv:000629
gym-data.csv:000630,+10 x1,"[{""role"":""user"",""content"":""fs set5 80x2""}]","{""exercise"":""front_squat"",""setNumber"":6,""reps"":1,""weightKg"":90}",gym-data.csv:000630
gym-data.csv:000631,fs set7 100x1,"[{""role"":""user"",""content"":""fs set6 90kgx1""}]","{""exercise"":""front_squat"",""setNumber"":7,""reps"":1,""weightKg"":100}",gym-data.csv:000631
gym-data.csv:000632,set8 105x1,"[{""role"":""user"",""content"":""fs set7 100x1""}]","{""exercise"":""front_squat"",""setNumber"":8,""reps"":1,""weightKg"":105}",gym-data.csv:000632
gym-data.csv:000633,+5 x1,"[{""role"":""user"",""content"":""fs set8 105x1""}]","{""exercise"":""front_squat"",""setNumber"":9,""reps"":1,""weightKg"":110}",gym-data.csv:000633
gym-data.csv:000634,+5 x1,"[{""role"":""user"",""content"":""fs #9 110 1r""}]","{""exercise"":""front_squat"",""setNumber"":10,""reps"":1,""weightKg"":115}",gym-data.csv:000634
gym-data.csv:000635,psnatch s1 40kgx4,[],"{""exercise"":""power_snatch"",""setNumber"":1,""reps"":4,""weightKg"":40}",gym-data.csv:000635
gym-data.csv:000636,+10 x3,"[{""role"":""user"",""content"":""psnatch s1 40kgx4""}]","{""exercise"":""power_snatch"",""setNumber"":2,""reps"":3,""weightKg"":50}",gym-data.csv:000636
gym-data.csv:000637,+10 x4,"[{""role"":""user"",""content"":""psnatch #2 40kg +10kg x3""}]","{""exercise"":""power_snatch"",""setNumber"":3,""reps"":4,""weightKg"":60}",gym-data.csv:000637
gym-data.csv:000638,60x4,"[{""role"":""user"",""content"":""psnatch set3 50 +10 4""}]","{""exercise"":""power_snatch"",""setNumber"":4,""reps"":4,""weightKg"":60}",gym-data.csv:000638
gym-data.csv:000639,psnatch s5 60 r4,"[{""role"":""user"",""content"":""psnatch s4 60x4""}]","{""exercise"":""power_snatch"",""setNumber"":5,""reps"":4,""weightKg"":60}",gym-data.csv:000639
gym-data.csv:000640,s6 60 4r,"[{""role"":""user"",""content"":""psnatch s5 60 r4""}]","{""exercise"":""power_snatch"",""setNumber"":6,""reps"":4,""weightKg"":60}",gym-data.csv:000640
gym-data.csv:000641,psnatch #7 65 1,"[{""role"":""user"",""content"":""psnatch s6 60 4r""}]","{""exercise"":""power_snatch"",""setNumber"":7,""reps"":1,""weightKg"":65}",gym-data.csv:000641
gym-data.csv:000642,pclean set1 50kgx4,"[{""role"":""user"",""content"":""psnatch #7 65 1""}]","{""exercise"":""power_clean"",""setNumber"":1,""reps"":4,""weightKg"":50}",gym-data.csv:000642
gym-data.csv:000643,#2 50+10 3,"[{""role"":""user"",""content"":""pclean set1 50kgx4""}]","{""exercise"":""power_clean"",""setNumber"":2,""reps"":3,""weightKg"":60}",gym-data.csv:000643
gym-data.csv:000644,pclean #3 60 +10 2reps,"[{""role"":""user"",""content"":""pclean #2 50+10 3""}]","{""exercise"":""power_clean"",""setNumber"":3,""reps"":2,""weightKg"":70}",gym-data.csv:000644
gym-data.csv:000645,pclean set4 70+10x4,"[{""role"":""user"",""content"":""pclean #3 60 +10 2reps""}]","{""exercise"":""power_clean"",""setNumber"":4,""reps"":4,""weightKg"":80}",gym-data.csv:000645
gym-data.csv:000646,pclean set5 80kgx4,"[{""role"":""user"",""content"":""pclean set4 70+10x4""}]","{""exercise"":""power_clean"",""setNumber"":5,""reps"":4,""weightKg"":80}",gym-data.csv:000646
gym-data.csv:000647,pclean s6 80kgx4,"[{""role"":""user"",""content"":""pclean set5 80kgx4""}]","{""exercise"":""power_clean"",""setNumber"":6,""reps"":4,""weightKg"":80}",gym-data.csv:000647
gym-data.csv:000648,snatch #1 40kgx4,[],"{""exercise"":""snatch"",""setNumber"":1,""reps"":4,""weightKg"":40}",gym-data.csv:000648
gym-data.csv:000649,set2 40+10 3r,"[{""role"":""user"",""content"":""snatch #1 40kgx4""}]","{""exercise"":""snatch"",""setNumber"":2,""reps"":3,""weightKg"":50}",gym-data.csv:000649
gym-data.csv:000650,snatch s3 50 +10 4r,"[{""role"":""user"",""content"":""snatch set2 40+10 3r""}]","{""exercise"":""snatch"",""setNumber"":3,""reps"":4,""weightKg"":60}",gym-data.csv:000650
gym-data.csv:000651,+5 x4,"[{""role"":""user"",""content"":""snatch s3 50 +10 4r""}]","{""exercise"":""snatch"",""setNumber"":4,""reps"":4,""weightKg"":65}",gym-data.csv:000651
gym-data.csv:000652,#5 65kgx4,"[{""role"":""user"",""content"":""snatch #4 60+5 4""}]","{""exercise"":""snatch"",""setNumber"":5,""reps"":4,""weightKg"":65}",gym-data.csv:000652
gym-data.csv:000653,snatch s6 65x4,"[{""role"":""user"",""content"":""snatch #5 65kgx4""}]","{""exercise"":""snatch"",""setNumber"":6,""reps"":4,""weightKg"":65}",gym-data.csv:000653
gym-data.csv:000654,#7 70 3reps,"[{""role"":""user"",""content"":""snatch s6 65x4""}]","{""exercise"":""snatch"",""setNumber"":7,""reps"":3,""weightKg"":70}",gym-data.csv:000654
gym-data.csv:000655,clean #1 50x4,"[{""role"":""user"",""content"":""snatch #7 70 3reps""}]","{""exercise"":""clean"",""setNumber"":1,""reps"":4,""weightKg"":50}",gym-data.csv:000655
gym-data.csv:000656,s2 70kgx3,"[{""role"":""user"",""content"":""clean #1 50x4""}]","{""exercise"":""clean"",""setNumber"":2,""reps"":3,""weightKg"":70}",gym-data.csv:000656
gym-data.csv:000657,set3 80x2,"[{""role"":""user"",""content"":""clean s2 70kgx3""}]","{""exercise"":""clean"",""setNumber"":3,""reps"":2,""weightKg"":80}",gym-data.csv:000657
gym-data.csv:000658,clean s4 80+5 1reps,"[{""role"":""user"",""content"":""clean set3 80x2""}]","{""exercise"":""clean"",""setNumber"":4,""reps"":1,""weightKg"":85}",gym-data.csv:000658
gym-data.csv:000659,clean set5 95x1,"[{""role"":""user"",""content"":""clean s4 80+5 1reps""}]","{""exercise"":""clean"",""setNumber"":5,""reps"":1,""weightKg"":95}",gym-data.csv:000659
gym-data.csv:000660,+5 x1,"[{""role"":""user"",""content"":""clean set5 95x1""}]","{""exercise"":""clean"",""setNumber"":6,""reps"":1,""weightKg"":100}",gym-data.csv:000660
gym-data.csv:000661,clean s7 100 -10 r3,"[{""role"":""user"",""content"":""clean #6 100 1""}]","{""exercise"":""clean"",""setNumber"":7,""reps"":3,""weightKg"":90}",gym-data.csv:000661
gym-data.csv:000662,s8 90kgx3,"[{""role"":""user"",""content"":""clean s7 100 -10 r3""}]","{""exercise"":""clean"",""setNumber"":8,""reps"":3,""weightKg"":90}",gym-data.csv:000662
gym-data.csv:000663,squat set1 60kgx4,"[{""role"":""user"",""content"":""clean s8 90kgx3""}]","{""exercise"":""squat"",""setNumber"":1,""reps"":4,""weightKg"":60}",gym-data.csv:000663
gym-data.csv:000664,squat s2 60kg +20kg x3,"[{""role"":""user"",""content"":""squat set1 60kgx4""}]","{""exercise"":""squat"",""setNumber"":2,""reps"":3,""weightKg"":80}",gym-data.csv:000664
gym-data.csv:000665,squat set3 80+10 3,"[{""role"":""user"",""content"":""squat s2 60kg +20kg x3""}]","{""exercise"":""squat"",""setNumber"":3,""reps"":3,""weightKg"":90}",gym-data.csv:000665
gym-data.csv:000666,+10 x3,"[{""role"":""user"",""content"":""squat set3 80+10 3""}]","{""exercise"":""squat"",""setNumber"":4,""reps"":3,""weightKg"":100}",gym-data.csv:000666
gym-data.csv:000667,#5 110 3r,"[{""role"":""user"",""content"":""squat set4 100 3""}]","{""exercise"":""squat"",""setNumber"":5,""reps"":3,""weightKg"":110}",gym-data.csv:000667
gym-data.csv:000668,squat set6 110kg +5kg x3,"[{""role"":""user"",""content"":""squat #5 110 3r""}]","{""exercise"":""squat"",""setNumber"":6,""reps"":3,""weightKg"":115}",gym-data.csv:000668
gym-data.csv:000669,snatch #1 30 4r,[],"{""exercise"":""snatch"",""setNumber"":1,""reps"":4,""weightKg"":30}",gym-data.csv:000669
gym-data.csv:000670,snatch set2 30+10 r4,"[{""role"":""user"",""content"":""snatch #1 30 4r""}]","{""exercise"":""snatch"",""setNumber"":2,""reps"":4,""weightKg"":40}",gym-data.csv:000670
gym-data.csv:000671,#3 50 4,"[{""role"":""user"",""content"":""snatch set2 30+10 r4""}]","{""exercise"":""snatch"",""setNumber"":3,""reps"":4,""weightKg"":50}",gym-data.csv:000671
gym-data.csv:000672,+10 x2,"[{""role"":""user"",""content"":""snatch #3 50 4""}]","{""exercise"":""snatch"",""setNumber"":4,""reps"":2,""weightKg"":60}",gym-data.csv:000672
gym-data.csv:000673,snatch set5 60x4,"[{""role"":""user"",""content"":""snatch s4 60kgx2""}]","{""exercise"":""snatch"",""setNumber"":5,""reps"":4,""weightKg"":60}",gym-data.csv:000673
gym-data.csv:000674,60x4,"[{""role"":""user"",""content"":""snatch set5 60x4""}]","{""exercise"":""snatch"",""setNumber"":6,""reps"":4,""weightKg"":60}",gym-data.csv:000674
gym-data.csv:000675,snatch s7 60kgx4,"[{""role"":""user"",""content"":""snatch #6 60 4""}]","{""exercise"":""snatch"",""setNumber"":7,""reps"":4,""weightKg"":60}",gym-data.csv:000675
gym-data.csv:000676,60x5,"[{""role"":""user"",""content"":""snatch s7 60kgx4""}]","{""exercise"":""snatch"",""setNumber"":8,""reps"":5,""weightKg"":60}",gym-data.csv:000676
gym-data.csv:000677,cj #1 50kgx4,[],"{""exercise"":""clean_and_jerk"",""setNumber"":1,""reps"":4,""weightKg"":50}",gym-data.csv:000677
gym-data.csv:000678,cj set2 50x4,"[{""role"":""user"",""content"":""cj #1 50kgx4""}]","{""exercise"":""clean_and_jerk"",""setNumber"":2,""reps"":4,""weightKg"":50}",gym-data.csv:000678
gym-data.csv:000679,cj s3 50 +10 2,"[{""role"":""user"",""content"":""cj set2 50x4""}]","{""exercise"":""clean_and_jerk"",""setNumber"":3,""reps"":2,""weightKg"":60}",gym-data.csv:000679
gym-data.csv:000680,+10 x1,"[{""role"":""user"",""content"":""cj s3 50 +10 2""}]","{""exercise"":""clean_and_jerk"",""setNumber"":4,""reps"":1,""weightKg"":70}",gym-data.csv:000680
gym-data.csv:000681,+10 x2,"[{""role"":""user"",""content"":""cj set4 70 r1""}]","{""exercise"":""clean_and_jerk"",""setNumber"":5,""reps"":2,""weightKg"":80}",gym-data.csv:000681
gym-data.csv:000682,cj set6 80 r2,"[{""role"":""user"",""content"":""cj s5 70kg +10kg x2""}]","{""exercise"":""clean_and_jerk"",""setNumber"":6,""reps"":2,""weightKg"":80}",gym-data.csv:000682
gym-data.csv:000683,set7 80kgx2,"[{""role"":""user"",""content"":""cj set6 80 r2""}]","{""exercise"":""clean_and_jerk"",""setNumber"":7,""reps"":2,""weightKg"":80}",gym-data.csv:000683
gym-data.csv:000684,set8 80 2r,"[{""role"":""user"",""content"":""cj set7 80kgx2""}]","{""exercise"":""clean_and_jerk"",""setNumber"":8,""reps"":2,""weightKg"":80}",gym-data.csv:000684
gym-data.csv:000685,cj set9 80kgx2,"[{""role"":""user"",""content"":""cj set8 80 2r""}]","{""exercise"":""clean_and_jerk"",""setNumber"":9,""reps"":2,""weightKg"":80}",gym-data.csv:000685
gym-data.csv:000686,80x2,"[{""role"":""user"",""content"":""cj set9 80kgx2""}]","{""exercise"":""clean_and_jerk"",""setNumber"":10,""reps"":2,""weightKg"":80}",gym-data.csv:000686
gym-data.csv:000687,squat #1 60x4,[],"{""exercise"":""squat"",""setNumber"":1,""reps"":4,""weightKg"":60}",gym-data.csv:000687
gym-data.csv:000688,+20 x3,"[{""role"":""user"",""content"":""squat #1 60x4""}]","{""exercise"":""squat"",""setNumber"":2,""reps"":3,""weightKg"":80}",gym-data.csv:000688
gym-data.csv:000689,+10 x2,"[{""role"":""user"",""content"":""squat s2 60+20 3r""}]","{""exercise"":""squat"",""setNumber"":3,""reps"":2,""weightKg"":90}",gym-data.csv:000689
gym-data.csv:000690,squat s4 90kg +10kg x2,"[{""role"":""user"",""content"":""squat set3 80+10x2""}]","{""exercise"":""squat"",""setNumber"":4,""reps"":2,""weightKg"":100}",gym-data.csv:000690
gym-data.csv:000691,+5 x4,"[{""role"":""user"",""content"":""squat s4 90kg +10kg x2""}]","{""exercise"":""squat"",""setNumber"":5,""reps"":4,""weightKg"":105}",gym-data.csv:000691
gym-data.csv:000692,squat s6 105 4,"[{""role"":""user"",""content"":""squat #5 100+5x4""}]","{""exercise"":""squat"",""setNumber"":6,""reps"":4,""weightKg"":105}",gym-data.csv:000692
gym-data.csv:000693,squat s7 105x4,"[{""role"":""user"",""content"":""squat s6 105 4""}]","{""exercise"":""squat"",""setNumber"":7,""reps"":4,""weightKg"":105}",gym-data.csv:000693
gym-data.csv:000694,105x2,"[{""role"":""user"",""content"":""squat s7 105x4""}]","{""exercise"":""squat"",""setNumber"":8,""reps"":2,""weightKg"":105}",gym-data.csv:000694
gym-data.csv:000695,fs s1 50 5reps,[],"{""exercise"":""front_squat"",""setNumber"":1,""reps"":5,""weightKg"":50}",gym-data.csv:000695
gym-data.csv:000696,s2 50+10x4,"[{""role"":""user"",""content"":""fs s1 50 5reps""}]","{""exercise"":""front_squat"",""setNumber"":2,""reps"":4,""weightKg"":60}",gym-data.csv:000696
gym-data.csv:000697,+10 x3,"[{""role"":""user"",""content"":""fs s2 50+10x4""}]","{""exercise"":""front_squat"",""setNumber"":3,""reps"":3,""weightKg"":70}",gym-data.csv:000697
gym-data.csv:000698,fs set4 70kgx3,"[{""role"":""user"",""content"":""fs s3 70 3""}]","{""exercise"":""front_squat"",""setNumber"":4,""reps"":3,""weightKg"":70}",gym-data.csv:000698
gym-data.csv:000699,fs s5 70+10x2,"[{""role"":""user"",""content"":""fs set4 70kgx3""}]","{""exercise"":""front_squat"",""setNumber"":5,""reps"":2,""weightKg"":80}",gym-data.csv:000699
gym-data.csv:000700,+10 x2,"[{""role"":""user"",""content"":""fs s5 70+10x2""}]","{""exercise"":""front_squat"",""setNumber"":6,""reps"":2,""weightKg"":90}",gym-data.csv:000700
gym-data.csv:000701,fs set7 90+10x1,"[{""role"":""user"",""content"":""fs set6 90kgx2""}]","{""exercise"":""front_squat"",""setNumber"":7,""reps"":1,""weightKg"":100}",gym-data.csv:000701
gym-data.csv:000702,set8 110x1,"[{""role"":""user"",""content"":""fs set7 90+10x1""}]","{""exercise"":""front_squat"",""setNumber"":8,""reps"":1,""weightKg"":110}",gym-data.csv:000702
gym-data.csv:000703,fs s9 110+5x1,"[{""role"":""user"",""content"":""fs set8 110x1""}]","{""exercise"":""front_squat"",""setNumber"":9,""reps"":1,""weightKg"":115}",gym-data.csv:000703
gym-data.csv:000704,psnatch set1 40x3,"[{""role"":""user"",""content"":""fs s9 110+5x1""}]","{""exercise"":""power_snatch"",""setNumber"":1,""reps"":3,""weightKg"":40}",gym-data.csv:000704
gym-data.csv:000705,s2 40+10x3,"[{""role"":""user"",""content"":""psnatch set1 40x3""}]","{""exercise"":""power_snatch"",""setNumber"":2,""reps"":3,""weightKg"":50}",gym-data.csv:000705
gym-data.csv:000706,+10 x3,"[{""role"":""user"",""content"":""psnatch s2 40+10x3""}]","{""exercise"":""power_snatch"",""setNumber"":3,""reps"":3,""weightKg"":60}",gym-data.csv:000706
gym-data.csv:000707,60x3,"[{""role"":""user"",""content"":""psnatch set3 60kgx3""}]","{""exercise"":""power_snatch"",""setNumber"":4,""reps"":3,""weightKg"":60}",gym-data.csv:000707
gym-data.csv:000708,#5 60x3,"[{""role"":""user"",""content"":""psnatch s4 60 3r""}]","{""exercise"":""power_snatch"",""setNumber"":5,""reps"":3,""weightKg"":60}",gym-data.csv:000708
gym-data.csv:000709,60x3,"[{""role"":""user"",""content"":""psnatch #5 60x3""}]","{""exercise"":""power_snatch"",""setNumber"":6,""reps"":3,""weightKg"":60}",gym-data.csv:000709
gym-data.csv:000710,s7 65x1,"[{""role"":""user"",""content"":""psnatch set6 60x3""}]","{""exercise"":""power_snatch"",""setNumber"":7,""reps"":1,""weightKg"":65}",gym-data.csv:000710
gym-data.csv:000711,pclean set1 50x4,[],"{""exercise"":""power_clean"",""setNumber"":1,""reps"":4,""weightKg"":50}",gym-data.csv:000711
gym-data.csv:000712,+10 x2,"[{""role"":""user"",""content"":""pclean set1 50x4""}]","{""exercise"":""power_clean"",""setNumber"":2,""reps"":2,""weightKg"":60}",gym-data.csv:000712
gym-data.csv:000713,s3 60 +10 2,"[{""role"":""user"",""content"":""pclean #2 60kgx2""}]","{""exercise"":""power_clean"",""setNumber"":3,""reps"":2,""weightKg"":70}",gym-data.csv:000713
gym-data.csv:000714,pclean s4 70kg +10kg x2,"[{""role"":""user"",""content"":""pclean s3 60 +10 2""}]","{""exercise"":""power_clean"",""setNumber"":4,""reps"":2,""weightKg"":80}",gym-data.csv:000714
gym-data.csv:000715,80x2,"[{""role"":""user"",""content"":""pclean s4 70kg +10kg x2""}]","{""exercise"":""power_clean"",""setNumber"":5,""reps"":2,""weightKg"":80}",gym-data.csv:000715
gym-data.csv:000716,pclean set6 80kgx2,"[{""role"":""user"",""content"":""pclean #5 80kgx2""}]","{""exercise"":""power_clean"",""setNumber"":6,""reps"":2,""weightKg"":80}",gym-data.csv:000716
gym-data.csv:000717,80x1,"[{""role"":""user"",""content"":""pclean set6 80kgx2""}]","{""exercise"":""power_clean"",""setNumber"":7,""reps"":1,""weightKg"":80}",gym-data.csv:000717
gym-data.csv:000718,pclean set8 90kgx1,"[{""role"":""user"",""content"":""pclean #7 80x1""}]","{""exercise"":""power_clean"",""setNumber"":8,""reps"":1,""weightKg"":90}",gym-data.csv:000718
gym-data.csv:000719,spull s1 60kgx2,"[{""role"":""user"",""content"":""pclean set8 90kgx1""}]","{""exercise"":""snatch_pull"",""setNumber"":1,""reps"":2,""weightKg"":60}",gym-data.csv:000719
gym-data.csv:000720,spull #2 70 2reps,"[{""role"":""user"",""content"":""spull s1 60kgx2""}]","{""exercise"":""snatch_pull"",""setNumber"":2,""reps"":2,""weightKg"":70}",gym-data.csv:000720
gym-data.csv:000721,s3 70+10x4,"[{""role"":""user"",""content"":""spull #2 70 2reps""}]","{""exercise"":""snatch_pull"",""setNumber"":3,""reps"":4,""weightKg"":80}",gym-data.csv:000721
gym-data.csv:000722,+5 x4,"[{""role"":""user"",""content"":""spull s3 70+10x4""}]","{""exercise"":""snatch_pull"",""setNumber"":4,""reps"":4,""weightKg"":85}",gym-data.csv:000722
gym-data.csv:000723,85x4,"[{""role"":""user"",""content"":""spull set4 85kgx4""}]","{""exercise"":""snatch_pull"",""setNumber"":5,""reps"":4,""weightKg"":85}",gym-data.csv:000723
gym-data.csv:000724,snatch set1 40kgx4,[],"{""exercise"":""snatch"",""setNumber"":1,""reps"":4,""weightKg"":40}",gym-data.csv:000724
gym-data.csv:000725,s2 50kgx3,"[{""role"":""user"",""content"":""snatch set1 40kgx4""}]","{""exercise"":""snatch"",""setNumber"":2,""reps"":3,""weightKg"":50}",gym-data.csv:000725
gym-data.csv:000726,+10 x3,"[{""role"":""user"",""content"":""snatch s2 50kgx3""}]","{""exercise"":""snatch"",""setNumber"":3,""reps"":3,""weightKg"":60}",gym-data.csv:000726
gym-data.csv:000727,snatch s4 65 3,"[{""role"":""user"",""content"":""snatch s3 60x3""}]","{""exercise"":""snatch"",""setNumber"":4,""reps"":3,""weightKg"":65}",gym-data.csv:000727
gym-data.csv:000728,65x3,"[{""role"":""user"",""content"":""snatch s4 65 3""}]","{""exercise"":""snatch"",""setNumber"":5,""reps"":3,""weightKg"":65}",gym-data.csv:000728
gym-data.csv:000729,+5 x2,"[{""role"":""user"",""content"":""snatch #5 65 3""}]","{""exercise"":""snatch"",""setNumber"":6,""reps"":2,""weightKg"":70}",gym-data.csv:000729
gym-data.csv:000730,s7 70 +5 2r,"[{""role"":""user"",""content"":""snatch #6 65+5x2""}]","{""exercise"":""snatch"",""setNumber"":7,""reps"":2,""weightKg"":75}",gym-data.csv:000730
gym-data.csv:000731,clean set1 50x4,[],"{""exercise"":""clean"",""setNumber"":1,""reps"":4,""weightKg"":50}",gym-data.csv:000731
gym-data.csv:000732,+20 x3,"[{""role"":""user"",""content"":""clean set1 50x4""}]","{""exercise"":""clean"",""setNumber"":2,""reps"":3,""weightKg"":70}",gym-data.csv:000732
gym-data.csv:000733,+10 x1,"[{""role"":""user"",""content"":""clean #2 50+20 3reps""}]","{""exercise"":""clean"",""setNumber"":3,""reps"":1,""weightKg"":80}",gym-data.csv:000733
gym-data.csv:000734,+5 x1,"[{""role"":""user"",""content"":""clean #3 80x1""}]","{""exercise"":""clean"",""setNumber"":4,""reps"":1,""weightKg"":85}",gym-data.csv:000734
gym-data.csv:000735,clean s5 90 3reps,"[{""role"":""user"",""content"":""clean set4 85 r1""}]","{""exercise"":""clean"",""setNumber"":5,""reps"":3,""weightKg"":90}",gym-data.csv:000735
gym-data.csv:000736,90x3,"[{""role"":""user"",""content"":""clean s5 90 3reps""}]","{""exercise"":""clean"",""setNumber"":6,""reps"":3,""weightKg"":90}",gym-data.csv:000736
gym-data.csv:000737,#7 90x3,"[{""role"":""user"",""content"":""clean #6 90x3""}]","{""exercise"":""clean"",""setNumber"":7,""reps"":3,""weightKg"":90}",gym-data.csv:000737
gym-data.csv:000738,squat #1 60x4,[],"{""exercise"":""squat"",""setNumber"":1,""reps"":4,""weightKg"":60}",gym-data.csv:000738
gym-data.csv:000739,squat set2 80kgx4,"[{""role"":""user"",""content"":""squat #1 60x4""}]","{""exercise"":""squat"",""setNumber"":2,""reps"":4,""weightKg"":80}",gym-data.csv:000739
gym-data.csv:000740,squat s3 80+15 3reps,"[{""role"":""user"",""content"":""squat set2 80kgx4""}]","{""exercise"":""squat"",""setNumber"":3,""reps"":3,""weightKg"":95}",gym-data.csv:000740
gym-data.csv:000741,#4 95 +5 1r,"[{""role"":""user"",""content"":""squat s3 80+15 3reps""}]","{""exercise"":""squat"",""setNumber"":4,""reps"":1,""weightKg"":100}",gym-data.csv:000741
gym-data.csv:000742,squat #5 100+5 r1,"[{""role"":""user"",""content"":""squat #4 95 +5 1r""}]","{""exercise"":""squat"",""setNumber"":5,""reps"":1,""weightKg"":105}",gym-data.csv:000742
gym-data.csv:000743,squat set6 110kgx3,"[{""role"":""user"",""content"":""squat #5 100+5 r1""}]","{""exercise"":""squat"",""setNumber"":6,""reps"":3,""weightKg"":110}",gym-data.csv:000743
gym-data.csv:000744,squat set7 110kgx2,"[{""role"":""user"",""content"":""squat set6 110kgx3""}]","{""exercise"":""squat"",""setNumber"":7,""reps"":2,""weightKg"":110}",gym-data.csv:000744
gym-data.csv:000745,110x3,"[{""role"":""user"",""content"":""squat set7 110kgx2""}]","{""exercise"":""squat"",""setNumber"":8,""reps"":3,""weightKg"":110}",gym-data.csv:000745
gym-data.csv:000746,sb #1 30 4,"[{""role"":""user"",""content"":""squat s8 110 3r""}]","{""exercise"":""snatch_balance"",""setNumber"":1,""reps"":4,""weightKg"":30}",gym-data.csv:000746
gym-data.csv:000747,sb #2 30kg +10kg x5,"[{""role"":""user"",""content"":""sb #1 30 4""}]","{""exercise"":""snatch_balance"",""setNumber"":2,""reps"":5,""weightKg"":40}",gym-data.csv:000747
gym-data.csv:000748,sb set3 40+5x4,"[{""role"":""user"",""content"":""sb #2 30kg +10kg x5""}]","{""exercise"":""snatch_balance"",""setNumber"":3,""reps"":4,""weightKg"":45}",gym-data.csv:000748
gym-data.csv:000749,sb s4 45+5x4,"[{""role"":""user"",""content"":""sb set3 40+5x4""}]","{""exercise"":""snatch_balance"",""setNumber"":4,""reps"":4,""weightKg"":50}",gym-data.csv:000749
gym-data.csv:000750,+10 x1,"[{""role"":""user"",""content"":""sb s4 45+5x4""}]","{""exercise"":""snatch_balance"",""setNumber"":5,""reps"":1,""weightKg"":60}",gym-data.csv:000750
gym-data.csv:000751,snatch s1 40x5,[],"{""exercise"":""snatch"",""setNumber"":1,""reps"":5,""weightKg"":40}",gym-data.csv:000751
gym-data.csv:000752,snatch s2 50 5r,"[{""role"":""user"",""content"":""snatch s1 40x5""}]","{""exercise"":""snatch"",""setNumber"":2,""reps"":5,""weightKg"":50}",gym-data.csv:000752
gym-data.csv:000753,#3 55kgx5,"[{""role"":""user"",""content"":""snatch s2 50 5r""}]","{""exercise"":""snatch"",""setNumber"":3,""reps"":5,""weightKg"":55}",gym-data.csv:000753
gym-data.csv:000754,55x5,"[{""role"":""user"",""content"":""snatch #3 55kgx5""}]","{""exercise"":""snatch"",""setNumber"":4,""reps"":5,""weightKg"":55}",gym-data.csv:000754
gym-data.csv:000755,snatch s5 55+5x5,"[{""role"":""user"",""content"":""snatch #4 55x5""}]","{""exercise"":""snatch"",""setNumber"":5,""reps"":5,""weightKg"":60}",gym-data.csv:000755
gym-data.csv:000756,snatch #6 65kgx5,"[{""role"":""user"",""content"":""snatch s5 55+5x5""}]","{""exercise"":""snatch"",""setNumber"":6,""reps"":5,""weightKg"":65}",gym-data.csv:000756
gym-data.csv:000757,snatch set7 70kgx1,"[{""role"":""user"",""content"":""snatch #6 65kgx5""}]","{""exercise"":""snatch"",""setNumber"":7,""reps"":1,""weightKg"":70}",gym-data.csv:000757
gym-data.csv:000758,squat set1 40 5,[],"{""exercise"":""squat"",""setNumber"":1,""reps"":5,""weightKg"":40}",gym-data.csv:000758
gym-data.csv:000759,squat set2 40+20 5,"[{""role"":""user"",""content"":""squat set1 40 5""}]","{""exercise"":""squat"",""setNumber"":2,""reps"":5,""weightKg"":60}",gym-data.csv:000759
gym-data.csv:000760,squat #3 60kg +20kg x4,"[{""role"":""user"",""content"":""squat set2 40+20 5""}]","{""exercise"":""squat"",""setNumber"":3,""reps"":4,""weightKg"":80}",gym-data.csv:000760
gym-data.csv:000761,squat #4 90x3,"[{""role"":""user"",""content"":""squat #3 60kg +20kg x4""}]","{""exercise"":""squat"",""setNumber"":4,""reps"":3,""weightKg"":90}",gym-data.csv:000761
gym-data.csv:000762,s5 100 5,"[{""role"":""user"",""content"":""squat #4 90x3""}]","{""exercise"":""squat"",""setNumber"":5,""reps"":5,""weightKg"":100}",gym-data.csv:000762
gym-data.csv:000763,squat set6 100 r5,"[{""role"":""user"",""content"":""squat s5 100 5""}]","{""exercise"":""squat"",""setNumber"":6,""reps"":5,""weightKg"":100}",gym-data.csv:000763
gym-data.csv:000764,squat s7 100x5,"[{""role"":""user"",""content"":""squat set6 100 r5""}]","{""exercise"":""squat"",""setNumber"":7,""reps"":5,""weightKg"":100}",gym-data.csv:000764
gym-data.csv:000765,squat s8 100kgx5,"[{""role"":""user"",""content"":""squat s7 100x5""}]","{""exercise"":""squat"",""setNumber"":8,""reps"":5,""weightKg"":100}",gym-data.csv:000765
gym-data.csv:000766,squat set9 100 +5 5reps,"[{""role"":""user"",""content"":""squat s8 100kgx5""}]","{""exercise"":""squat"",""setNumber"":9,""reps"":5,""weightKg"":105}",gym-data.csv:000766
gym-data.csv:000767,cj s1 50 4,[],"{""exercise"":""clean_and_jerk"",""setNumber"":1,""reps"":4,""weightKg"":50}",gym-data.csv:000767
gym-data.csv:000768,set2 50kgx3,"[{""role"":""user"",""content"":""cj s1 50 4""}]","{""exercise"":""clean_and_jerk"",""setNumber"":2,""reps"":3,""weightKg"":50}",gym-data.csv:000768
gym-data.csv:000769,+20 x5,"[{""role"":""user"",""content"":""cj set2 50kgx3""}]","{""exercise"":""clean_and_jerk"",""setNumber"":3,""reps"":5,""weightKg"":70}",gym-data.csv:000769
gym-data.csv:000770,70x5,"[{""role"":""user"",""content"":""cj #3 70 5""}]","{""exercise"":""clean_and_jerk"",""setNumber"":4,""reps"":5,""weightKg"":70}",gym-data.csv:000770
gym-data.csv:000771,cj s5 70x5,"[{""role"":""user"",""content"":""cj set4 70 5reps""}]","{""exercise"":""clean_and_jerk"",""setNumber"":5,""reps"":5,""weightKg"":70}",gym-data.csv:000771
gym-data.csv:000772,cj #6 70x5,"[{""role"":""user"",""content"":""cj s5 70x5""}]","{""exercise"":""clean_and_jerk"",""setNumber"":6,""reps"":5,""weightKg"":70}",gym-data.csv:000772
gym-data.csv:000773,cj s7 70 +5 r5,"[{""role"":""user"",""content"":""cj #6 70x5""}]","{""exercise"":""clean_and_jerk"",""setNumber"":7,""reps"":5,""weightKg"":75}",gym-data.csv:000773
gym-data.csv:000774,squat set1 60 4reps,[],"{""exercise"":""squat"",""setNumber"":1,""reps"":4,""weightKg"":60}",gym-data.csv:000774
gym-data.csv:000775,+20 x3,"[{""role"":""user"",""content"":""squat set1 60 4reps""}]","{""exercise"":""squat"",""setNumber"":2,""reps"":3,""weightKg"":80}",gym-data.csv:000775
gym-data.csv:000776,squat set3 90 5reps,"[{""role"":""user"",""content"":""squat s2 60+20x3""}]","{""exercise"":""squat"",""setNumber"":3,""reps"":5,""weightKg"":90}",gym-data.csv:000776
gym-data.csv:000777,90x5,"[{""role"":""user"",""content"":""squat set3 90 5reps""}]","{""exercise"":""squat"",""setNumber"":4,""reps"":5,""weightKg"":90}",gym-data.csv:000777
gym-data.csv:000778,+10 x5,"[{""role"":""user"",""content"":""squat set4 90kgx5""}]","{""exercise"":""squat"",""setNumber"":5,""reps"":5,""weightKg"":100}",gym-data.csv:000778
gym-data.csv:000779,squat set6 100x5,"[{""role"":""user"",""content"":""squat s5 90 +10 5""}]","{""exercise"":""squat"",""setNumber"":6,""reps"":5,""weightKg"":100}",gym-data.csv:000779
gym-data.csv:000780,squat set7 100 +5 5,"[{""role"":""user"",""content"":""squat set6 100x5""}]","{""exercise"":""squat"",""setNumber"":7,""reps"":5,""weightKg"":105}",gym-data.csv:000780
gym-data.csv:000781,fs set1 50x4,[],"{""exercise"":""front_squat"",""setNumber"":1,""reps"":4,""weightKg"":50}",gym-data.csv:000781
gym-data.csv:000782,fs s2 50+20 4,"[{""role"":""user"",""content"":""fs set1 50x4""}]","{""exercise"":""front_squat"",""setNumber"":2,""reps"":4,""weightKg"":70}",gym-data.csv:000782
gym-data.csv:000783,fs set3 70 +10 5r,"[{""role"":""user"",""content"":""fs s2 50+20 4""}]","{""exercise"":""front_squat"",""setNumber"":3,""reps"":5,""weightKg"":80}",gym-data.csv:000783
gym-data.csv:000784,80x5,"[{""role"":""user"",""content"":""fs set3 70 +10 5r""}]","{""exercise"":""front_squat"",""setNumber"":4,""reps"":5,""weightKg"":80}",gym-data.csv:000784
gym-data.csv:000785,fs set5 85x5,"[{""role"":""user"",""content"":""fs #4 80x5""}]","{""exercise"":""front_squat"",""setNumber"":5,""reps"":5,""weightKg"":85}",gym-data.csv:000785
gym-data.csv:000786,fs #6 85x5,"[{""role"":""user"",""content"":""fs set5 85x5""}]","{""exercise"":""front_squat"",""setNumber"":6,""reps"":5,""weightKg"":85}",gym-data.csv:000786
gym-data.csv:000787,+5 x5,"[{""role"":""user"",""content"":""fs #6 85x5""}]","{""exercise"":""front_squat"",""setNumber"":7,""reps"":5,""weightKg"":90}",gym-data.csv:000787
gym-data.csv:000788,fs s8 100x2,"[{""role"":""user"",""content"":""fs #7 85+5x5""}]","{""exercise"":""front_squat"",""setNumber"":8,""reps"":2,""weightKg"":100}",gym-data.csv:000788
gym-data.csv:000789,mp s1 30 r5,[],"{""exercise"":""military_press"",""setNumber"":1,""reps"":5,""weightKg"":30}",gym-data.csv:000789
gym-data.csv:000790,mp s2 40kgx4,"[{""role"":""user"",""content"":""mp s1 30 r5""}]","{""exercise"":""military_press"",""setNumber"":2,""reps"":4,""weightKg"":40}",gym-data.csv:000790
gym-data.csv:000791,mp set3 40 r4,"[{""role"":""user"",""content"":""mp s2 40kgx4""}]","{""exercise"":""military_press"",""setNumber"":3,""reps"":4,""weightKg"":40}",gym-data.csv:000791
gym-data.csv:000792,mp s4 40kgx4,"[{""role"":""user"",""content"":""mp set3 40 r4""}]","{""exercise"":""military_press"",""setNumber"":4,""reps"":4,""weightKg"":40}",gym-data.csv:000792
gym-data.csv:000793,mp #5 45kgx6,"[{""role"":""user"",""content"":""mp s4 40kgx4""}]","{""exercise"":""military_press"",""setNumber"":5,""reps"":6,""weightKg"":45}",gym-data.csv:000793
gym-data.csv:000794,snatch set1 40x5,[],"{""exercise"":""snatch"",""setNumber"":1,""reps"":5,""weightKg"":40}",gym-data.csv:000794
gym-data.csv:000795,#2 50 5reps,"[{""role"":""user"",""content"":""snatch set1 40x5""}]","{""exercise"":""snatch"",""setNumber"":2,""reps"":5,""weightKg"":50}",gym-data.csv:000795
gym-data.csv:000796,#3 55 r5,"[{""role"":""user"",""content"":""snatch #2 50 5reps""}]","{""exercise"":""snatch"",""setNumber"":3,""reps"":5,""weightKg"":55}",gym-data.csv:000796
gym-data.csv:000797,55x5,"[{""role"":""user"",""content"":""snatch #3 55 r5""}]","{""exercise"":""snatch"",""setNumber"":4,""reps"":5,""weightKg"":55}",gym-data.csv:000797
gym-data.csv:000798,snatch #5 55+5x5,"[{""role"":""user"",""content"":""snatch set4 55 5r""}]","{""exercise"":""snatch"",""setNumber"":5,""reps"":5,""weightKg"":60}",gym-data.csv:000798
gym-data.csv:000799,+5 x5,"[{""role"":""user"",""content"":""snatch #5 55+5x5""}]","{""exercise"":""snatch"",""setNumber"":6,""reps"":5,""weightKg"":65}",gym-data.csv:000799
gym-data.csv:000800,s7 70x1,"[{""role"":""user"",""content"":""snatch set6 60+5 5r""}]","{""exercise"":""snatch"",""setNumber"":7,""reps"":1,""weightKg"":70}",gym-data.csv:000800
gym-data.csv:000801,clean set1 50x4,[],"{""exercise"":""clean"",""setNumber"":1,""reps"":4,""weightKg"":50}",gym-data.csv:000801
gym-data.csv:000802,clean s2 50+20x5,"[{""role"":""user"",""content"":""clean set1 50x4""}]","{""exercise"":""clean"",""setNumber"":2,""reps"":5,""weightKg"":70}",gym-data.csv:000802
gym-data.csv:000803,clean s3 70 5reps,"[{""role"":""user"",""content"":""clean s2 50+20x5""}]","{""exercise"":""clean"",""setNumber"":3,""reps"":5,""weightKg"":70}",gym-data.csv:000803
gym-data.csv:000804,clean set4 75x5,"[{""role"":""user"",""content"":""clean s3 70 5reps""}]","{""exercise"":""clean"",""setNumber"":4,""reps"":5,""weightKg"":75}",gym-data.csv:000804
gym-data.csv:000805,s5 75 5reps,"[{""role"":""user"",""content"":""clean set4 75x5""}]","{""exercise"":""clean"",""setNumber"":5,""reps"":5,""weightKg"":75}",gym-data.csv:000805
gym-data.csv:000806,+5 x5,"[{""role"":""user"",""content"":""clean s5 75 5reps""}]","{""exercise"":""clean"",""setNumber"":6,""reps"":5,""weightKg"":80}",gym-data.csv:000806
gym-data.csv:000807,+10 x5,"[{""role"":""user"",""content"":""clean s6 80x5""}]","{""exercise"":""clean"",""setNumber"":7,""reps"":5,""weightKg"":90}",gym-data.csv:000807
gym-data.csv:000808,squat s1 70 5,[],"{""exercise"":""squat"",""setNumber"":1,""reps"":5,""weightKg"":70}",gym-data.csv:000808
gym-data.csv:000809,squat set2 70kg +20kg x5,"[{""role"":""user"",""content"":""squat s1 70 5""}]","{""exercise"":""squat"",""setNumber"":2,""reps"":5,""weightKg"":90}",gym-data.csv:000809
gym-data.csv:000810,squat set3 90 +10 5reps,"[{""role"":""user"",""content"":""squat set2 70kg +20kg x5""}]","{""exercise"":""squat"",""setNumber"":3,""reps"":5,""weightKg"":100}",gym-data.csv:000810
gym-data.csv:000811,snatch #1 40kgx3,[],"{""exercise"":""snatch"",""setNumber"":1,""reps"":3,""weightKg"":40}",gym-data.csv:000811
gym-data.csv:000812,40x3,"[{""role"":""user"",""content"":""snatch #1 40kgx3""}]","{""exercise"":""snatch"",""setNumber"":2,""reps"":3,""weightKg"":40}",gym-data.csv:000812
gym-data.csv:000813,s3 50 3reps,"[{""role"":""user"",""content"":""snatch s2 40kgx3""}]","{""exercise"":""snatch"",""setNumber"":3,""reps"":3,""weightKg"":50}",gym-data.csv:000813
gym-data.csv:000814,#4 60x3,"[{""role"":""user"",""content"":""snatch s3 50 3reps""}]","{""exercise"":""snatch"",""setNumber"":4,""reps"":3,""weightKg"":60}",gym-data.csv:000814
gym-data.csv:000815,snatch s5 60kgx3,"[{""role"":""user"",""content"":""snatch #4 60x3""}]","{""exercise"":""snatch"",""setNumber"":5,""reps"":3,""weightKg"":60}",gym-data.csv:000815
gym-data.csv:000816,snatch set6 60 3reps,"[{""role"":""user"",""content"":""snatch s5 60kgx3""}]","{""exercise"":""snatch"",""setNumber"":6,""reps"":3,""weightKg"":60}",gym-data.csv:000816
gym-data.csv:000817,+5 x1,"[{""role"":""user"",""content"":""snatch set6 60 3reps""}]","{""exercise"":""snatch"",""setNumber"":7,""reps"":1,""weightKg"":65}",gym-data.csv:000817
gym-data.csv:000818,cj #1 50kgx3,"[{""role"":""user"",""content"":""snatch #7 65x1""}]","{""exercise"":""clean_and_jerk"",""setNumber"":1,""reps"":3,""weightKg"":50}",gym-data.csv:000818
gym-data.csv:000819,s2 50 +10 2reps,"[{""role"":""user"",""content"":""cj #1 50kgx3""}]","{""exercise"":""clean_and_jerk"",""setNumber"":2,""reps"":2,""weightKg"":60}",gym-data.csv:000819
gym-data.csv:000820,cj set3 70 2,"[{""role"":""user"",""content"":""cj s2 50 +10 2reps""}]","{""exercise"":""clean_and_jerk"",""setNumber"":3,""reps"":2,""weightKg"":70}",gym-data.csv:000820
gym-data.csv:000821,+10 x3,"[{""role"":""user"",""content"":""cj set3 70 2""}]","{""exercise"":""clean_and_jerk"",""setNumber"":4,""reps"":3,""weightKg"":80}",gym-data.csv:000821
gym-data.csv:000822,80x3,"[{""role"":""user"",""content"":""cj #4 70+10x3""}]","{""exercise"":""clean_and_jerk"",""setNumber"":5,""reps"":3,""weightKg"":80}",gym-data.csv:000822
gym-data.csv:000823,cj set6 80kgx3,"[{""role"":""user"",""content"":""cj #5 80x3""}]","{""exercise"":""clean_and_jerk"",""setNumber"":6,""reps"":3,""weightKg"":80}",gym-data.csv:000823
gym-data.csv:000824,squat s1 70x4,[],"{""exercise"":""squat"",""setNumber"":1,""reps"":4,""weightKg"":70}",gym-data.csv:000824
gym-data.csv:000825,squat s2 70+20x2,"[{""role"":""user"",""content"":""squat s1 70x4""}]","{""exercise"":""squat"",""setNumber"":2,""reps"":2,""weightKg"":90}",gym-data.csv:000825
gym-data.csv:000826,+10 x3,"[{""role"":""user"",""content"":""squat s2 70+20x2""}]","{""exercise"":""squat"",""setNumber"":3,""reps"":3,""weightKg"":100}",gym-data.csv:000826
gym-data.csv:000827,squat s4 105kgx3,"[{""role"":""user"",""content"":""squat set3 90 +10 r3""}]","{""exercise"":""squat"",""setNumber"":4,""reps"":3,""weightKg"":105}",gym-data.csv:000827
gym-data.csv:000828,squat #5 105+5 3,"[{""role"":""user"",""content"":""squat s4 105kgx3""}]","{""exercise"":""squat"",""setNumber"":5,""reps"":3,""weightKg"":110}",gym-data.csv:000828
gym-data.csv:000829,+5 x2,"[{""role"":""user"",""content"":""squat #5 105+5 3""}]","{""exercise"":""squat"",""setNumber"":6,""reps"":2,""weightKg"":115}",gym-data.csv:000829
gym-data.csv:000830,cj #1 50 r3,[],"{""exercise"":""clean_and_jerk"",""setNumber"":1,""reps"":3,""weightKg"":50}",gym-data.csv:000830
gym-data.csv:000831,cj set2 50 +10 r3,"[{""role"":""user"",""content"":""cj #1 50 r3""}]","{""exercise"":""clean_and_jerk"",""setNumber"":2,""reps"":3,""weightKg"":60}",gym-data.csv:000831
gym-data.csv:000832,+10 x2,"[{""role"":""user"",""content"":""cj set2 50 +10 r3""}]","{""exercise"":""clean_and_jerk"",""setNumber"":3,""reps"":2,""weightKg"":70}",gym-data.csv:000832
gym-data.csv:000833,+10 x3,"[{""role"":""user"",""content"":""cj s3 60+10 r2""}]","{""exercise"":""clean_and_jerk"",""setNumber"":4,""reps"":3,""weightKg"":80}",gym-data.csv:000833
gym-data.csv:000834,set5 80kgx3,"[{""role"":""user"",""content"":""cj set4 70+10 3r""}]","{""exercise"":""clean_and_jerk"",""setNumber"":5,""reps"":3,""weightKg"":80}",gym-data.csv:000834
gym-data.csv:000835,set6 80x3,"[{""role"":""user"",""content"":""cj set5 80kgx3""}]","{""exercise"":""clean_and_jerk"",""setNumber"":6,""reps"":3,""weightKg"":80}",gym-data.csv:000835
gym-data.csv:000836,snatch set1 30 3reps,[],"{""exercise"":""snatch"",""setNumber"":1,""reps"":3,""weightKg"":30}",gym-data.csv:000836
gym-data.csv:000837,#2 30kg +10kg x3,"[{""role"":""user"",""content"":""snatch set1 30 3reps""}]","{""exercise"":""snatch"",""setNumber"":2,""reps"":3,""weightKg"":40}",gym-data.csv:000837
gym-data.csv:000838,s3 40+10x2,"[{""role"":""user"",""content"":""snatch #2 30kg +10kg x3""}]","{""exercise"":""snatch"",""setNumber"":3,""reps"":2,""weightKg"":50}",gym-data.csv:000838
gym-data.csv:000839,snatch #4 60x3,"[{""role"":""user"",""content"":""snatch s3 40+10x2""}]","{""exercise"":""snatch"",""setNumber"":4,""reps"":3,""weightKg"":60}",gym-data.csv:000839
gym-data.csv:000840,snatch s5 60kgx3,"[{""role"":""user"",""content"":""snatch #4 60x3""}]","{""exercise"":""snatch"",""setNumber"":5,""reps"":3,""weightKg"":60}",gym-data.csv:000840
gym-data.csv:000841,snatch s6 60kgx3,"[{""role"":""user"",""content"":""snatch s5 60kgx3""}]","{""exercise"":""snatch"",""setNumber"":6,""reps"":3,""weightKg"":60}",gym-data.csv:000841
gym-data.csv:000842,set7 60 -10 1reps,"[{""role"":""user"",""content"":""snatch s6 60kgx3""}]","{""exercise"":""snatch"",""setNumber"":7,""reps"":1,""weightKg"":50}",gym-data.csv:000842
gym-data.csv:000843,s8 50+10x1,"[{""role"":""user"",""content"":""snatch set7 60 -10 1reps""}]","{""exercise"":""snatch"",""setNumber"":8,""reps"":1,""weightKg"":60}",gym-data.csv:000843
gym-data.csv:000844,+5 x1,"[{""role"":""user"",""content"":""snatch s8 50+10x1""}]","{""exercise"":""snatch"",""setNumber"":9,""reps"":1,""weightKg"":65}",gym-data.csv:000844
gym-data.csv:000845,squat s1 60kgx5,[],"{""exercise"":""squat"",""setNumber"":1,""reps"":5,""weightKg"":60}",gym-data.csv:000845
gym-data.csv:000846,#2 80 2r,"[{""role"":""user"",""content"":""squat s1 60kgx5""}]","{""exercise"":""squat"",""setNumber"":2,""reps"":2,""weightKg"":80}",gym-data.csv:000846
gym-data.csv:000847,+10 x2,"[{""role"":""user"",""content"":""squat #2 80 2r""}]","{""exercise"":""squat"",""setNumber"":3,""reps"":2,""weightKg"":90}",gym-data.csv:000847
gym-data.csv:000848,squat set4 90+15x3,"[{""role"":""user"",""content"":""squat set3 90kgx2""}]","{""exercise"":""squat"",""setNumber"":4,""reps"":3,""weightKg"":105}",gym-data.csv:000848
gym-data.csv:000849,+5 x3,"[{""role"":""user"",""content"":""squat set4 90+15x3""}]","{""exercise"":""squat"",""setNumber"":5,""reps"":3,""weightKg"":110}",gym-data.csv:000849
gym-data.csv:000850,squat #6 110+5 3,"[{""role"":""user"",""content"":""squat s5 105+5 r3""}]","{""exercise"":""squat"",""setNumber"":6,""reps"":3,""weightKg"":115}",gym-data.csv:000850
gym-data.csv:000851,snatch set1 40x3,[],"{""exercise"":""snatch"",""setNumber"":1,""reps"":3,""weightKg"":40}",gym-data.csv:000851
gym-data.csv:000852,snatch s2 40 +10 3r,"[{""role"":""user"",""content"":""snatch set1 40x3""}]","{""exercise"":""snatch"",""setNumber"":2,""reps"":3,""weightKg"":50}",gym-data.csv:000852
gym-data.csv:000853,+10 x3,"[{""role"":""user"",""content"":""snatch s2 40 +10 3r""}]","{""exercise"":""snatch"",""setNumber"":3,""reps"":3,""weightKg"":60}",gym-data.csv:000853
gym-data.csv:000854,60x3,"[{""role"":""user"",""content"":""snatch s3 50+10x3""}]","{""exercise"":""snatch"",""setNumber"":4,""reps"":3,""weightKg"":60}",gym-data.csv:000854
gym-data.csv:000855,#5 60+5x1,"[{""role"":""user"",""content"":""snatch s4 60 3""}]","{""exercise"":""snatch"",""setNumber"":5,""reps"":1,""weightKg"":65}",gym-data.csv:000855
gym-data.csv:000856,s6 65+5 1,"[{""role"":""user"",""content"":""snatch #5 60+5x1""}]","{""exercise"":""snatch"",""setNumber"":6,""reps"":1,""weightKg"":70}",gym-data.csv:000856
gym-data.csv:000857,set7 70 -10 3,"[{""role"":""user"",""content"":""snatch s6 65+5 1""}]","{""exercise"":""snatch"",""setNumber"":7,""reps"":3,""weightKg"":60}",gym-data.csv:000857
gym-data.csv:000858,cj #1 50x5,"[{""role"":""user"",""content"":""snatch set7 70 -10 3""}]","{""exercise"":""clean_and_jerk"",""setNumber"":1,""reps"":5,""weightKg"":50}",gym-data.csv:000858
gym-data.csv:000859,cj #2 60 2reps,"[{""role"":""user"",""content"":""cj #1 50x5""}]","{""exercise"":""clean_and_jerk"",""setNumber"":2,""reps"":2,""weightKg"":60}",gym-data.csv:000859
gym-data.csv:000860,cj set3 60 +10 2,"[{""role"":""user"",""content"":""cj #2 60 2reps""}]","{""exercise"":""clean_and_jerk"",""setNumber"":3,""reps"":2,""weightKg"":70}",gym-data.csv:000860
gym-data.csv:000861,+10 x3,"[{""role"":""user"",""content"":""cj set3 60 +10 2""}]","{""exercise"":""clean_and_jerk"",""setNumber"":4,""reps"":3,""weightKg"":80}",gym-data.csv:000861
gym-data.csv:000862,80x3,"[{""role"":""user"",""content"":""cj #4 80kgx3""}]","{""exercise"":""clean_and_jerk"",""setNumber"":5,""reps"":3,""weightKg"":80}",gym-data.csv:000862
gym-data.csv:000863,80x3,"[{""role"":""user"",""content"":""cj s5 80kgx3""}]","{""exercise"":""clean_and_jerk"",""setNumber"":6,""reps"":3,""weightKg"":80}",gym-data.csv:000863
gym-data.csv:000864,squat set1 60x5,[],"{""exercise"":""squat"",""setNumber"":1,""reps"":5,""weightKg"":60}",gym-data.csv:000864
gym-data.csv:000865,+20 x4,"[{""role"":""user"",""content"":""squat set1 60x5""}]","{""exercise"":""squat"",""setNumber"":2,""reps"":4,""weightKg"":80}",gym-data.csv:000865
gym-data.csv:000866,squat #3 80 +10 2r,"[{""role"":""user"",""content"":""squat set2 80 4""}]","{""exercise"":""squat"",""setNumber"":3,""reps"":2,""weightKg"":90}",gym-data.csv:000866
gym-data.csv:000867,+10 x3,"[{""role"":""user"",""content"":""squat #3 80 +10 2r""}]","{""exercise"":""squat"",""setNumber"":4,""reps"":3,""weightKg"":100}",gym-data.csv:000867
gym-data.csv:000868,#5 110x3,"[{""role"":""user"",""content"":""squat #4 100kgx3""}]","{""exercise"":""squat"",""setNumber"":5,""reps"":3,""weightKg"":110}",gym-data.csv:000868
gym-data.csv:000869,-10 x3,"[{""role"":""user"",""content"":""squat #5 110x3""}]","{""exercise"":""squat"",""setNumber"":6,""reps"":3,""weightKg"":100}",gym-data.csv:000869
gym-data.csv:000870,#7 100 r3,"[{""role"":""user"",""content"":""squat s6 110 -10 3r""}]","{""exercise"":""squat"",""setNumber"":7,""reps"":3,""weightKg"":100}",gym-data.csv:000870
gym-data.csv:000871,snatch s1 40 4reps,[],"{""exercise"":""snatch"",""setNumber"":1,""reps"":4,""weightKg"":40}",gym-data.csv:000871
gym-data.csv:000872,snatch #2 40x4,"[{""role"":""user"",""content"":""snatch s1 40 4reps""}]","{""exercise"":""snatch"",""setNumber"":2,""reps"":4,""weightKg"":40}",gym-data.csv:000872
gym-data.csv:000873,+10 x4,"[{""role"":""user"",""content"":""snatch #2 40x4""}]","{""exercise"":""snatch"",""setNumber"":3,""reps"":4,""weightKg"":50}",gym-data.csv:000873
gym-data.csv:000874,+5 x4,"[{""role"":""user"",""content"":""snatch set3 40+10x4""}]","{""exercise"":""snatch"",""setNumber"":4,""reps"":4,""weightKg"":55}",gym-data.csv:000874
gym-data.csv:000875,+5 x4,"[{""role"":""user"",""content"":""snatch set4 50kg +5kg x4""}]","{""exercise"":""snatch"",""setNumber"":5,""reps"":4,""weightKg"":60}",gym-data.csv:000875
gym-data.csv:000876,+5 x4,"[{""role"":""user"",""content"":""snatch s5 55kg +5kg x4""}]","{""exercise"":""snatch"",""setNumber"":6,""reps"":4,""weightKg"":65}",gym-data.csv:000876
gym-data.csv:000877,cj set1 50 r4,"[{""role"":""user"",""content"":""snatch #6 60+5 r4""}]","{""exercise"":""clean_and_jerk"",""setNumber"":1,""reps"":4,""weightKg"":50}",gym-data.csv:000877
gym-data.csv:000878,cj set2 50+10x1,"[{""role"":""user"",""content"":""cj set1 50 r4""}]","{""exercise"":""clean_and_jerk"",""setNumber"":2,""reps"":1,""weightKg"":60}",gym-data.csv:000878
gym-data.csv:000879,+5 x1,"[{""role"":""user"",""content"":""cj set2 50+10x1""}]","{""exercise"":""clean_and_jerk"",""setNumber"":3,""reps"":1,""weightKg"":65}",gym-data.csv:000879
gym-data.csv:000880,+5 x4,"[{""role"":""user"",""content"":""cj set3 60kg +5kg x1""}]","{""exercise"":""clean_and_jerk"",""setNumber"":4,""reps"":4,""weightKg"":70}",gym-data.csv:000880
gym-data.csv:000881,cj set5 70kg +5kg x4,"[{""role"":""user"",""content"":""cj s4 65+5 4r""}]","{""exercise"":""clean_and_jerk"",""setNumber"":5,""reps"":4,""weightKg"":75}",gym-data.csv:000881
gym-data.csv:000882,+5 x4,"[{""role"":""user"",""content"":""cj set5 70kg +5kg x4""}]","{""exercise"":""clean_and_jerk"",""setNumber"":6,""reps"":4,""weightKg"":80}",gym-data.csv:000882
gym-data.csv:000883,cj s7 80 +5 4reps,"[{""role"":""user"",""content"":""cj set6 80x4""}]","{""exercise"":""clean_and_jerk"",""setNumber"":7,""reps"":4,""weightKg"":85}",gym-data.csv:000883
gym-data.csv:000884,fs set1 60 4r,"[{""role"":""user"",""content"":""cj s7 80 +5 4reps""}]","{""exercise"":""front_squat"",""setNumber"":1,""reps"":4,""weightKg"":60}",gym-data.csv:000884
gym-data.csv:000885,fs set2 80x4,"[{""role"":""user"",""content"":""fs set1 60 4r""}]","{""exercise"":""front_squat"",""setNumber"":2,""reps"":4,""weightKg"":80}",gym-data.csv:000885
gym-data.csv:000886,fs #3 80kg +10kg x3,"[{""role"":""user"",""content"":""fs set2 80x4""}]","{""exercise"":""front_squat"",""setNumber"":3,""reps"":3,""weightKg"":90}",gym-data.csv:000886
gym-data.csv:000887,90x4,"[{""role"":""user"",""content"":""fs #3 80kg +10kg x3""}]","{""exercise"":""front_squat"",""setNumber"":4,""reps"":4,""weightKg"":90}",gym-data.csv:000887
gym-data.csv:000888,90x4,"[{""role"":""user"",""content"":""fs #4 90kgx4""}]","{""exercise"":""front_squat"",""setNumber"":5,""reps"":4,""weightKg"":90}",gym-data.csv:000888
gym-data.csv:000889,fs s6 90 r4,"[{""role"":""user"",""content"":""fs s5 90kgx4""}]","{""exercise"":""front_squat"",""setNumber"":6,""reps"":4,""weightKg"":90}",gym-data.csv:000889
gym-data.csv:000890,snatch #1 40x5,[],"{""exercise"":""snatch"",""setNumber"":1,""reps"":5,""weightKg"":40}",gym-data.csv:000890
gym-data.csv:000891,+10 x5,"[{""role"":""user"",""content"":""snatch #1 40x5""}]","{""exercise"":""snatch"",""setNumber"":2,""reps"":5,""weightKg"":50}",gym-data.csv:000891
gym-data.csv:000892,snatch set3 50 5,"[{""role"":""user"",""content"":""snatch set2 50kgx5""}]","{""exercise"":""snatch"",""setNumber"":3,""reps"":5,""weightKg"":50}",gym-data.csv:000892
gym-data.csv:000893,+5 x5,"[{""role"":""user"",""content"":""snatch set3 50 5""}]","{""exercise"":""snatch"",""setNumber"":4,""reps"":5,""weightKg"":55}",gym-data.csv:000893
gym-data.csv:000894,+5 x5,"[{""role"":""user"",""content"":""snatch set4 55 r5""}]","{""exercise"":""snatch"",""setNumber"":5,""reps"":5,""weightKg"":60}",gym-data.csv:000894
gym-data.csv:000895,snatch s6 60kgx5,"[{""role"":""user"",""content"":""snatch set5 55+5x5""}]","{""exercise"":""snatch"",""setNumber"":6,""reps"":5,""weightKg"":60}",gym-data.csv:000895
gym-data.csv:000896,cj s1 50x4,[],"{""exercise"":""clean_and_jerk"",""setNumber"":1,""reps"":4,""weightKg"":50}",gym-data.csv:000896
gym-data.csv:000897,cj set2 60 3,"[{""role"":""user"",""content"":""cj s1 50x4""}]","{""exercise"":""clean_and_jerk"",""setNumber"":2,""reps"":3,""weightKg"":60}",gym-data.csv:000897
gym-data.csv:000898,s3 60+10 5reps,"[{""role"":""user"",""content"":""cj set2 60 3""}]","{""exercise"":""clean_and_jerk"",""setNumber"":3,""reps"":5,""weightKg"":70}",gym-data.csv:000898
gym-data.csv:000899,70x5,"[{""role"":""user"",""content"":""cj s3 60+10 5reps""}]","{""exercise"":""clean_and_jerk"",""setNumber"":4,""reps"":5,""weightKg"":70}",gym-data.csv:000899
gym-data.csv:000900,s5 70 +5 5r,"[{""role"":""user"",""content"":""cj s4 70kgx5""}]","{""exercise"":""clean_and_jerk"",""setNumber"":5,""reps"":5,""weightKg"":75}",gym-data.csv:000900
gym-data.csv:000901,+5 x5,"[{""role"":""user"",""content"":""cj s5 70 +5 5r""}]","{""exercise"":""clean_and_jerk"",""setNumber"":6,""reps"":5,""weightKg"":80}",gym-data.csv:000901
gym-data.csv:000902,80x4,"[{""role"":""user"",""content"":""cj set6 75+5 5""}]","{""exercise"":""clean_and_jerk"",""setNumber"":7,""reps"":4,""weightKg"":80}",gym-data.csv:000902
gym-data.csv:000903,+5 x1,"[{""role"":""user"",""content"":""cj set7 80 4""}]","{""exercise"":""clean_and_jerk"",""setNumber"":8,""reps"":1,""weightKg"":85}",gym-data.csv:000903
gym-data.csv:000904,squat set1 60kgx5,"[{""role"":""user"",""content"":""cj set8 80+5 1reps""}]","{""exercise"":""squat"",""setNumber"":1,""reps"":5,""weightKg"":60}",gym-data.csv:000904
gym-data.csv:000905,squat s2 80x3,"[{""role"":""user"",""content"":""squat set1 60kgx5""}]","{""exercise"":""squat"",""setNumber"":2,""reps"":3,""weightKg"":80}",gym-data.csv:000905
gym-data.csv:000906,+10 x5,"[{""role"":""user"",""content"":""squat s2 80x3""}]","{""exercise"":""squat"",""setNumber"":3,""reps"":5,""weightKg"":90}",gym-data.csv:000906
gym-data.csv:000907,squat s4 100 5r,"[{""role"":""user"",""content"":""squat #3 80+10 5""}]","{""exercise"":""squat"",""setNumber"":4,""reps"":5,""weightKg"":100}",gym-data.csv:000907
gym-data.csv:000908,#5 100kgx5,"[{""role"":""user"",""content"":""squat s4 100 5r""}]","{""exercise"":""squat"",""setNumber"":5,""reps"":5,""weightKg"":100}",gym-data.csv:000908
gym-data.csv:000909,squat #6 100 r5,"[{""role"":""user"",""content"":""squat #5 100kgx5""}]","{""exercise"":""squat"",""setNumber"":6,""reps"":5,""weightKg"":100}",gym-data.csv:000909
gym-data.csv:000910,snatch set1 40x4,[],"{""exercise"":""snatch"",""setNumber"":1,""reps"":4,""weightKg"":40}",gym-data.csv:000910
gym-data.csv:000911,+10 x5,"[{""role"":""user"",""content"":""snatch set1 40x4""}]","{""exercise"":""snatch"",""setNumber"":2,""reps"":5,""weightKg"":50}",gym-data.csv:000911
gym-data.csv:000912,snatch s3 50 +5 5r,"[{""role"":""user"",""content"":""snatch set2 40kg +10kg x5""}]","{""exercise"":""snatch"",""setNumber"":3,""reps"":5,""weightKg"":55}",gym-data.csv:000912
gym-data.csv:000913,snatch set4 55+5x5,"[{""role"":""user"",""content"":""snatch s3 50 +5 5r""}]","{""exercise"":""snatch"",""setNumber"":4,""reps"":5,""weightKg"":60}",gym-data.csv:000913
gym-data.csv:000914,60x5,"[{""role"":""user"",""content"":""snatch set4 55+5x5""}]","{""exercise"":""snatch"",""setNumber"":5,""reps"":5,""weightKg"":60}",gym-data.csv:000914
gym-data.csv:000915,snatch #6 65kgx5,"[{""role"":""user"",""content"":""snatch #5 60 5reps""}]","{""exercise"":""snatch"",""setNumber"":6,""reps"":5,""weightKg"":65}",gym-data.csv:000915
gym-data.csv:000916,cj s1 50x4,[],"{""exercise"":""clean_and_jerk"",""setNumber"":1,""reps"":4,""weightKg"":50}",gym-data.csv:000916
gym-data.csv:000917,cj #2 50kg +20kg x5,"[{""role"":""user"",""content"":""cj s1 50x4""}]","{""exercise"":""clean_and_jerk"",""setNumber"":2,""reps"":5,""weightKg"":70}",gym-data.csv:000917
gym-data.csv:000918,cj #3 70kgx5,"[{""role"":""user"",""content"":""cj #2 50kg +20kg x5""}]","{""exercise"":""clean_and_jerk"",""setNumber"":3,""reps"":5,""weightKg"":70}",gym-data.csv:000918
gym-data.csv:000919,+5 x5,"[{""role"":""user"",""content"":""cj #3 70kgx5""}]","{""exercise"":""clean_and_jerk"",""setNumber"":4,""reps"":5,""weightKg"":75}",gym-data.csv:000919
gym-data.csv:000920,cj #5 75kgx5,"[{""role"":""user"",""content"":""cj s4 70+5 5""}]","{""exercise"":""clean_and_jerk"",""setNumber"":5,""reps"":5,""weightKg"":75}",gym-data.csv:000920
gym-data.csv:000921,+5 x5,"[{""role"":""user"",""content"":""cj #5 75kgx5""}]","{""exercise"":""clean_and_jerk"",""setNumber"":6,""reps"":5,""weightKg"":80}",gym-data.csv:000921
gym-data.csv:000922,squat set1 60x3,[],"{""exercise"":""squat"",""setNumber"":1,""reps"":3,""weightKg"":60}",gym-data.csv:000922
gym-data.csv:000923,#2 60+20x3,"[{""role"":""user"",""content"":""squat set1 60x3""}]","{""exercise"":""squat"",""setNumber"":2,""reps"":3,""weightKg"":80}",gym-data.csv:000923
gym-data.csv:000924,+10 x5,"[{""role"":""user"",""content"":""squat #2 60+20x3""}]","{""exercise"":""squat"",""setNumber"":3,""reps"":5,""weightKg"":90}",gym-data.csv:000924
gym-data.csv:000925,+10 x5,"[{""role"":""user"",""content"":""squat set3 90x5""}]","{""exercise"":""squat"",""setNumber"":4,""reps"":5,""weightKg"":100}",gym-data.csv:000925
gym-data.csv:000926,100x5,"[{""role"":""user"",""content"":""squat #4 100 5r""}]","{""exercise"":""squat"",""setNumber"":5,""reps"":5,""weightKg"":100}",gym-data.csv:000926
gym-data.csv:000927,100x5,"[{""role"":""user"",""content"":""squat set5 100x5""}]","{""exercise"":""squat"",""setNumber"":6,""reps"":5,""weightKg"":100}",gym-data.csv:000927
gym-data.csv:000928,squat s7 100kgx5,"[{""role"":""user"",""content"":""squat set6 100kgx5""}]","{""exercise"":""squat"",""setNumber"":7,""reps"":5,""weightKg"":100}",gym-data.csv:000928
gym-data.csv:000929,snatch s1 40 3r,[],"{""exercise"":""snatch"",""setNumber"":1,""reps"":3,""weightKg"":40}",gym-data.csv:000929
gym-data.csv:000930,snatch #2 40kgx3,"[{""role"":""user"",""content"":""snatch s1 40 3r""}]","{""exercise"":""snatch"",""setNumber"":2,""reps"":3,""weightKg"":40}",gym-data.csv:000930
gym-data.csv:000931,snatch s3 40+10x3,"[{""role"":""user"",""content"":""snatch #2 40kgx3""}]","{""exercise"":""snatch"",""setNumber"":3,""reps"":3,""weightKg"":50}",gym-data.csv:000931
gym-data.csv:000932,+10 x3,"[{""role"":""user"",""content"":""snatch s3 40+10x3""}]","{""exercise"":""snatch"",""setNumber"":4,""reps"":3,""weightKg"":60}",gym-data.csv:000932
gym-data.csv:000933,s5 60+10x2,"[{""role"":""user"",""content"":""snatch #4 60x3""}]","{""exercise"":""snatch"",""setNumber"":5,""reps"":2,""weightKg"":70}",gym-data.csv:000933
gym-data.csv:000934,set6 75 1r,"[{""role"":""user"",""content"":""snatch s5 60+10x2""}]","{""exercise"":""snatch"",""setNumber"":6,""reps"":1,""weightKg"":75}",gym-data.csv:000934
gym-data.csv:000935,snatch #7 75kgx1,"[{""role"":""user"",""content"":""snatch set6 75 1r""}]","{""exercise"":""snatch"",""setNumber"":7,""reps"":1,""weightKg"":75}",gym-data.csv:000935
gym-data.csv:000936,cj s1 40 4reps,[],"{""exercise"":""clean_and_jerk"",""setNumber"":1,""reps"":4,""weightKg"":40}",gym-data.csv:000936
gym-data.csv:000937,#2 40x3,"[{""role"":""user"",""content"":""cj s1 40 4reps""}]","{""exercise"":""clean_and_jerk"",""setNumber"":2,""reps"":3,""weightKg"":40}",gym-data.csv:000937
gym-data.csv:000938,set3 40+10x3,"[{""role"":""user"",""content"":""cj #2 40x3""}]","{""exercise"":""clean_and_jerk"",""setNumber"":3,""reps"":3,""weightKg"":50}",gym-data.csv:000938
gym-data.csv:000939,cj set4 60x3,"[{""role"":""user"",""content"":""cj set3 40+10x3""}]","{""exercise"":""clean_and_jerk"",""setNumber"":4,""reps"":3,""weightKg"":60}",gym-data.csv:000939
gym-data.csv:000940,+10 x3,"[{""role"":""user"",""content"":""cj set4 60x3""}]","{""exercise"":""clean_and_jerk"",""setNumber"":5,""reps"":3,""weightKg"":70}",gym-data.csv:000940
gym-data.csv:000941,s6 80 r2,"[{""role"":""user"",""content"":""cj s5 60+10 3r""}]","{""exercise"":""clean_and_jerk"",""setNumber"":6,""reps"":2,""weightKg"":80}",gym-data.csv:000941
gym-data.csv:000942,+10 x1,"[{""role"":""user"",""content"":""cj s6 80 r2""}]","{""exercise"":""clean_and_jerk"",""setNumber"":7,""reps"":1,""weightKg"":90}",gym-data.csv:000942
gym-data.csv:000943,snatch #1 40x3,[],"{""exercise"":""snatch"",""setNumber"":1,""reps"":3,""weightKg"":40}",gym-data.csv:000943
gym-data.csv:000944,40x4,"[{""role"":""user"",""content"":""snatch #1 40x3""}]","{""exercise"":""snatch"",""setNumber"":2,""reps"":4,""weightKg"":40}",gym-data.csv:000944
gym-data.csv:000945,snatch s3 40+10x2,"[{""role"":""user"",""content"":""snatch #2 40 4reps""}]","{""exercise"":""snatch"",""setNumber"":3,""reps"":2,""weightKg"":50}",gym-data.csv:000945
gym-data.csv:000946,s4 50+10 r2,"[{""role"":""user"",""content"":""snatch s3 40+10x2""}]","{""exercise"":""snatch"",""setNumber"":4,""reps"":2,""weightKg"":60}",gym-data.csv:000946
gym-data.csv:000947,60x1,"[{""role"":""user"",""content"":""snatch s4 50+10 r2""}]","{""exercise"":""snatch"",""setNumber"":5,""reps"":1,""weightKg"":60}",gym-data.csv:000947
gym-data.csv:000948,+5 x1,"[{""role"":""user"",""content"":""snatch s5 60x1""}]","{""exercise"":""snatch"",""setNumber"":6,""reps"":1,""weightKg"":65}",gym-data.csv:000948
gym-data.csv:000949,snatch set7 65 +5 1,"[{""role"":""user"",""content"":""snatch s6 60+5 1r""}]","{""exercise"":""snatch"",""setNumber"":7,""reps"":1,""weightKg"":70}",gym-data.csv:000949
gym-data.csv:000950,+5 x1,"[{""role"":""user"",""content"":""snatch set7 65 +5 1""}]","{""exercise"":""snatch"",""setNumber"":8,""reps"":1,""weightKg"":75}",gym-data.csv:000950
gym-data.csv:000951,s9 75kg -5kg x1,"[{""role"":""user"",""content"":""snatch #8 70kg +5kg x1""}]","{""exercise"":""snatch"",""setNumber"":9,""reps"":1,""weightKg"":70}",gym-data.csv:000951
gym-data.csv:000952,cj s1 50 r3,[],"{""exercise"":""clean_and_jerk"",""setNumber"":1,""reps"":3,""weightKg"":50}",gym-data.csv:000952
gym-data.csv:000953,+20 x2,"[{""role"":""user"",""content"":""cj s1 50 r3""}]","{""exercise"":""clean_and_jerk"",""setNumber"":2,""reps"":2,""weightKg"":70}",gym-data.csv:000953
gym-data.csv:000954,70x2,"[{""role"":""user"",""content"":""cj #2 50 +20 2r""}]","{""exercise"":""clean_and_jerk"",""setNumber"":3,""reps"":2,""weightKg"":70}",gym-data.csv:000954
gym-data.csv:000955,cj set4 80x1,"[{""role"":""user"",""content"":""cj s3 70kgx2""}]","{""exercise"":""clean_and_jerk"",""setNumber"":4,""reps"":1,""weightKg"":80}",gym-data.csv:000955
gym-data.csv:000956,#5 85kgx1,"[{""role"":""user"",""content"":""cj set4 80x1""}]","{""exercise"":""clean_and_jerk"",""setNumber"":5,""reps"":1,""weightKg"":85}",gym-data.csv:000956
gym-data.csv:000957,cj #6 85kg +5kg x1,"[{""role"":""user"",""content"":""cj #5 85kgx1""}]","{""exercise"":""clean_and_jerk"",""setNumber"":6,""reps"":1,""weightKg"":90}",gym-data.csv:000957
gym-data.csv:000958,squat s1 50x3,"[{""role"":""user"",""content"":""cj #6 85kg +5kg x1""}]","{""exercise"":""squat"",""setNumber"":1,""reps"":3,""weightKg"":50}",gym-data.csv:000958
gym-data.csv:000959,squat s2 50kg +20kg x3,"[{""role"":""user"",""content"":""squat s1 50x3""}]","{""exercise"":""squat"",""setNumber"":2,""reps"":3,""weightKg"":70}",gym-data.csv:000959
gym-data.csv:000960,+20 x2,"[{""role"":""user"",""content"":""squat s2 50kg +20kg x3""}]","{""exercise"":""squat"",""setNumber"":3,""reps"":2,""weightKg"":90}",gym-data.csv:000960
gym-data.csv:000961,squat set4 90+10x2,"[{""role"":""user"",""content"":""squat s3 70+20x2""}]","{""exercise"":""squat"",""setNumber"":4,""reps"":2,""weightKg"":100}",gym-data.csv:000961
gym-data.csv:000962,squat set5 110x2,"[{""role"":""user"",""content"":""squat set4 90+10x2""}]","{""exercise"":""squat"",""setNumber"":5,""reps"":2,""weightKg"":110}",gym-data.csv:000962
gym-data.csv:000963,+10 x1,"[{""role"":""user"",""content"":""squat set5 110x2""}]","{""exercise"":""squat"",""setNumber"":6,""reps"":1,""weightKg"":120}",gym-data.csv:000963
gym-data.csv:000964,squat #7 125x1,"[{""role"":""user"",""content"":""squat s6 110 +10 1reps""}]","{""exercise"":""squat"",""setNumber"":7,""reps"":1,""weightKg"":125}",gym-data.csv:000964
gym-data.csv:000965,#8 125kg +5kg x1,"[{""role"":""user"",""content"":""squat #7 125x1""}]","{""exercise"":""squat"",""setNumber"":8,""reps"":1,""weightKg"":130}",gym-data.csv:000965
gym-data.csv:000966,psnatch #1 20x5,"[{""role"":""user"",""content"":""squat #8 125kg +5kg x1""}]","{""exercise"":""power_snatch"",""setNumber"":1,""reps"":5,""weightKg"":20}",gym-data.csv:000966
gym-data.csv:000967,20x5,"[{""role"":""user"",""content"":""psnatch #1 20x5""}]","{""exercise"":""power_snatch"",""setNumber"":2,""reps"":5,""weightKg"":20}",gym-data.csv:000967
gym-data.csv:000968,20x5,"[{""role"":""user"",""content"":""psnatch set2 20x5""}]","{""exercise"":""power_snatch"",""setNumber"":3,""reps"":5,""weightKg"":20}",gym-data.csv:000968
gym-data.csv:000969,#4 10kgx5,"[{""role"":""user"",""content"":""psnatch #3 20kgx5""}]","{""exercise"":""power_snatch"",""setNumber"":4,""reps"":5,""weightKg"":10}",gym-data.csv:000969
gym-data.csv:000970,set5 10kgx5,"[{""role"":""user"",""content"":""psnatch #4 10kgx5""}]","{""exercise"":""power_snatch"",""setNumber"":5,""reps"":5,""weightKg"":10}",gym-data.csv:000970
gym-data.csv:000971,psnatch s6 10x5,"[{""role"":""user"",""content"":""psnatch set5 10kgx5""}]","{""exercise"":""power_snatch"",""setNumber"":6,""reps"":5,""weightKg"":10}",gym-data.csv:000971
gym-data.csv:000972,snatch s1 40kgx3,[],"{""exercise"":""snatch"",""setNumber"":1,""reps"":3,""weightKg"":40}",gym-data.csv:000972
gym-data.csv:000973,40x3,"[{""role"":""user"",""content"":""snatch s1 40kgx3""}]","{""exercise"":""snatch"",""setNumber"":2,""reps"":3,""weightKg"":40}",gym-data.csv:000973
gym-data.csv:000974,+10 x3,"[{""role"":""user"",""content"":""snatch set2 40x3""}]","{""exercise"":""snatch"",""setNumber"":3,""reps"":3,""weightKg"":50}",gym-data.csv:000974
gym-data.csv:000975,snatch set4 50x3,"[{""role"":""user"",""content"":""snatch s3 40 +10 r3""}]","{""exercise"":""snatch"",""setNumber"":4,""reps"":3,""weightKg"":50}",gym-data.csv:000975
gym-data.csv:000976,snatch set5 50 +10 2,"[{""role"":""user"",""content"":""snatch set4 50x3""}]","{""exercise"":""snatch"",""setNumber"":5,""reps"":2,""weightKg"":60}",gym-data.csv:000976
gym-data.csv:000977,#6 60kg +10kg x1,"[{""role"":""user"",""content"":""snatch set5 50 +10 2""}]","{""exercise"":""snatch"",""setNumber"":6,""reps"":1,""weightKg"":70}",gym-data.csv:000977
gym-data.csv:000978,snatch #7 70kgx1,"[{""role"":""user"",""content"":""snatch #6 60kg +10kg x1""}]","{""exercise"":""snatch"",""setNumber"":7,""reps"":1,""weightKg"":70}",gym-data.csv:000978
gym-data.csv:000979,cj #1 50 2r,[],"{""exercise"":""clean_and_jerk"",""setNumber"":1,""reps"":2,""weightKg"":50}",gym-data.csv:000979
gym-data.csv:000980,+10 x2,"[{""role"":""user"",""content"":""cj #1 50 2r""}]","{""exercise"":""clean_and_jerk"",""setNumber"":2,""reps"":2,""weightKg"":60}",gym-data.csv:000980
gym-data.csv:000981,+10 x2,"[{""role"":""user"",""content"":""cj #2 50kg +10kg x2""}]","{""exercise"":""clean_and_jerk"",""setNumber"":3,""reps"":2,""weightKg"":70}",gym-data.csv:000981
gym-data.csv:000982,cj #4 70kg +10kg x2,"[{""role"":""user"",""content"":""cj set3 60kg +10kg x2""}]","{""exercise"":""clean_and_jerk"",""setNumber"":4,""reps"":2,""weightKg"":80}",gym-data.csv:000982
gym-data.csv:000983,cj #5 80kgx2,"[{""role"":""user"",""content"":""cj #4 70kg +10kg x2""}]","{""exercise"":""clean_and_jerk"",""setNumber"":5,""reps"":2,""weightKg"":80}",gym-data.csv:000983
gym-data.csv:000984,80x2,"[{""role"":""user"",""content"":""cj #5 80kgx2""}]","{""exercise"":""clean_and_jerk"",""setNumber"":6,""reps"":2,""weightKg"":80}",gym-data.csv:000984
gym-data.csv:000985,cj #7 80+10 2reps,"[{""role"":""user"",""content"":""cj #6 80 r2""}]","{""exercise"":""clean_and_jerk"",""setNumber"":7,""reps"":2,""weightKg"":90}",gym-data.csv:000985
gym-data.csv:000986,squat #1 50 5,[],"{""exercise"":""squat"",""setNumber"":1,""reps"":5,""weightKg"":50}",gym-data.csv:000986
gym-data.csv:000987,squat #2 50+20x3,"[{""role"":""user"",""content"":""squat #1 50 5""}]","{""exercise"":""squat"",""setNumber"":2,""reps"":3,""weightKg"":70}",gym-data.csv:000987
gym-data.csv:000988,squat set3 70+10x3,"[{""role"":""user"",""content"":""squat #2 50+20x3""}]","{""exercise"":""squat"",""setNumber"":3,""reps"":3,""weightKg"":80}",gym-data.csv:000988
gym-data.csv:000989,squat #4 90kgx3,"[{""role"":""user"",""content"":""squat set3 70+10x3""}]","{""exercise"":""squat"",""setNumber"":4,""reps"":3,""weightKg"":90}",gym-data.csv:000989
gym-data.csv:000990,squat #5 100x3,"[{""role"":""user"",""content"":""squat #4 90kgx3""}]","{""exercise"":""squat"",""setNumber"":5,""reps"":3,""weightKg"":100}",gym-data.csv:000990
gym-data.csv:000991,squat #6 100 r3,"[{""role"":""user"",""content"":""squat #5 100x3""}]","{""exercise"":""squat"",""setNumber"":6,""reps"":3,""weightKg"":100}",gym-data.csv:000991
gym-data.csv:000992,squat s7 100x3,"[{""role"":""user"",""content"":""squat #6 100 r3""}]","{""exercise"":""squat"",""setNumber"":7,""reps"":3,""weightKg"":100}",gym-data.csv:000992
gym-data.csv:000993,100x3,"[{""role"":""user"",""content"":""squat s7 100x3""}]","{""exercise"":""squat"",""setNumber"":8,""reps"":3,""weightKg"":100}",gym-data.csv:000993
gym-data.csv:000994,snatch set1 40 4reps,[],"{""exercise"":""snatch"",""setNumber"":1,""reps"":4,""weightKg"":40}",gym-data.csv:000994
gym-data.csv:000995,snatch s2 40x4,"[{""role"":""user"",""content"":""snatch set1 40 4reps""}]","{""exercise"":""snatch"",""setNumber"":2,""reps"":4,""weightKg"":40}",gym-data.csv:000995
gym-data.csv:000996,+10 x4,"[{""role"":""user"",""content"":""snatch s2 40x4""}]","{""exercise"":""snatch"",""setNumber"":3,""reps"":4,""weightKg"":50}",gym-data.csv:000996
gym-data.csv:000997,set4 60kgx2,"[{""role"":""user"",""content"":""snatch set3 40+10 r4""}]","{""exercise"":""snatch"",""setNumber"":4,""reps"":2,""weightKg"":60}",gym-data.csv:000997
gym-data.csv:000998,set5 60x2,"[{""role"":""user"",""content"":""snatch set4 60kgx2""}]","{""exercise"":""snatch"",""setNumber"":5,""reps"":2,""weightKg"":60}",gym-data.csv:000998
gym-data.csv:000999,snatch set6 70x1,"[{""role"":""user"",""content"":""snatch set5 60x2""}]","{""exercise"":""snatch"",""setNumber"":6,""reps"":1,""weightKg"":70}",gym-data.csv:000999
gym-data.csv:001000,s7 70x1,"[{""role"":""user"",""content"":""snatch set6 70x1""}]","{""exercise"":""snatch"",""setNumber"":7,""reps"":1,""weightKg"":70}",gym-data.csv:001000
gym-data.csv:001001,-10 x1,"[{""role"":""user"",""content"":""snatch s7 70x1""}]","{""exercise"":""snatch"",""setNumber"":8,""reps"":1,""weightKg"":60}",gym-data.csv:001001
gym-data.csv:001002,+5 x1,"[{""role"":""user"",""content"":""snatch s8 70 -10 1reps""}]","{""exercise"":""snatch"",""setNumber"":9,""reps"":1,""weightKg"":65}",gym-data.csv:001002
gym-data.csv:001003,+5 x1,"[{""role"":""user"",""content"":""snatch set9 65 r1""}]","{""exercise"":""snatch"",""setNumber"":10,""reps"":1,""weightKg"":70}",gym-data.csv:001003
gym-data.csv:001004,cj set1 50 3r,[],"{""exercise"":""clean_and_jerk"",""setNumber"":1,""reps"":3,""weightKg"":50}",gym-data.csv:001004
gym-data.csv:001005,set2 60x3,"[{""role"":""user"",""content"":""cj set1 50 3r""}]","{""exercise"":""clean_and_jerk"",""setNumber"":2,""reps"":3,""weightKg"":60}",gym-data.csv:001005
gym-data.csv:001006,+10 x3,"[{""role"":""user"",""content"":""cj set2 60x3""}]","{""exercise"":""clean_and_jerk"",""setNumber"":3,""reps"":3,""weightKg"":70}",gym-data.csv:001006
gym-data.csv:001007,set4 70kg +10kg x2,"[{""role"":""user"",""content"":""cj #3 60+10 r3""}]","{""exercise"":""clean_and_jerk"",""setNumber"":4,""reps"":2,""weightKg"":80}",gym-data.csv:001007
gym-data.csv:001008,cj set5 80+10 2reps,"[{""role"":""user"",""content"":""cj set4 70kg +10kg x2""}]","{""exercise"":""clean_and_jerk"",""setNumber"":5,""reps"":2,""weightKg"":90}",gym-data.csv:001008
gym-data.csv:001009,cj s6 95kgx1,"[{""role"":""user"",""content"":""cj set5 80+10 2reps""}]","{""exercise"":""clean_and_jerk"",""setNumber"":6,""reps"":1,""weightKg"":95}",gym-data.csv:001009
gym-data.csv:001010,+5 x1,"[{""role"":""user"",""content"":""cj s6 95kgx1""}]","{""exercise"":""clean_and_jerk"",""setNumber"":7,""reps"":1,""weightKg"":100}",gym-data.csv:001010
gym-data.csv:001011,cpull s1 110kgx2,"[{""role"":""user"",""content"":""cj s7 95+5 r1""}]","{""exercise"":""clean_pull"",""setNumber"":1,""reps"":2,""weightKg"":110}",gym-data.csv:001011
gym-data.csv:001012,cpull set2 110kgx2,"[{""role"":""user"",""content"":""cpull s1 110kgx2""}]","{""exercise"":""clean_pull"",""setNumber"":2,""reps"":2,""weightKg"":110}",gym-data.csv:001012
gym-data.csv:001013,cpull #3 110 2reps,"[{""role"":""user"",""content"":""cpull set2 110kgx2""}]","{""exercise"":""clean_pull"",""setNumber"":3,""reps"":2,""weightKg"":110}",gym-data.csv:001013
gym-data.csv:001014,squat s1 50kgx5,[],"{""exercise"":""squat"",""setNumber"":1,""reps"":5,""weightKg"":50}",gym-data.csv:001014
gym-data.csv:001015,+20 x3,"[{""role"":""user"",""content"":""squat s1 50kgx5""}]","{""exercise"":""squat"",""setNumber"":2,""reps"":3,""weightKg"":70}",gym-data.csv:001015
gym-data.csv:001016,+20 x3,"[{""role"":""user"",""content"":""squat #2 50 +20 r3""}]","{""exercise"":""squat"",""setNumber"":3,""reps"":3,""weightKg"":90}",gym-data.csv:001016
gym-data.csv:001017,+10 x3,"[{""role"":""user"",""content"":""squat #3 70+20 r3""}]","{""exercise"":""squat"",""setNumber"":4,""reps"":3,""weightKg"":100}",gym-data.csv:001017
gym-data.csv:001018,squat s5 100 +10 3reps,"[{""role"":""user"",""content"":""squat s4 90+10 3""}]","{""exercise"":""squat"",""setNumber"":5,""reps"":3,""weightKg"":110}",gym-data.csv:001018
gym-data.csv:001019,#6 110 3reps,"[{""role"":""user"",""content"":""squat s5 100 +10 3reps""}]","{""exercise"":""squat"",""setNumber"":6,""reps"":3,""weightKg"":110}",gym-data.csv:001019
gym-data.csv:001020,squat #7 110x3,"[{""role"":""user"",""content"":""squat #6 110 3reps""}]","{""exercise"":""squat"",""setNumber"":7,""reps"":3,""weightKg"":110}",gym-data.csv:001020
gym-data.csv:001021,squat set8 110kgx3,"[{""role"":""user"",""content"":""squat #7 110x3""}]","{""exercise"":""squat"",""setNumber"":8,""reps"":3,""weightKg"":110}",gym-data.csv:001021
gym-data.csv:001022,snatch set1 40 4,[],"{""exercise"":""snatch"",""setNumber"":1,""reps"":4,""weightKg"":40}",gym-data.csv:001022
gym-data.csv:001023,40x4,"[{""role"":""user"",""content"":""snatch set1 40 4""}]","{""exercise"":""snatch"",""setNumber"":2,""reps"":4,""weightKg"":40}",gym-data.csv:001023
gym-data.csv:001024,snatch set3 40+10 r4,"[{""role"":""user"",""content"":""snatch #2 40x4""}]","{""exercise"":""snatch"",""setNumber"":3,""reps"":4,""weightKg"":50}",gym-data.csv:001024
gym-data.csv:001025,snatch s4 50+10 r2,"[{""role"":""user"",""content"":""snatch set3 40+10 r4""}]","{""exercise"":""snatch"",""setNumber"":4,""reps"":2,""weightKg"":60}",gym-data.csv:001025
gym-data.csv:001026,s5 60 +10 1r,"[{""role"":""user"",""content"":""snatch s4 50+10 r2""}]","{""exercise"":""snatch"",""setNumber"":5,""reps"":1,""weightKg"":70}",gym-data.csv:001026
gym-data.csv:001027,snatch set6 70x2,"[{""role"":""user"",""content"":""snatch s5 60 +10 1r""}]","{""exercise"":""snatch"",""setNumber"":6,""reps"":2,""weightKg"":70}",gym-data.csv:001027
gym-data.csv:001028,70x1,"[{""role"":""user"",""content"":""snatch set6 70x2""}]","{""exercise"":""snatch"",""setNumber"":7,""reps"":1,""weightKg"":70}",gym-data.csv:001028
gym-data.csv:001029,70x1,"[{""role"":""user"",""content"":""snatch #7 70 1reps""}]","{""exercise"":""snatch"",""setNumber"":8,""reps"":1,""weightKg"":70}",gym-data.csv:001029
gym-data.csv:001030,snatch set9 70x1,"[{""role"":""user"",""content"":""snatch #8 70 1r""}]","{""exercise"":""snatch"",""setNumber"":9,""reps"":1,""weightKg"":70}",gym-data.csv:001030
gym-data.csv:001031,cj set1 50kgx5,"[{""role"":""user"",""content"":""snatch set9 70x1""}]","{""exercise"":""clean_and_jerk"",""setNumber"":1,""reps"":5,""weightKg"":50}",gym-data.csv:001031
gym-data.csv:001032,cj set2 50kg +10kg x4,"[{""role"":""user"",""content"":""cj set1 50kgx5""}]","{""exercise"":""clean_and_jerk"",""setNumber"":2,""reps"":4,""weightKg"":60}",gym-data.csv:001032
gym-data.csv:001033,cj s3 70x4,"[{""role"":""user"",""content"":""cj set2 50kg +10kg x4""}]","{""exercise"":""clean_and_jerk"",""setNumber"":3,""reps"":4,""weightKg"":70}",gym-data.csv:001033
gym-data.csv:001034,cj set4 80kgx2,"[{""role"":""user"",""content"":""cj s3 70x4""}]","{""exercise"":""clean_and_jerk"",""setNumber"":4,""reps"":2,""weightKg"":80}",gym-data.csv:001034
gym-data.csv:001035,cj s5 80kg +10kg x2,"[{""role"":""user"",""content"":""cj set4 80kgx2""}]","{""exercise"":""clean_and_jerk"",""setNumber"":5,""reps"":2,""weightKg"":90}",gym-data.csv:001035
gym-data.csv:001036,cj set6 90+5 r1,"[{""role"":""user"",""content"":""cj s5 80kg +10kg x2""}]","{""exercise"":""clean_and_jerk"",""setNumber"":6,""reps"":1,""weightKg"":95}",gym-data.csv:001036
gym-data.csv:001037,fs #1 50 2reps,[],"{""exercise"":""front_squat"",""setNumber"":1,""reps"":2,""weightKg"":50}",gym-data.csv:001037
gym-data.csv:001038,+20 x2,"[{""role"":""user"",""content"":""fs #1 50 2reps""}]","{""exercise"":""front_squat"",""setNumber"":2,""reps"":2,""weightKg"":70}",gym-data.csv:001038
gym-data.csv:001039,fs #3 70 +10 2,"[{""role"":""user"",""content"":""fs set2 70kgx2""}]","{""exercise"":""front_squat"",""setNumber"":3,""reps"":2,""weightKg"":80}",gym-data.csv:001039
gym-data.csv:001040,fs set4 90 r2,"[{""role"":""user"",""content"":""fs #3 70 +10 2""}]","{""exercise"":""front_squat"",""setNumber"":4,""reps"":2,""weightKg"":90}",gym-data.csv:001040
gym-data.csv:001041,fs #5 90 2,"[{""role"":""user"",""content"":""fs set4 90 r2""}]","{""exercise"":""front_squat"",""setNumber"":5,""reps"":2,""weightKg"":90}",gym-data.csv:001041
gym-data.csv:001042,90x2,"[{""role"":""user"",""content"":""fs #5 90 2""}]","{""exercise"":""front_squat"",""setNumber"":6,""reps"":2,""weightKg"":90}",gym-data.csv:001042
gym-data.csv:001043,fs set7 90kgx2,"[{""role"":""user"",""content"":""fs #6 90x2""}]","{""exercise"":""front_squat"",""setNumber"":7,""reps"":2,""weightKg"":90}",gym-data.csv:001043
gym-data.csv:001044,squat set1 100x3,[],"{""exercise"":""squat"",""setNumber"":1,""reps"":3,""weightKg"":100}",gym-data.csv:001044
gym-data.csv:001045,squat s2 100x3,"[{""role"":""user"",""content"":""squat set1 100x3""}]","{""exercise"":""squat"",""setNumber"":2,""reps"":3,""weightKg"":100}",gym-data.csv:001045
gym-data.csv:001046,bench set1 20x10,[],"{""exercise"":""bench"",""setNumber"":1,""reps"":10,""weightKg"":20}",gym-data.csv:001046
gym-data.csv:001047,+20 x6,"[{""role"":""user"",""content"":""bench set1 20x10""}]","{""exercise"":""bench"",""setNumber"":2,""reps"":6,""weightKg"":40}",gym-data.csv:001047
gym-data.csv:001048,40x6,"[{""role"":""user"",""content"":""bp s2 20kg +20kg x6""}]","{""exercise"":""bench"",""setNumber"":3,""reps"":6,""weightKg"":40}",gym-data.csv:001048
gym-data.csv:001049,+10 x5,"[{""role"":""user"",""content"":""bench set3 40x6""}]","{""exercise"":""bench"",""setNumber"":4,""reps"":5,""weightKg"":50}",gym-data.csv:001049
gym-data.csv:001050,s5 60kgx3,"[{""role"":""user"",""content"":""bench s4 40kg +10kg x5""}]","{""exercise"":""bench"",""setNumber"":5,""reps"":3,""weightKg"":60}",gym-data.csv:001050
gym-data.csv:001051,set6 60x3,"[{""role"":""user"",""content"":""bench s5 60kgx3""}]","{""exercise"":""bench"",""setNumber"":6,""reps"":3,""weightKg"":60}",gym-data.csv:001051
gym-data.csv:001052,bench s7 60kgx3,"[{""role"":""user"",""content"":""bp set6 60x3""}]","{""exercise"":""bench"",""setNumber"":7,""reps"":3,""weightKg"":60}",gym-data.csv:001052
gym-data.csv:001053,snatch set1 40 r4,[],"{""exercise"":""snatch"",""setNumber"":1,""reps"":4,""weightKg"":40}",gym-data.csv:001053
gym-data.csv:001054,40x5,"[{""role"":""user"",""content"":""snatch set1 40 r4""}]","{""exercise"":""snatch"",""setNumber"":2,""reps"":5,""weightKg"":40}",gym-data.csv:001054
gym-data.csv:001055,+10 x4,"[{""role"":""user"",""content"":""snatch s2 40x5""}]","{""exercise"":""snatch"",""setNumber"":3,""reps"":4,""weightKg"":50}",gym-data.csv:001055
gym-data.csv:001056,snatch s4 50x4,"[{""role"":""user"",""content"":""snatch #3 40kg +10kg x4""}]","{""exercise"":""snatch"",""setNumber"":4,""reps"":4,""weightKg"":50}",gym-data.csv:001056
gym-data.csv:001057,snatch #5 60 3reps,"[{""role"":""user"",""content"":""snatch s4 50x4""}]","{""exercise"":""snatch"",""setNumber"":5,""reps"":3,""weightKg"":60}",gym-data.csv:001057
gym-data.csv:001058,snatch s6 60+5x3,"[{""role"":""user"",""content"":""snatch #5 60 3reps""}]","{""exercise"":""snatch"",""setNumber"":6,""reps"":3,""weightKg"":65}",gym-data.csv:001058
gym-data.csv:001059,s7 65 +5 1r,"[{""role"":""user"",""content"":""snatch s6 60+5x3""}]","{""exercise"":""snatch"",""setNumber"":7,""reps"":1,""weightKg"":70}",gym-data.csv:001059
gym-data.csv:001060,s8 70kgx1,"[{""role"":""user"",""content"":""snatch s7 65 +5 1r""}]","{""exercise"":""snatch"",""setNumber"":8,""reps"":1,""weightKg"":70}",gym-data.csv:001060
gym-data.csv:001061,cj set1 50kgx5,[],"{""exercise"":""clean_and_jerk"",""setNumber"":1,""reps"":5,""weightKg"":50}",gym-data.csv:001061
gym-data.csv:001062,+10 x4,"[{""role"":""user"",""content"":""cj set1 50kgx5""}]","{""exercise"":""clean_and_jerk"",""setNumber"":2,""reps"":4,""weightKg"":60}",gym-data.csv:001062
gym-data.csv:001063,cj set3 60kg +10kg x4,"[{""role"":""user"",""content"":""cj s2 60kgx4""}]","{""exercise"":""clean_and_jerk"",""setNumber"":3,""reps"":4,""weightKg"":70}",gym-data.csv:001063
gym-data.csv:001064,+10 x2,"[{""role"":""user"",""content"":""cj set3 60kg +10kg x4""}]","{""exercise"":""clean_and_jerk"",""setNumber"":4,""reps"":2,""weightKg"":80}",gym-data.csv:001064
gym-data.csv:001065,cj #5 80 +10 r2,"[{""role"":""user"",""content"":""cj set4 70+10 2""}]","{""exercise"":""clean_and_jerk"",""setNumber"":5,""reps"":2,""weightKg"":90}",gym-data.csv:001065
gym-data.csv:001066,set6 95 r1,"[{""role"":""user"",""content"":""cj #5 80 +10 r2""}]","{""exercise"":""clean_and_jerk"",""setNumber"":6,""reps"":1,""weightKg"":95}",gym-data.csv:001066
gym-data.csv:001067,cj s7 95+5 1r,"[{""role"":""user"",""content"":""cj set6 95 r1""}]","{""exercise"":""clean_and_jerk"",""setNumber"":7,""reps"":1,""weightKg"":100}",gym-data.csv:001067
gym-data.csv:001068,squat s1 50x5,[],"{""exercise"":""squat"",""setNumber"":1,""reps"":5,""weightKg"":50}",gym-data.csv:001068
gym-data.csv:001069,+30 x3,"[{""role"":""user"",""content"":""squat s1 50x5""}]","{""exercise"":""squat"",""setNumber"":2,""reps"":3,""weightKg"":80}",gym-data.csv:001069
gym-data.csv:001070,+10 x2,"[{""role"":""user"",""content"":""squat s2 50 +30 3r""}]","{""exercise"":""squat"",""setNumber"":3,""reps"":2,""weightKg"":90}",gym-data.csv:001070
gym-data.csv:001071,squat set4 90 +10 2,"[{""role"":""user"",""content"":""squat #3 90 2reps""}]","{""exercise"":""squat"",""setNumber"":4,""reps"":2,""weightKg"":100}",gym-data.csv:001071
gym-data.csv:001072,+10 x2,"[{""role"":""user"",""content"":""squat set4 90 +10 2""}]","{""exercise"":""squat"",""setNumber"":5,""reps"":2,""weightKg"":110}",gym-data.csv:001072
gym-data.csv:001073,110x2,"[{""role"":""user"",""content"":""squat set5 100+10 2reps""}]","{""exercise"":""squat"",""setNumber"":6,""reps"":2,""weightKg"":110}",gym-data.csv:001073
gym-data.csv:001074,+10 x1,"[{""role"":""user"",""content"":""squat s6 110x2""}]","{""exercise"":""squat"",""setNumber"":7,""reps"":1,""weightKg"":120}",gym-data.csv:001074
gym-data.csv:001075,squat #8 120 1r,"[{""role"":""user"",""content"":""squat #7 120x1""}]","{""exercise"":""squat"",""setNumber"":8,""reps"":1,""weightKg"":120}",gym-data.csv:001075
gym-data.csv:001076,fs s1 90 3reps,"[{""role"":""user"",""content"":""squat #8 120 1r""}]","{""exercise"":""front_squat"",""setNumber"":1,""reps"":3,""weightKg"":90}",gym-data.csv:001076
gym-data.csv:001077,fs set2 90 r3,"[{""role"":""user"",""content"":""fs s1 90 3reps""}]","{""exercise"":""front_squat"",""setNumber"":2,""reps"":3,""weightKg"":90}",gym-data.csv:001077
gym-data.csv:001078,fs #3 100kgx3,"[{""role"":""user"",""content"":""fs set2 90 r3""}]","{""exercise"":""front_squat"",""setNumber"":3,""reps"":3,""weightKg"":100}",gym-data.csv:001078
gym-data.csv:001079,sj s1 20 r8,[],"{""exercise"":""split_jerk"",""setNumber"":1,""reps"":8,""weightKg"":20}",gym-data.csv:001079
gym-data.csv:001080,+20 x5,"[{""role"":""user"",""content"":""sj s1 20 r8""}]","{""exercise"":""split_jerk"",""setNumber"":2,""reps"":5,""weightKg"":40}",gym-data.csv:001080
gym-data.csv:001081,+10 x4,"[{""role"":""user"",""content"":""sj #2 20 +20 r5""}]","{""exercise"":""split_jerk"",""setNumber"":3,""reps"":4,""weightKg"":50}",gym-data.csv:001081
gym-data.csv:001082,+10 x4,"[{""role"":""user"",""content"":""sj set3 40 +10 4""}]","{""exercise"":""split_jerk"",""setNumber"":4,""reps"":4,""weightKg"":60}",gym-data.csv:001082
gym-data.csv:001083,sj s5 60kgx4,"[{""role"":""user"",""content"":""sj #4 60kgx4""}]","{""exercise"":""split_jerk"",""setNumber"":5,""reps"":4,""weightKg"":60}",gym-data.csv:001083
gym-data.csv:001084,60x4,"[{""role"":""user"",""content"":""sj s5 60kgx4""}]","{""exercise"":""split_jerk"",""setNumber"":6,""reps"":4,""weightKg"":60}",gym-data.csv:001084
gym-data.csv:001085,snatch set1 40 4,[],"{""exercise"":""snatch"",""setNumber"":1,""reps"":4,""weightKg"":40}",gym-data.csv:001085
gym-data.csv:001086,snatch set2 40 4r,"[{""role"":""user"",""content"":""snatch set1 40 4""}]","{""exercise"":""snatch"",""setNumber"":2,""reps"":4,""weightKg"":40}",gym-data.csv:001086
gym-data.csv:001087,#3 50kgx4,"[{""role"":""user"",""content"":""snatch set2 40 4r""}]","{""exercise"":""snatch"",""setNumber"":3,""reps"":4,""weightKg"":50}",gym-data.csv:001087
gym-data.csv:001088,#4 50x4,"[{""role"":""user"",""content"":""snatch #3 50kgx4""}]","{""exercise"":""snatch"",""setNumber"":4,""reps"":4,""weightKg"":50}",gym-data.csv:001088
gym-data.csv:001089,snatch set5 50+10 r2,"[{""role"":""user"",""content"":""snatch #4 50x4""}]","{""exercise"":""snatch"",""setNumber"":5,""reps"":2,""weightKg"":60}",gym-data.csv:001089
gym-data.csv:001090,snatch set6 60x2,"[{""role"":""user"",""content"":""snatch set5 50+10 r2""}]","{""exercise"":""snatch"",""setNumber"":6,""reps"":2,""weightKg"":60}",gym-data.csv:001090
gym-data.csv:001091,#7 60 +5 r1,"[{""role"":""user"",""content"":""snatch set6 60x2""}]","{""exercise"":""snatch"",""setNumber"":7,""reps"":1,""weightKg"":65}",gym-data.csv:001091
gym-data.csv:001092,snatch #8 70 1,"[{""role"":""user"",""content"":""snatch #7 60 +5 r1""}]","{""exercise"":""snatch"",""setNumber"":8,""reps"":1,""weightKg"":70}",gym-data.csv:001092
gym-data.csv:001093,snatch #9 70+5 1,"[{""role"":""user"",""content"":""snatch #8 70 1""}]","{""exercise"":""snatch"",""setNumber"":9,""reps"":1,""weightKg"":75}",gym-data.csv:001093
gym-data.csv:001094,cj set1 50 5r,"[{""role"":""user"",""content"":""snatch #9 70+5 1""}]","{""exercise"":""clean_and_jerk"",""setNumber"":1,""reps"":5,""weightKg"":50}",gym-data.csv:001094
gym-data.csv:001095,+10 x4,"[{""role"":""user"",""content"":""cj set1 50 5r""}]","{""exercise"":""clean_and_jerk"",""setNumber"":2,""reps"":4,""weightKg"":60}",gym-data.csv:001095
gym-data.csv:001096,set3 60+10 4r,"[{""role"":""user"",""content"":""cj s2 50+10x4""}]","{""exercise"":""clean_and_jerk"",""setNumber"":3,""reps"":4,""weightKg"":70}",gym-data.csv:001096
gym-data.csv:001097,+10 x2,"[{""role"":""user"",""content"":""cj set3 60+10 4r""}]","{""exercise"":""clean_and_jerk"",""setNumber"":4,""reps"":2,""weightKg"":80}",gym-data.csv:001097
gym-data.csv:001098,s5 90kgx1,"[{""role"":""user"",""content"":""cj #4 80x2""}]","{""exercise"":""clean_and_jerk"",""setNumber"":5,""reps"":1,""weightKg"":90}",gym-data.csv:001098
gym-data.csv:001099,set6 90kg +5kg x1,"[{""role"":""user"",""content"":""cj s5 90kgx1""}]","{""exercise"":""clean_and_jerk"",""setNumber"":6,""reps"":1,""weightKg"":95}",gym-data.csv:001099
gym-data.csv:001100,squat set1 50kgx3,[],"{""exercise"":""squat"",""setNumber"":1,""reps"":3,""weightKg"":50}",gym-data.csv:001100
gym-data.csv:001101,+20 x3,"[{""role"":""user"",""content"":""squat set1 50kgx3""}]","{""exercise"":""squat"",""setNumber"":2,""reps"":3,""weightKg"":70}",gym-data.csv:001101
gym-data.csv:001102,+20 x2,"[{""role"":""user"",""content"":""squat s2 70kgx3""}]","{""exercise"":""squat"",""setNumber"":3,""reps"":2,""weightKg"":90}",gym-data.csv:001102
gym-data.csv:001103,squat set4 90+10x2,"[{""role"":""user"",""content"":""squat set3 90 r2""}]","{""exercise"":""squat"",""setNumber"":4,""reps"":2,""weightKg"":100}",gym-data.csv:001103
gym-data.csv:001104,s5 100 +10 2,"[{""role"":""user"",""content"":""squat set4 90+10x2""}]","{""exercise"":""squat"",""setNumber"":5,""reps"":2,""weightKg"":110}",gym-data.csv:001104
gym-data.csv:001105,squat set6 110x2,"[{""role"":""user"",""content"":""squat s5 100 +10 2""}]","{""exercise"":""squat"",""setNumber"":6,""reps"":2,""weightKg"":110}",gym-data.csv:001105
gym-data.csv:001106,110x2,"[{""role"":""user"",""content"":""squat set6 110x2""}]","{""exercise"":""squat"",""setNumber"":7,""reps"":2,""weightKg"":110}",gym-data.csv:001106
gym-data.csv:001107,squat #8 110x2,"[{""role"":""user"",""content"":""squat s7 110 2r""}]","{""exercise"":""squat"",""setNumber"":8,""reps"":2,""weightKg"":110}",gym-data.csv:001107
gym-data.csv:001108,snatch set1 40 r4,[],"{""exercise"":""snatch"",""setNumber"":1,""reps"":4,""weightKg"":40}",gym-data.csv:001108
gym-data.csv:001109,40x4,"[{""role"":""user"",""content"":""snatch set1 40 r4""}]","{""exercise"":""snatch"",""setNumber"":2,""reps"":4,""weightKg"":40}",gym-data.csv:001109
gym-data.csv:001110,#3 40+10 3reps,"[{""role"":""user"",""content"":""snatch s2 40 4reps""}]","{""exercise"":""snatch"",""setNumber"":3,""reps"":3,""weightKg"":50}",gym-data.csv:001110
gym-data.csv:001111,#4 50kgx2,"[{""role"":""user"",""content"":""snatch #3 40+10 3reps""}]","{""exercise"":""snatch"",""setNumber"":4,""reps"":2,""weightKg"":50}",gym-data.csv:001111
gym-data.csv:001112,+10 x2,"[{""role"":""user"",""content"":""snatch #4 50kgx2""}]","{""exercise"":""snatch"",""setNumber"":5,""reps"":2,""weightKg"":60}",gym-data.csv:001112
gym-data.csv:001113,snatch #6 70kgx2,"[{""role"":""user"",""content"":""snatch set5 50kg +10kg x2""}]","{""exercise"":""snatch"",""setNumber"":6,""reps"":2,""weightKg"":70}",gym-data.csv:001113
gym-data.csv:001114,snatch set7 70x2,"[{""role"":""user"",""content"":""snatch #6 70kgx2""}]","{""exercise"":""snatch"",""setNumber"":7,""reps"":2,""weightKg"":70}",gym-data.csv:001114
gym-data.csv:001115,snatch set8 60 2reps,"[{""role"":""user"",""content"":""snatch set7 70x2""}]","{""exercise"":""snatch"",""setNumber"":8,""reps"":2,""weightKg"":60}",gym-data.csv:001115
gym-data.csv:001116,s9 70x1,"[{""role"":""user"",""content"":""snatch set8 60 2reps""}]","{""exercise"":""snatch"",""setNumber"":9,""reps"":1,""weightKg"":70}",gym-data.csv:001116
gym-data.csv:001117,#10 70kg +1kg x1,"[{""role"":""user"",""content"":""snatch s9 70x1""}]","{""exercise"":""snatch"",""setNumber"":10,""reps"":1,""weightKg"":71}",gym-data.csv:001117
gym-data.csv:001118,cj set1 50 4,"[{""role"":""user"",""content"":""snatch #10 70kg +1kg x1""}]","{""exercise"":""clean_and_jerk"",""setNumber"":1,""reps"":4,""weightKg"":50}",gym-data.csv:001118
gym-data.csv:001119,s2 50+20x2,"[{""role"":""user"",""content"":""cj set1 50 4""}]","{""exercise"":""clean_and_jerk"",""setNumber"":2,""reps"":2,""weightKg"":70}",gym-data.csv:001119
gym-data.csv:001120,cj #3 80kgx2,"[{""role"":""user"",""content"":""cj s2 50+20x2""}]","{""exercise"":""clean_and_jerk"",""setNumber"":3,""reps"":2,""weightKg"":80}",gym-data.csv:001120
gym-data.csv:001121,cj #4 80+10 1,"[{""role"":""user"",""content"":""cj #3 80kgx2""}]","{""exercise"":""clean_and_jerk"",""setNumber"":4,""reps"":1,""weightKg"":90}",gym-data.csv:001121
gym-data.csv:001122,+10 x1,"[{""role"":""user"",""content"":""cj #4 80+10 1""}]","{""exercise"":""clean_and_jerk"",""setNumber"":5,""reps"":1,""weightKg"":100}",gym-data.csv:001122
gym-data.csv:001123,cj #6 80kgx2,"[{""role"":""user"",""content"":""cj s5 90+10x1""}]","{""exercise"":""clean_and_jerk"",""setNumber"":6,""reps"":2,""weightKg"":80}",gym-data.csv:001123
gym-data.csv:001124,#7 80kgx2,"[{""role"":""user"",""content"":""cj #6 80kgx2""}]","{""exercise"":""clean_and_jerk"",""setNumber"":7,""reps"":2,""weightKg"":80}",gym-data.csv:001124
gym-data.csv:001125,80x2,"[{""role"":""user"",""content"":""cj #7 80kgx2""}]","{""exercise"":""clean_and_jerk"",""setNumber"":8,""reps"":2,""weightKg"":80}",gym-data.csv:001125
gym-data.csv:001126,squat #1 50kgx5,[],"{""exercise"":""squat"",""setNumber"":1,""reps"":5,""weightKg"":50}",gym-data.csv:001126
gym-data.csv:001127,set2 50 +20 3reps,"[{""role"":""user"",""content"":""squat #1 50kgx5""}]","{""exercise"":""squat"",""setNumber"":2,""reps"":3,""weightKg"":70}",gym-data.csv:001127
gym-data.csv:001128,squat set3 80 3r,"[{""role"":""user"",""content"":""squat set2 50 +20 3reps""}]","{""exercise"":""squat"",""setNumber"":3,""reps"":3,""weightKg"":80}",gym-data.csv:001128
gym-data.csv:001129,+10 x3,"[{""role"":""user"",""content"":""squat set3 80 3r""}]","{""exercise"":""squat"",""setNumber"":4,""reps"":3,""weightKg"":90}",gym-data.csv:001129
gym-data.csv:001130,squat set5 100 2,"[{""role"":""user"",""content"":""squat set4 90 3reps""}]","{""exercise"":""squat"",""setNumber"":5,""reps"":2,""weightKg"":100}",gym-data.csv:001130
gym-data.csv:001131,squat set6 100+10 r2,"[{""role"":""user"",""content"":""squat set5 100 2""}]","{""exercise"":""squat"",""setNumber"":6,""reps"":2,""weightKg"":110}",gym-data.csv:001131
gym-data.csv:001132,#7 110kgx2,"[{""role"":""user"",""content"":""squat set6 100+10 r2""}]","{""exercise"":""squat"",""setNumber"":7,""reps"":2,""weightKg"":110}",gym-data.csv:001132
gym-data.csv:001133,110x2,"[{""role"":""user"",""content"":""squat #7 110kgx2""}]","{""exercise"":""squat"",""setNumber"":8,""reps"":2,""weightKg"":110}",gym-data.csv:001133
gym-data.csv:001134,squat #9 110x2,"[{""role"":""user"",""content"":""squat set8 110x2""}]","{""exercise"":""squat"",""setNumber"":9,""reps"":2,""weightKg"":110}",gym-data.csv:001134
gym-data.csv:001135,snatch s1 40 5,[],"{""exercise"":""snatch"",""setNumber"":1,""reps"":5,""weightKg"":40}",gym-data.csv:001135
gym-data.csv:001136,snatch #2 40 3reps,"[{""role"":""user"",""content"":""snatch s1 40 5""}]","{""exercise"":""snatch"",""setNumber"":2,""reps"":3,""weightKg"":40}",gym-data.csv:001136
gym-data.csv:001137,set3 40+10 3r,"[{""role"":""user"",""content"":""snatch #2 40 3reps""}]","{""exercise"":""snatch"",""setNumber"":3,""reps"":3,""weightKg"":50}",gym-data.csv:001137
gym-data.csv:001138,snatch s4 60 2reps,"[{""role"":""user"",""content"":""snatch set3 40+10 3r""}]","{""exercise"":""snatch"",""setNumber"":4,""reps"":2,""weightKg"":60}",gym-data.csv:001138
gym-data.csv:001139,snatch set5 60+10 2r,"[{""role"":""user"",""content"":""snatch s4 60 2reps""}]","{""exercise"":""snatch"",""setNumber"":5,""reps"":2,""weightKg"":70}",gym-data.csv:001139
gym-data.csv:001140,snatch set6 70 2reps,"[{""role"":""user"",""content"":""snatch set5 60+10 2r""}]","{""exercise"":""snatch"",""setNumber"":6,""reps"":2,""weightKg"":70}",gym-data.csv:001140
gym-data.csv:001141,+5 x1,"[{""role"":""user"",""content"":""snatch set6 70 2reps""}]","{""exercise"":""snatch"",""setNumber"":7,""reps"":1,""weightKg"":75}",gym-data.csv:001141
gym-data.csv:001142,cj s1 50x3,"[{""role"":""user"",""content"":""snatch set7 75kgx1""}]","{""exercise"":""clean_and_jerk"",""setNumber"":1,""reps"":3,""weightKg"":50}",gym-data.csv:001142
gym-data.csv:001143,cj set2 50 +20 2,"[{""role"":""user"",""content"":""cj s1 50x3""}]","{""exercise"":""clean_and_jerk"",""setNumber"":2,""reps"":2,""weightKg"":70}",gym-data.csv:001143
gym-data.csv:001144,cj #3 70+10 2reps,"[{""role"":""user"",""content"":""cj set2 50 +20 2""}]","{""exercise"":""clean_and_jerk"",""setNumber"":3,""reps"":2,""weightKg"":80}",gym-data.csv:001144
gym-data.csv:001145,cj #4 80kg +10kg x1,"[{""role"":""user"",""content"":""cj #3 70+10 2reps""}]","{""exercise"":""clean_and_jerk"",""setNumber"":4,""reps"":1,""weightKg"":90}",gym-data.csv:001145
gym-data.csv:001146,+10 x1,"[{""role"":""user"",""content"":""cj #4 80kg +10kg x1""}]","{""exercise"":""clean_and_jerk"",""setNumber"":5,""reps"":1,""weightKg"":100}",gym-data.csv:001146
gym-data.csv:001147,squat s1 50kgx5,[],"{""exercise"":""squat"",""setNumber"":1,""reps"":5,""weightKg"":50}",gym-data.csv:001147
gym-data.csv:001148,squat s2 50kg +20kg x3,"[{""role"":""user"",""content"":""squat s1 50kgx5""}]","{""exercise"":""squat"",""setNumber"":2,""reps"":3,""weightKg"":70}",gym-data.csv:001148
gym-data.csv:001149,+20 x3,"[{""role"":""user"",""content"":""squat s2 50kg +20kg x3""}]","{""exercise"":""squat"",""setNumber"":3,""reps"":3,""weightKg"":90}",gym-data.csv:001149
gym-data.csv:001150,s4 100kgx2,"[{""role"":""user"",""content"":""squat set3 70+20x3""}]","{""exercise"":""squat"",""setNumber"":4,""reps"":2,""weightKg"":100}",gym-data.csv:001150
gym-data.csv:001151,+10 x2,"[{""role"":""user"",""content"":""squat s4 100kgx2""}]","{""exercise"":""squat"",""setNumber"":5,""reps"":2,""weightKg"":110}",gym-data.csv:001151
gym-data.csv:001152,squat s6 110kgx2,"[{""role"":""user"",""content"":""squat s5 100+10x2""}]","{""exercise"":""squat"",""setNumber"":6,""reps"":2,""weightKg"":110}",gym-data.csv:001152
gym-data.csv:001153,#7 110 2r,"[{""role"":""user"",""content"":""squat s6 110kgx2""}]","{""exercise"":""squat"",""setNumber"":7,""reps"":2,""weightKg"":110}",gym-data.csv:001153
gym-data.csv:001154,set8 110x2,"[{""role"":""user"",""content"":""squat #7 110 2r""}]","{""exercise"":""squat"",""setNumber"":8,""reps"":2,""weightKg"":110}",gym-data.csv:001154
gym-data.csv:001155,snatch s1 40x3,[],"{""exercise"":""snatch"",""setNumber"":1,""reps"":3,""weightKg"":40}",gym-data.csv:001155
gym-data.csv:001156,set2 40x3,"[{""role"":""user"",""content"":""snatch s1 40x3""}]","{""exercise"":""snatch"",""setNumber"":2,""reps"":3,""weightKg"":40}",gym-data.csv:001156
gym-data.csv:001157,snatch #3 40+10 3r,"[{""role"":""user"",""content"":""snatch set2 40x3""}]","{""exercise"":""snatch"",""setNumber"":3,""reps"":3,""weightKg"":50}",gym-data.csv:001157
gym-data.csv:001158,snatch s4 50 +10 1r,"[{""role"":""user"",""content"":""snatch #3 40+10 3r""}]","{""exercise"":""snatch"",""setNumber"":4,""reps"":1,""weightKg"":60}",gym-data.csv:001158
gym-data.csv:001159,s5 60+5x1,"[{""role"":""user"",""content"":""snatch s4 50 +10 1r""}]","{""exercise"":""snatch"",""setNumber"":5,""reps"":1,""weightKg"":65}",gym-data.csv:001159
gym-data.csv:001160,set6 65 1reps,"[{""role"":""user"",""content"":""snatch s5 60+5x1""}]","{""exercise"":""snatch"",""setNumber"":6,""reps"":1,""weightKg"":65}",gym-data.csv:001160
gym-data.csv:001161,snatch #7 65+5 1,"[{""role"":""user"",""content"":""snatch set6 65 1reps""}]","{""exercise"":""snatch"",""setNumber"":7,""reps"":1,""weightKg"":70}",gym-data.csv:001161
gym-data.csv:001162,70x1,"[{""role"":""user"",""content"":""snatch #7 65+5 1""}]","{""exercise"":""snatch"",""setNumber"":8,""reps"":1,""weightKg"":70}",gym-data.csv:001162
gym-data.csv:001163,cj #1 50 3,"[{""role"":""user"",""content"":""snatch s8 70 1r""}]","{""exercise"":""clean_and_jerk"",""setNumber"":1,""reps"":3,""weightKg"":50}",gym-data.csv:001163
gym-data.csv:001164,+10 x3,"[{""role"":""user"",""content"":""cj #1 50 3""}]","{""exercise"":""clean_and_jerk"",""setNumber"":2,""reps"":3,""weightKg"":60}",gym-data.csv:001164
gym-data.csv:001165,cj set3 60+10 1r,"[{""role"":""user"",""content"":""cj #2 60kgx3""}]","{""exercise"":""clean_and_jerk"",""setNumber"":3,""reps"":1,""weightKg"":70}",gym-data.csv:001165
gym-data.csv:001166,s4 70+10 1reps,"[{""role"":""user"",""content"":""cj set3 60+10 1r""}]","{""exercise"":""clean_and_jerk"",""setNumber"":4,""reps"":1,""weightKg"":80}",gym-data.csv:001166
gym-data.csv:001167,cj #5 80+10 1r,"[{""role"":""user"",""content"":""cj s4 70+10 1reps""}]","{""exercise"":""clean_and_jerk"",""setNumber"":5,""reps"":1,""weightKg"":90}",gym-data.csv:001167
gym-data.csv:001168,cj s6 95 1r,"[{""role"":""user"",""content"":""cj #5 80+10 1r""}]","{""exercise"":""clean_and_jerk"",""setNumber"":6,""reps"":1,""weightKg"":95}",gym-data.csv:001168
gym-data.csv:001169,squat set1 50 r5,[],"{""exercise"":""squat"",""setNumber"":1,""reps"":5,""weightKg"":50}",gym-data.csv:001169
gym-data.csv:001170,squat s2 50+20x3,"[{""role"":""user"",""content"":""squat set1 50 r5""}]","{""exercise"":""squat"",""setNumber"":2,""reps"":3,""weightKg"":70}",gym-data.csv:001170
gym-data.csv:001171,+10 x3,"[{""role"":""user"",""content"":""squat s2 50+20x3""}]","{""exercise"":""squat"",""setNumber"":3,""reps"":3,""weightKg"":80}",gym-data.csv:001171
gym-data.csv:001172,+10 x3,"[{""role"":""user"",""content"":""squat s3 80 3r""}]","{""exercise"":""squat"",""setNumber"":4,""reps"":3,""weightKg"":90}",gym-data.csv:001172
gym-data.csv:001173,s5 90x3,"[{""role"":""user"",""content"":""squat set4 90x3""}]","{""exercise"":""squat"",""setNumber"":5,""reps"":3,""weightKg"":90}",gym-data.csv:001173
gym-data.csv:001174,squat #6 90kgx3,"[{""role"":""user"",""content"":""squat s5 90x3""}]","{""exercise"":""squat"",""setNumber"":6,""reps"":3,""weightKg"":90}",gym-data.csv:001174
gym-data.csv:001175,squat set1 40kgx8,[],"{""exercise"":""squat"",""setNumber"":1,""reps"":8,""weightKg"":40}",gym-data.csv:001175
gym-data.csv:001176,squat #2 40 +10 6reps,"[{""role"":""user"",""content"":""squat set1 40kgx8""}]","{""exercise"":""squat"",""setNumber"":2,""reps"":6,""weightKg"":50}",gym-data.csv:001176
gym-data.csv:001177,squat s3 50kgx6,"[{""role"":""user"",""content"":""squat #2 40 +10 6reps""}]","{""exercise"":""squat"",""setNumber"":3,""reps"":6,""weightKg"":50}",gym-data.csv:001177
gym-data.csv:001178,squat #4 50 +20 3r,"[{""role"":""user"",""content"":""squat s3 50kgx6""}]","{""exercise"":""squat"",""setNumber"":4,""reps"":3,""weightKg"":70}",gym-data.csv:001178
gym-data.csv:001179,+20 x3,"[{""role"":""user"",""content"":""squat #4 50 +20 3r""}]","{""exercise"":""squat"",""setNumber"":5,""reps"":3,""weightKg"":90}",gym-data.csv:001179
gym-data.csv:001180,squat #6 90kgx3,"[{""role"":""user"",""content"":""squat #5 70+20 3reps""}]","{""exercise"":""squat"",""setNumber"":6,""reps"":3,""weightKg"":90}",gym-data.csv:001180
gym-data.csv:001181,squat #7 90+20 r2,"[{""role"":""user"",""content"":""squat #6 90kgx3""}]","{""exercise"":""squat"",""setNumber"":7,""reps"":2,""weightKg"":110}",gym-data.csv:001181
gym-data.csv:001182,#8 100kgx2,"[{""role"":""user"",""content"":""squat #7 90+20 r2""}]","{""exercise"":""squat"",""setNumber"":8,""reps"":2,""weightKg"":100}",gym-data.csv:001182
gym-data.csv:001183,snatch s1 40x4,[],"{""exercise"":""snatch"",""setNumber"":1,""reps"":4,""weightKg"":40}",gym-data.csv:001183
gym-data.csv:001184,40x4,"[{""role"":""user"",""content"":""snatch s1 40x4""}]","{""exercise"":""snatch"",""setNumber"":2,""reps"":4,""weightKg"":40}",gym-data.csv:001184
gym-data.csv:001185,snatch s3 50x3,"[{""role"":""user"",""content"":""snatch set2 40x4""}]","{""exercise"":""snatch"",""setNumber"":3,""reps"":3,""weightKg"":50}",gym-data.csv:001185
gym-data.csv:001186,s4 50kgx3,"[{""role"":""user"",""content"":""snatch s3 50x3""}]","{""exercise"":""snatch"",""setNumber"":4,""reps"":3,""weightKg"":50}",gym-data.csv:001186
gym-data.csv:001187,+5 x2,"[{""role"":""user"",""content"":""snatch s4 50kgx3""}]","{""exercise"":""snatch"",""setNumber"":5,""reps"":2,""weightKg"":55}",gym-data.csv:001187
gym-data.csv:001188,#6 55kgx2,"[{""role"":""user"",""content"":""snatch set5 55x2""}]","{""exercise"":""snatch"",""setNumber"":6,""reps"":2,""weightKg"":55}",gym-data.csv:001188
gym-data.csv:001189,55x2,"[{""role"":""user"",""content"":""snatch #6 55kgx2""}]","{""exercise"":""snatch"",""setNumber"":7,""reps"":2,""weightKg"":55}",gym-data.csv:001189
gym-data.csv:001190,cj s1 40x5,[],"{""exercise"":""clean_and_jerk"",""setNumber"":1,""reps"":5,""weightKg"":40}",gym-data.csv:001190
gym-data.csv:001191,cj #2 40 5,"[{""role"":""user"",""content"":""cj s1 40x5""}]","{""exercise"":""clean_and_jerk"",""setNumber"":2,""reps"":5,""weightKg"":40}",gym-data.csv:001191
gym-data.csv:001192,cj set3 50 4r,"[{""role"":""user"",""content"":""cj #2 40 5""}]","{""exercise"":""clean_and_jerk"",""setNumber"":3,""reps"":4,""weightKg"":50}",gym-data.csv:001192
gym-data.csv:001193,50x4,"[{""role"":""user"",""content"":""cj set3 50 4r""}]","{""exercise"":""clean_and_jerk"",""setNumber"":4,""reps"":4,""weightKg"":50}",gym-data.csv:001193
gym-data.csv:001194,cj s5 50 +10 4,"[{""role"":""user"",""content"":""cj set4 50x4""}]","{""exercise"":""clean_and_jerk"",""setNumber"":5,""reps"":4,""weightKg"":60}",gym-data.csv:001194
gym-data.csv:001195,+10 x3,"[{""role"":""user"",""content"":""cj s5 50 +10 4""}]","{""exercise"":""clean_and_jerk"",""setNumber"":6,""reps"":3,""weightKg"":70}",gym-data.csv:001195
gym-data.csv:001196,70x3,"[{""role"":""user"",""content"":""cj #6 60kg +10kg x3""}]","{""exercise"":""clean_and_jerk"",""setNumber"":7,""reps"":3,""weightKg"":70}",gym-data.csv:001196
gym-data.csv:001197,+5 x1,"[{""role"":""user"",""content"":""cj #7 70 3reps""}]","{""exercise"":""clean_and_jerk"",""setNumber"":8,""reps"":1,""weightKg"":75}",gym-data.csv:001197
gym-data.csv:001198,set9 75+5 1reps,"[{""role"":""user"",""content"":""cj s8 70kg +5kg x1""}]","{""exercise"":""clean_and_jerk"",""setNumber"":9,""reps"":1,""weightKg"":80}",gym-data.csv:001198
gym-data.csv:001199,cj s10 80kg +5kg x1,"[{""role"":""user"",""content"":""cj set9 75+5 1reps""}]","{""exercise"":""clean_and_jerk"",""setNumber"":10,""reps"":1,""weightKg"":85}",gym-data.csv:001199
gym-data.csv:001200,spull set1 20x10,"[{""role"":""user"",""content"":""cj s10 80kg +5kg x1""}]","{""exercise"":""snatch_pull"",""setNumber"":1,""reps"":10,""weightKg"":20}",gym-data.csv:001200
gym-data.csv:001201,20x10,"[{""role"":""user"",""content"":""spull set1 20x10""}]","{""exercise"":""snatch_pull"",""setNumber"":2,""reps"":10,""weightKg"":20}",gym-data.csv:001201
gym-data.csv:001202,s3 20 10,"[{""role"":""user"",""content"":""spull s2 20 10reps""}]","{""exercise"":""snatch_pull"",""setNumber"":3,""reps"":10,""weightKg"":20}",gym-data.csv:001202
gym-data.csv:001203,#4 20x10,"[{""role"":""user"",""content"":""spull s3 20 10""}]","{""exercise"":""snatch_pull"",""setNumber"":4,""reps"":10,""weightKg"":20}",gym-data.csv:001203
gym-data.csv:001204,spull set5 20kgx10,"[{""role"":""user"",""content"":""spull #4 20x10""}]","{""exercise"":""snatch_pull"",""setNumber"":5,""reps"":10,""weightKg"":20}",gym-data.csv:001204
gym-data.csv:001205,snatch s1 40x3,[],"{""exercise"":""snatch"",""setNumber"":1,""reps"":3,""weightKg"":40}",gym-data.csv:001205
gym-data.csv:001206,snatch #2 40x3,"[{""role"":""user"",""content"":""snatch s1 40x3""}]","{""exercise"":""snatch"",""setNumber"":2,""reps"":3,""weightKg"":40}",gym-data.csv:001206
gym-data.csv:001207,snatch #3 50kgx3,"[{""role"":""user"",""content"":""snatch #2 40x3""}]","{""exercise"":""snatch"",""setNumber"":3,""reps"":3,""weightKg"":50}",gym-data.csv:001207
gym-data.csv:001208,snatch #4 60x2,"[{""role"":""user"",""content"":""snatch #3 50kgx3""}]","{""exercise"":""snatch"",""setNumber"":4,""reps"":2,""weightKg"":60}",gym-data.csv:001208
gym-data.csv:001209,snatch s5 65 r2,"[{""role"":""user"",""content"":""snatch #4 60x2""}]","{""exercise"":""snatch"",""setNumber"":5,""reps"":2,""weightKg"":65}",gym-data.csv:001209
gym-data.csv:001210,snatch s6 65 +5 r2,"[{""role"":""user"",""content"":""snatch s5 65 r2""}]","{""exercise"":""snatch"",""setNumber"":6,""reps"":2,""weightKg"":70}",gym-data.csv:001210
gym-data.csv:001211,70x2,"[{""role"":""user"",""content"":""snatch s6 65 +5 r2""}]","{""exercise"":""snatch"",""setNumber"":7,""reps"":2,""weightKg"":70}",gym-data.csv:001211
gym-data.csv:001212,#8 70x2,"[{""role"":""user"",""content"":""snatch s7 70kgx2""}]","{""exercise"":""snatch"",""setNumber"":8,""reps"":2,""weightKg"":70}",gym-data.csv:001212
gym-data.csv:001213,cj s1 50kgx3,[],"{""exercise"":""clean_and_jerk"",""setNumber"":1,""reps"":3,""weightKg"":50}",gym-data.csv:001213
gym-data.csv:001214,cj s2 60 3,"[{""role"":""user"",""content"":""cj s1 50kgx3""}]","{""exercise"":""clean_and_jerk"",""setNumber"":2,""reps"":3,""weightKg"":60}",gym-data.csv:001214
gym-data.csv:001215,+10 x3,"[{""role"":""user"",""content"":""cj s2 60 3""}]","{""exercise"":""clean_and_jerk"",""setNumber"":3,""reps"":3,""weightKg"":70}",gym-data.csv:001215
gym-data.csv:001216,cj set4 70+10x2,"[{""role"":""user"",""content"":""cj s3 70 3r""}]","{""exercise"":""clean_and_jerk"",""setNumber"":4,""reps"":2,""weightKg"":80}",gym-data.csv:001216
gym-data.csv:001217,cj set5 90kgx1,"[{""role"":""user"",""content"":""cj set4 70+10x2""}]","{""exercise"":""clean_and_jerk"",""setNumber"":5,""reps"":1,""weightKg"":90}",gym-data.csv:001217
gym-data.csv:001218,cj #6 90x1,"[{""role"":""user"",""content"":""cj set5 90kgx1""}]","{""exercise"":""clean_and_jerk"",""setNumber"":6,""reps"":1,""weightKg"":90}",gym-data.csv:001218
gym-data.csv:001219,squat #1 50 4reps,"[{""role"":""user"",""content"":""cj #6 90x1""}]","{""exercise"":""squat"",""setNumber"":1,""reps"":4,""weightKg"":50}",gym-data.csv:001219
gym-data.csv:001220,s2 70 4r,"[{""role"":""user"",""content"":""squat #1 50 4reps""}]","{""exercise"":""squat"",""setNumber"":2,""reps"":4,""weightKg"":70}",gym-data.csv:001220
gym-data.csv:001221,+20 x3,"[{""role"":""user"",""content"":""squat s2 70 4r""}]","{""exercise"":""squat"",""setNumber"":3,""reps"":3,""weightKg"":90}",gym-data.csv:001221
gym-data.csv:001222,+20 x2,"[{""role"":""user"",""content"":""squat s3 90x3""}]","{""exercise"":""squat"",""setNumber"":4,""reps"":2,""weightKg"":110}",gym-data.csv:001222
gym-data.csv:001223,s5 110kgx2,"[{""role"":""user"",""content"":""squat #4 90+20 2r""}]","{""exercise"":""squat"",""setNumber"":5,""reps"":2,""weightKg"":110}",gym-data.csv:001223
gym-data.csv:001224,110x2,"[{""role"":""user"",""content"":""squat s5 110kgx2""}]","{""exercise"":""squat"",""setNumber"":6,""reps"":2,""weightKg"":110}",gym-data.csv:001224
gym-data.csv:001225,110x2,"[{""role"":""user"",""content"":""squat set6 110x2""}]","{""exercise"":""squat"",""setNumber"":7,""reps"":2,""weightKg"":110}",gym-data.csv:001225
gym-data.csv:001226,snatch s1 40 4,[],"{""exercise"":""snatch"",""setNumber"":1,""reps"":4,""weightKg"":40}",gym-data.csv:001226
gym-data.csv:001227,s2 40 4r,"[{""role"":""user"",""content"":""snatch s1 40 4""}]","{""exercise"":""snatch"",""setNumber"":2,""reps"":4,""weightKg"":40}",gym-data.csv:001227
gym-data.csv:001228,snatch set3 50 3reps,"[{""role"":""user"",""content"":""snatch s2 40 4r""}]","{""exercise"":""snatch"",""setNumber"":3,""reps"":3,""weightKg"":50}",gym-data.csv:001228
gym-data.csv:001229,50x3,"[{""role"":""user"",""content"":""snatch set3 50 3reps""}]","{""exercise"":""snatch"",""setNumber"":4,""reps"":3,""weightKg"":50}",gym-data.csv:001229
gym-data.csv:001230,set5 50 +10 3,"[{""role"":""user"",""content"":""snatch s4 50x3""}]","{""exercise"":""snatch"",""setNumber"":5,""reps"":3,""weightKg"":60}",gym-data.csv:001230
gym-data.csv:001231,snatch set6 60kg +5kg x2,"[{""role"":""user"",""content"":""snatch set5 50 +10 3""}]","{""exercise"":""snatch"",""setNumber"":6,""reps"":2,""weightKg"":65}",gym-data.csv:001231
gym-data.csv:001232,snatch set7 70kgx1,"[{""role"":""user"",""content"":""snatch set6 60kg +5kg x2""}]","{""exercise"":""snatch"",""setNumber"":7,""reps"":1,""weightKg"":70}",gym-data.csv:001232
gym-data.csv:001233,snatch s8 70kgx1,"[{""role"":""user"",""content"":""snatch set7 70kgx1""}]","{""exercise"":""snatch"",""setNumber"":8,""reps"":1,""weightKg"":70}",gym-data.csv:001233
gym-data.csv:001234,snatch s9 70kgx1,"[{""role"":""user"",""content"":""snatch s8 70kgx1""}]","{""exercise"":""snatch"",""setNumber"":9,""reps"":1,""weightKg"":70}",gym-data.csv:001234
gym-data.csv:001235,cj #1 50x3,[],"{""exercise"":""clean_and_jerk"",""setNumber"":1,""reps"":3,""weightKg"":50}",gym-data.csv:001235
gym-data.csv:001236,set2 60 3reps,"[{""role"":""user"",""content"":""cj #1 50x3""}]","{""exercise"":""clean_and_jerk"",""setNumber"":2,""reps"":3,""weightKg"":60}",gym-data.csv:001236
gym-data.csv:001237,+10 x2,"[{""role"":""user"",""content"":""cj set2 60 3reps""}]","{""exercise"":""clean_and_jerk"",""setNumber"":3,""reps"":2,""weightKg"":70}",gym-data.csv:001237
gym-data.csv:001238,+10 x2,"[{""role"":""user"",""content"":""cj #3 70x2""}]","{""exercise"":""clean_and_jerk"",""setNumber"":4,""reps"":2,""weightKg"":80}",gym-data.csv:001238
gym-data.csv:001239,+10 x2,"[{""role"":""user"",""content"":""cj s4 70+10 2""}]","{""exercise"":""clean_and_jerk"",""setNumber"":5,""reps"":2,""weightKg"":90}",gym-data.csv:001239
gym-data.csv:001240,cj set6 90x2,"[{""role"":""user"",""content"":""cj s5 80 +10 2""}]","{""exercise"":""clean_and_jerk"",""setNumber"":6,""reps"":2,""weightKg"":90}",gym-data.csv:001240
gym-data.csv:001241,cj s7 90kg +5kg x1,"[{""role"":""user"",""content"":""cj set6 90x2""}]","{""exercise"":""clean_and_jerk"",""setNumber"":7,""reps"":1,""weightKg"":95}",gym-data.csv:001241
gym-data.csv:001242,squat s1 50x5,"[{""role"":""user"",""content"":""cj s7 90kg +5kg x1""}]","{""exercise"":""squat"",""setNumber"":1,""reps"":5,""weightKg"":50}",gym-data.csv:001242
gym-data.csv:001243,set2 50 +20 3,"[{""role"":""user"",""content"":""squat s1 50x5""}]","{""exercise"":""squat"",""setNumber"":2,""reps"":3,""weightKg"":70}",gym-data.csv:001243
gym-data.csv:001244,squat #3 70kg +20kg x3,"[{""role"":""user"",""content"":""squat set2 50 +20 3""}]","{""exercise"":""squat"",""setNumber"":3,""reps"":3,""weightKg"":90}",gym-data.csv:001244
gym-data.csv:001245,+10 x2,"[{""role"":""user"",""content"":""squat #3 70kg +20kg x3""}]","{""exercise"":""squat"",""setNumber"":4,""reps"":2,""weightKg"":100}",gym-data.csv:001245
gym-data.csv:001246,set5 100 +10 r2,"[{""role"":""user"",""content"":""squat s4 100 r2""}]","{""exercise"":""squat"",""setNumber"":5,""reps"":2,""weightKg"":110}",gym-data.csv:001246
gym-data.csv:001247,110x2,"[{""role"":""user"",""content"":""squat set5 100 +10 r2""}]","{""exercise"":""squat"",""setNumber"":6,""reps"":2,""weightKg"":110}",gym-data.csv:001247
gym-data.csv:001248,s7 110kgx2,"[{""role"":""user"",""content"":""squat set6 110kgx2""}]","{""exercise"":""squat"",""setNumber"":7,""reps"":2,""weightKg"":110}",gym-data.csv:001248
gym-data.csv:001249,squat #8 110kgx2,"[{""role"":""user"",""content"":""squat s7 110kgx2""}]","{""exercise"":""squat"",""setNumber"":8,""reps"":2,""weightKg"":110}",gym-data.csv:001249
gym-data.csv:001250,snatch set1 40kgx4,[],"{""exercise"":""snatch"",""setNumber"":1,""reps"":4,""weightKg"":40}",gym-data.csv:001250
gym-data.csv:001251,snatch set2 40x4,"[{""role"":""user"",""content"":""snatch set1 40kgx4""}]","{""exercise"":""snatch"",""setNumber"":2,""reps"":4,""weightKg"":40}",gym-data.csv:001251
gym-data.csv:001252,+10 x3,"[{""role"":""user"",""content"":""snatch set2 40x4""}]","{""exercise"":""snatch"",""setNumber"":3,""reps"":3,""weightKg"":50}",gym-data.csv:001252
gym-data.csv:001253,snatch #4 50+10x2,"[{""role"":""user"",""content"":""snatch set3 40+10x3""}]","{""exercise"":""snatch"",""setNumber"":4,""reps"":2,""weightKg"":60}",gym-data.csv:001253
gym-data.csv:001254,set5 60kg +10kg x2,"[{""role"":""user"",""content"":""snatch #4 50+10x2""}]","{""exercise"":""snatch"",""setNumber"":5,""reps"":2,""weightKg"":70}",gym-data.csv:001254
gym-data.csv:001255,snatch s6 70x2,"[{""role"":""user"",""content"":""snatch set5 60kg +10kg x2""}]","{""exercise"":""snatch"",""setNumber"":6,""reps"":2,""weightKg"":70}",gym-data.csv:001255
gym-data.csv:001256,cj set1 40x4,[],"{""exercise"":""clean_and_jerk"",""setNumber"":1,""reps"":4,""weightKg"":40}",gym-data.csv:001256
gym-data.csv:001257,+10 x3,"[{""role"":""user"",""content"":""cj set1 40x4""}]","{""exercise"":""clean_and_jerk"",""setNumber"":2,""reps"":3,""weightKg"":50}",gym-data.csv:001257
gym-data.csv:001258,+10 x3,"[{""role"":""user"",""content"":""cj s2 50 r3""}]","{""exercise"":""clean_and_jerk"",""setNumber"":3,""reps"":3,""weightKg"":60}",gym-data.csv:001258
gym-data.csv:001259,s4 60 +10 2reps,"[{""role"":""user"",""content"":""cj s3 50+10 3""}]","{""exercise"":""clean_and_jerk"",""setNumber"":4,""reps"":2,""weightKg"":70}",gym-data.csv:001259
gym-data.csv:001260,cj s5 70kgx2,"[{""role"":""user"",""content"":""cj s4 60 +10 2reps""}]","{""exercise"":""clean_and_jerk"",""setNumber"":5,""reps"":2,""weightKg"":70}",gym-data.csv:001260
gym-data.csv:001261,+10 x2,"[{""role"":""user"",""content"":""cj s5 70kgx2""}]","{""exercise"":""clean_and_jerk"",""setNumber"":6,""reps"":2,""weightKg"":80}",gym-data.csv:001261
gym-data.csv:001262,s7 80+5 r1,"[{""role"":""user"",""content"":""cj set6 70+10x2""}]","{""exercise"":""clean_and_jerk"",""setNumber"":7,""reps"":1,""weightKg"":85}",gym-data.csv:001262
gym-data.csv:001263,+5 x1,"[{""role"":""user"",""content"":""cj s7 80+5 r1""}]","{""exercise"":""clean_and_jerk"",""setNumber"":8,""reps"":1,""weightKg"":90}",gym-data.csv:001263
gym-data.csv:001264,set9 90 r1,"[{""role"":""user"",""content"":""cj s8 85 +5 1""}]","{""exercise"":""clean_and_jerk"",""setNumber"":9,""reps"":1,""weightKg"":90}",gym-data.csv:001264
gym-data.csv:001265,squat #1 50kgx5,"[{""role"":""user"",""content"":""cj set9 90 r1""}]","{""exercise"":""squat"",""setNumber"":1,""reps"":5,""weightKg"":50}",gym-data.csv:001265
gym-data.csv:001266,+20 x5,"[{""role"":""user"",""content"":""squat #1 50kgx5""}]","{""exercise"":""squat"",""setNumber"":2,""reps"":5,""weightKg"":70}",gym-data.csv:001266
gym-data.csv:001267,+20 x3,"[{""role"":""user"",""content"":""squat s2 70 5""}]","{""exercise"":""squat"",""setNumber"":3,""reps"":3,""weightKg"":90}",gym-data.csv:001267
gym-data.csv:001268,squat #4 100x2,"[{""role"":""user"",""content"":""squat #3 70+20 3""}]","{""exercise"":""squat"",""setNumber"":4,""reps"":2,""weightKg"":100}",gym-data.csv:001268
gym-data.csv:001269,set5 110kgx2,"[{""role"":""user"",""content"":""squat #4 100x2""}]","{""exercise"":""squat"",""setNumber"":5,""reps"":2,""weightKg"":110}",gym-data.csv:001269
gym-data.csv:001270,#6 110x2,"[{""role"":""user"",""content"":""squat set5 110kgx2""}]","{""exercise"":""squat"",""setNumber"":6,""reps"":2,""weightKg"":110}",gym-data.csv:001270
gym-data.csv:001271,110x2,"[{""role"":""user"",""content"":""squat #6 110x2""}]","{""exercise"":""squat"",""setNumber"":7,""reps"":2,""weightKg"":110}",gym-data.csv:001271
gym-data.csv:001272,set8 110kgx2,"[{""role"":""user"",""content"":""squat set7 110kgx2""}]","{""exercise"":""squat"",""setNumber"":8,""reps"":2,""weightKg"":110}",gym-data.csv:001272
gym-data.csv:001273,fs #1 90x3,[],"{""exercise"":""front_squat"",""setNumber"":1,""reps"":3,""weightKg"":90}",gym-data.csv:001273
gym-data.csv:001274,90x3,"[{""role"":""user"",""content"":""fs #1 90x3""}]","{""exercise"":""front_squat"",""setNumber"":2,""reps"":3,""weightKg"":90}",gym-data.csv:001274
gym-data.csv:001275,set3 90+10 2r,"[{""role"":""user"",""content"":""fs #2 90kgx3""}]","{""exercise"":""front_squat"",""setNumber"":3,""reps"":2,""weightKg"":100}",gym-data.csv:001275
gym-data.csv:001276,snatch set1 20x5,[],"{""exercise"":""snatch"",""setNumber"":1,""reps"":5,""weightKg"":20}",gym-data.csv:001276
gym-data.csv:001277,+20 x4,"[{""role"":""user"",""content"":""snatch set1 20x5""}]","{""exercise"":""snatch"",""setNumber"":2,""reps"":4,""weightKg"":40}",gym-data.csv:001277
gym-data.csv:001278,+10 x4,"[{""role"":""user"",""content"":""snatch #2 40x4""}]","{""exercise"":""snatch"",""setNumber"":3,""reps"":4,""weightKg"":50}",gym-data.csv:001278
gym-data.csv:001279,snatch #4 50kgx4,"[{""role"":""user"",""content"":""snatch set3 40+10 4reps""}]","{""exercise"":""snatch"",""setNumber"":4,""reps"":4,""weightKg"":50}",gym-data.csv:001279
gym-data.csv:001280,snatch #5 50kgx4,"[{""role"":""user"",""content"":""snatch #4 50kgx4""}]","{""exercise"":""snatch"",""setNumber"":5,""reps"":4,""weightKg"":50}",gym-data.csv:001280
gym-data.csv:001281,snatch s6 50kgx4,"[{""role"":""user"",""content"":""snatch #5 50kgx4""}]","{""exercise"":""snatch"",""setNumber"":6,""reps"":4,""weightKg"":50}",gym-data.csv:001281
gym-data.csv:001282,cj set1 20kgx5,[],"{""exercise"":""clean_and_jerk"",""setNumber"":1,""reps"":5,""weightKg"":20}",gym-data.csv:001282
gym-data.csv:001283,+30 x4,"[{""role"":""user"",""content"":""cj set1 20kgx5""}]","{""exercise"":""clean_and_jerk"",""setNumber"":2,""reps"":4,""weightKg"":50}",gym-data.csv:001283
gym-data.csv:001284,cj #3 50+10 3r,"[{""role"":""user"",""content"":""cj s2 50kgx4""}]","{""exercise"":""clean_and_jerk"",""setNumber"":3,""reps"":3,""weightKg"":60}",gym-data.csv:001284
gym-data.csv:001285,s4 70 4,"[{""role"":""user"",""content"":""cj #3 50+10 3r""}]","{""exercise"":""clean_and_jerk"",""setNumber"":4,""reps"":4,""weightKg"":70}",gym-data.csv:001285
gym-data.csv:001286,cj s5 70 r4,"[{""role"":""user"",""content"":""cj s4 70 4""}]","{""exercise"":""clean_and_jerk"",""setNumber"":5,""reps"":4,""weightKg"":70}",gym-data.csv:001286
gym-data.csv:001287,cj set6 70 4,"[{""role"":""user"",""content"":""cj s5 70 r4""}]","{""exercise"":""clean_and_jerk"",""setNumber"":6,""reps"":4,""weightKg"":70}",gym-data.csv:001287
gym-data.csv:001288,cj s7 70 r4,"[{""role"":""user"",""content"":""cj set6 70 4""}]","{""exercise"":""clean_and_jerk"",""setNumber"":7,""reps"":4,""weightKg"":70}",gym-data.csv:001288
gym-data.csv:001289,squat set1 50x5,"[{""role"":""user"",""content"":""cj s7 70 r4""}]","{""exercise"":""squat"",""setNumber"":1,""reps"":5,""weightKg"":50}",gym-data.csv:001289
gym-data.csv:001290,squat set2 70 r5,"[{""role"":""user"",""content"":""squat set1 50x5""}]","{""exercise"":""squat"",""setNumber"":2,""reps"":5,""weightKg"":70}",gym-data.csv:001290
gym-data.csv:001291,squat set3 90kgx3,"[{""role"":""user"",""content"":""squat set2 70 r5""}]","{""exercise"":""squat"",""setNumber"":3,""reps"":3,""weightKg"":90}",gym-data.csv:001291
gym-data.csv:001292,s4 100x3,"[{""role"":""user"",""content"":""squat set3 90kgx3""}]","{""exercise"":""squat"",""setNumber"":4,""reps"":3,""weightKg"":100}",gym-data.csv:001292
gym-data.csv:001293,100x3,"[{""role"":""user"",""content"":""squat s4 100x3""}]","{""exercise"":""squat"",""setNumber"":5,""reps"":3,""weightKg"":100}",gym-data.csv:001293
gym-data.csv:001294,#6 100x3,"[{""role"":""user"",""content"":""squat set5 100 3reps""}]","{""exercise"":""squat"",""setNumber"":6,""reps"":3,""weightKg"":100}",gym-data.csv:001294
gym-data.csv:001295,squat s7 100kgx3,"[{""role"":""user"",""content"":""squat #6 100x3""}]","{""exercise"":""squat"",""setNumber"":7,""reps"":3,""weightKg"":100}",gym-data.csv:001295
gym-data.csv:001296,squat #1 50x8,[],"{""exercise"":""squat"",""setNumber"":1,""reps"":8,""weightKg"":50}",gym-data.csv:001296
gym-data.csv:001297,#2 50 +10 5,"[{""role"":""user"",""content"":""squat #1 50x8""}]","{""exercise"":""squat"",""setNumber"":2,""reps"":5,""weightKg"":60}",gym-data.csv:001297
gym-data.csv:001298,squat #3 60 +10 3reps,"[{""role"":""user"",""content"":""squat #2 50 +10 5""}]","{""exercise"":""squat"",""setNumber"":3,""reps"":3,""weightKg"":70}",gym-data.csv:001298
gym-data.csv:001299,squat s4 70kg +10kg x3,"[{""role"":""user"",""content"":""squat #3 60 +10 3reps""}]","{""exercise"":""squat"",""setNumber"":4,""reps"":3,""weightKg"":80}",gym-data.csv:001299
gym-data.csv:001300,squat s5 80+10 3r,"[{""role"":""user"",""content"":""squat s4 70kg +10kg x3""}]","{""exercise"":""squat"",""setNumber"":5,""reps"":3,""weightKg"":90}",gym-data.csv:001300
gym-data.csv:001301,squat #6 90kg +10kg x4,"[{""role"":""user"",""content"":""squat s5 80+10 3r""}]","{""exercise"":""squat"",""setNumber"":6,""reps"":4,""weightKg"":100}",gym-data.csv:001301
gym-data.csv:001302,set7 100x4,"[{""role"":""user"",""content"":""squat #6 90kg +10kg x4""}]","{""exercise"":""squat"",""setNumber"":7,""reps"":4,""weightKg"":100}",gym-data.csv:001302
gym-data.csv:001303,set8 100x4,"[{""role"":""user"",""content"":""squat set7 100x4""}]","{""exercise"":""squat"",""setNumber"":8,""reps"":4,""weightKg"":100}",gym-data.csv:001303
gym-data.csv:001304,squat set9 100 4reps,"[{""role"":""user"",""content"":""squat set8 100x4""}]","{""exercise"":""squat"",""setNumber"":9,""reps"":4,""weightKg"":100}",gym-data.csv:001304
gym-data.csv:001305,#10 100kgx4,"[{""role"":""user"",""content"":""squat set9 100 4reps""}]","{""exercise"":""squat"",""setNumber"":10,""reps"":4,""weightKg"":100}",gym-data.csv:001305
gym-data.csv:001306,pu set1 r10,[],"{""exercise"":""push_up"",""setNumber"":1,""reps"":10}",gym-data.csv:001306
gym-data.csv:001307,#2 10reps,"[{""role"":""user"",""content"":""pu set1 r10""}]","{""exercise"":""push_up"",""setNumber"":2,""reps"":10}",gym-data.csv:001307
gym-data.csv:001308,set3 r10,"[{""role"":""user"",""content"":""pu #2 10reps""}]","{""exercise"":""push_up"",""setNumber"":3,""reps"":10}",gym-data.csv:001308
gym-data.csv:001309,snatch set1 20 5reps,[],"{""exercise"":""snatch"",""setNumber"":1,""reps"":5,""weightKg"":20}",gym-data.csv:001309
gym-data.csv:001310,snatch set2 40kgx4,"[{""role"":""user"",""content"":""snatch set1 20 5reps""}]","{""exercise"":""snatch"",""setNumber"":2,""reps"":4,""weightKg"":40}",gym-data.csv:001310
gym-data.csv:001311,snatch s3 40 r3,"[{""role"":""user"",""content"":""snatch set2 40kgx4""}]","{""exercise"":""snatch"",""setNumber"":3,""reps"":3,""weightKg"":40}",gym-data.csv:001311
gym-data.csv:001312,set4 50x3,"[{""role"":""user"",""content"":""snatch s3 40 r3""}]","{""exercise"":""snatch"",""setNumber"":4,""reps"":3,""weightKg"":50}",gym-data.csv:001312
gym-data.csv:001313,snatch #5 50kgx3,"[{""role"":""user"",""content"":""snatch set4 50x3""}]","{""exercise"":""snatch"",""setNumber"":5,""reps"":3,""weightKg"":50}",gym-data.csv:001313
gym-data.csv:001314,s6 50kg +10kg x2,"[{""role"":""user"",""content"":""snatch #5 50kgx3""}]","{""exercise"":""snatch"",""setNumber"":6,""reps"":2,""weightKg"":60}",gym-data.csv:001314
gym-data.csv:001315,snatch #7 60kgx2,"[{""role"":""user"",""content"":""snatch s6 50kg +10kg x2""}]","{""exercise"":""snatch"",""setNumber"":7,""reps"":2,""weightKg"":60}",gym-data.csv:001315
gym-data.csv:001316,snatch s8 60+10 2,"[{""role"":""user"",""content"":""snatch #7 60kgx2""}]","{""exercise"":""snatch"",""setNumber"":8,""reps"":2,""weightKg"":70}",gym-data.csv:001316
gym-data.csv:001317,+5 x1,"[{""role"":""user"",""content"":""snatch s8 60+10 2""}]","{""exercise"":""snatch"",""setNumber"":9,""reps"":1,""weightKg"":75}",gym-data.csv:001317
gym-data.csv:001318,s10 75x1,"[{""role"":""user"",""content"":""snatch s9 75 r1""}]","{""exercise"":""snatch"",""setNumber"":10,""reps"":1,""weightKg"":75}",gym-data.csv:001318
gym-data.csv:001319,cj #1 50 r4,"[{""role"":""user"",""content"":""snatch s10 75x1""}]","{""exercise"":""clean_and_jerk"",""setNumber"":1,""reps"":4,""weightKg"":50}",gym-data.csv:001319
gym-data.csv:001320,#2 50x4,"[{""role"":""user"",""content"":""cj #1 50 r4""}]","{""exercise"":""clean_and_jerk"",""setNumber"":2,""reps"":4,""weightKg"":50}",gym-data.csv:001320
gym-data.csv:001321,s3 50 +20 2reps,"[{""role"":""user"",""content"":""cj #2 50x4""}]","{""exercise"":""clean_and_jerk"",""setNumber"":3,""reps"":2,""weightKg"":70}",gym-data.csv:001321
gym-data.csv:001322,cj s4 80kgx1,"[{""role"":""user"",""content"":""cj s3 50 +20 2reps""}]","{""exercise"":""clean_and_jerk"",""setNumber"":4,""reps"":1,""weightKg"":80}",gym-data.csv:001322
gym-data.csv:001323,+10 x1,"[{""role"":""user"",""content"":""cj s4 80kgx1""}]","{""exercise"":""clean_and_jerk"",""setNumber"":5,""reps"":1,""weightKg"":90}",gym-data.csv:001323
gym-data.csv:001324,cj s6 95x1,"[{""role"":""user"",""content"":""cj #5 80 +10 r1""}]","{""exercise"":""clean_and_jerk"",""setNumber"":6,""reps"":1,""weightKg"":95}",gym-data.csv:001324
gym-data.csv:001325,s7 95+5x1,"[{""role"":""user"",""content"":""cj s6 95x1""}]","{""exercise"":""clean_and_jerk"",""setNumber"":7,""reps"":1,""weightKg"":100}",gym-data.csv:001325
gym-data.csv:001326,sj s1 20kgx6,[],"{""exercise"":""split_jerk"",""setNumber"":1,""reps"":6,""weightKg"":20}",gym-data.csv:001326
gym-data.csv:001327,20x6,"[{""role"":""user"",""content"":""sj s1 20kgx6""}]","{""exercise"":""split_jerk"",""setNumber"":2,""reps"":6,""weightKg"":20}",gym-data.csv:001327
gym-data.csv:001328,s3 20+20x5,"[{""role"":""user"",""content"":""sj #2 20kgx6""}]","{""exercise"":""split_jerk"",""setNumber"":3,""reps"":5,""weightKg"":40}",gym-data.csv:001328
gym-data.csv:001329,+10 x5,"[{""role"":""user"",""content"":""sj s3 20+20x5""}]","{""exercise"":""split_jerk"",""setNumber"":4,""reps"":5,""weightKg"":50}",gym-data.csv:001329
gym-data.csv:001330,50x5,"[{""role"":""user"",""content"":""sj set4 40 +10 5reps""}]","{""exercise"":""split_jerk"",""setNumber"":5,""reps"":5,""weightKg"":50}",gym-data.csv:001330
gym-data.csv:001331,sj s6 50kgx5,"[{""role"":""user"",""content"":""sj set5 50 5""}]","{""exercise"":""split_jerk"",""setNumber"":6,""reps"":5,""weightKg"":50}",gym-data.csv:001331
gym-data.csv:001332,abs #1 25r,[],"{""exercise"":""crunch"",""setNumber"":1,""reps"":25}",gym-data.csv:001332
gym-data.csv:001333,ohp #1 12 20reps,"[{""role"":""user"",""content"":""abs #1 25r""}]","{""exercise"":""ohp"",""setNumber"":1,""reps"":20,""weightKg"":12}",gym-data.csv:001333
gym-data.csv:001334,gm s1 20kgx15,"[{""role"":""user"",""content"":""ohp #1 12 20reps""}]","{""exercise"":""good_morning"",""setNumber"":1,""reps"":15,""weightKg"":20}",gym-data.csv:001334
gym-data.csv:001335,squat #1 20x10,"[{""role"":""user"",""content"":""gm s1 20kgx15""}]","{""exercise"":""squat"",""setNumber"":1,""reps"":10,""weightKg"":20}",gym-data.csv:001335
gym-data.csv:001336,+20 x5,"[{""role"":""user"",""content"":""squat #1 20x10""}]","{""exercise"":""squat"",""setNumber"":2,""reps"":5,""weightKg"":40}",gym-data.csv:001336
gym-data.csv:001337,squat set3 50 5,"[{""role"":""user"",""content"":""squat #2 20+20x5""}]","{""exercise"":""squat"",""setNumber"":3,""reps"":5,""weightKg"":50}",gym-data.csv:001337
gym-data.csv:001338,s4 50kg +20kg x3,"[{""role"":""user"",""content"":""squat set3 50 5""}]","{""exercise"":""squat"",""setNumber"":4,""reps"":3,""weightKg"":70}",gym-data.csv:001338
gym-data.csv:001339,squat #5 70+10x3,"[{""role"":""user"",""content"":""squat s4 50kg +20kg x3""}]","{""exercise"":""squat"",""setNumber"":5,""reps"":3,""weightKg"":80}",gym-data.csv:001339
gym-data.csv:001340,squat #6 80 +10 4reps,"[{""role"":""user"",""content"":""squat #5 70+10x3""}]","{""exercise"":""squat"",""setNumber"":6,""reps"":4,""weightKg"":90}",gym-data.csv:001340
gym-data.csv:001341,squat s7 90+10x5,"[{""role"":""user"",""content"":""squat #6 80 +10 4reps""}]","{""exercise"":""squat"",""setNumber"":7,""reps"":5,""weightKg"":100}",gym-data.csv:001341
gym-data.csv:001342,100x5,"[{""role"":""user"",""content"":""squat s7 90+10x5""}]","{""exercise"":""squat"",""setNumber"":8,""reps"":5,""weightKg"":100}",gym-data.csv:001342
gym-data.csv:001343,#9 100kgx5,"[{""role"":""user"",""content"":""squat #8 100x5""}]","{""exercise"":""squat"",""setNumber"":9,""reps"":5,""weightKg"":100}",gym-data.csv:001343
gym-data.csv:001344,100x5,"[{""role"":""user"",""content"":""squat #9 100kgx5""}]","{""exercise"":""squat"",""setNumber"":10,""reps"":5,""weightKg"":100}",gym-data.csv:001344
gym-data.csv:001345,100x5,"[{""role"":""user"",""content"":""squat set10 100x5""}]","{""exercise"":""squat"",""setNumber"":11,""reps"":5,""weightKg"":100}",gym-data.csv:001345
gym-data.csv:001346,pu s1 10reps,"[{""role"":""user"",""content"":""squat set11 100 5r""}]","{""exercise"":""push_up"",""setNumber"":1,""reps"":10}",gym-data.csv:001346
gym-data.csv:001347,pu s2 10,"[{""role"":""user"",""content"":""pu s1 10reps""}]","{""exercise"":""push_up"",""setNumber"":2,""reps"":10}",gym-data.csv:001347
gym-data.csv:001348,set3 10,"[{""role"":""user"",""content"":""pu s2 10""}]","{""exercise"":""push_up"",""setNumber"":3,""reps"":10}",gym-data.csv:001348
gym-data.csv:001349,pu set4 10r,"[{""role"":""user"",""content"":""pu set3 10""}]","{""exercise"":""push_up"",""setNumber"":4,""reps"":10}",gym-data.csv:001349
gym-data.csv:001350,ab set1 25,[],"{""exercise"":""crunch"",""setNumber"":1,""reps"":25}",gym-data.csv:001350
gym-data.csv:001351,gm s1 20x15,"[{""role"":""user"",""content"":""ab set1 25""}]","{""exercise"":""good_morning"",""setNumber"":1,""reps"":15,""weightKg"":20}",gym-data.csv:001351
gym-data.csv:001352,snatch #1 20 5r,"[{""role"":""user"",""content"":""gm s1 20x15""}]","{""exercise"":""snatch"",""setNumber"":1,""reps"":5,""weightKg"":20}",gym-data.csv:001352
gym-data.csv:001353,snatch s2 20 +20 3,"[{""role"":""user"",""content"":""snatch #1 20 5r""}]","{""exercise"":""snatch"",""setNumber"":2,""reps"":3,""weightKg"":40}",gym-data.csv:001353
gym-data.csv:001354,40x3,"[{""role"":""user"",""content"":""snatch s2 20 +20 3""}]","{""exercise"":""snatch"",""setNumber"":3,""reps"":3,""weightKg"":40}",gym-data.csv:001354
gym-data.csv:001355,#4 40+10 2,"[{""role"":""user"",""content"":""snatch s3 40 r3""}]","{""exercise"":""snatch"",""setNumber"":4,""reps"":2,""weightKg"":50}",gym-data.csv:001355
gym-data.csv:001356,50x2,"[{""role"":""user"",""content"":""snatch #4 40+10 2""}]","{""exercise"":""snatch"",""setNumber"":5,""reps"":2,""weightKg"":50}",gym-data.csv:001356
gym-data.csv:001357,+10 x2,"[{""role"":""user"",""content"":""snatch #5 50x2""}]","{""exercise"":""snatch"",""setNumber"":6,""reps"":2,""weightKg"":60}",gym-data.csv:001357
gym-data.csv:001358,snatch set7 60 2,"[{""role"":""user"",""content"":""snatch set6 60x2""}]","{""exercise"":""snatch"",""setNumber"":7,""reps"":2,""weightKg"":60}",gym-data.csv:001358
gym-data.csv:001359,snatch set8 70kgx1,"[{""role"":""user"",""content"":""snatch set7 60 2""}]","{""exercise"":""snatch"",""setNumber"":8,""reps"":1,""weightKg"":70}",gym-data.csv:001359
gym-data.csv:001360,s9 70 1r,"[{""role"":""user"",""content"":""snatch set8 70kgx1""}]","{""exercise"":""snatch"",""setNumber"":9,""reps"":1,""weightKg"":70}",gym-data.csv:001360
gym-data.csv:001361,snatch s10 70kg -5kg x2,"[{""role"":""user"",""content"":""snatch s9 70 1r""}]","{""exercise"":""snatch"",""setNumber"":10,""reps"":2,""weightKg"":65}",gym-data.csv:001361
gym-data.csv:001362,65x2,"[{""role"":""user"",""content"":""snatch s10 70kg -5kg x2""}]","{""exercise"":""snatch"",""setNumber"":11,""reps"":2,""weightKg"":65}",gym-data.csv:001362
gym-data.csv:001363,snatch s12 65x2,"[{""role"":""user"",""content"":""snatch set11 65x2""}]","{""exercise"":""snatch"",""setNumber"":12,""reps"":2,""weightKg"":65}",gym-data.csv:001363
gym-data.csv:001364,cj s1 40kgx4,"[{""role"":""user"",""content"":""snatch s12 65x2""}]","{""exercise"":""clean_and_jerk"",""setNumber"":1,""reps"":4,""weightKg"":40}",gym-data.csv:001364
gym-data.csv:001365,+10 x2,"[{""role"":""user"",""content"":""cj s1 40kgx4""}]","{""exercise"":""clean_and_jerk"",""setNumber"":2,""reps"":2,""weightKg"":50}",gym-data.csv:001365
gym-data.csv:001366,cj s3 70 2r,"[{""role"":""user"",""content"":""cj set2 40+10 2reps""}]","{""exercise"":""clean_and_jerk"",""setNumber"":3,""reps"":2,""weightKg"":70}",gym-data.csv:001366
gym-data.csv:001367,cj set4 70kg +10kg x2,"[{""role"":""user"",""content"":""cj s3 70 2r""}]","{""exercise"":""clean_and_jerk"",""setNumber"":4,""reps"":2,""weightKg"":80}",gym-data.csv:001367
gym-data.csv:001368,set5 80kgx1,"[{""role"":""user"",""content"":""cj set4 70kg +10kg x2""}]","{""exercise"":""clean_and_jerk"",""setNumber"":5,""reps"":1,""weightKg"":80}",gym-data.csv:001368
gym-data.csv:001369,+10 x1,"[{""role"":""user"",""content"":""cj set5 80kgx1""}]","{""exercise"":""clean_and_jerk"",""setNumber"":6,""reps"":1,""weightKg"":90}",gym-data.csv:001369
gym-data.csv:001370,cj s7 95 1reps,"[{""role"":""user"",""content"":""cj s6 80kg +10kg x1""}]","{""exercise"":""clean_and_jerk"",""setNumber"":7,""reps"":1,""weightKg"":95}",gym-data.csv:001370
gym-data.csv:001371,squat #1 20x10,[],"{""exercise"":""squat"",""setNumber"":1,""reps"":10,""weightKg"":20}",gym-data.csv:001371
gym-data.csv:001372,squat #2 20kg +30kg x5,"[{""role"":""user"",""content"":""squat #1 20x10""}]","{""exercise"":""squat"",""setNumber"":2,""reps"":5,""weightKg"":50}",gym-data.csv:001372
gym-data.csv:001373,+20 x4,"[{""role"":""user"",""content"":""squat #2 20kg +30kg x5""}]","{""exercise"":""squat"",""setNumber"":3,""reps"":4,""weightKg"":70}",gym-data.csv:001373
gym-data.csv:001374,+20 x3,"[{""role"":""user"",""content"":""squat #3 70 4""}]","{""exercise"":""squat"",""setNumber"":4,""reps"":3,""weightKg"":90}",gym-data.csv:001374
gym-data.csv:001375,+10 x2,"[{""role"":""user"",""content"":""squat s4 90x3""}]","{""exercise"":""squat"",""setNumber"":5,""reps"":2,""weightKg"":100}",gym-data.csv:001375
gym-data.csv:001376,+10 x2,"[{""role"":""user"",""content"":""squat s5 90+10 2""}]","{""exercise"":""squat"",""setNumber"":6,""reps"":2,""weightKg"":110}",gym-data.csv:001376
gym-data.csv:001377,s7 120 2,"[{""role"":""user"",""content"":""squat s6 100+10x2""}]","{""exercise"":""squat"",""setNumber"":7,""reps"":2,""weightKg"":120}",gym-data.csv:001377
gym-data.csv:001378,ohp s1 5kgx20,[],"{""exercise"":""ohp"",""setNumber"":1,""reps"":20,""weightKg"":5}",gym-data.csv:001378
gym-data.csv:001379,press s2 40kgx4,"[{""role"":""user"",""content"":""ohp s1 5kgx20""}]","{""exercise"":""ohp"",""setNumber"":2,""reps"":4,""weightKg"":40}",gym-data.csv:001379
gym-data.csv:001380,ohp set3 40 4r,"[{""role"":""user"",""content"":""press s2 40kgx4""}]","{""exercise"":""ohp"",""setNumber"":3,""reps"":4,""weightKg"":40}",gym-data.csv:001380
gym-data.csv:001381,40x4,"[{""role"":""user"",""content"":""ohp set3 40 4r""}]","{""exercise"":""ohp"",""setNumber"":4,""reps"":4,""weightKg"":40}",gym-data.csv:001381
gym-data.csv:001382,+10 x3,"[{""role"":""user"",""content"":""press s4 40x4""}]","{""exercise"":""ohp"",""setNumber"":5,""reps"":3,""weightKg"":50}",gym-data.csv:001382
gym-data.csv:001383,crunch set1 25,[],"{""exercise"":""crunch"",""setNumber"":1,""reps"":25}",gym-data.csv:001383
gym-data.csv:001384,gm #1 20kgx15,[],"{""exercise"":""good_morning"",""setNumber"":1,""reps"":15,""weightKg"":20}",gym-data.csv:001384
gym-data.csv:001385,snatch #1 20kgx5,[],"{""exercise"":""snatch"",""setNumber"":1,""reps"":5,""weightKg"":20}",gym-data.csv:001385
gym-data.csv:001386,+20 x3,"[{""role"":""user"",""content"":""snatch #1 20kgx5""}]","{""exercise"":""snatch"",""setNumber"":2,""reps"":3,""weightKg"":40}",gym-data.csv:001386
gym-data.csv:001387,snatch s3 40 3,"[{""role"":""user"",""content"":""snatch set2 20kg +20kg x3""}]","{""exercise"":""snatch"",""setNumber"":3,""reps"":3,""weightKg"":40}",gym-data.csv:001387
gym-data.csv:001388,+10 x3,"[{""role"":""user"",""content"":""snatch s3 40 3""}]","{""exercise"":""snatch"",""setNumber"":4,""reps"":3,""weightKg"":50}",gym-data.csv:001388
gym-data.csv:001389,50x3,"[{""role"":""user"",""content"":""snatch set4 40+10 3""}]","{""exercise"":""snatch"",""setNumber"":5,""reps"":3,""weightKg"":50}",gym-data.csv:001389
gym-data.csv:001390,snatch set6 60kgx2,"[{""role"":""user"",""content"":""snatch s5 50x3""}]","{""exercise"":""snatch"",""setNumber"":6,""reps"":2,""weightKg"":60}",gym-data.csv:001390
gym-data.csv:001391,snatch s7 60 2,"[{""role"":""user"",""content"":""snatch set6 60kgx2""}]","{""exercise"":""snatch"",""setNumber"":7,""reps"":2,""weightKg"":60}",gym-data.csv:001391
gym-data.csv:001392,set8 60+5x1,"[{""role"":""user"",""content"":""snatch s7 60 2""}]","{""exercise"":""snatch"",""setNumber"":8,""reps"":1,""weightKg"":65}",gym-data.csv:001392
gym-data.csv:001393,#9 70 1,"[{""role"":""user"",""content"":""snatch set8 60+5x1""}]","{""exercise"":""snatch"",""setNumber"":9,""reps"":1,""weightKg"":70}",gym-data.csv:001393
gym-data.csv:001394,cj set1 40x4,[],"{""exercise"":""clean_and_jerk"",""setNumber"":1,""reps"":4,""weightKg"":40}",gym-data.csv:001394
gym-data.csv:001395,+10 x2,"[{""role"":""user"",""content"":""cj set1 40x4""}]","{""exercise"":""clean_and_jerk"",""setNumber"":2,""reps"":2,""weightKg"":50}",gym-data.csv:001395
gym-data.csv:001396,+20 x2,"[{""role"":""user"",""content"":""cj #2 40 +10 2""}]","{""exercise"":""clean_and_jerk"",""setNumber"":3,""reps"":2,""weightKg"":70}",gym-data.csv:001396
gym-data.csv:001397,cj s4 70kgx2,"[{""role"":""user"",""content"":""cj #3 50+20x2""}]","{""exercise"":""clean_and_jerk"",""setNumber"":4,""reps"":2,""weightKg"":70}",gym-data.csv:001397
gym-data.csv:001398,cj set5 80x2,"[{""role"":""user"",""content"":""cj s4 70kgx2""}]","{""exercise"":""clean_and_jerk"",""setNumber"":5,""reps"":2,""weightKg"":80}",gym-data.csv:001398
gym-data.csv:001399,cj s6 90 1,"[{""role"":""user"",""content"":""cj set5 80x2""}]","{""exercise"":""clean_and_jerk"",""setNumber"":6,""reps"":1,""weightKg"":90}",gym-data.csv:001399
gym-data.csv:001400,squat #1 50 6reps,[],"{""exercise"":""squat"",""setNumber"":1,""reps"":6,""weightKg"":50}",gym-data.csv:001400
gym-data.csv:001401,squat set2 50kg +20kg x4,"[{""role"":""user"",""content"":""squat #1 50 6reps""}]","{""exercise"":""squat"",""setNumber"":2,""reps"":4,""weightKg"":70}",gym-data.csv:001401
gym-data.csv:001402,#3 90kgx3,"[{""role"":""user"",""content"":""squat set2 50kg +20kg x4""}]","{""exercise"":""squat"",""setNumber"":3,""reps"":3,""weightKg"":90}",gym-data.csv:001402
gym-data.csv:001403,s4 100x3,"[{""role"":""user"",""content"":""squat #3 90kgx3""}]","{""exercise"":""squat"",""setNumber"":4,""reps"":3,""weightKg"":100}",gym-data.csv:001403
gym-data.csv:001404,+10 x2,"[{""role"":""user"",""content"":""squat s4 100x3""}]","{""exercise"":""squat"",""setNumber"":5,""reps"":2,""weightKg"":110}",gym-data.csv:001404
gym-data.csv:001405,110x2,"[{""role"":""user"",""content"":""squat set5 110 2reps""}]","{""exercise"":""squat"",""setNumber"":6,""reps"":2,""weightKg"":110}",gym-data.csv:001405
gym-data.csv:001406,110x2,"[{""role"":""user"",""content"":""squat #6 110x2""}]","{""exercise"":""squat"",""setNumber"":7,""reps"":2,""weightKg"":110}",gym-data.csv:001406
gym-data.csv:001407,#8 110x2,"[{""role"":""user"",""content"":""squat #7 110x2""}]","{""exercise"":""squat"",""setNumber"":8,""reps"":2,""weightKg"":110}",gym-data.csv:001407
gym-data.csv:001408,fs s1 90kgx3,"[{""role"":""user"",""content"":""squat #8 110x2""}]","{""exercise"":""front_squat"",""setNumber"":1,""reps"":3,""weightKg"":90}",gym-data.csv:001408
gym-data.csv:001409,fs set2 90kgx3,"[{""role"":""user"",""content"":""fs s1 90kgx3""}]","{""exercise"":""front_squat"",""setNumber"":2,""reps"":3,""weightKg"":90}",gym-data.csv:001409
gym-data.csv:001410,fs s3 90+10x2,"[{""role"":""user"",""content"":""fs set2 90kgx3""}]","{""exercise"":""front_squat"",""setNumber"":3,""reps"":2,""weightKg"":100}",gym-data.csv:001410
gym-data.csv:001411,abs set1 25r,[],"{""exercise"":""crunch"",""setNumber"":1,""reps"":25}",gym-data.csv:001411
gym-data.csv:001412,snatch set1 20kgx5,[],"{""exercise"":""snatch"",""setNumber"":1,""reps"":5,""weightKg"":20}",gym-data.csv:001412
gym-data.csv:001413,snatch set2 40 3,"[{""role"":""user"",""content"":""snatch set1 20kgx5""}]","{""exercise"":""snatch"",""setNumber"":2,""reps"":3,""weightKg"":40}",gym-data.csv:001413
gym-data.csv:001414,snatch set3 40 3,"[{""role"":""user"",""content"":""snatch set2 40 3""}]","{""exercise"":""snatch"",""setNumber"":3,""reps"":3,""weightKg"":40}",gym-data.csv:001414
gym-data.csv:001415,snatch set4 50 3,"[{""role"":""user"",""content"":""snatch set3 40 3""}]","{""exercise"":""snatch"",""setNumber"":4,""reps"":3,""weightKg"":50}",gym-data.csv:001415
gym-data.csv:001416,s5 50 r3,"[{""role"":""user"",""content"":""snatch set4 50 3""}]","{""exercise"":""snatch"",""setNumber"":5,""reps"":3,""weightKg"":50}",gym-data.csv:001416
gym-data.csv:001417,snatch #6 50kg +10kg x2,"[{""role"":""user"",""content"":""snatch s5 50 r3""}]","{""exercise"":""snatch"",""setNumber"":6,""reps"":2,""weightKg"":60}",gym-data.csv:001417
gym-data.csv:001418,60x2,"[{""role"":""user"",""content"":""snatch #6 50kg +10kg x2""}]","{""exercise"":""snatch"",""setNumber"":7,""reps"":2,""weightKg"":60}",gym-data.csv:001418
gym-data.csv:001419,#8 60+5 2,"[{""role"":""user"",""content"":""snatch set7 60kgx2""}]","{""exercise"":""snatch"",""setNumber"":8,""reps"":2,""weightKg"":65}",gym-data.csv:001419
gym-data.csv:001420,set9 70 r2,"[{""role"":""user"",""content"":""snatch #8 60+5 2""}]","{""exercise"":""snatch"",""setNumber"":9,""reps"":2,""weightKg"":70}",gym-data.csv:001420
gym-data.csv:001421,cj s1 50x3,[],"{""exercise"":""clean_and_jerk"",""setNumber"":1,""reps"":3,""weightKg"":50}",gym-data.csv:001421
gym-data.csv:001422,cj set2 50x3,"[{""role"":""user"",""content"":""cj s1 50x3""}]","{""exercise"":""clean_and_jerk"",""setNumber"":2,""reps"":3,""weightKg"":50}",gym-data.csv:001422
gym-data.csv:001423,+20 x2,"[{""role"":""user"",""content"":""cj set2 50x3""}]","{""exercise"":""clean_and_jerk"",""setNumber"":3,""reps"":2,""weightKg"":70}",gym-data.csv:001423
gym-data.csv:001424,cj #4 70kgx2,"[{""role"":""user"",""content"":""cj #3 50 +20 r2""}]","{""exercise"":""clean_and_jerk"",""setNumber"":4,""reps"":2,""weightKg"":70}",gym-data.csv:001424
gym-data.csv:001425,+10 x2,"[{""role"":""user"",""content"":""cj #4 70kgx2""}]","{""exercise"":""clean_and_jerk"",""setNumber"":5,""reps"":2,""weightKg"":80}",gym-data.csv:001425
gym-data.csv:001426,+10 x1,"[{""role"":""user"",""content"":""cj #5 70kg +10kg x2""}]","{""exercise"":""clean_and_jerk"",""setNumber"":6,""reps"":1,""weightKg"":90}",gym-data.csv:001426
gym-data.csv:001427,cj s7 95 1,"[{""role"":""user"",""content"":""cj s6 80+10x1""}]","{""exercise"":""clean_and_jerk"",""setNumber"":7,""reps"":1,""weightKg"":95}",gym-data.csv:001427
gym-data.csv:001428,s8 90 1,"[{""role"":""user"",""content"":""cj s7 95 1""}]","{""exercise"":""clean_and_jerk"",""setNumber"":8,""reps"":1,""weightKg"":90}",gym-data.csv:001428
gym-data.csv:001429,squat s1 50kgx6,[],"{""exercise"":""squat"",""setNumber"":1,""reps"":6,""weightKg"":50}",gym-data.csv:001429
gym-data.csv:001430,set2 50kg +20kg x4,"[{""role"":""user"",""content"":""squat s1 50kgx6""}]","{""exercise"":""squat"",""setNumber"":2,""reps"":4,""weightKg"":70}",gym-data.csv:001430
gym-data.csv:001431,+20 x3,"[{""role"":""user"",""content"":""squat set2 50kg +20kg x4""}]","{""exercise"":""squat"",""setNumber"":3,""reps"":3,""weightKg"":90}",gym-data.csv:001431
gym-data.csv:001432,+10 x3,"[{""role"":""user"",""content"":""squat #3 70+20 3r""}]","{""exercise"":""squat"",""setNumber"":4,""reps"":3,""weightKg"":100}",gym-data.csv:001432
gym-data.csv:001433,squat set5 100+10x2,"[{""role"":""user"",""content"":""squat s4 90kg +10kg x3""}]","{""exercise"":""squat"",""setNumber"":5,""reps"":2,""weightKg"":110}",gym-data.csv:001433
gym-data.csv:001434,squat set6 110kgx2,"[{""role"":""user"",""content"":""squat set5 100+10x2""}]","{""exercise"":""squat"",""setNumber"":6,""reps"":2,""weightKg"":110}",gym-data.csv:001434
gym-data.csv:001435,110x2,"[{""role"":""user"",""content"":""squat set6 110kgx2""}]","{""exercise"":""squat"",""setNumber"":7,""reps"":2,""weightKg"":110}",gym-data.csv:001435
gym-data.csv:001436,110x2,"[{""role"":""user"",""content"":""squat #7 110x2""}]","{""exercise"":""squat"",""setNumber"":8,""reps"":2,""weightKg"":110}",gym-data.csv:001436
gym-data.csv:001437,gm #1 20x15,[],"{""exercise"":""good_morning"",""setNumber"":1,""reps"":15,""weightKg"":20}",gym-data.csv:001437
gym-data.csv:001438,abs #1 25r,[],"{""exercise"":""crunch"",""setNumber"":1,""reps"":25}",gym-data.csv:001438
gym-data.csv:001439,snatch s1 20 10,"[{""role"":""user"",""content"":""abs #1 25r""}]","{""exercise"":""snatch"",""setNumber"":1,""reps"":10,""weightKg"":20}",gym-data.csv:001439
gym-data.csv:001440,+20 x4,"[{""role"":""user"",""content"":""snatch s1 20 10""}]","{""exercise"":""snatch"",""setNumber"":2,""reps"":4,""weightKg"":40}",gym-data.csv:001440
gym-data.csv:001441,40x3,"[{""role"":""user"",""content"":""snatch set2 20 +20 4r""}]","{""exercise"":""snatch"",""setNumber"":3,""reps"":3,""weightKg"":40}",gym-data.csv:001441
gym-data.csv:001442,+10 x3,"[{""role"":""user"",""content"":""snatch #3 40kgx3""}]","{""exercise"":""snatch"",""setNumber"":4,""reps"":3,""weightKg"":50}",gym-data.csv:001442
gym-data.csv:001443,#5 50kgx3,"[{""role"":""user"",""content"":""snatch #4 40+10 r3""}]","{""exercise"":""snatch"",""setNumber"":5,""reps"":3,""weightKg"":50}",gym-data.csv:001443
gym-data.csv:001444,snatch #6 60kgx2,"[{""role"":""user"",""content"":""snatch #5 50kgx3""}]","{""exercise"":""snatch"",""setNumber"":6,""reps"":2,""weightKg"":60}",gym-data.csv:001444
gym-data.csv:001445,snatch set7 60x2,"[{""role"":""user"",""content"":""snatch #6 60kgx2""}]","{""exercise"":""snatch"",""setNumber"":7,""reps"":2,""weightKg"":60}",gym-data.csv:001445
gym-data.csv:001446,snatch s8 60+10 1reps,"[{""role"":""user"",""content"":""snatch set7 60x2""}]","{""exercise"":""snatch"",""setNumber"":8,""reps"":1,""weightKg"":70}",gym-data.csv:001446
gym-data.csv:001447,+5 x1,"[{""role"":""user"",""content"":""snatch s8 60+10 1reps""}]","{""exercise"":""snatch"",""setNumber"":9,""reps"":1,""weightKg"":75}",gym-data.csv:001447
gym-data.csv:001448,cj set1 50x3,[],"{""exercise"":""clean_and_jerk"",""setNumber"":1,""reps"":3,""weightKg"":50}",gym-data.csv:001448
gym-data.csv:001449,cj #2 70 2reps,"[{""role"":""user"",""content"":""cj set1 50x3""}]","{""exercise"":""clean_and_jerk"",""setNumber"":2,""reps"":2,""weightKg"":70}",gym-data.csv:001449
gym-data.csv:001450,cj s3 70kgx2,"[{""role"":""user"",""content"":""cj #2 70 2reps""}]","{""exercise"":""clean_and_jerk"",""setNumber"":3,""reps"":2,""weightKg"":70}",gym-data.csv:001450
gym-data.csv:001451,cj #4 80x1,"[{""role"":""user"",""content"":""cj s3 70kgx2""}]","{""exercise"":""clean_and_jerk"",""setNumber"":4,""reps"":1,""weightKg"":80}",gym-data.csv:001451
gym-data.csv:001452,+10 x1,"[{""role"":""user"",""content"":""cj #4 80x1""}]","{""exercise"":""clean_and_jerk"",""setNumber"":5,""reps"":1,""weightKg"":90}",gym-data.csv:001452
gym-data.csv:001453,cj set6 90 +5 1,"[{""role"":""user"",""content"":""cj #5 90x1""}]","{""exercise"":""clean_and_jerk"",""setNumber"":6,""reps"":1,""weightKg"":95}",gym-data.csv:001453
gym-data.csv:001454,squat set1 50kgx5,[],"{""exercise"":""squat"",""setNumber"":1,""reps"":5,""weightKg"":50}",gym-data.csv:001454
gym-data.csv:001455,squat #2 50 +20 r5,"[{""role"":""user"",""content"":""squat set1 50kgx5""}]","{""exercise"":""squat"",""setNumber"":2,""reps"":5,""weightKg"":70}",gym-data.csv:001455
gym-data.csv:001456,squat #3 70+20x3,"[{""role"":""user"",""content"":""squat #2 50 +20 r5""}]","{""exercise"":""squat"",""setNumber"":3,""reps"":3,""weightKg"":90}",gym-data.csv:001456
gym-data.csv:001457,s4 90+10x3,"[{""role"":""user"",""content"":""squat #3 70+20x3""}]","{""exercise"":""squat"",""setNumber"":4,""reps"":3,""weightKg"":100}",gym-data.csv:001457
gym-data.csv:001458,squat #5 100kg +10kg x3,"[{""role"":""user"",""content"":""squat s4 90+10x3""}]","{""exercise"":""squat"",""setNumber"":5,""reps"":3,""weightKg"":110}",gym-data.csv:001458
gym-data.csv:001459,110x3,"[{""role"":""user"",""content"":""squat #5 100kg +10kg x3""}]","{""exercise"":""squat"",""setNumber"":6,""reps"":3,""weightKg"":110}",gym-data.csv:001459
gym-data.csv:001460,squat set7 110kgx3,"[{""role"":""user"",""content"":""squat set6 110 r3""}]","{""exercise"":""squat"",""setNumber"":7,""reps"":3,""weightKg"":110}",gym-data.csv:001460
gym-data.csv:001461,set8 110 3,"[{""role"":""user"",""content"":""squat set7 110kgx3""}]","{""exercise"":""squat"",""setNumber"":8,""reps"":3,""weightKg"":110}",gym-data.csv:001461
gym-data.csv:001462,abs set1 25reps,[],"{""exercise"":""crunch"",""setNumber"":1,""reps"":25}",gym-data.csv:001462
gym-data.csv:001463,gm s1 20 r15,"[{""role"":""user"",""content"":""abs set1 25reps""}]","{""exercise"":""good_morning"",""setNumber"":1,""reps"":15,""weightKg"":20}",gym-data.csv:001463
gym-data.csv:001464,hsnatch set1 20 5reps,"[{""role"":""user"",""content"":""gm s1 20 r15""}]","{""exercise"":""hang_snatch"",""setNumber"":1,""reps"":5,""weightKg"":20}",gym-data.csv:001464
gym-data.csv:001465,hsnatch s2 40x3,"[{""role"":""user"",""content"":""hsnatch set1 20 5reps""}]","{""exercise"":""hang_snatch"",""setNumber"":2,""reps"":3,""weightKg"":40}",gym-data.csv:001465
gym-data.csv:001466,40x3,"[{""role"":""user"",""content"":""hsnatch s2 40x3""}]","{""exercise"":""hang_snatch"",""setNumber"":3,""reps"":3,""weightKg"":40}",gym-data.csv:001466
gym-data.csv:001467,+10 x3,"[{""role"":""user"",""content"":""hsnatch #3 40 3""}]","{""exercise"":""hang_snatch"",""setNumber"":4,""reps"":3,""weightKg"":50}",gym-data.csv:001467
gym-data.csv:001468,hsnatch s5 50 3r,"[{""role"":""user"",""content"":""hsnatch set4 50x3""}]","{""exercise"":""hang_snatch"",""setNumber"":5,""reps"":3,""weightKg"":50}",gym-data.csv:001468
gym-data.csv:001469,+10 x3,"[{""role"":""user"",""content"":""hsnatch s5 50 3r""}]","{""exercise"":""hang_snatch"",""setNumber"":6,""reps"":3,""weightKg"":60}",gym-data.csv:001469
gym-data.csv:001470,hsnatch #7 60kgx3,"[{""role"":""user"",""content"":""hsnatch set6 50+10 3r""}]","{""exercise"":""hang_snatch"",""setNumber"":7,""reps"":3,""weightKg"":60}",gym-data.csv:001470
gym-data.csv:001471,hsnatch #8 60x3,"[{""role"":""user"",""content"":""hsnatch #7 60kgx3""}]","{""exercise"":""hang_snatch"",""setNumber"":8,""reps"":3,""weightKg"":60}",gym-data.csv:001471
gym-data.csv:001472,hsnatch s9 60kgx3,"[{""role"":""user"",""content"":""hsnatch #8 60x3""}]","{""exercise"":""hang_snatch"",""setNumber"":9,""reps"":3,""weightKg"":60}",gym-data.csv:001472
gym-data.csv:001473,hclean s1 20x5,[],"{""exercise"":""hang_clean"",""setNumber"":1,""reps"":5,""weightKg"":20}",gym-data.csv:001473
gym-data.csv:001474,+30 x3,"[{""role"":""user"",""content"":""hclean s1 20x5""}]","{""exercise"":""hang_clean"",""setNumber"":2,""reps"":3,""weightKg"":50}",gym-data.csv:001474
gym-data.csv:001475,+20 x3,"[{""role"":""user"",""content"":""hclean s2 20kg +30kg x3""}]","{""exercise"":""hang_clean"",""setNumber"":3,""reps"":3,""weightKg"":70}",gym-data.csv:001475
gym-data.csv:001476,hclean s4 80x3,"[{""role"":""user"",""content"":""hclean s3 70kgx3""}]","{""exercise"":""hang_clean"",""setNumber"":4,""reps"":3,""weightKg"":80}",gym-data.csv:001476
gym-data.csv:001477,80x3,"[{""role"":""user"",""content"":""hclean s4 80x3""}]","{""exercise"":""hang_clean"",""setNumber"":5,""reps"":3,""weightKg"":80}",gym-data.csv:001477
gym-data.csv:001478,set6 80x3,"[{""role"":""user"",""content"":""hclean s5 80x3""}]","{""exercise"":""hang_clean"",""setNumber"":6,""reps"":3,""weightKg"":80}",gym-data.csv:001478
gym-data.csv:001479,s7 80x3,"[{""role"":""user"",""content"":""hclean set6 80x3""}]","{""exercise"":""hang_clean"",""setNumber"":7,""reps"":3,""weightKg"":80}",gym-data.csv:001479
gym-data.csv:001480,spull set1 70kgx4,[],"{""exercise"":""snatch_pull"",""setNumber"":1,""reps"":4,""weightKg"":70}",gym-data.csv:001480
gym-data.csv:001481,+10 x4,"[{""role"":""user"",""content"":""spull set1 70kgx4""}]","{""exercise"":""snatch_pull"",""setNumber"":2,""reps"":4,""weightKg"":80}",gym-data.csv:001481
gym-data.csv:001482,spull set3 80x4,"[{""role"":""user"",""content"":""spull #2 70+10x4""}]","{""exercise"":""snatch_pull"",""setNumber"":3,""reps"":4,""weightKg"":80}",gym-data.csv:001482
gym-data.csv:001483,+10 x4,"[{""role"":""user"",""content"":""spull set3 80x4""}]","{""exercise"":""snatch_pull"",""setNumber"":4,""reps"":4,""weightKg"":90}",gym-data.csv:001483
gym-data.csv:001484,90x4,"[{""role"":""user"",""content"":""spull s4 90 4r""}]","{""exercise"":""snatch_pull"",""setNumber"":5,""reps"":4,""weightKg"":90}",gym-data.csv:001484
gym-data.csv:001485,ab #1 r25,[],"{""exercise"":""crunch"",""setNumber"":1,""reps"":25}",gym-data.csv:001485
gym-data.csv:001486,gm #1 20 15,"[{""role"":""user"",""content"":""ab #1 r25""}]","{""exercise"":""good_morning"",""setNumber"":1,""reps"":15,""weightKg"":20}",gym-data.csv:001486
gym-data.csv:001487,snatch set1 20 r5,[],"{""exercise"":""snatch"",""setNumber"":1,""reps"":5,""weightKg"":20}",gym-data.csv:001487
gym-data.csv:001488,+20 x4,"[{""role"":""user"",""content"":""snatch set1 20 r5""}]","{""exercise"":""snatch"",""setNumber"":2,""reps"":4,""weightKg"":40}",gym-data.csv:001488
gym-data.csv:001489,#3 40kgx4,"[{""role"":""user"",""content"":""snatch set2 40x4""}]","{""exercise"":""snatch"",""setNumber"":3,""reps"":4,""weightKg"":40}",gym-data.csv:001489
gym-data.csv:001490,+10 x3,"[{""role"":""user"",""content"":""snatch #3 40kgx4""}]","{""exercise"":""snatch"",""setNumber"":4,""reps"":3,""weightKg"":50}",gym-data.csv:001490
gym-data.csv:001491,set5 50kgx3,"[{""role"":""user"",""content"":""snatch #4 50kgx3""}]","{""exercise"":""snatch"",""setNumber"":5,""reps"":3,""weightKg"":50}",gym-data.csv:001491
gym-data.csv:001492,s6 50+10x2,"[{""role"":""user"",""content"":""snatch set5 50kgx3""}]","{""exercise"":""snatch"",""setNumber"":6,""reps"":2,""weightKg"":60}",gym-data.csv:001492
gym-data.csv:001493,60x2,"[{""role"":""user"",""content"":""snatch s6 50+10x2""}]","{""exercise"":""snatch"",""setNumber"":7,""reps"":2,""weightKg"":60}",gym-data.csv:001493
gym-data.csv:001494,snatch #8 65kgx1,"[{""role"":""user"",""content"":""snatch set7 60 2reps""}]","{""exercise"":""snatch"",""setNumber"":8,""reps"":1,""weightKg"":65}",gym-data.csv:001494
gym-data.csv:001495,snatch #9 65+5x1,"[{""role"":""user"",""content"":""snatch #8 65kgx1""}]","{""exercise"":""snatch"",""setNumber"":9,""reps"":1,""weightKg"":70}",gym-data.csv:001495
gym-data.csv:001496,#10 70kgx1,"[{""role"":""user"",""content"":""snatch #9 65+5x1""}]","{""exercise"":""snatch"",""setNumber"":10,""reps"":1,""weightKg"":70}",gym-data.csv:001496
gym-data.csv:001497,cj set1 50x3,[],"{""exercise"":""clean_and_jerk"",""setNumber"":1,""reps"":3,""weightKg"":50}",gym-data.csv:001497
gym-data.csv:001498,set2 60 1,"[{""role"":""user"",""content"":""cj set1 50x3""}]","{""exercise"":""clean_and_jerk"",""setNumber"":2,""reps"":1,""weightKg"":60}",gym-data.csv:001498
gym-data.csv:001499,cj set3 60kgx1,"[{""role"":""user"",""content"":""cj set2 60 1""}]","{""exercise"":""clean_and_jerk"",""setNumber"":3,""reps"":1,""weightKg"":60}",gym-data.csv:001499
gym-data.csv:001500,#4 60kg +10kg x2,"[{""role"":""user"",""content"":""cj set3 60kgx1""}]","{""exercise"":""clean_and_jerk"",""setNumber"":4,""reps"":2,""weightKg"":70}",gym-data.csv:001500
gym-data.csv:001501,#5 70kgx2,"[{""role"":""user"",""content"":""cj #4 60kg +10kg x2""}]","{""exercise"":""clean_and_jerk"",""setNumber"":5,""reps"":2,""weightKg"":70}",gym-data.csv:001501
gym-data.csv:001502,s6 70+10x1,"[{""role"":""user"",""content"":""cj #5 70kgx2""}]","{""exercise"":""clean_and_jerk"",""setNumber"":6,""reps"":1,""weightKg"":80}",gym-data.csv:001502
gym-data.csv:001503,+5 x1,"[{""role"":""user"",""content"":""cj s6 70+10x1""}]","{""exercise"":""clean_and_jerk"",""setNumber"":7,""reps"":1,""weightKg"":85}",gym-data.csv:001503
gym-data.csv:001504,+5 x1,"[{""role"":""user"",""content"":""cj s7 80kg +5kg x1""}]","{""exercise"":""clean_and_jerk"",""setNumber"":8,""reps"":1,""weightKg"":90}",gym-data.csv:001504
gym-data.csv:001505,s9 90+5x1,"[{""role"":""user"",""content"":""cj #8 90 r1""}]","{""exercise"":""clean_and_jerk"",""setNumber"":9,""reps"":1,""weightKg"":95}",gym-data.csv:001505
gym-data.csv:001506,squat s1 50 5,"[{""role"":""user"",""content"":""cj s9 90+5x1""}]","{""exercise"":""squat"",""setNumber"":1,""reps"":5,""weightKg"":50}",gym-data.csv:001506
gym-data.csv:001507,+20 x3,"[{""role"":""user"",""content"":""squat s1 50 5""}]","{""exercise"":""squat"",""setNumber"":2,""reps"":3,""weightKg"":70}",gym-data.csv:001507
gym-data.csv:001508,+20 x3,"[{""role"":""user"",""content"":""squat set2 50 +20 r3""}]","{""exercise"":""squat"",""setNumber"":3,""reps"":3,""weightKg"":90}",gym-data.csv:001508
gym-data.csv:001509,squat #4 90kg +10kg x3,"[{""role"":""user"",""content"":""squat s3 90 r3""}]","{""exercise"":""squat"",""setNumber"":4,""reps"":3,""weightKg"":100}",gym-data.csv:001509
gym-data.csv:001510,squat set5 110kgx3,"[{""role"":""user"",""content"":""squat #4 90kg +10kg x3""}]","{""exercise"":""squat"",""setNumber"":5,""reps"":3,""weightKg"":110}",gym-data.csv:001510
gym-data.csv:001511,110x3,"[{""role"":""user"",""content"":""squat set5 110kgx3""}]","{""exercise"":""squat"",""setNumber"":6,""reps"":3,""weightKg"":110}",gym-data.csv:001511
gym-data.csv:001512,squat s7 110x3,"[{""role"":""user"",""content"":""squat #6 110kgx3""}]","{""exercise"":""squat"",""setNumber"":7,""reps"":3,""weightKg"":110}",gym-data.csv:001512
gym-data.csv:001513,squat set8 110 3,"[{""role"":""user"",""content"":""squat s7 110x3""}]","{""exercise"":""squat"",""setNumber"":8,""reps"":3,""weightKg"":110}",gym-data.csv:001513
gym-data.csv:001514,crunch s1 25r,[],"{""exercise"":""crunch"",""setNumber"":1,""reps"":25}",gym-data.csv:001514
gym-data.csv:001515,gm set1 20x15,"[{""role"":""user"",""content"":""crunch s1 25r""}]","{""exercise"":""good_morning"",""setNumber"":1,""reps"":15,""weightKg"":20}",gym-data.csv:001515
gym-data.csv:001516,snatch s1 20kgx5,[],"{""exercise"":""snatch"",""setNumber"":1,""reps"":5,""weightKg"":20}",gym-data.csv:001516
gym-data.csv:001517,snatch set2 20kg +20kg x4,"[{""role"":""user"",""content"":""snatch s1 20kgx5""}]","{""exercise"":""snatch"",""setNumber"":2,""reps"":4,""weightKg"":40}",gym-data.csv:001517
gym-data.csv:001518,40x4,"[{""role"":""user"",""content"":""snatch set2 20kg +20kg x4""}]","{""exercise"":""snatch"",""setNumber"":3,""reps"":4,""weightKg"":40}",gym-data.csv:001518
gym-data.csv:001519,+10 x3,"[{""role"":""user"",""content"":""snatch set3 40x4""}]","{""exercise"":""snatch"",""setNumber"":4,""reps"":3,""weightKg"":50}",gym-data.csv:001519
gym-data.csv:001520,50x3,"[{""role"":""user"",""content"":""snatch s4 50 3reps""}]","{""exercise"":""snatch"",""setNumber"":5,""reps"":3,""weightKg"":50}",gym-data.csv:001520
gym-data.csv:001521,+10 x2,"[{""role"":""user"",""content"":""snatch s5 50x3""}]","{""exercise"":""snatch"",""setNumber"":6,""reps"":2,""weightKg"":60}",gym-data.csv:001521
gym-data.csv:001522,set7 70x1,"[{""role"":""user"",""content"":""snatch s6 60 2r""}]","{""exercise"":""snatch"",""setNumber"":7,""reps"":1,""weightKg"":70}",gym-data.csv:001522
gym-data.csv:001523,#8 75 1,"[{""role"":""user"",""content"":""snatch set7 70x1""}]","{""exercise"":""snatch"",""setNumber"":8,""reps"":1,""weightKg"":75}",gym-data.csv:001523
gym-data.csv:001524,s9 75kgx1,"[{""role"":""user"",""content"":""snatch #8 75 1""}]","{""exercise"":""snatch"",""setNumber"":9,""reps"":1,""weightKg"":75}",gym-data.csv:001524
gym-data.csv:001525,cj set1 50kgx3,[],"{""exercise"":""clean_and_jerk"",""setNumber"":1,""reps"":3,""weightKg"":50}",gym-data.csv:001525
gym-data.csv:001526,cj s2 50kgx3,"[{""role"":""user"",""content"":""cj set1 50kgx3""}]","{""exercise"":""clean_and_jerk"",""setNumber"":2,""reps"":3,""weightKg"":50}",gym-data.csv:001526
gym-data.csv:001527,cj s3 70 r2,"[{""role"":""user"",""content"":""cj s2 50kgx3""}]","{""exercise"":""clean_and_jerk"",""setNumber"":3,""reps"":2,""weightKg"":70}",gym-data.csv:001527
gym-data.csv:001528,cj s4 70kgx2,"[{""role"":""user"",""content"":""cj s3 70 r2""}]","{""exercise"":""clean_and_jerk"",""setNumber"":4,""reps"":2,""weightKg"":70}",gym-data.csv:001528
gym-data.csv:001529,cj set5 70+10x1,"[{""role"":""user"",""content"":""cj s4 70kgx2""}]","{""exercise"":""clean_and_jerk"",""setNumber"":5,""reps"":1,""weightKg"":80}",gym-data.csv:001529
gym-data.csv:001530,cj s6 80+10x1,"[{""role"":""user"",""content"":""cj set5 70+10x1""}]","{""exercise"":""clean_and_jerk"",""setNumber"":6,""reps"":1,""weightKg"":90}",gym-data.csv:001530
gym-data.csv:001531,cj s7 90+5x1,"[{""role"":""user"",""content"":""cj s6 80+10x1""}]","{""exercise"":""clean_and_jerk"",""setNumber"":7,""reps"":1,""weightKg"":95}",gym-data.csv:001531
gym-data.csv:001532,cj set8 95+5 1r,"[{""role"":""user"",""content"":""cj s7 90+5x1""}]","{""exercise"":""clean_and_jerk"",""setNumber"":8,""reps"":1,""weightKg"":100}",gym-data.csv:001532
gym-data.csv:001533,s9 100 1,"[{""role"":""user"",""content"":""cj set8 95+5 1r""}]","{""exercise"":""clean_and_jerk"",""setNumber"":9,""reps"":1,""weightKg"":100}",gym-data.csv:001533
gym-data.csv:001534,squat set1 50kgx5,[],"{""exercise"":""squat"",""setNumber"":1,""reps"":5,""weightKg"":50}",gym-data.csv:001534
gym-data.csv:001535,+20 x3,"[{""role"":""user"",""content"":""squat set1 50kgx5""}]","{""exercise"":""squat"",""setNumber"":2,""reps"":3,""weightKg"":70}",gym-data.csv:001535
gym-data.csv:001536,+20 x3,"[{""role"":""user"",""content"":""squat set2 50+20x3""}]","{""exercise"":""squat"",""setNumber"":3,""reps"":3,""weightKg"":90}",gym-data.csv:001536
gym-data.csv:001537,squat #4 100x3,"[{""role"":""user"",""content"":""squat #3 70kg +20kg x3""}]","{""exercise"":""squat"",""setNumber"":4,""reps"":3,""weightKg"":100}",gym-data.csv:001537
gym-data.csv:001538,+10 x3,"[{""role"":""user"",""content"":""squat #4 100x3""}]","{""exercise"":""squat"",""setNumber"":5,""reps"":3,""weightKg"":110}",gym-data.csv:001538
gym-data.csv:001539,squat #6 110kgx3,"[{""role"":""user"",""content"":""squat s5 110x3""}]","{""exercise"":""squat"",""setNumber"":6,""reps"":3,""weightKg"":110}",gym-data.csv:001539
gym-data.csv:001540,+10 x2,"[{""role"":""user"",""content"":""squat #6 110kgx3""}]","{""exercise"":""squat"",""setNumber"":7,""reps"":2,""weightKg"":120}",gym-data.csv:001540
gym-data.csv:001541,-10 x3,"[{""role"":""user"",""content"":""squat #7 110kg +10kg x2""}]","{""exercise"":""squat"",""setNumber"":8,""reps"":3,""weightKg"":110}",gym-data.csv:001541
gym-data.csv:001542,abs #1 r25,[],"{""exercise"":""crunch"",""setNumber"":1,""reps"":25}",gym-data.csv:001542
gym-data.csv:001543,gm s1 20kgx15,[],"{""exercise"":""good_morning"",""setNumber"":1,""reps"":15,""weightKg"":20}",gym-data.csv:001543
gym-data.csv:001544,cj #1 40x3,[],"{""exercise"":""clean_and_jerk"",""setNumber"":1,""reps"":3,""weightKg"":40}",gym-data.csv:001544
gym-data.csv:001545,cj #2 40 3reps,"[{""role"":""user"",""content"":""cj #1 40x3""}]","{""exercise"":""clean_and_jerk"",""setNumber"":2,""reps"":3,""weightKg"":40}",gym-data.csv:001545
gym-data.csv:001546,#3 40 +10 2r,"[{""role"":""user"",""content"":""cj #2 40 3reps""}]","{""exercise"":""clean_and_jerk"",""setNumber"":3,""reps"":2,""weightKg"":50}",gym-data.csv:001546
gym-data.csv:001547,+10 x2,"[{""role"":""user"",""content"":""cj #3 40 +10 2r""}]","{""exercise"":""clean_and_jerk"",""setNumber"":4,""reps"":2,""weightKg"":60}",gym-data.csv:001547
gym-data.csv:001548,cj #5 70 r2,"[{""role"":""user"",""content"":""cj #4 50+10 r2""}]","{""exercise"":""clean_and_jerk"",""setNumber"":5,""reps"":2,""weightKg"":70}",gym-data.csv:001548
gym-data.csv:001549,+10 x2,"[{""role"":""user"",""content"":""cj #5 70 r2""}]","{""exercise"":""clean_and_jerk"",""setNumber"":6,""reps"":2,""weightKg"":80}",gym-data.csv:001549
gym-data.csv:001550,+10 x1,"[{""role"":""user"",""content"":""cj s6 80 2reps""}]","{""exercise"":""clean_and_jerk"",""setNumber"":7,""reps"":1,""weightKg"":90}",gym-data.csv:001550
gym-data.csv:001551,cj #8 90 +5 1,"[{""role"":""user"",""content"":""cj s7 80+10 1""}]","{""exercise"":""clean_and_jerk"",""setNumber"":8,""reps"":1,""weightKg"":95}",gym-data.csv:001551
gym-data.csv:001552,cj s9 100x1,"[{""role"":""user"",""content"":""cj #8 90 +5 1""}]","{""exercise"":""clean_and_jerk"",""setNumber"":9,""reps"":1,""weightKg"":100}",gym-data.csv:001552
gym-data.csv:001553,snatch #1 40kgx4,"[{""role"":""user"",""content"":""cj s9 100x1""}]","{""exercise"":""snatch"",""setNumber"":1,""reps"":4,""weightKg"":40}",gym-data.csv:001553
gym-data.csv:001554,40x4,"[{""role"":""user"",""content"":""snatch #1 40kgx4""}]","{""exercise"":""snatch"",""setNumber"":2,""reps"":4,""weightKg"":40}",gym-data.csv:001554
gym-data.csv:001555,+10 x3,"[{""role"":""user"",""content"":""snatch s2 40 4""}]","{""exercise"":""snatch"",""setNumber"":3,""reps"":3,""weightKg"":50}",gym-data.csv:001555
gym-data.csv:001556,50x3,"[{""role"":""user"",""content"":""snatch #3 50x3""}]","{""exercise"":""snatch"",""setNumber"":4,""reps"":3,""weightKg"":50}",gym-data.csv:001556
gym-data.csv:001557,snatch #5 60x2,"[{""role"":""user"",""content"":""snatch set4 50 3r""}]","{""exercise"":""snatch"",""setNumber"":5,""reps"":2,""weightKg"":60}",gym-data.csv:001557
gym-data.csv:001558,snatch #6 70 1,"[{""role"":""user"",""content"":""snatch #5 60x2""}]","{""exercise"":""snatch"",""setNumber"":6,""reps"":1,""weightKg"":70}",gym-data.csv:001558
gym-data.csv:001559,70x1,"[{""role"":""user"",""content"":""snatch #6 70 1""}]","{""exercise"":""snatch"",""setNumber"":7,""reps"":1,""weightKg"":70}",gym-data.csv:001559
gym-data.csv:001560,snatch s8 70+5x1,"[{""role"":""user"",""content"":""snatch s7 70x1""}]","{""exercise"":""snatch"",""setNumber"":8,""reps"":1,""weightKg"":75}",gym-data.csv:001560
gym-data.csv:001561,#9 77.5 r1,"[{""role"":""user"",""content"":""snatch s8 70+5x1""}]","{""exercise"":""snatch"",""setNumber"":9,""reps"":1,""weightKg"":77.5}",gym-data.csv:001561
gym-data.csv:001562,-7.5 x2,"[{""role"":""user"",""content"":""snatch #9 77.5 r1""}]","{""exercise"":""snatch"",""setNumber"":10,""reps"":2,""weightKg"":70}",gym-data.csv:001562
gym-data.csv:001563,s11 70 r2,"[{""role"":""user"",""content"":""snatch set10 77.5kg -7.5kg x2""}]","{""exercise"":""snatch"",""setNumber"":11,""reps"":2,""weightKg"":70}",gym-data.csv:001563
gym-data.csv:001564,fs #1 50kgx5,"[{""role"":""user"",""content"":""snatch s11 70 r2""}]","{""exercise"":""front_squat"",""setNumber"":1,""reps"":5,""weightKg"":50}",gym-data.csv:001564
gym-data.csv:001565,set2 70kgx3,"[{""role"":""user"",""content"":""fs #1 50kgx5""}]","{""exercise"":""front_squat"",""setNumber"":2,""reps"":3,""weightKg"":70}",gym-data.csv:001565
gym-data.csv:001566,+10 x3,"[{""role"":""user"",""content"":""fs set2 70kgx3""}]","{""exercise"":""front_squat"",""setNumber"":3,""reps"":3,""weightKg"":80}",gym-data.csv:001566
gym-data.csv:001567,+10 x3,"[{""role"":""user"",""content"":""fs #3 70+10 3r""}]","{""exercise"":""front_squat"",""setNumber"":4,""reps"":3,""weightKg"":90}",gym-data.csv:001567
gym-data.csv:001568,+10 x3,"[{""role"":""user"",""content"":""fs set4 80kg +10kg x3""}]","{""exercise"":""front_squat"",""setNumber"":5,""reps"":3,""weightKg"":100}",gym-data.csv:001568
gym-data.csv:001569,set6 100kgx3,"[{""role"":""user"",""content"":""fs #5 100x3""}]","{""exercise"":""front_squat"",""setNumber"":6,""reps"":3,""weightKg"":100}",gym-data.csv:001569
gym-data.csv:001570,100x3,"[{""role"":""user"",""content"":""fs set6 100kgx3""}]","{""exercise"":""front_squat"",""setNumber"":7,""reps"":3,""weightKg"":100}",gym-data.csv:001570
gym-data.csv:001571,fs set8 100kgx3,"[{""role"":""user"",""content"":""fs #7 100x3""}]","{""exercise"":""front_squat"",""setNumber"":8,""reps"":3,""weightKg"":100}",gym-data.csv:001571
gym-data.csv:001572,abs #1 25,[],"{""exercise"":""crunch"",""setNumber"":1,""reps"":25}",gym-data.csv:001572
gym-data.csv:001573,gm #1 20kgx15,"[{""role"":""user"",""content"":""abs #1 25""}]","{""exercise"":""good_morning"",""setNumber"":1,""reps"":15,""weightKg"":20}",gym-data.csv:001573
gym-data.csv:001574,hsnatch s1 20kgx5,"[{""role"":""user"",""content"":""gm #1 20kgx15""}]","{""exercise"":""hang_snatch"",""setNumber"":1,""reps"":5,""weightKg"":20}",gym-data.csv:001574
gym-data.csv:001575,hsnatch #2 20kg +20kg x4,"[{""role"":""user"",""content"":""hsnatch s1 20kgx5""}]","{""exercise"":""hang_snatch"",""setNumber"":2,""reps"":4,""weightKg"":40}",gym-data.csv:001575
gym-data.csv:001576,hsnatch s3 50x3,"[{""role"":""user"",""content"":""hsnatch #2 20kg +20kg x4""}]","{""exercise"":""hang_snatch"",""setNumber"":3,""reps"":3,""weightKg"":50}",gym-data.csv:001576
gym-data.csv:001577,hsnatch s4 50kg +10kg x3,"[{""role"":""user"",""content"":""hsnatch s3 50x3""}]","{""exercise"":""hang_snatch"",""setNumber"":4,""reps"":3,""weightKg"":60}",gym-data.csv:001577
gym-data.csv:001578,hsnatch #5 60x3,"[{""role"":""user"",""content"":""hsnatch s4 50kg +10kg x3""}]","{""exercise"":""hang_snatch"",""setNumber"":5,""reps"":3,""weightKg"":60}",gym-data.csv:001578
gym-data.csv:001579,60x3,"[{""role"":""user"",""content"":""hsnatch #5 60x3""}]","{""exercise"":""hang_snatch"",""setNumber"":6,""reps"":3,""weightKg"":60}",gym-data.csv:001579
gym-data.csv:001580,+5 x2,"[{""role"":""user"",""content"":""hsnatch set6 60kgx3""}]","{""exercise"":""hang_snatch"",""setNumber"":7,""reps"":2,""weightKg"":65}",gym-data.csv:001580
gym-data.csv:001581,#8 65x2,"[{""role"":""user"",""content"":""hsnatch #7 65kgx2""}]","{""exercise"":""hang_snatch"",""setNumber"":8,""reps"":2,""weightKg"":65}",gym-data.csv:001581
gym-data.csv:001582,+5 x1,"[{""role"":""user"",""content"":""hsnatch #8 65x2""}]","{""exercise"":""hang_snatch"",""setNumber"":9,""reps"":1,""weightKg"":70}",gym-data.csv:001582
gym-data.csv:001583,hclean s1 20x5,[],"{""exercise"":""hang_clean"",""setNumber"":1,""reps"":5,""weightKg"":20}",gym-data.csv:001583
gym-data.csv:001584,s2 20+30 3reps,"[{""role"":""user"",""content"":""hclean s1 20x5""}]","{""exercise"":""hang_clean"",""setNumber"":2,""reps"":3,""weightKg"":50}",gym-data.csv:001584
gym-data.csv:001585,hclean s3 50kg +10kg x2,"[{""role"":""user"",""content"":""hclean s2 20+30 3reps""}]","{""exercise"":""hang_clean"",""setNumber"":3,""reps"":2,""weightKg"":60}",gym-data.csv:001585
gym-data.csv:001586,set4 70x3,"[{""role"":""user"",""content"":""hclean s3 50kg +10kg x2""}]","{""exercise"":""hang_clean"",""setNumber"":4,""reps"":3,""weightKg"":70}",gym-data.csv:001586
gym-data.csv:001587,hclean set5 80kgx3,"[{""role"":""user"",""content"":""hclean set4 70x3""}]","{""exercise"":""hang_clean"",""setNumber"":5,""reps"":3,""weightKg"":80}",gym-data.csv:001587
gym-data.csv:001588,80x3,"[{""role"":""user"",""content"":""hclean set5 80kgx3""}]","{""exercise"":""hang_clean"",""setNumber"":6,""reps"":3,""weightKg"":80}",gym-data.csv:001588
gym-data.csv:001589,hclean s7 80x3,"[{""role"":""user"",""content"":""hclean set6 80 r3""}]","{""exercise"":""hang_clean"",""setNumber"":7,""reps"":3,""weightKg"":80}",gym-data.csv:001589
gym-data.csv:001590,squat s1 60 r5,[],"{""exercise"":""squat"",""setNumber"":1,""reps"":5,""weightKg"":60}",gym-data.csv:001590
gym-data.csv:001591,squat s2 60 +20 3r,"[{""role"":""user"",""content"":""squat s1 60 r5""}]","{""exercise"":""squat"",""setNumber"":2,""reps"":3,""weightKg"":80}",gym-data.csv:001591
gym-data.csv:001592,+20 x3,"[{""role"":""user"",""content"":""squat s2 60 +20 3r""}]","{""exercise"":""squat"",""setNumber"":3,""reps"":3,""weightKg"":100}",gym-data.csv:001592
gym-data.csv:001593,s4 100+10x3,"[{""role"":""user"",""content"":""squat #3 100kgx3""}]","{""exercise"":""squat"",""setNumber"":4,""reps"":3,""weightKg"":110}",gym-data.csv:001593
gym-data.csv:001594,#5 110kgx3,"[{""role"":""user"",""content"":""squat s4 100+10x3""}]","{""exercise"":""squat"",""setNumber"":5,""reps"":3,""weightKg"":110}",gym-data.csv:001594
gym-data.csv:001595,110x3,"[{""role"":""user"",""content"":""squat #5 110kgx3""}]","{""exercise"":""squat"",""setNumber"":6,""reps"":3,""weightKg"":110}",gym-data.csv:001595
gym-data.csv:001596,squat set7 110 r3,"[{""role"":""user"",""content"":""squat set6 110x3""}]","{""exercise"":""squat"",""setNumber"":7,""reps"":3,""weightKg"":110}",gym-data.csv:001596
gym-data.csv:001597,ab s1 25,[],"{""exercise"":""crunch"",""setNumber"":1,""reps"":25}",gym-data.csv:001597
gym-data.csv:001598,gm s1 20kgx15,[],"{""exercise"":""good_morning"",""setNumber"":1,""reps"":15,""weightKg"":20}",gym-data.csv:001598
gym-data.csv:001599,snatch s1 20kgx5,"[{""role"":""user"",""content"":""gm s1 20kgx15""}]","{""exercise"":""snatch"",""setNumber"":1,""reps"":5,""weightKg"":20}",gym-data.csv:001599
gym-data.csv:001600,set2 20 +20 4reps,"[{""role"":""user"",""content"":""snatch s1 20kgx5""}]","{""exercise"":""snatch"",""setNumber"":2,""reps"":4,""weightKg"":40}",gym-data.csv:001600
gym-data.csv:001601,snatch set3 40+10 3,"[{""role"":""user"",""content"":""snatch set2 20 +20 4reps""}]","{""exercise"":""snatch"",""setNumber"":3,""reps"":3,""weightKg"":50}",gym-data.csv:001601
gym-data.csv:001602,50x3,"[{""role"":""user"",""content"":""snatch set3 40+10 3""}]","{""exercise"":""snatch"",""setNumber"":4,""reps"":3,""weightKg"":50}",gym-data.csv:001602
gym-data.csv:001603,#5 60x2,"[{""role"":""user"",""content"":""snatch #4 50kgx3""}]","{""exercise"":""snatch"",""setNumber"":5,""reps"":2,""weightKg"":60}",gym-data.csv:001603
gym-data.csv:001604,snatch s6 60kgx2,"[{""role"":""user"",""content"":""snatch #5 60x2""}]","{""exercise"":""snatch"",""setNumber"":6,""reps"":2,""weightKg"":60}",gym-data.csv:001604
gym-data.csv:001605,+10 x1,"[{""role"":""user"",""content"":""snatch s6 60kgx2""}]","{""exercise"":""snatch"",""setNumber"":7,""reps"":1,""weightKg"":70}",gym-data.csv:001605
gym-data.csv:001606,snatch s8 70kgx1,"[{""role"":""user"",""content"":""snatch s7 70kgx1""}]","{""exercise"":""snatch"",""setNumber"":8,""reps"":1,""weightKg"":70}",gym-data.csv:001606
gym-data.csv:001607,70x1,"[{""role"":""user"",""content"":""snatch s8 70kgx1""}]","{""exercise"":""snatch"",""setNumber"":9,""reps"":1,""weightKg"":70}",gym-data.csv:001607
gym-data.csv:001608,cj #1 50kgx3,"[{""role"":""user"",""content"":""snatch #9 70 1r""}]","{""exercise"":""clean_and_jerk"",""setNumber"":1,""reps"":3,""weightKg"":50}",gym-data.csv:001608
gym-data.csv:001609,cj #2 60 2,"[{""role"":""user"",""content"":""cj #1 50kgx3""}]","{""exercise"":""clean_and_jerk"",""setNumber"":2,""reps"":2,""weightKg"":60}",gym-data.csv:001609
gym-data.csv:001610,+10 x2,"[{""role"":""user"",""content"":""cj #2 60 2""}]","{""exercise"":""clean_and_jerk"",""setNumber"":3,""reps"":2,""weightKg"":70}",gym-data.csv:001610
gym-data.csv:001611,+10 x2,"[{""role"":""user"",""content"":""cj s3 60+10 2r""}]","{""exercise"":""clean_and_jerk"",""setNumber"":4,""reps"":2,""weightKg"":80}",gym-data.csv:001611
gym-data.csv:001612,s5 90x1,"[{""role"":""user"",""content"":""cj #4 80x2""}]","{""exercise"":""clean_and_jerk"",""setNumber"":5,""reps"":1,""weightKg"":90}",gym-data.csv:001612
gym-data.csv:001613,cj s6 90 1r,"[{""role"":""user"",""content"":""cj s5 90x1""}]","{""exercise"":""clean_and_jerk"",""setNumber"":6,""reps"":1,""weightKg"":90}",gym-data.csv:001613
gym-data.csv:001614,fs set1 60x3,[],"{""exercise"":""front_squat"",""setNumber"":1,""reps"":3,""weightKg"":60}",gym-data.csv:001614
gym-data.csv:001615,fs s2 80kgx3,"[{""role"":""user"",""content"":""fs set1 60x3""}]","{""exercise"":""front_squat"",""setNumber"":2,""reps"":3,""weightKg"":80}",gym-data.csv:001615
gym-data.csv:001616,fs #3 80 +10 3reps,"[{""role"":""user"",""content"":""fs s2 80kgx3""}]","{""exercise"":""front_squat"",""setNumber"":3,""reps"":3,""weightKg"":90}",gym-data.csv:001616
gym-data.csv:001617,fs set4 90 +10 3,"[{""role"":""user"",""content"":""fs #3 80 +10 3reps""}]","{""exercise"":""front_squat"",""setNumber"":4,""reps"":3,""weightKg"":100}",gym-data.csv:001617
gym-data.csv:001618,fs #5 100 3,"[{""role"":""user"",""content"":""fs set4 90 +10 3""}]","{""exercise"":""front_squat"",""setNumber"":5,""reps"":3,""weightKg"":100}",gym-data.csv:001618
gym-data.csv:001619,fs set6 100kgx3,"[{""role"":""user"",""content"":""fs #5 100 3""}]","{""exercise"":""front_squat"",""setNumber"":6,""reps"":3,""weightKg"":100}",gym-data.csv:001619
gym-data.csv:001620,crunch set1 r25,[],"{""exercise"":""crunch"",""setNumber"":1,""reps"":25}",gym-data.csv:001620
gym-data.csv:001621,gm set1 20x15,[],"{""exercise"":""good_morning"",""setNumber"":1,""reps"":15,""weightKg"":20}",gym-data.csv:001621
gym-data.csv:001622,psnatch s1 20kgx5,"[{""role"":""user"",""content"":""gm set1 20x15""}]","{""exercise"":""power_snatch"",""setNumber"":1,""reps"":5,""weightKg"":20}",gym-data.csv:001622
gym-data.csv:001623,s2 20+20x4,"[{""role"":""user"",""content"":""psnatch s1 20kgx5""}]","{""exercise"":""power_snatch"",""setNumber"":2,""reps"":4,""weightKg"":40}",gym-data.csv:001623
gym-data.csv:001624,+10 x3,"[{""role"":""user"",""content"":""psnatch s2 20+20x4""}]","{""exercise"":""power_snatch"",""setNumber"":3,""reps"":3,""weightKg"":50}",gym-data.csv:001624
gym-data.csv:001625,psnatch s4 60 3reps,"[{""role"":""user"",""content"":""psnatch #3 40 +10 3reps""}]","{""exercise"":""power_snatch"",""setNumber"":4,""reps"":3,""weightKg"":60}",gym-data.csv:001625
gym-data.csv:001626,psnatch s5 60kgx3,"[{""role"":""user"",""content"":""psnatch s4 60 3reps""}]","{""exercise"":""power_snatch"",""setNumber"":5,""reps"":3,""weightKg"":60}",gym-data.csv:001626
gym-data.csv:001627,+5 x3,"[{""role"":""user"",""content"":""psnatch s5 60kgx3""}]","{""exercise"":""power_snatch"",""setNumber"":6,""reps"":3,""weightKg"":65}",gym-data.csv:001627
gym-data.csv:001628,s7 65+5x1,"[{""role"":""user"",""content"":""psnatch s6 60+5x3""}]","{""exercise"":""power_snatch"",""setNumber"":7,""reps"":1,""weightKg"":70}",gym-data.csv:001628
gym-data.csv:001629,+5 x1,"[{""role"":""user"",""content"":""psnatch s7 65+5x1""}]","{""exercise"":""power_snatch"",""setNumber"":8,""reps"":1,""weightKg"":75}",gym-data.csv:001629
gym-data.csv:001630,pclean s1 50kgx3,[],"{""exercise"":""power_clean"",""setNumber"":1,""reps"":3,""weightKg"":50}",gym-data.csv:001630
gym-data.csv:001631,pclean s2 60 3r,"[{""role"":""user"",""content"":""pclean s1 50kgx3""}]","{""exercise"":""power_clean"",""setNumber"":2,""reps"":3,""weightKg"":60}",gym-data.csv:001631
gym-data.csv:001632,pclean #3 60 +10 3reps,"[{""role"":""user"",""content"":""pclean s2 60 3r""}]","{""exercise"":""power_clean"",""setNumber"":3,""reps"":3,""weightKg"":70}",gym-data.csv:001632
gym-data.csv:001633,pclean #4 70+10 r3,"[{""role"":""user"",""content"":""pclean #3 60 +10 3reps""}]","{""exercise"":""power_clean"",""setNumber"":4,""reps"":3,""weightKg"":80}",gym-data.csv:001633
gym-data.csv:001634,#5 80kgx3,"[{""role"":""user"",""content"":""pclean #4 70+10 r3""}]","{""exercise"":""power_clean"",""setNumber"":5,""reps"":3,""weightKg"":80}",gym-data.csv:001634
gym-data.csv:001635,s6 80x3,"[{""role"":""user"",""content"":""pclean #5 80kgx3""}]","{""exercise"":""power_clean"",""setNumber"":6,""reps"":3,""weightKg"":80}",gym-data.csv:001635
gym-data.csv:001636,+10 x1,"[{""role"":""user"",""content"":""pclean s6 80x3""}]","{""exercise"":""power_clean"",""setNumber"":7,""reps"":1,""weightKg"":90}",gym-data.csv:001636
gym-data.csv:001637,90x1,"[{""role"":""user"",""content"":""pclean #7 80 +10 r1""}]","{""exercise"":""power_clean"",""setNumber"":8,""reps"":1,""weightKg"":90}",gym-data.csv:001637
gym-data.csv:001638,fs set1 60 5,[],"{""exercise"":""front_squat"",""setNumber"":1,""reps"":5,""weightKg"":60}",gym-data.csv:001638
gym-data.csv:001639,s2 60+20 r3,"[{""role"":""user"",""content"":""fs set1 60 5""}]","{""exercise"":""front_squat"",""setNumber"":2,""reps"":3,""weightKg"":80}",gym-data.csv:001639
gym-data.csv:001640,fs #3 90x3,"[{""role"":""user"",""content"":""fs s2 60+20 r3""}]","{""exercise"":""front_squat"",""setNumber"":3,""reps"":3,""weightKg"":90}",gym-data.csv:001640
gym-data.csv:001641,fs s4 100x3,"[{""role"":""user"",""content"":""fs #3 90x3""}]","{""exercise"":""front_squat"",""setNumber"":4,""reps"":3,""weightKg"":100}",gym-data.csv:001641
gym-data.csv:001642,100x3,"[{""role"":""user"",""content"":""fs s4 100x3""}]","{""exercise"":""front_squat"",""setNumber"":5,""reps"":3,""weightKg"":100}",gym-data.csv:001642
gym-data.csv:001643,100x3,"[{""role"":""user"",""content"":""fs #5 100 3""}]","{""exercise"":""front_squat"",""setNumber"":6,""reps"":3,""weightKg"":100}",gym-data.csv:001643
gym-data.csv:001644,abs s1 25reps,[],"{""exercise"":""crunch"",""setNumber"":1,""reps"":25}",gym-data.csv:001644
gym-data.csv:001645,gm #1 20 15,"[{""role"":""user"",""content"":""abs s1 25reps""}]","{""exercise"":""good_morning"",""setNumber"":1,""reps"":15,""weightKg"":20}",gym-data.csv:001645
gym-data.csv:001646,cj s1 40kgx2,[],"{""exercise"":""clean_and_jerk"",""setNumber"":1,""reps"":2,""weightKg"":40}",gym-data.csv:001646
gym-data.csv:001647,cj set2 50 r2,"[{""role"":""user"",""content"":""cj s1 40kgx2""}]","{""exercise"":""clean_and_jerk"",""setNumber"":2,""reps"":2,""weightKg"":50}",gym-data.csv:001647
gym-data.csv:001648,cj set3 50+20 2r,"[{""role"":""user"",""content"":""cj set2 50 r2""}]","{""exercise"":""clean_and_jerk"",""setNumber"":3,""reps"":2,""weightKg"":70}",gym-data.csv:001648
gym-data.csv:001649,+10 x2,"[{""role"":""user"",""content"":""cj set3 50+20 2r""}]","{""exercise"":""clean_and_jerk"",""setNumber"":4,""reps"":2,""weightKg"":80}",gym-data.csv:001649
gym-data.csv:001650,#5 90 1reps,"[{""role"":""user"",""content"":""cj set4 70+10 r2""}]","{""exercise"":""clean_and_jerk"",""setNumber"":5,""reps"":1,""weightKg"":90}",gym-data.csv:001650
gym-data.csv:001651,+10 x1,"[{""role"":""user"",""content"":""cj #5 90 1reps""}]","{""exercise"":""clean_and_jerk"",""setNumber"":6,""reps"":1,""weightKg"":100}",gym-data.csv:001651
gym-data.csv:001652,set7 100+2.5 1,"[{""role"":""user"",""content"":""cj set6 100x1""}]","{""exercise"":""clean_and_jerk"",""setNumber"":7,""reps"":1,""weightKg"":102.5}",gym-data.csv:001652
gym-data.csv:001653,snatch #1 20x5,[],"{""exercise"":""snatch"",""setNumber"":1,""reps"":5,""weightKg"":20}",gym-data.csv:001653
gym-data.csv:001654,+20 x2,"[{""role"":""user"",""content"":""snatch #1 20x5""}]","{""exercise"":""snatch"",""setNumber"":2,""reps"":2,""weightKg"":40}",gym-data.csv:001654
gym-data.csv:001655,#3 40+10 2reps,"[{""role"":""user"",""content"":""snatch s2 20+20 2""}]","{""exercise"":""snatch"",""setNumber"":3,""reps"":2,""weightKg"":50}",gym-data.csv:001655
gym-data.csv:001656,snatch s4 50kg +10kg x2,"[{""role"":""user"",""content"":""snatch #3 40+10 2reps""}]","{""exercise"":""snatch"",""setNumber"":4,""reps"":2,""weightKg"":60}",gym-data.csv:001656
gym-data.csv:001657,#5 60+10x1,"[{""role"":""user"",""content"":""snatch s4 50kg +10kg x2""}]","{""exercise"":""snatch"",""setNumber"":5,""reps"":1,""weightKg"":70}",gym-data.csv:001657
gym-data.csv:001658,s6 70x1,"[{""role"":""user"",""content"":""snatch #5 60+10x1""}]","{""exercise"":""snatch"",""setNumber"":6,""reps"":1,""weightKg"":70}",gym-data.csv:001658
gym-data.csv:001659,+5 x1,"[{""role"":""user"",""content"":""snatch s6 70x1""}]","{""exercise"":""snatch"",""setNumber"":7,""reps"":1,""weightKg"":75}",gym-data.csv:001659
gym-data.csv:001660,#8 75kgx1,"[{""role"":""user"",""content"":""snatch set7 70+5 r1""}]","{""exercise"":""snatch"",""setNumber"":8,""reps"":1,""weightKg"":75}",gym-data.csv:001660
gym-data.csv:001661,75x1,"[{""role"":""user"",""content"":""snatch #8 75kgx1""}]","{""exercise"":""snatch"",""setNumber"":9,""reps"":1,""weightKg"":75}",gym-data.csv:001661
gym-data.csv:001662,snatch s10 75 1r,"[{""role"":""user"",""content"":""snatch s9 75kgx1""}]","{""exercise"":""snatch"",""setNumber"":10,""reps"":1,""weightKg"":75}",gym-data.csv:001662
gym-data.csv:001663,fs #1 60x3,[],"{""exercise"":""front_squat"",""setNumber"":1,""reps"":3,""weightKg"":60}",gym-data.csv:001663
gym-data.csv:001664,+20 x3,"[{""role"":""user"",""content"":""fs #1 60x3""}]","{""exercise"":""front_squat"",""setNumber"":2,""reps"":3,""weightKg"":80}",gym-data.csv:001664
gym-data.csv:001665,fs s3 80+10 3,"[{""role"":""user"",""content"":""fs s2 80x3""}]","{""exercise"":""front_squat"",""setNumber"":3,""reps"":3,""weightKg"":90}",gym-data.csv:001665
gym-data.csv:001666,set4 90+10 3r,"[{""role"":""user"",""content"":""fs s3 80+10 3""}]","{""exercise"":""front_squat"",""setNumber"":4,""reps"":3,""weightKg"":100}",gym-data.csv:001666
gym-data.csv:001667,fs s5 100kgx3,"[{""role"":""user"",""content"":""fs set4 90+10 3r""}]","{""exercise"":""front_squat"",""setNumber"":5,""reps"":3,""weightKg"":100}",gym-data.csv:001667
gym-data.csv:001668,#6 100x3,"[{""role"":""user"",""content"":""fs s5 100kgx3""}]","{""exercise"":""front_squat"",""setNumber"":6,""reps"":3,""weightKg"":100}",gym-data.csv:001668
gym-data.csv:001669,100x3,"[{""role"":""user"",""content"":""fs #6 100x3""}]","{""exercise"":""front_squat"",""setNumber"":7,""reps"":3,""weightKg"":100}",gym-data.csv:001669
gym-data.csv:001670,abs s1 25,[],"{""exercise"":""crunch"",""setNumber"":1,""reps"":25}",gym-data.csv:001670
gym-data.csv:001671,gm s1 20x15,[],"{""exercise"":""good_morning"",""setNumber"":1,""reps"":15,""weightKg"":20}",gym-data.csv:001671
gym-data.csv:001672,psnatch s1 20 5,"[{""role"":""user"",""content"":""gm s1 20x15""}]","{""exercise"":""power_snatch"",""setNumber"":1,""reps"":5,""weightKg"":20}",gym-data.csv:001672
gym-data.csv:001673,psnatch #2 40 r3,"[{""role"":""user"",""content"":""psnatch s1 20 5""}]","{""exercise"":""power_snatch"",""setNumber"":2,""reps"":3,""weightKg"":40}",gym-data.csv:001673
gym-data.csv:001674,40x3,"[{""role"":""user"",""content"":""psnatch #2 40 r3""}]","{""exercise"":""power_snatch"",""setNumber"":3,""reps"":3,""weightKg"":40}",gym-data.csv:001674
gym-data.csv:001675,+10 x5,"[{""role"":""user"",""content"":""psnatch #3 40x3""}]","{""exercise"":""power_snatch"",""setNumber"":4,""reps"":5,""weightKg"":50}",gym-data.csv:001675
gym-data.csv:001676,+10 x4,"[{""role"":""user"",""content"":""psnatch set4 40+10x5""}]","{""exercise"":""power_snatch"",""setNumber"":5,""reps"":4,""weightKg"":60}",gym-data.csv:001676
gym-data.csv:001677,#6 60x3,"[{""role"":""user"",""content"":""psnatch #5 60x4""}]","{""exercise"":""power_snatch"",""setNumber"":6,""reps"":3,""weightKg"":60}",gym-data.csv:001677
gym-data.csv:001678,60x3,"[{""role"":""user"",""content"":""psnatch #6 60x3""}]","{""exercise"":""power_snatch"",""setNumber"":7,""reps"":3,""weightKg"":60}",gym-data.csv:001678
gym-data.csv:001679,psnatch s8 65kgx4,"[{""role"":""user"",""content"":""psnatch set7 60kgx3""}]","{""exercise"":""power_snatch"",""setNumber"":8,""reps"":4,""weightKg"":65}",gym-data.csv:001679
gym-data.csv:001680,pclean set1 50x3,[],"{""exercise"":""power_clean"",""setNumber"":1,""reps"":3,""weightKg"":50}",gym-data.csv:001680
gym-data.csv:001681,pclean set2 50+10 3r,"[{""role"":""user"",""content"":""pclean set1 50x3""}]","{""exercise"":""power_clean"",""setNumber"":2,""reps"":3,""weightKg"":60}",gym-data.csv:001681
gym-data.csv:001682,s3 60+10x3,"[{""role"":""user"",""content"":""pclean set2 50+10 3r""}]","{""exercise"":""power_clean"",""setNumber"":3,""reps"":3,""weightKg"":70}",gym-data.csv:001682
gym-data.csv:001683,pclean set4 70 +10 3,"[{""role"":""user"",""content"":""pclean s3 60+10x3""}]","{""exercise"":""power_clean"",""setNumber"":4,""reps"":3,""weightKg"":80}",gym-data.csv:001683
gym-data.csv:001684,80x3,"[{""role"":""user"",""content"":""pclean set4 70 +10 3""}]","{""exercise"":""power_clean"",""setNumber"":5,""reps"":3,""weightKg"":80}",gym-data.csv:001684
gym-data.csv:001685,pclean #6 80kgx3,"[{""role"":""user"",""content"":""pclean #5 80 3reps""}]","{""exercise"":""power_clean"",""setNumber"":6,""reps"":3,""weightKg"":80}",gym-data.csv:001685
gym-data.csv:001686,+10 x1,"[{""role"":""user"",""content"":""pclean #6 80kgx3""}]","{""exercise"":""power_clean"",""setNumber"":7,""reps"":1,""weightKg"":90}",gym-data.csv:001686
gym-data.csv:001687,crunch set1 r25,[],"{""exercise"":""crunch"",""setNumber"":1,""reps"":25}",gym-data.csv:001687
gym-data.csv:001688,gm set1 20kgx15,[],"{""exercise"":""good_morning"",""setNumber"":1,""reps"":15,""weightKg"":20}",gym-data.csv:001688
gym-data.csv:001689,snatch set1 20x5,"[{""role"":""user"",""content"":""gm set1 20kgx15""}]","{""exercise"":""snatch"",""setNumber"":1,""reps"":5,""weightKg"":20}",gym-data.csv:001689
gym-data.csv:001690,snatch set2 40x3,"[{""role"":""user"",""content"":""snatch set1 20x5""}]","{""exercise"":""snatch"",""setNumber"":2,""reps"":3,""weightKg"":40}",gym-data.csv:001690
gym-data.csv:001691,40x3,"[{""role"":""user"",""content"":""snatch set2 40x3""}]","{""exercise"":""snatch"",""setNumber"":3,""reps"":3,""weightKg"":40}",gym-data.csv:001691
gym-data.csv:001692,+10 x3,"[{""role"":""user"",""content"":""snatch s3 40 3r""}]","{""exercise"":""snatch"",""setNumber"":4,""reps"":3,""weightKg"":50}",gym-data.csv:001692
gym-data.csv:001693,snatch #5 60 3r,"[{""role"":""user"",""content"":""snatch #4 40+10x3""}]","{""exercise"":""snatch"",""setNumber"":5,""reps"":3,""weightKg"":60}",gym-data.csv:001693
gym-data.csv:001694,snatch #6 60kgx3,"[{""role"":""user"",""content"":""snatch #5 60 3r""}]","{""exercise"":""snatch"",""setNumber"":6,""reps"":3,""weightKg"":60}",gym-data.csv:001694
gym-data.csv:001695,60x3,"[{""role"":""user"",""content"":""snatch #6 60kgx3""}]","{""exercise"":""snatch"",""setNumber"":7,""reps"":3,""weightKg"":60}",gym-data.csv:001695
gym-data.csv:001696,+5 x1,"[{""role"":""user"",""content"":""snatch s7 60kgx3""}]","{""exercise"":""snatch"",""setNumber"":8,""reps"":1,""weightKg"":65}",gym-data.csv:001696
gym-data.csv:001697,s9 65+5x1,"[{""role"":""user"",""content"":""snatch #8 60+5 1reps""}]","{""exercise"":""snatch"",""setNumber"":9,""reps"":1,""weightKg"":70}",gym-data.csv:001697
gym-data.csv:001698,snatch s10 70x1,"[{""role"":""user"",""content"":""snatch s9 65+5x1""}]","{""exercise"":""snatch"",""setNumber"":10,""reps"":1,""weightKg"":70}",gym-data.csv:001698
gym-data.csv:001699,#11 70kgx1,"[{""role"":""user"",""content"":""snatch s10 70x1""}]","{""exercise"":""snatch"",""setNumber"":11,""reps"":1,""weightKg"":70}",gym-data.csv:001699
gym-data.csv:001700,cj s1 20 r3,[],"{""exercise"":""clean_and_jerk"",""setNumber"":1,""reps"":3,""weightKg"":20}",gym-data.csv:001700
gym-data.csv:001701,set2 50kgx3,"[{""role"":""user"",""content"":""cj s1 20 r3""}]","{""exercise"":""clean_and_jerk"",""setNumber"":2,""reps"":3,""weightKg"":50}",gym-data.csv:001701
gym-data.csv:001702,cj set3 50kg +20kg x3,"[{""role"":""user"",""content"":""cj set2 50kgx3""}]","{""exercise"":""clean_and_jerk"",""setNumber"":3,""reps"":3,""weightKg"":70}",gym-data.csv:001702
gym-data.csv:001703,+10 x3,"[{""role"":""user"",""content"":""cj set3 50kg +20kg x3""}]","{""exercise"":""clean_and_jerk"",""setNumber"":4,""reps"":3,""weightKg"":80}",gym-data.csv:001703
gym-data.csv:001704,cj s5 80kgx3,"[{""role"":""user"",""content"":""cj set4 70+10x3""}]","{""exercise"":""clean_and_jerk"",""setNumber"":5,""reps"":3,""weightKg"":80}",gym-data.csv:001704
gym-data.csv:001705,80x3,"[{""role"":""user"",""content"":""cj s5 80kgx3""}]","{""exercise"":""clean_and_jerk"",""setNumber"":6,""reps"":3,""weightKg"":80}",gym-data.csv:001705
gym-data.csv:001706,cj set7 90kgx1,"[{""role"":""user"",""content"":""cj s6 80kgx3""}]","{""exercise"":""clean_and_jerk"",""setNumber"":7,""reps"":1,""weightKg"":90}",gym-data.csv:001706
gym-data.csv:001707,fs set1 70x3,"[{""role"":""user"",""content"":""cj set7 90kgx1""}]","{""exercise"":""front_squat"",""setNumber"":1,""reps"":3,""weightKg"":70}",gym-data.csv:001707
gym-data.csv:001708,fs set2 70kg +20kg x3,"[{""role"":""user"",""content"":""fs set1 70x3""}]","{""exercise"":""front_squat"",""setNumber"":2,""reps"":3,""weightKg"":90}",gym-data.csv:001708
gym-data.csv:001709,s3 105 r3,"[{""role"":""user"",""content"":""fs set2 70kg +20kg x3""}]","{""exercise"":""front_squat"",""setNumber"":3,""reps"":3,""weightKg"":105}",gym-data.csv:001709
gym-data.csv:001710,105x2,"[{""role"":""user"",""content"":""fs s3 105 r3""}]","{""exercise"":""front_squat"",""setNumber"":4,""reps"":2,""weightKg"":105}",gym-data.csv:001710
gym-data.csv:001711,105x1,"[{""role"":""user"",""content"":""fs set4 105kgx2""}]","{""exercise"":""front_squat"",""setNumber"":5,""reps"":1,""weightKg"":105}",gym-data.csv:001711
gym-data.csv:001712,fs #6 105 2r,"[{""role"":""user"",""content"":""fs s5 105x1""}]","{""exercise"":""front_squat"",""setNumber"":6,""reps"":2,""weightKg"":105}",gym-data.csv:001712
gym-data.csv:001713,fs #7 105kgx1,"[{""role"":""user"",""content"":""fs #6 105 2r""}]","{""exercise"":""front_squat"",""setNumber"":7,""reps"":1,""weightKg"":105}",gym-data.csv:001713
gym-data.csv:001714,sj #1 50kgx3,[],"{""exercise"":""split_jerk"",""setNumber"":1,""reps"":3,""weightKg"":50}",gym-data.csv:001714
gym-data.csv:001715,50x3,"[{""role"":""user"",""content"":""sj #1 50kgx3""}]","{""exercise"":""split_jerk"",""setNumber"":2,""reps"":3,""weightKg"":50}",gym-data.csv:001715
gym-data.csv:001716,set3 50+10 3reps,"[{""role"":""user"",""content"":""sj set2 50 r3""}]","{""exercise"":""split_jerk"",""setNumber"":3,""reps"":3,""weightKg"":60}",gym-data.csv:001716
gym-data.csv:001717,sj s4 60kgx3,"[{""role"":""user"",""content"":""sj set3 50+10 3reps""}]","{""exercise"":""split_jerk"",""setNumber"":4,""reps"":3,""weightKg"":60}",gym-data.csv:001717
gym-data.csv:001718,60x3,"[{""role"":""user"",""content"":""sj s4 60kgx3""}]","{""exercise"":""split_jerk"",""setNumber"":5,""reps"":3,""weightKg"":60}",gym-data.csv:001718
gym-data.csv:001719,crunch set1 25r,[],"{""exercise"":""crunch"",""setNumber"":1,""reps"":25}",gym-data.csv:001719
gym-data.csv:001720,gm s1 20x15,[],"{""exercise"":""good_morning"",""setNumber"":1,""reps"":15,""weightKg"":20}",gym-data.csv:001720
gym-data.csv:001721,psnatch s1 20x5,"[{""role"":""user"",""content"":""gm s1 20x15""}]","{""exercise"":""power_snatch"",""setNumber"":1,""reps"":5,""weightKg"":20}",gym-data.csv:001721
gym-data.csv:001722,+20 x3,"[{""role"":""user"",""content"":""psnatch s1 20x5""}]","{""exercise"":""power_snatch"",""setNumber"":2,""reps"":3,""weightKg"":40}",gym-data.csv:001722
gym-data.csv:001723,psnatch s3 40x3,"[{""role"":""user"",""content"":""psnatch #2 40 3reps""}]","{""exercise"":""power_snatch"",""setNumber"":3,""reps"":3,""weightKg"":40}",gym-data.csv:001723
gym-data.csv:001724,+10 x3,"[{""role"":""user"",""content"":""psnatch s3 40x3""}]","{""exercise"":""power_snatch"",""setNumber"":4,""reps"":3,""weightKg"":50}",gym-data.csv:001724
gym-data.csv:001725,psnatch #5 50+10x3,"[{""role"":""user"",""content"":""psnatch #4 50x3""}]","{""exercise"":""power_snatch"",""setNumber"":5,""reps"":3,""weightKg"":60}",gym-data.csv:001725
gym-data.csv:001726,set6 60 r3,"[{""role"":""user"",""content"":""psnatch #5 50+10x3""}]","{""exercise"":""power_snatch"",""setNumber"":6,""reps"":3,""weightKg"":60}",gym-data.csv:001726
gym-data.csv:001727,60x3,"[{""role"":""user"",""content"":""psnatch set6 60 r3""}]","{""exercise"":""power_snatch"",""setNumber"":7,""reps"":3,""weightKg"":60}",gym-data.csv:001727
gym-data.csv:001728,60x3,"[{""role"":""user"",""content"":""psnatch s7 60kgx3""}]","{""exercise"":""power_snatch"",""setNumber"":8,""reps"":3,""weightKg"":60}",gym-data.csv:001728
gym-data.csv:001729,pclean s1 50kgx3,[],"{""exercise"":""power_clean"",""setNumber"":1,""reps"":3,""weightKg"":50}",gym-data.csv:001729
gym-data.csv:001730,pclean #2 50 +20 3,"[{""role"":""user"",""content"":""pclean s1 50kgx3""}]","{""exercise"":""power_clean"",""setNumber"":2,""reps"":3,""weightKg"":70}",gym-data.csv:001730
gym-data.csv:001731,+10 x3,"[{""role"":""user"",""content"":""pclean #2 50 +20 3""}]","{""exercise"":""power_clean"",""setNumber"":3,""reps"":3,""weightKg"":80}",gym-data.csv:001731
gym-data.csv:001732,pclean #4 80 3reps,"[{""role"":""user"",""content"":""pclean #3 70kg +10kg x3""}]","{""exercise"":""power_clean"",""setNumber"":4,""reps"":3,""weightKg"":80}",gym-data.csv:001732
gym-data.csv:001733,pclean set5 80 3reps,"[{""role"":""user"",""content"":""pclean #4 80 3reps""}]","{""exercise"":""power_clean"",""setNumber"":5,""reps"":3,""weightKg"":80}",gym-data.csv:001733
gym-data.csv:001734,pclean #6 80+10x1,"[{""role"":""user"",""content"":""pclean set5 80 3reps""}]","{""exercise"":""power_clean"",""setNumber"":6,""reps"":1,""weightKg"":90}",gym-data.csv:001734
gym-data.csv:001735,#7 90x1,"[{""role"":""user"",""content"":""pclean #6 80+10x1""}]","{""exercise"":""power_clean"",""setNumber"":7,""reps"":1,""weightKg"":90}",gym-data.csv:001735
gym-data.csv:001736,squat s1 50 5,[],"{""exercise"":""squat"",""setNumber"":1,""reps"":5,""weightKg"":50}",gym-data.csv:001736
gym-data.csv:001737,+20 x5,"[{""role"":""user"",""content"":""squat s1 50 5""}]","{""exercise"":""squat"",""setNumber"":2,""reps"":5,""weightKg"":70}",gym-data.csv:001737
gym-data.csv:001738,squat s3 70kg +20kg x3,"[{""role"":""user"",""content"":""squat s2 50 +20 r5""}]","{""exercise"":""squat"",""setNumber"":3,""reps"":3,""weightKg"":90}",gym-data.csv:001738
gym-data.csv:001739,squat #4 90kg +20kg x3,"[{""role"":""user"",""content"":""squat s3 70kg +20kg x3""}]","{""exercise"":""squat"",""setNumber"":4,""reps"":3,""weightKg"":110}",gym-data.csv:001739
gym-data.csv:001740,squat #5 110kgx3,"[{""role"":""user"",""content"":""squat #4 90kg +20kg x3""}]","{""exercise"":""squat"",""setNumber"":5,""reps"":3,""weightKg"":110}",gym-data.csv:001740
gym-data.csv:001741,squat set6 110x3,"[{""role"":""user"",""content"":""squat #5 110kgx3""}]","{""exercise"":""squat"",""setNumber"":6,""reps"":3,""weightKg"":110}",gym-data.csv:001741
gym-data.csv:001742,110x3,"[{""role"":""user"",""content"":""squat set6 110x3""}]","{""exercise"":""squat"",""setNumber"":7,""reps"":3,""weightKg"":110}",gym-data.csv:001742
gym-data.csv:001743,squat s8 110 +10 2r,"[{""role"":""user"",""content"":""squat #7 110x3""}]","{""exercise"":""squat"",""setNumber"":8,""reps"":2,""weightKg"":120}",gym-data.csv:001743
gym-data.csv:001744,squat set9 120+10x1,"[{""role"":""user"",""content"":""squat s8 110 +10 2r""}]","{""exercise"":""squat"",""setNumber"":9,""reps"":1,""weightKg"":130}",gym-data.csv:001744
gym-data.csv:001745,+5 x1,"[{""role"":""user"",""content"":""squat set9 120+10x1""}]","{""exercise"":""squat"",""setNumber"":10,""reps"":1,""weightKg"":135}",gym-data.csv:001745
gym-data.csv:001746,ab #1 25r,[],"{""exercise"":""crunch"",""setNumber"":1,""reps"":25}",gym-data.csv:001746
gym-data.csv:001747,gm #1 20kgx15,"[{""role"":""user"",""content"":""ab #1 25r""}]","{""exercise"":""good_morning"",""setNumber"":1,""reps"":15,""weightKg"":20}",gym-data.csv:001747
gym-data.csv:001748,snatch s1 20x5,[],"{""exercise"":""snatch"",""setNumber"":1,""reps"":5,""weightKg"":20}",gym-data.csv:001748
gym-data.csv:001749,s2 20+20x3,"[{""role"":""user"",""content"":""snatch s1 20x5""}]","{""exercise"":""snatch"",""setNumber"":2,""reps"":3,""weightKg"":40}",gym-data.csv:001749
gym-data.csv:001750,40x3,"[{""role"":""user"",""content"":""snatch s2 20+20x3""}]","{""exercise"":""snatch"",""setNumber"":3,""reps"":3,""weightKg"":40}",gym-data.csv:001750
gym-data.csv:001751,snatch #4 50x3,"[{""role"":""user"",""content"":""snatch #3 40 3reps""}]","{""exercise"":""snatch"",""setNumber"":4,""reps"":3,""weightKg"":50}",gym-data.csv:001751
gym-data.csv:001752,set5 60 3,"[{""role"":""user"",""content"":""snatch #4 50x3""}]","{""exercise"":""snatch"",""setNumber"":5,""reps"":3,""weightKg"":60}",gym-data.csv:001752
gym-data.csv:001753,snatch #6 60kgx3,"[{""role"":""user"",""content"":""snatch set5 60 3""}]","{""exercise"":""snatch"",""setNumber"":6,""reps"":3,""weightKg"":60}",gym-data.csv:001753
gym-data.csv:001754,snatch #7 60kgx3,"[{""role"":""user"",""content"":""snatch #6 60kgx3""}]","{""exercise"":""snatch"",""setNumber"":7,""reps"":3,""weightKg"":60}",gym-data.csv:001754
gym-data.csv:001755,set8 60kgx3,"[{""role"":""user"",""content"":""snatch #7 60kgx3""}]","{""exercise"":""snatch"",""setNumber"":8,""reps"":3,""weightKg"":60}",gym-data.csv:001755
gym-data.csv:001756,snatch set9 60 +5 1r,"[{""role"":""user"",""content"":""snatch set8 60kgx3""}]","{""exercise"":""snatch"",""setNumber"":9,""reps"":1,""weightKg"":65}",gym-data.csv:001756
gym-data.csv:001757,cj set1 20kgx3,[],"{""exercise"":""clean_and_jerk"",""setNumber"":1,""reps"":3,""weightKg"":20}",gym-data.csv:001757
gym-data.csv:001758,cj set2 45x3,"[{""role"":""user"",""content"":""cj set1 20kgx3""}]","{""exercise"":""clean_and_jerk"",""setNumber"":2,""reps"":3,""weightKg"":45}",gym-data.csv:001758
gym-data.csv:001759,#3 60x3,"[{""role"":""user"",""content"":""cj set2 45x3""}]","{""exercise"":""clean_and_jerk"",""setNumber"":3,""reps"":3,""weightKg"":60}",gym-data.csv:001759
gym-data.csv:001760,+10 x2,"[{""role"":""user"",""content"":""cj #3 60x3""}]","{""exercise"":""clean_and_jerk"",""setNumber"":4,""reps"":2,""weightKg"":70}",gym-data.csv:001760
gym-data.csv:001761,cj #5 70+10 3,"[{""role"":""user"",""content"":""cj #4 60kg +10kg x2""}]","{""exercise"":""clean_and_jerk"",""setNumber"":5,""reps"":3,""weightKg"":80}",gym-data.csv:001761
gym-data.csv:001762,cj s6 80kgx3,"[{""role"":""user"",""content"":""cj #5 70+10 3""}]","{""exercise"":""clean_and_jerk"",""setNumber"":6,""reps"":3,""weightKg"":80}",gym-data.csv:001762
gym-data.csv:001763,cj set7 80kgx3,"[{""role"":""user"",""content"":""cj s6 80kgx3""}]","{""exercise"":""clean_and_jerk"",""setNumber"":7,""reps"":3,""weightKg"":80}",gym-data.csv:001763
gym-data.csv:001764,80x3,"[{""role"":""user"",""content"":""cj set7 80kgx3""}]","{""exercise"":""clean_and_jerk"",""setNumber"":8,""reps"":3,""weightKg"":80}",gym-data.csv:001764
gym-data.csv:001765,squat #1 60 5,[],"{""exercise"":""squat"",""setNumber"":1,""reps"":5,""weightKg"":60}",gym-data.csv:001765
gym-data.csv:001766,+20 x3,"[{""role"":""user"",""content"":""squat #1 60 5""}]","{""exercise"":""squat"",""setNumber"":2,""reps"":3,""weightKg"":80}",gym-data.csv:001766
gym-data.csv:001767,+10 x1,"[{""role"":""user"",""content"":""squat #2 60+20x3""}]","{""exercise"":""squat"",""setNumber"":3,""reps"":1,""weightKg"":90}",gym-data.csv:001767
gym-data.csv:001768,squat s4 100kgx3,"[{""role"":""user"",""content"":""squat s3 80+10x1""}]","{""exercise"":""squat"",""setNumber"":4,""reps"":3,""weightKg"":100}",gym-data.csv:001768
gym-data.csv:001769,s5 100x3,"[{""role"":""user"",""content"":""squat s4 100kgx3""}]","{""exercise"":""squat"",""setNumber"":5,""reps"":3,""weightKg"":100}",gym-data.csv:001769
gym-data.csv:001770,100x3,"[{""role"":""user"",""content"":""squat s5 100x3""}]","{""exercise"":""squat"",""setNumber"":6,""reps"":3,""weightKg"":100}",gym-data.csv:001770
gym-data.csv:001771,100x3,"[{""role"":""user"",""content"":""squat s6 100x3""}]","{""exercise"":""squat"",""setNumber"":7,""reps"":3,""weightKg"":100}",gym-data.csv:001771
gym-data.csv:001772,squat set8 100x3,"[{""role"":""user"",""content"":""squat #7 100x3""}]","{""exercise"":""squat"",""setNumber"":8,""reps"":3,""weightKg"":100}",gym-data.csv:001772
gym-data.csv:001773,abs #1 r25,[],"{""exercise"":""crunch"",""setNumber"":1,""reps"":25}",gym-data.csv:001773
gym-data.csv:001774,gm set1 20x15,[],"{""exercise"":""good_morning"",""setNumber"":1,""reps"":15,""weightKg"":20}",gym-data.csv:001774
gym-data.csv:001775,snatch #1 20 5reps,[],"{""exercise"":""snatch"",""setNumber"":1,""reps"":5,""weightKg"":20}",gym-data.csv:001775
gym-data.csv:001776,+20 x3,"[{""role"":""user"",""content"":""snatch #1 20 5reps""}]","{""exercise"":""snatch"",""setNumber"":2,""reps"":3,""weightKg"":40}",gym-data.csv:001776
gym-data.csv:001777,s3 40 r2,"[{""role"":""user"",""content"":""snatch #2 20kg +20kg x3""}]","{""exercise"":""snatch"",""setNumber"":3,""reps"":2,""weightKg"":40}",gym-data.csv:001777
gym-data.csv:001778,snatch set4 40+10x2,"[{""role"":""user"",""content"":""snatch s3 40 r2""}]","{""exercise"":""snatch"",""setNumber"":4,""reps"":2,""weightKg"":50}",gym-data.csv:001778
gym-data.csv:001779,snatch s5 50kg +10kg x3,"[{""role"":""user"",""content"":""snatch set4 40+10x2""}]","{""exercise"":""snatch"",""setNumber"":5,""reps"":3,""weightKg"":60}",gym-data.csv:001779
gym-data.csv:001780,+5 x3,"[{""role"":""user"",""content"":""snatch s5 50kg +10kg x3""}]","{""exercise"":""snatch"",""setNumber"":6,""reps"":3,""weightKg"":65}",gym-data.csv:001780
gym-data.csv:001781,65x3,"[{""role"":""user"",""content"":""snatch #6 65kgx3""}]","{""exercise"":""snatch"",""setNumber"":7,""reps"":3,""weightKg"":65}",gym-data.csv:001781
gym-data.csv:001782,snatch s8 65kgx3,"[{""role"":""user"",""content"":""snatch #7 65kgx3""}]","{""exercise"":""snatch"",""setNumber"":8,""reps"":3,""weightKg"":65}",gym-data.csv:001782
gym-data.csv:001783,s9 70 r1,"[{""role"":""user"",""content"":""snatch s8 65kgx3""}]","{""exercise"":""snatch"",""setNumber"":9,""reps"":1,""weightKg"":70}",gym-data.csv:001783
gym-data.csv:001784,snatch #10 75x1,"[{""role"":""user"",""content"":""snatch s9 70 r1""}]","{""exercise"":""snatch"",""setNumber"":10,""reps"":1,""weightKg"":75}",gym-data.csv:001784
gym-data.csv:001785,cj #1 20x3,"[{""role"":""user"",""content"":""snatch #10 75x1""}]","{""exercise"":""clean_and_jerk"",""setNumber"":1,""reps"":3,""weightKg"":20}",gym-data.csv:001785
gym-data.csv:001786,cj #2 20+30x3,"[{""role"":""user"",""content"":""cj #1 20x3""}]","{""exercise"":""clean_and_jerk"",""setNumber"":2,""reps"":3,""weightKg"":50}",gym-data.csv:001786
gym-data.csv:001787,#3 50+20 2,"[{""role"":""user"",""content"":""cj #2 20+30x3""}]","{""exercise"":""clean_and_jerk"",""setNumber"":3,""reps"":2,""weightKg"":70}",gym-data.csv:001787
gym-data.csv:001788,#4 80 1,"[{""role"":""user"",""content"":""cj #3 50+20 2""}]","{""exercise"":""clean_and_jerk"",""setNumber"":4,""reps"":1,""weightKg"":80}",gym-data.csv:001788
gym-data.csv:001789,cj set5 80 +5 3r,"[{""role"":""user"",""content"":""cj #4 80 1""}]","{""exercise"":""clean_and_jerk"",""setNumber"":5,""reps"":3,""weightKg"":85}",gym-data.csv:001789
gym-data.csv:001790,cj s6 85x3,"[{""role"":""user"",""content"":""cj set5 80 +5 3r""}]","{""exercise"":""clean_and_jerk"",""setNumber"":6,""reps"":3,""weightKg"":85}",gym-data.csv:001790
gym-data.csv:001791,85x3,"[{""role"":""user"",""content"":""cj s6 85x3""}]","{""exercise"":""clean_and_jerk"",""setNumber"":7,""reps"":3,""weightKg"":85}",gym-data.csv:001791
gym-data.csv:001792,fs set1 50 3reps,[],"{""exercise"":""front_squat"",""setNumber"":1,""reps"":3,""weightKg"":50}",gym-data.csv:001792
gym-data.csv:001793,+20 x3,"[{""role"":""user"",""content"":""fs set1 50 3reps""}]","{""exercise"":""front_squat"",""setNumber"":2,""reps"":3,""weightKg"":70}",gym-data.csv:001793
gym-data.csv:001794,s3 70+20x3,"[{""role"":""user"",""content"":""fs set2 70 3""}]","{""exercise"":""front_squat"",""setNumber"":3,""reps"":3,""weightKg"":90}",gym-data.csv:001794
gym-data.csv:001795,+10 x2,"[{""role"":""user"",""content"":""fs s3 70+20x3""}]","{""exercise"":""front_squat"",""setNumber"":4,""reps"":2,""weightKg"":100}",gym-data.csv:001795
gym-data.csv:001796,100x2,"[{""role"":""user"",""content"":""fs #4 100 2""}]","{""exercise"":""front_squat"",""setNumber"":5,""reps"":2,""weightKg"":100}",gym-data.csv:001796
gym-data.csv:001797,100x2,"[{""role"":""user"",""content"":""fs set5 100 2r""}]","{""exercise"":""front_squat"",""setNumber"":6,""reps"":2,""weightKg"":100}",gym-data.csv:001797
gym-data.csv:001798,100x2,"[{""role"":""user"",""content"":""fs set6 100x2""}]","{""exercise"":""front_squat"",""setNumber"":7,""reps"":2,""weightKg"":100}",gym-data.csv:001798
gym-data.csv:001799,press s1 5x20,"[{""role"":""user"",""content"":""fs s7 100 2""}]","{""exercise"":""ohp"",""setNumber"":1,""reps"":20,""weightKg"":5}",gym-data.csv:001799
gym-data.csv:001800,press #2 5+35x4,"[{""role"":""user"",""content"":""press s1 5x20""}]","{""exercise"":""ohp"",""setNumber"":2,""reps"":4,""weightKg"":40}",gym-data.csv:001800
gym-data.csv:001801,ohp s3 40kgx4,"[{""role"":""user"",""content"":""press #2 5+35x4""}]","{""exercise"":""ohp"",""setNumber"":3,""reps"":4,""weightKg"":40}",gym-data.csv:001801
gym-data.csv:001802,ohp set4 40x4,"[{""role"":""user"",""content"":""ohp s3 40kgx4""}]","{""exercise"":""ohp"",""setNumber"":4,""reps"":4,""weightKg"":40}",gym-data.csv:001802
gym-data.csv:001803,40x4,"[{""role"":""user"",""content"":""ohp set4 40x4""}]","{""exercise"":""ohp"",""setNumber"":5,""reps"":4,""weightKg"":40}",gym-data.csv:001803
gym-data.csv:001804,#6 40+10x3,"[{""role"":""user"",""content"":""ohp set5 40kgx4""}]","{""exercise"":""ohp"",""setNumber"":6,""reps"":3,""weightKg"":50}",gym-data.csv:001804
gym-data.csv:001805,abs #1 25reps,[],"{""exercise"":""crunch"",""setNumber"":1,""reps"":25}",gym-data.csv:001805
gym-data.csv:001806,gm set1 20kgx15,[],"{""exercise"":""good_morning"",""setNumber"":1,""reps"":15,""weightKg"":20}",gym-data.csv:001806
gym-data.csv:001807,psnatch set1 20kgx10,"[{""role"":""user"",""content"":""gm set1 20kgx15""}]","{""exercise"":""power_snatch"",""setNumber"":1,""reps"":10,""weightKg"":20}",gym-data.csv:001807
gym-data.csv:001808,psnatch s2 40x3,"[{""role"":""user"",""content"":""psnatch set1 20kgx10""}]","{""exercise"":""power_snatch"",""setNumber"":2,""reps"":3,""weightKg"":40}",gym-data.csv:001808
gym-data.csv:001809,40x3,"[{""role"":""user"",""content"":""psnatch s2 40x3""}]","{""exercise"":""power_snatch"",""setNumber"":3,""reps"":3,""weightKg"":40}",gym-data.csv:001809
gym-data.csv:001810,psnatch set4 50 3,"[{""role"":""user"",""content"":""psnatch s3 40 3r""}]","{""exercise"":""power_snatch"",""setNumber"":4,""reps"":3,""weightKg"":50}",gym-data.csv:001810
gym-data.csv:001811,psnatch set5 50+10 3reps,"[{""role"":""user"",""content"":""psnatch set4 50 3""}]","{""exercise"":""power_snatch"",""setNumber"":5,""reps"":3,""weightKg"":60}",gym-data.csv:001811
gym-data.csv:001812,psnatch s6 60kgx3,"[{""role"":""user"",""content"":""psnatch set5 50+10 3reps""}]","{""exercise"":""power_snatch"",""setNumber"":6,""reps"":3,""weightKg"":60}",gym-data.csv:001812
gym-data.csv:001813,psnatch set7 60x3,"[{""role"":""user"",""content"":""psnatch s6 60kgx3""}]","{""exercise"":""power_snatch"",""setNumber"":7,""reps"":3,""weightKg"":60}",gym-data.csv:001813
gym-data.csv:001814,psnatch set8 60 3,"[{""role"":""user"",""content"":""psnatch set7 60x3""}]","{""exercise"":""power_snatch"",""setNumber"":8,""reps"":3,""weightKg"":60}",gym-data.csv:001814
gym-data.csv:001815,pclean #1 50 3r,[],"{""exercise"":""power_clean"",""setNumber"":1,""reps"":3,""weightKg"":50}",gym-data.csv:001815
gym-data.csv:001816,pclean #2 60kgx2,"[{""role"":""user"",""content"":""pclean #1 50 3r""}]","{""exercise"":""power_clean"",""setNumber"":2,""reps"":2,""weightKg"":60}",gym-data.csv:001816
gym-data.csv:001817,+10 x2,"[{""role"":""user"",""content"":""pclean #2 60kgx2""}]","{""exercise"":""power_clean"",""setNumber"":3,""reps"":2,""weightKg"":70}",gym-data.csv:001817
gym-data.csv:001818,+10 x3,"[{""role"":""user"",""content"":""pclean set3 60+10 r2""}]","{""exercise"":""power_clean"",""setNumber"":4,""reps"":3,""weightKg"":80}",gym-data.csv:001818
gym-data.csv:001819,set5 80x3,"[{""role"":""user"",""content"":""pclean set4 80kgx3""}]","{""exercise"":""power_clean"",""setNumber"":5,""reps"":3,""weightKg"":80}",gym-data.csv:001819
gym-data.csv:001820,pclean #6 80kgx3,"[{""role"":""user"",""content"":""pclean set5 80x3""}]","{""exercise"":""power_clean"",""setNumber"":6,""reps"":3,""weightKg"":80}",gym-data.csv:001820
gym-data.csv:001821,#7 80kgx3,"[{""role"":""user"",""content"":""pclean #6 80kgx3""}]","{""exercise"":""power_clean"",""setNumber"":7,""reps"":3,""weightKg"":80}",gym-data.csv:001821
gym-data.csv:001822,+10 x1,"[{""role"":""user"",""content"":""pclean #7 80kgx3""}]","{""exercise"":""power_clean"",""setNumber"":8,""reps"":1,""weightKg"":90}",gym-data.csv:001822
gym-data.csv:001823,squat set1 60kgx5,[],"{""exercise"":""squat"",""setNumber"":1,""reps"":5,""weightKg"":60}",gym-data.csv:001823
gym-data.csv:001824,+20 x3,"[{""role"":""user"",""content"":""squat set1 60kgx5""}]","{""exercise"":""squat"",""setNumber"":2,""reps"":3,""weightKg"":80}",gym-data.csv:001824
gym-data.csv:001825,squat s3 90 1,"[{""role"":""user"",""content"":""squat s2 80x3""}]","{""exercise"":""squat"",""setNumber"":3,""reps"":1,""weightKg"":90}",gym-data.csv:001825
gym-data.csv:001826,+20 x3,"[{""role"":""user"",""content"":""squat s3 90 1""}]","{""exercise"":""squat"",""setNumber"":4,""reps"":3,""weightKg"":110}",gym-data.csv:001826
gym-data.csv:001827,squat #5 110 3reps,"[{""role"":""user"",""content"":""squat #4 90+20 3r""}]","{""exercise"":""squat"",""setNumber"":5,""reps"":3,""weightKg"":110}",gym-data.csv:001827
gym-data.csv:001828,110x3,"[{""role"":""user"",""content"":""squat #5 110 3reps""}]","{""exercise"":""squat"",""setNumber"":6,""reps"":3,""weightKg"":110}",gym-data.csv:001828
gym-data.csv:001829,squat s7 110kgx3,"[{""role"":""user"",""content"":""squat set6 110 3""}]","{""exercise"":""squat"",""setNumber"":7,""reps"":3,""weightKg"":110}",gym-data.csv:001829
gym-data.csv:001830,+10 x1,"[{""role"":""user"",""content"":""squat s7 110kgx3""}]","{""exercise"":""squat"",""setNumber"":8,""reps"":1,""weightKg"":120}",gym-data.csv:001830
gym-data.csv:001831,bp #1 15 10r,"[{""role"":""user"",""content"":""squat #8 110+10x1""}]","{""exercise"":""bench"",""setNumber"":1,""reps"":10,""weightKg"":15}",gym-data.csv:001831
gym-data.csv:001832,+20 x8,"[{""role"":""user"",""content"":""bp #1 15 10r""}]","{""exercise"":""bench"",""setNumber"":2,""reps"":8,""weightKg"":35}",gym-data.csv:001832
gym-data.csv:001833,+10 x6,"[{""role"":""user"",""content"":""bench set2 35x8""}]","{""exercise"":""bench"",""setNumber"":3,""reps"":6,""weightKg"":45}",gym-data.csv:001833
gym-data.csv:001834,#4 45kg +10kg x4,"[{""role"":""user"",""content"":""bp set3 45x6""}]","{""exercise"":""bench"",""setNumber"":4,""reps"":4,""weightKg"":55}",gym-data.csv:001834
gym-data.csv:001835,bp s5 55 r4,"[{""role"":""user"",""content"":""bench #4 45kg +10kg x4""}]","{""exercise"":""bench"",""setNumber"":5,""reps"":4,""weightKg"":55}",gym-data.csv:001835
gym-data.csv:001836,#6 55 4reps,"[{""role"":""user"",""content"":""bp s5 55 r4""}]","{""exercise"":""bench"",""setNumber"":6,""reps"":4,""weightKg"":55}",gym-data.csv:001836
gym-data.csv:001837,55x4,"[{""role"":""user"",""content"":""bp #6 55 4reps""}]","{""exercise"":""bench"",""setNumber"":7,""reps"":4,""weightKg"":55}",gym-data.csv:001837
gym-data.csv:001838,bp set8 65x3,"[{""role"":""user"",""content"":""bp s7 55x4""}]","{""exercise"":""bench"",""setNumber"":8,""reps"":3,""weightKg"":65}",gym-data.csv:001838
gym-data.csv:001839,abs set1 25reps,[],"{""exercise"":""crunch"",""setNumber"":1,""reps"":25}",gym-data.csv:001839
gym-data.csv:001840,gm s1 20kgx15,[],"{""exercise"":""good_morning"",""setNumber"":1,""reps"":15,""weightKg"":20}",gym-data.csv:001840
gym-data.csv:001841,snatch set1 20 5r,[],"{""exercise"":""snatch"",""setNumber"":1,""reps"":5,""weightKg"":20}",gym-data.csv:001841
gym-data.csv:001842,+20 x2,"[{""role"":""user"",""content"":""snatch set1 20 5r""}]","{""exercise"":""snatch"",""setNumber"":2,""reps"":2,""weightKg"":40}",gym-data.csv:001842
gym-data.csv:001843,snatch #3 40 2r,"[{""role"":""user"",""content"":""snatch #2 40x2""}]","{""exercise"":""snatch"",""setNumber"":3,""reps"":2,""weightKg"":40}",gym-data.csv:001843
gym-data.csv:001844,snatch s4 50x2,"[{""role"":""user"",""content"":""snatch #3 40 2r""}]","{""exercise"":""snatch"",""setNumber"":4,""reps"":2,""weightKg"":50}",gym-data.csv:001844
gym-data.csv:001845,s5 60kgx2,"[{""role"":""user"",""content"":""snatch s4 50x2""}]","{""exercise"":""snatch"",""setNumber"":5,""reps"":2,""weightKg"":60}",gym-data.csv:001845
gym-data.csv:001846,snatch #6 70x1,"[{""role"":""user"",""content"":""snatch s5 60kgx2""}]","{""exercise"":""snatch"",""setNumber"":6,""reps"":1,""weightKg"":70}",gym-data.csv:001846
gym-data.csv:001847,+5 x1,"[{""role"":""user"",""content"":""snatch #6 70x1""}]","{""exercise"":""snatch"",""setNumber"":7,""reps"":1,""weightKg"":75}",gym-data.csv:001847
gym-data.csv:001848,75x1,"[{""role"":""user"",""content"":""snatch #7 70+5 r1""}]","{""exercise"":""snatch"",""setNumber"":8,""reps"":1,""weightKg"":75}",gym-data.csv:001848
gym-data.csv:001849,set9 70 1reps,"[{""role"":""user"",""content"":""snatch set8 75kgx1""}]","{""exercise"":""snatch"",""setNumber"":9,""reps"":1,""weightKg"":70}",gym-data.csv:001849
gym-data.csv:001850,snatch s10 70+5x1,"[{""role"":""user"",""content"":""snatch set9 70 1reps""}]","{""exercise"":""snatch"",""setNumber"":10,""reps"":1,""weightKg"":75}",gym-data.csv:001850
gym-data.csv:001851,cj s1 20kgx3,[],"{""exercise"":""clean_and_jerk"",""setNumber"":1,""reps"":3,""weightKg"":20}",gym-data.csv:001851
gym-data.csv:001852,set2 50 2reps,"[{""role"":""user"",""content"":""cj s1 20kgx3""}]","{""exercise"":""clean_and_jerk"",""setNumber"":2,""reps"":2,""weightKg"":50}",gym-data.csv:001852
gym-data.csv:001853,set3 60x2,"[{""role"":""user"",""content"":""cj set2 50 2reps""}]","{""exercise"":""clean_and_jerk"",""setNumber"":3,""reps"":2,""weightKg"":60}",gym-data.csv:001853
gym-data.csv:001854,+10 x2,"[{""role"":""user"",""content"":""cj set3 60x2""}]","{""exercise"":""clean_and_jerk"",""setNumber"":4,""reps"":2,""weightKg"":70}",gym-data.csv:001854
gym-data.csv:001855,+10 x2,"[{""role"":""user"",""content"":""cj s4 60+10x2""}]","{""exercise"":""clean_and_jerk"",""setNumber"":5,""reps"":2,""weightKg"":80}",gym-data.csv:001855
gym-data.csv:001856,+10 x1,"[{""role"":""user"",""content"":""cj s5 80kgx2""}]","{""exercise"":""clean_and_jerk"",""setNumber"":6,""reps"":1,""weightKg"":90}",gym-data.csv:001856
gym-data.csv:001857,cj set7 90 +10 1reps,"[{""role"":""user"",""content"":""cj #6 90kgx1""}]","{""exercise"":""clean_and_jerk"",""setNumber"":7,""reps"":1,""weightKg"":100}",gym-data.csv:001857
gym-data.csv:001858,cpull set1 100kgx3,[],"{""exercise"":""clean_pull"",""setNumber"":1,""reps"":3,""weightKg"":100}",gym-data.csv:001858
gym-data.csv:001859,#2 100kgx3,"[{""role"":""user"",""content"":""cpull set1 100kgx3""}]","{""exercise"":""clean_pull"",""setNumber"":2,""reps"":3,""weightKg"":100}",gym-data.csv:001859
gym-data.csv:001860,cpull set3 100x3,"[{""role"":""user"",""content"":""cpull #2 100kgx3""}]","{""exercise"":""clean_pull"",""setNumber"":3,""reps"":3,""weightKg"":100}",gym-data.csv:001860
gym-data.csv:001861,100x3,"[{""role"":""user"",""content"":""cpull set3 100x3""}]","{""exercise"":""clean_pull"",""setNumber"":4,""reps"":3,""weightKg"":100}",gym-data.csv:001861
gym-data.csv:001862,fs set1 50kgx3,"[{""role"":""user"",""content"":""cpull s4 100x3""}]","{""exercise"":""front_squat"",""setNumber"":1,""reps"":3,""weightKg"":50}",gym-data.csv:001862
gym-data.csv:001863,fs #2 80 3,"[{""role"":""user"",""content"":""fs set1 50kgx3""}]","{""exercise"":""front_squat"",""setNumber"":2,""reps"":3,""weightKg"":80}",gym-data.csv:001863
gym-data.csv:001864,set3 90kgx3,"[{""role"":""user"",""content"":""fs #2 80 3""}]","{""exercise"":""front_squat"",""setNumber"":3,""reps"":3,""weightKg"":90}",gym-data.csv:001864
gym-data.csv:001865,90x3,"[{""role"":""user"",""content"":""fs set3 90kgx3""}]","{""exercise"":""front_squat"",""setNumber"":4,""reps"":3,""weightKg"":90}",gym-data.csv:001865
gym-data.csv:001866,90x3,"[{""role"":""user"",""content"":""fs set4 90kgx3""}]","{""exercise"":""front_squat"",""setNumber"":5,""reps"":3,""weightKg"":90}",gym-data.csv:001866
gym-data.csv:001867,fs #6 90 r3,"[{""role"":""user"",""content"":""fs set5 90 3reps""}]","{""exercise"":""front_squat"",""setNumber"":6,""reps"":3,""weightKg"":90}",gym-data.csv:001867
gym-data.csv:001868,90x3,"[{""role"":""user"",""content"":""fs #6 90 r3""}]","{""exercise"":""front_squat"",""setNumber"":7,""reps"":3,""weightKg"":90}",gym-data.csv:001868
