id,input,context,expected,group_id
money-data.csv:000001,person_a -0.5€ 28d ago,[],"{""transactionType"":""expense"",""currency"":""EUR"",""category"":""other"",""description"":""person_a"",""timeOffset"":""-P28D"",""amount"":0.5}",money-data.csv:000001
money-data.csv:000002,juice 0.44€,[],"{""transactionType"":""expense"",""currency"":""EUR"",""category"":""food_drink"",""description"":""Juice"",""timeOffset"":""PT0M"",""amount"":0.44}",money-data.csv:000002
money-data.csv:000003,tire 6.85 ден,[],"{""transactionType"":""expense"",""currency"":""MKD"",""category"":""vehicle_maintenance"",""description"":""Tire"",""timeOffset"":""PT0M"",""amount"":6.85}",money-data.csv:000003
money-data.csv:000004,spent 2.22e family_member_a -21h,[],"{""transactionType"":""expense"",""currency"":""EUR"",""category"":""peer_transfer"",""description"":""family_member_a"",""timeOffset"":""-PT21H"",""amount"":2.22}",money-data.csv:000004
money-data.csv:000005,+0.04€ reward,[],"{""transactionType"":""income"",""currency"":""EUR"",""category"":""rewards"",""description"":""Reward"",""timeOffset"":""PT0M"",""amount"":0.04}",money-data.csv:000005
money-data.csv:000006,family_member_a -5.56€,[],"{""transactionType"":""expense"",""currency"":""EUR"",""category"":""peer_transfer"",""description"":""family_member_a"",""timeOffset"":""PT0M"",""amount"":5.56}",money-data.csv:000006
money-data.csv:000007,grocery -€0.33 26d ago,[],"{""transactionType"":""expense"",""currency"":""EUR"",""category"":""groceries"",""description"":""Grocery"",""timeOffset"":""-P26D"",""amount"":0.33}",money-data.csv:000007
money-data.csv:000008,petrol -1.11 eur 8d ago,[],"{""transactionType"":""expense"",""currency"":""EUR"",""category"":""fuel"",""description"":""Petrol"",""timeOffset"":""-P8D"",""amount"":1.11}",money-data.csv:000008
money-data.csv:000009,adjust balance -€0.82,[],"{""transactionType"":""expense"",""currency"":""EUR"",""category"":""balance_adjustment"",""description"":""Adjust balance"",""timeOffset"":""PT0M"",""amount"":0.82}",money-data.csv:000009
money-data.csv:000010,spent 1.23 USD adjust balance,[],"{""transactionType"":""expense"",""currency"":""USD"",""category"":""balance_adjustment"",""description"":""Adjust balance"",""timeOffset"":""PT0M"",""amount"":1.23}",money-data.csv:000010
money-data.csv:000011,haircut -€1.69,[],"{""transactionType"":""expense"",""currency"":""EUR"",""category"":""personal_care"",""description"":""Haircut"",""timeOffset"":""PT0M"",""amount"":1.69}",money-data.csv:000011
money-data.csv:000012,family_member_a €5.56 -22d,[],"{""transactionType"":""expense"",""currency"":""EUR"",""category"":""peer_transfer"",""description"":""family_member_a"",""timeOffset"":""-P22D"",""amount"":5.56}",money-data.csv:000012
money-data.csv:000013,spent 0.24 eur print,[],"{""transactionType"":""expense"",""currency"":""EUR"",""category"":""education"",""description"":""Print"",""timeOffset"":""PT0M"",""amount"":0.24}",money-data.csv:000013
money-data.csv:000014,license -€3.33 -2h,[],"{""transactionType"":""expense"",""currency"":""EUR"",""category"":""financial"",""description"":""License"",""timeOffset"":""-PT2H"",""amount"":3.33}",money-data.csv:000014
money-data.csv:000015,noodles -0.78 eur,[],"{""transactionType"":""expense"",""currency"":""EUR"",""category"":""food_drink"",""description"":""Noodles"",""timeOffset"":""PT0M"",""amount"":0.78}",money-data.csv:000015
money-data.csv:000016,breakfast 0.33 eur,[],"{""transactionType"":""expense"",""currency"":""EUR"",""category"":""food_drink"",""description"":""Breakfast"",""timeOffset"":""PT0M"",""amount"":0.33}",money-data.csv:000016
money-data.csv:000017,spent 0.56 eur family_member_b,[],"{""transactionType"":""expense"",""currency"":""EUR"",""category"":""peer_transfer"",""description"":""family_member_b"",""timeOffset"":""PT0M"",""amount"":0.56}",money-data.csv:000017
money-data.csv:000018,adjust balance -2.05 MKD,[],"{""transactionType"":""expense"",""currency"":""MKD"",""category"":""balance_adjustment"",""description"":""Adjust balance"",""timeOffset"":""PT0M"",""amount"":2.05}",money-data.csv:000018
money-data.csv:000019,rent -€42.22 20d ago,[],"{""transactionType"":""expense"",""currency"":""EUR"",""category"":""housing"",""description"":""Rent"",""timeOffset"":""-P20D"",""amount"":42.22}",money-data.csv:000019
money-data.csv:000020,spent 1.9e grocery in 1d,[],"{""transactionType"":""expense"",""currency"":""EUR"",""category"":""groceries"",""description"":""Grocery"",""timeOffset"":""P1D"",""amount"":1.9}",money-data.csv:000020
money-data.csv:000021,grocery 1e,[],"{""transactionType"":""expense"",""currency"":""EUR"",""category"":""groceries"",""description"":""Grocery"",""timeOffset"":""PT0M"",""amount"":1}",money-data.csv:000021
money-data.csv:000022,+0.46€ adjust balance,[],"{""transactionType"":""income"",""currency"":""EUR"",""category"":""balance_adjustment"",""description"":""Adjust balance"",""timeOffset"":""PT0M"",""amount"":0.46}",money-data.csv:000022
money-data.csv:000023,spent 3.33 eur family_member_a,[],"{""transactionType"":""expense"",""currency"":""EUR"",""category"":""peer_transfer"",""description"":""family_member_a"",""timeOffset"":""PT0M"",""amount"":3.33}",money-data.csv:000023
money-data.csv:000024,adjust balance 0.56€,[],"{""transactionType"":""expense"",""currency"":""EUR"",""category"":""balance_adjustment"",""description"":""Adjust balance"",""timeOffset"":""PT0M"",""amount"":0.56}",money-data.csv:000024
money-data.csv:000025,family_member_b -€0.56 18 hours ago,[],"{""transactionType"":""expense"",""currency"":""EUR"",""category"":""peer_transfer"",""description"":""family_member_b"",""timeOffset"":""-PT18H"",""amount"":0.56}",money-data.csv:000025
money-data.csv:000026,breakfast -€0.33 -3d,[],"{""transactionType"":""expense"",""currency"":""EUR"",""category"":""food_drink"",""description"":""Breakfast"",""timeOffset"":""-P3D"",""amount"":0.33}",money-data.csv:000026
money-data.csv:000027,breakfast 0.33€,[],"{""transactionType"":""expense"",""currency"":""EUR"",""category"":""food_drink"",""description"":""Breakfast"",""timeOffset"":""PT0M"",""amount"":0.33}",money-data.csv:000027
money-data.csv:000028,netflix 2.21€ -4d,[],"{""transactionType"":""expense"",""currency"":""EUR"",""category"":""entertainment"",""description"":""Netflix"",""timeOffset"":""-P4D"",""amount"":2.21}",money-data.csv:000028
money-data.csv:000029,family_member_a -2.22€ in 1d,[],"{""transactionType"":""expense"",""currency"":""EUR"",""category"":""peer_transfer"",""description"":""family_member_a"",""timeOffset"":""P1D"",""amount"":2.22}",money-data.csv:000029
money-data.csv:000030,spent 1.33 eur lunch -11h,[],"{""transactionType"":""expense"",""currency"":""EUR"",""category"":""food_drink"",""description"":""Lunch"",""timeOffset"":""-PT11H"",""amount"":1.33}",money-data.csv:000030
money-data.csv:000031,family_member_a -6.02 USD,[],"{""transactionType"":""expense"",""currency"":""USD"",""category"":""peer_transfer"",""description"":""family_member_a"",""timeOffset"":""PT0M"",""amount"":6.02}",money-data.csv:000031
money-data.csv:000032,recharge 2.88 eur -29d,[],"{""transactionType"":""expense"",""currency"":""EUR"",""category"":""utilities"",""description"":""Recharge"",""timeOffset"":""-P29D"",""amount"":2.88}",money-data.csv:000032
money-data.csv:000033,printouts 0.14e,[],"{""transactionType"":""expense"",""currency"":""EUR"",""category"":""education"",""description"":""Printouts"",""timeOffset"":""PT0M"",""amount"":0.14}",money-data.csv:000033
money-data.csv:000034,printouts -0.51 dollar 21 hours ago,[],"{""transactionType"":""expense"",""currency"":""USD"",""category"":""education"",""description"":""Printouts"",""timeOffset"":""-PT21H"",""amount"":0.51}",money-data.csv:000034
money-data.csv:000035,spent 6.27 dollar biryani 🍚,[],"{""transactionType"":""expense"",""currency"":""USD"",""category"":""food_drink"",""description"":""Biryani \ud83c\udf5a"",""timeOffset"":""PT0M"",""amount"":6.27}",money-data.csv:000035
money-data.csv:000036,breakfast 0.67€ 12d ago,[],"{""transactionType"":""expense"",""currency"":""EUR"",""category"":""food_drink"",""description"":""Breakfast"",""timeOffset"":""-P12D"",""amount"":0.67}",money-data.csv:000036
money-data.csv:000037,family_member_a 22.22€ -21h,[],"{""transactionType"":""expense"",""currency"":""EUR"",""category"":""peer_transfer"",""description"":""family_member_a"",""timeOffset"":""-PT21H"",""amount"":22.22}",money-data.csv:000037
money-data.csv:000038,adjust balance +€0.79,[],"{""transactionType"":""income"",""currency"":""EUR"",""category"":""balance_adjustment"",""description"":""Adjust balance"",""timeOffset"":""PT0M"",""amount"":0.79}",money-data.csv:000038
money-data.csv:000039,spent 13.7 ден juice,[],"{""transactionType"":""expense"",""currency"":""MKD"",""category"":""food_drink"",""description"":""Juice"",""timeOffset"":""PT0M"",""amount"":13.7}",money-data.csv:000039
money-data.csv:000040,cab €2 -13d,[],"{""transactionType"":""expense"",""currency"":""EUR"",""category"":""transport"",""description"":""Cab"",""timeOffset"":""-P13D"",""amount"":2}",money-data.csv:000040
money-data.csv:000041,snacks -€0.33,[],"{""transactionType"":""expense"",""currency"":""EUR"",""category"":""food_drink"",""description"":""Snacks"",""timeOffset"":""PT0M"",""amount"":0.33}",money-data.csv:000041
money-data.csv:000042,chai -0.22 eur 21 hours ago,[],"{""transactionType"":""expense"",""currency"":""EUR"",""category"":""food_drink"",""description"":""Chai"",""timeOffset"":""-PT21H"",""amount"":0.22}",money-data.csv:000042
money-data.csv:000043,recharge -2.97 eur,[],"{""transactionType"":""expense"",""currency"":""EUR"",""category"":""utilities"",""description"":""Recharge"",""timeOffset"":""PT0M"",""amount"":2.97}",money-data.csv:000043
money-data.csv:000044,spent 0.28€ curd 25 days ago,[],"{""transactionType"":""expense"",""currency"":""EUR"",""category"":""food_drink"",""description"":""Curd"",""timeOffset"":""-P25D"",""amount"":0.28}",money-data.csv:000044
money-data.csv:000045,adjust balance -0.36 dollar 13 days ago,[],"{""transactionType"":""expense"",""currency"":""USD"",""category"":""balance_adjustment"",""description"":""Adjust balance"",""timeOffset"":""-P13D"",""amount"":0.36}",money-data.csv:000045
money-data.csv:000046,tea €0.11,[],"{""transactionType"":""expense"",""currency"":""EUR"",""category"":""food_drink"",""description"":""Tea"",""timeOffset"":""PT0M"",""amount"":0.11}",money-data.csv:000046
money-data.csv:000047,spent 6.85 MKD water,[],"{""transactionType"":""expense"",""currency"":""MKD"",""category"":""food_drink"",""description"":""Water"",""timeOffset"":""PT0M"",""amount"":6.85}",money-data.csv:000047
money-data.csv:000048,adjust balance 3.98e tmr,[],"{""transactionType"":""expense"",""currency"":""EUR"",""category"":""balance_adjustment"",""description"":""Adjust balance"",""timeOffset"":""P1D"",""amount"":3.98}",money-data.csv:000048
money-data.csv:000049,water 0.48 dollar -15h,[],"{""transactionType"":""expense"",""currency"":""USD"",""category"":""food_drink"",""description"":""Water"",""timeOffset"":""-PT15H"",""amount"":0.48}",money-data.csv:000049
money-data.csv:000050,spent 0.24 dollar bus 3 hours ago,[],"{""transactionType"":""expense"",""currency"":""USD"",""category"":""transport"",""description"":""Bus"",""timeOffset"":""-PT3H"",""amount"":0.24}",money-data.csv:000050
money-data.csv:000051,metro -€0.22 -4d,[],"{""transactionType"":""expense"",""currency"":""EUR"",""category"":""transport"",""description"":""Metro"",""timeOffset"":""-P4D"",""amount"":0.22}",money-data.csv:000051
money-data.csv:000052,haldiram 2.49 USD,[],"{""transactionType"":""expense"",""currency"":""USD"",""category"":""food_drink"",""description"":""Haldiram"",""timeOffset"":""PT0M"",""amount"":2.49}",money-data.csv:000052
money-data.csv:000053,tickets victoria -1.11 eur,[],"{""transactionType"":""expense"",""currency"":""EUR"",""category"":""entertainment"",""description"":""Tickets victoria"",""timeOffset"":""PT0M"",""amount"":1.11}",money-data.csv:000053
money-data.csv:000054,spent 1.06€ lunch,[],"{""transactionType"":""expense"",""currency"":""EUR"",""category"":""food_drink"",""description"":""Lunch"",""timeOffset"":""PT0M"",""amount"":1.06}",money-data.csv:000054
money-data.csv:000055,ferry -0.56 eur,[],"{""transactionType"":""expense"",""currency"":""EUR"",""category"":""transport"",""description"":""Ferry"",""timeOffset"":""PT0M"",""amount"":0.56}",money-data.csv:000055
money-data.csv:000056,family_member_a -5.56 eur 21h ago,[],"{""transactionType"":""expense"",""currency"":""EUR"",""category"":""peer_transfer"",""description"":""family_member_a"",""timeOffset"":""-PT21H"",""amount"":5.56}",money-data.csv:000056
money-data.csv:000057,museum 1.67e -20h,[],"{""transactionType"":""expense"",""currency"":""EUR"",""category"":""entertainment"",""description"":""Museum"",""timeOffset"":""-PT20H"",""amount"":1.67}",money-data.csv:000057
money-data.csv:000058,spent 13.7 ден bus,[],"{""transactionType"":""expense"",""currency"":""MKD"",""category"":""transport"",""description"":""Bus"",""timeOffset"":""PT0M"",""amount"":13.7}",money-data.csv:000058
money-data.csv:000059,spent €0.11 metro,[],"{""transactionType"":""expense"",""currency"":""EUR"",""category"":""transport"",""description"":""Metro"",""timeOffset"":""PT0M"",""amount"":0.11}",money-data.csv:000059
money-data.csv:000060,grocery 2.22€,[],"{""transactionType"":""expense"",""currency"":""EUR"",""category"":""groceries"",""description"":""Grocery"",""timeOffset"":""PT0M"",""amount"":2.22}",money-data.csv:000060
money-data.csv:000061,withdraw salary bank 27.78 eur to cash 14 days ago,[],"{""transactionType"":""transfer"",""currency"":""EUR"",""category"":""transfer"",""description"":""Withdraw"",""timeOffset"":""-P14D"",""fromAccount"":""Salary Bank"",""toAccount"":""Cash"",""amount"":27.78}",money-data.csv:000061
money-data.csv:000062,cab 2.22 eur +1d,[],"{""transactionType"":""expense"",""currency"":""EUR"",""category"":""transport"",""description"":""Cab"",""timeOffset"":""P1D"",""amount"":2.22}",money-data.csv:000062
money-data.csv:000063,train 0.22e -11d,[],"{""transactionType"":""expense"",""currency"":""EUR"",""category"":""transport"",""description"":""Train"",""timeOffset"":""-P11D"",""amount"":0.22}",money-data.csv:000063
money-data.csv:000064,spent 0.22€ tickets,[],"{""transactionType"":""expense"",""currency"":""EUR"",""category"":""entertainment"",""description"":""Tickets"",""timeOffset"":""PT0M"",""amount"":0.22}",money-data.csv:000064
money-data.csv:000065,family_member_b stuff -2.67e,[],"{""transactionType"":""expense"",""currency"":""EUR"",""category"":""peer_transfer"",""description"":""family_member_b stuff"",""timeOffset"":""PT0M"",""amount"":2.67}",money-data.csv:000065
money-data.csv:000066,toto -€0.22,[],"{""transactionType"":""expense"",""currency"":""EUR"",""category"":""transport"",""description"":""Toto"",""timeOffset"":""PT0M"",""amount"":0.22}",money-data.csv:000066
money-data.csv:000067,snacks 0.78€ 10h ago,[],"{""transactionType"":""expense"",""currency"":""EUR"",""category"":""food_drink"",""description"":""Snacks"",""timeOffset"":""-PT10H"",""amount"":0.78}",money-data.csv:000067
money-data.csv:000068,spent 1.13e adjust balance,[],"{""transactionType"":""expense"",""currency"":""EUR"",""category"":""balance_adjustment"",""description"":""Adjust balance"",""timeOffset"":""PT0M"",""amount"":1.13}",money-data.csv:000068
money-data.csv:000069,spent 0.49€ snacks 10 hours ago,[],"{""transactionType"":""expense"",""currency"":""EUR"",""category"":""food_drink"",""description"":""Snacks"",""timeOffset"":""-PT10H"",""amount"":0.49}",money-data.csv:000069
money-data.csv:000070,shaka pola 7.23usd,[],"{""transactionType"":""expense"",""currency"":""USD"",""category"":""other"",""description"":""Shaka pola"",""timeOffset"":""PT0M"",""amount"":7.23}",money-data.csv:000070
money-data.csv:000071,tickets 27.4 den -10d,[],"{""transactionType"":""expense"",""currency"":""MKD"",""category"":""entertainment"",""description"":""Tickets"",""timeOffset"":""-P10D"",""amount"":27.4}",money-data.csv:000071
money-data.csv:000072,adjust balance 0.67€ -11d,[],"{""transactionType"":""expense"",""currency"":""EUR"",""category"":""balance_adjustment"",""description"":""Adjust balance"",""timeOffset"":""-P11D"",""amount"":0.67}",money-data.csv:000072
money-data.csv:000073,spent 0.22e lunch,[],"{""transactionType"":""expense"",""currency"":""EUR"",""category"":""food_drink"",""description"":""Lunch"",""timeOffset"":""PT0M"",""amount"":0.22}",money-data.csv:000073
money-data.csv:000074,recharge -2.88 eur 19 days ago,[],"{""transactionType"":""expense"",""currency"":""EUR"",""category"":""utilities"",""description"":""Recharge"",""timeOffset"":""-P19D"",""amount"":2.88}",money-data.csv:000074
money-data.csv:000075,shave -€0.22 +1d,[],"{""transactionType"":""expense"",""currency"":""EUR"",""category"":""personal_care"",""description"":""Shave"",""timeOffset"":""P1D"",""amount"":0.22}",money-data.csv:000075
money-data.csv:000076,water -0.22 eur,[],"{""transactionType"":""expense"",""currency"":""EUR"",""category"":""food_drink"",""description"":""Water"",""timeOffset"":""PT0M"",""amount"":0.22}",money-data.csv:000076
money-data.csv:000077,spent 2.89e tickets,[],"{""transactionType"":""expense"",""currency"":""EUR"",""category"":""entertainment"",""description"":""Tickets"",""timeOffset"":""PT0M"",""amount"":2.89}",money-data.csv:000077
money-data.csv:000078,water -0.22 eur 18d ago,[],"{""transactionType"":""expense"",""currency"":""EUR"",""category"":""food_drink"",""description"":""Water"",""timeOffset"":""-P18D"",""amount"":0.22}",money-data.csv:000078
money-data.csv:000079,+17.45€ ticket refund -21d,[],"{""transactionType"":""income"",""currency"":""EUR"",""category"":""refund"",""description"":""Ticket Refund"",""timeOffset"":""-P21D"",""amount"":17.45}",money-data.csv:000079
money-data.csv:000080,lunch 2.78e,[],"{""transactionType"":""expense"",""currency"":""EUR"",""category"":""food_drink"",""description"":""Lunch"",""timeOffset"":""PT0M"",""amount"":2.78}",money-data.csv:000080
money-data.csv:000081,spent 1.33e adjust balance -2h,[],"{""transactionType"":""expense"",""currency"":""EUR"",""category"":""balance_adjustment"",""description"":""Adjust balance"",""timeOffset"":""-PT2H"",""amount"":1.33}",money-data.csv:000081
money-data.csv:000082,family_member_a 342.47 ден -17d,[],"{""transactionType"":""expense"",""currency"":""MKD"",""category"":""peer_transfer"",""description"":""family_member_a"",""timeOffset"":""-P17D"",""amount"":342.47}",money-data.csv:000082
money-data.csv:000083,spent 116.44mkd cab,[],"{""transactionType"":""expense"",""currency"":""MKD"",""category"":""transport"",""description"":""Cab"",""timeOffset"":""PT0M"",""amount"":116.44}",money-data.csv:000083
money-data.csv:000084,snacks -136.99 den in 1d,[],"{""transactionType"":""expense"",""currency"":""MKD"",""category"":""food_drink"",""description"":""Snacks"",""timeOffset"":""P1D"",""amount"":136.99}",money-data.csv:000084
money-data.csv:000085,spent 5.56 eur person_b,[],"{""transactionType"":""expense"",""currency"":""EUR"",""category"":""peer_transfer"",""description"":""person_b"",""timeOffset"":""PT0M"",""amount"":5.56}",money-data.csv:000085
money-data.csv:000086,withdraw salary bank €16.67 to cash,[],"{""transactionType"":""transfer"",""currency"":""EUR"",""category"":""transfer"",""description"":""Withdraw"",""timeOffset"":""PT0M"",""fromAccount"":""Salary Bank"",""toAccount"":""Cash"",""amount"":16.67}",money-data.csv:000086
money-data.csv:000087,tickets -18.92e 21 hours ago,[],"{""transactionType"":""expense"",""currency"":""EUR"",""category"":""entertainment"",""description"":""Tickets"",""timeOffset"":""-PT21H"",""amount"":18.92}",money-data.csv:000087
money-data.csv:000088,family_member_a 5.56€,[],"{""transactionType"":""expense"",""currency"":""EUR"",""category"":""peer_transfer"",""description"":""family_member_a"",""timeOffset"":""PT0M"",""amount"":5.56}",money-data.csv:000088
money-data.csv:000089,petrol -1.11 eur,[],"{""transactionType"":""expense"",""currency"":""EUR"",""category"":""fuel"",""description"":""Petrol"",""timeOffset"":""PT0M"",""amount"":1.11}",money-data.csv:000089
money-data.csv:000090,got +1.11€ person_d payback,[],"{""transactionType"":""income"",""currency"":""EUR"",""category"":""other_income"",""description"":""person_d payback"",""timeOffset"":""PT0M"",""amount"":1.11}",money-data.csv:000090
money-data.csv:000091,spent 1.11€ petrol 15 days ago,[],"{""transactionType"":""expense"",""currency"":""EUR"",""category"":""fuel"",""description"":""Petrol"",""timeOffset"":""-P15D"",""amount"":1.11}",money-data.csv:000091
money-data.csv:000092,snacks -2.32e,[],"{""transactionType"":""expense"",""currency"":""EUR"",""category"":""food_drink"",""description"":""Snacks"",""timeOffset"":""PT0M"",""amount"":2.32}",money-data.csv:000092
money-data.csv:000093,spent 2.22e petrol 21h ago,[],"{""transactionType"":""expense"",""currency"":""EUR"",""category"":""fuel"",""description"":""Petrol"",""timeOffset"":""-PT21H"",""amount"":2.22}",money-data.csv:000093
money-data.csv:000094,chips -0.11 eur,[],"{""transactionType"":""expense"",""currency"":""EUR"",""category"":""food_drink"",""description"":""Chips"",""timeOffset"":""PT0M"",""amount"":0.11}",money-data.csv:000094
money-data.csv:000095,spent 0.33€ breakfast,[],"{""transactionType"":""expense"",""currency"":""EUR"",""category"":""food_drink"",""description"":""Breakfast"",""timeOffset"":""PT0M"",""amount"":0.33}",money-data.csv:000095
money-data.csv:000096,petrol -2.22e 25d ago,[],"{""transactionType"":""expense"",""currency"":""EUR"",""category"":""fuel"",""description"":""Petrol"",""timeOffset"":""-P25D"",""amount"":2.22}",money-data.csv:000096
money-data.csv:000097,clothes -8.88e -16d,[],"{""transactionType"":""expense"",""currency"":""EUR"",""category"":""shopping"",""description"":""Clothes"",""timeOffset"":""-P16D"",""amount"":8.88}",money-data.csv:000097
money-data.csv:000098,snacks -2.21 eur 15d ago,[],"{""transactionType"":""expense"",""currency"":""EUR"",""category"":""food_drink"",""description"":""Snacks"",""timeOffset"":""-P15D"",""amount"":2.21}",money-data.csv:000098
money-data.csv:000099,spent 5.56 eur family_member_a,[],"{""transactionType"":""expense"",""currency"":""EUR"",""category"":""peer_transfer"",""description"":""family_member_a"",""timeOffset"":""PT0M"",""amount"":5.56}",money-data.csv:000099
money-data.csv:000100,spent €1 snacks 4h ago,[],"{""transactionType"":""expense"",""currency"":""EUR"",""category"":""food_drink"",""description"":""Snacks"",""timeOffset"":""-PT4H"",""amount"":1}",money-data.csv:000100
money-data.csv:000101,spent 1.11 eur person_d,[],"{""transactionType"":""expense"",""currency"":""EUR"",""category"":""peer_transfer"",""description"":""person_d"",""timeOffset"":""PT0M"",""amount"":1.11}",money-data.csv:000101
money-data.csv:000102,petrol -68.49 den 8 hours ago,[],"{""transactionType"":""expense"",""currency"":""MKD"",""category"":""fuel"",""description"":""Petrol"",""timeOffset"":""-PT8H"",""amount"":68.49}",money-data.csv:000102
money-data.csv:000103,person_a payback +2.22e -14h,[],"{""transactionType"":""income"",""currency"":""EUR"",""category"":""other_income"",""description"":""person_a payback"",""timeOffset"":""-PT14H"",""amount"":2.22}",money-data.csv:000103
money-data.csv:000104,got +1.11€ person_a payback,[],"{""transactionType"":""income"",""currency"":""EUR"",""category"":""other_income"",""description"":""person_a payback"",""timeOffset"":""PT0M"",""amount"":1.11}",money-data.csv:000104
money-data.csv:000105,grocery -€1.94,[],"{""transactionType"":""expense"",""currency"":""EUR"",""category"":""groceries"",""description"":""Grocery"",""timeOffset"":""PT0M"",""amount"":1.94}",money-data.csv:000105
money-data.csv:000106,spent 2.22€ netflix 19 days ago,[],"{""transactionType"":""expense"",""currency"":""EUR"",""category"":""entertainment"",""description"":""Netflix"",""timeOffset"":""-P19D"",""amount"":2.22}",money-data.csv:000106
money-data.csv:000107,transfer €24.17 salary bank to savings bank 2d ago,[],"{""transactionType"":""transfer"",""currency"":""EUR"",""category"":""transfer"",""description"":""Transfer"",""timeOffset"":""-P2D"",""fromAccount"":""Salary Bank"",""toAccount"":""Savings Bank"",""amount"":24.17}",money-data.csv:000107
money-data.csv:000108,got +8005.48 MKD salary 23h ago,[],"{""transactionType"":""income"",""currency"":""MKD"",""category"":""salary"",""description"":""Salary"",""timeOffset"":""-PT23H"",""amount"":8005.48}",money-data.csv:000108
money-data.csv:000109,snacks -0.33 eur 15 days ago,[],"{""transactionType"":""expense"",""currency"":""EUR"",""category"":""food_drink"",""description"":""Snacks"",""timeOffset"":""-P15D"",""amount"":0.33}",money-data.csv:000109
money-data.csv:000110,adjust balance €0.74,[],"{""transactionType"":""expense"",""currency"":""EUR"",""category"":""balance_adjustment"",""description"":""Adjust balance"",""timeOffset"":""PT0M"",""amount"":0.74}",money-data.csv:000110
money-data.csv:000111,person_b -1.72e,[],"{""transactionType"":""expense"",""currency"":""EUR"",""category"":""peer_transfer"",""description"":""person_b"",""timeOffset"":""PT0M"",""amount"":1.72}",money-data.csv:000111
money-data.csv:000112,spent 0.11 eur adjust balance 22 hours ago,[],"{""transactionType"":""expense"",""currency"":""EUR"",""category"":""balance_adjustment"",""description"":""Adjust balance"",""timeOffset"":""-PT22H"",""amount"":0.11}",money-data.csv:000112
money-data.csv:000113,netflix €2.21,[],"{""transactionType"":""expense"",""currency"":""EUR"",""category"":""entertainment"",""description"":""Netflix"",""timeOffset"":""PT0M"",""amount"":2.21}",money-data.csv:000113
money-data.csv:000114,netflix +136.99mkd,[],"{""transactionType"":""income"",""currency"":""MKD"",""category"":""other_income"",""description"":""Netflix"",""timeOffset"":""PT0M"",""amount"":136.99}",money-data.csv:000114
money-data.csv:000115,family_member_a $2.41 tomorrow,[],"{""transactionType"":""expense"",""currency"":""USD"",""category"":""peer_transfer"",""description"":""family_member_a"",""timeOffset"":""P1D"",""amount"":2.41}",money-data.csv:000115
money-data.csv:000116,snacks €1,[],"{""transactionType"":""expense"",""currency"":""EUR"",""category"":""food_drink"",""description"":""Snacks"",""timeOffset"":""PT0M"",""amount"":1}",money-data.csv:000116
money-data.csv:000117,person_i 3.33 eur,[],"{""transactionType"":""expense"",""currency"":""EUR"",""category"":""other"",""description"":""person_i"",""timeOffset"":""PT0M"",""amount"":3.33}",money-data.csv:000117
money-data.csv:000118,petrol -1.11€ -19d,[],"{""transactionType"":""expense"",""currency"":""EUR"",""category"":""fuel"",""description"":""Petrol"",""timeOffset"":""-P19D"",""amount"":1.11}",money-data.csv:000118
money-data.csv:000119,biryani 🍚 5.78e,[],"{""transactionType"":""expense"",""currency"":""EUR"",""category"":""food_drink"",""description"":""Biryani \ud83c\udf5a"",""timeOffset"":""PT0M"",""amount"":5.78}",money-data.csv:000119
money-data.csv:000120,spent 0.6€ adjust balance -6h,[],"{""transactionType"":""expense"",""currency"":""EUR"",""category"":""balance_adjustment"",""description"":""Adjust balance"",""timeOffset"":""-PT6H"",""amount"":0.6}",money-data.csv:000120
money-data.csv:000121,juice 20.55mkd,[],"{""transactionType"":""expense"",""currency"":""MKD"",""category"":""food_drink"",""description"":""Juice"",""timeOffset"":""PT0M"",""amount"":20.55}",money-data.csv:000121
money-data.csv:000122,petrol -1.11e +1d,[],"{""transactionType"":""expense"",""currency"":""EUR"",""category"":""fuel"",""description"":""Petrol"",""timeOffset"":""P1D"",""amount"":1.11}",money-data.csv:000122
money-data.csv:000123,smthng 0.11 eur 18d ago,[],"{""transactionType"":""expense"",""currency"":""EUR"",""category"":""other"",""description"":""Smthng"",""timeOffset"":""-P18D"",""amount"":0.11}",money-data.csv:000123
money-data.csv:000124,spent 2.11e pizza -12h,[],"{""transactionType"":""expense"",""currency"":""EUR"",""category"":""food_drink"",""description"":""Pizza"",""timeOffset"":""-PT12H"",""amount"":2.11}",money-data.csv:000124
money-data.csv:000125,spent €11.11 family_member_a,[],"{""transactionType"":""expense"",""currency"":""EUR"",""category"":""peer_transfer"",""description"":""family_member_a"",""timeOffset"":""PT0M"",""amount"":11.11}",money-data.csv:000125
money-data.csv:000126,snacks -0.39€ 7 days ago,[],"{""transactionType"":""expense"",""currency"":""EUR"",""category"":""food_drink"",""description"":""Snacks"",""timeOffset"":""-P7D"",""amount"":0.39}",money-data.csv:000126
money-data.csv:000127,+7.53 ден reward,[],"{""transactionType"":""income"",""currency"":""MKD"",""category"":""rewards"",""description"":""Reward"",""timeOffset"":""PT0M"",""amount"":7.53}",money-data.csv:000127
money-data.csv:000128,breakfast 20.55mkd 3 hours ago,[],"{""transactionType"":""expense"",""currency"":""MKD"",""category"":""food_drink"",""description"":""Breakfast"",""timeOffset"":""-PT3H"",""amount"":20.55}",money-data.csv:000128
money-data.csv:000129,spent 1.78 eur shirt,[],"{""transactionType"":""expense"",""currency"":""EUR"",""category"":""shopping"",""description"":""Shirt"",""timeOffset"":""PT0M"",""amount"":1.78}",money-data.csv:000129
money-data.csv:000130,bus 20.55 MKD,[],"{""transactionType"":""expense"",""currency"":""MKD"",""category"":""transport"",""description"":""Bus"",""timeOffset"":""PT0M"",""amount"":20.55}",money-data.csv:000130
money-data.csv:000131,spent 0.39 eur juice -14d,[],"{""transactionType"":""expense"",""currency"":""EUR"",""category"":""food_drink"",""description"":""Juice"",""timeOffset"":""-P14D"",""amount"":0.39}",money-data.csv:000131
money-data.csv:000132,withdraw salary bank 3.33e to cash tomorrow,[],"{""transactionType"":""transfer"",""currency"":""EUR"",""category"":""transfer"",""description"":""Withdraw"",""timeOffset"":""P1D"",""fromAccount"":""Salary Bank"",""toAccount"":""Cash"",""amount"":3.33}",money-data.csv:000132
money-data.csv:000133,spent 0.22 eur auto 23h ago,[],"{""transactionType"":""expense"",""currency"":""EUR"",""category"":""transport"",""description"":""Auto"",""timeOffset"":""-PT23H"",""amount"":0.22}",money-data.csv:000133
money-data.csv:000134,recharge 106.16mkd +1d,[],"{""transactionType"":""expense"",""currency"":""MKD"",""category"":""utilities"",""description"":""Recharge"",""timeOffset"":""P1D"",""amount"":106.16}",money-data.csv:000134
money-data.csv:000135,person_b 342.47 den,[],"{""transactionType"":""expense"",""currency"":""MKD"",""category"":""peer_transfer"",""description"":""person_b"",""timeOffset"":""PT0M"",""amount"":342.47}",money-data.csv:000135
money-data.csv:000136,spent 0.62 eur adjust balance -23d,[],"{""transactionType"":""expense"",""currency"":""EUR"",""category"":""balance_adjustment"",""description"":""Adjust balance"",""timeOffset"":""-P23D"",""amount"":0.62}",money-data.csv:000136
money-data.csv:000137,snacks -0.33e -19h,[],"{""transactionType"":""expense"",""currency"":""EUR"",""category"":""food_drink"",""description"":""Snacks"",""timeOffset"":""-PT19H"",""amount"":0.33}",money-data.csv:000137
money-data.csv:000138,spent €0.04 shampoo,[],"{""transactionType"":""expense"",""currency"":""EUR"",""category"":""personal_care"",""description"":""Shampoo"",""timeOffset"":""PT0M"",""amount"":0.04}",money-data.csv:000138
money-data.csv:000139,spent 2.78 eur petrol,[],"{""transactionType"":""expense"",""currency"":""EUR"",""category"":""fuel"",""description"":""Petrol"",""timeOffset"":""PT0M"",""amount"":2.78}",money-data.csv:000139
money-data.csv:000140,stationary 0.22 eur,[],"{""transactionType"":""expense"",""currency"":""EUR"",""category"":""education"",""description"":""Stationary"",""timeOffset"":""PT0M"",""amount"":0.22}",money-data.csv:000140
money-data.csv:000141,ice cream €0.22 7h ago,[],"{""transactionType"":""expense"",""currency"":""EUR"",""category"":""food_drink"",""description"":""Ice cream"",""timeOffset"":""-PT7H"",""amount"":0.22}",money-data.csv:000141
money-data.csv:000142,spent 0.67e snacks,[],"{""transactionType"":""expense"",""currency"":""EUR"",""category"":""food_drink"",""description"":""Snacks"",""timeOffset"":""PT0M"",""amount"":0.67}",money-data.csv:000142
money-data.csv:000143,spent 0.78e lunch,[],"{""transactionType"":""expense"",""currency"":""EUR"",""category"":""food_drink"",""description"":""Lunch"",""timeOffset"":""PT0M"",""amount"":0.78}",money-data.csv:000143
money-data.csv:000144,auto -0.22€,[],"{""transactionType"":""expense"",""currency"":""EUR"",""category"":""transport"",""description"":""Auto"",""timeOffset"":""PT0M"",""amount"":0.22}",money-data.csv:000144
money-data.csv:000145,bus €0.44,[],"{""transactionType"":""expense"",""currency"":""EUR"",""category"":""transport"",""description"":""Bus"",""timeOffset"":""PT0M"",""amount"":0.44}",money-data.csv:000145
money-data.csv:000146,auto €0.22,[],"{""transactionType"":""expense"",""currency"":""EUR"",""category"":""transport"",""description"":""Auto"",""timeOffset"":""PT0M"",""amount"":0.22}",money-data.csv:000146
money-data.csv:000147,juice -€0.33,[],"{""transactionType"":""expense"",""currency"":""EUR"",""category"":""food_drink"",""description"":""Juice"",""timeOffset"":""PT0M"",""amount"":0.33}",money-data.csv:000147
money-data.csv:000148,printing -6.17e,[],"{""transactionType"":""expense"",""currency"":""EUR"",""category"":""education"",""description"":""Printing"",""timeOffset"":""PT0M"",""amount"":6.17}",money-data.csv:000148
money-data.csv:000149,spent 0.33 eur breakfast,[],"{""transactionType"":""expense"",""currency"":""EUR"",""category"":""food_drink"",""description"":""Breakfast"",""timeOffset"":""PT0M"",""amount"":0.33}",money-data.csv:000149
money-data.csv:000150,recharge -€2.88,[],"{""transactionType"":""expense"",""currency"":""EUR"",""category"":""utilities"",""description"":""Recharge"",""timeOffset"":""PT0M"",""amount"":2.88}",money-data.csv:000150
money-data.csv:000151,internet 5.23e,[],"{""transactionType"":""expense"",""currency"":""EUR"",""category"":""utilities"",""description"":""Internet"",""timeOffset"":""PT0M"",""amount"":5.23}",money-data.csv:000151
money-data.csv:000152,spent 0.11e juice,[],"{""transactionType"":""expense"",""currency"":""EUR"",""category"":""food_drink"",""description"":""Juice"",""timeOffset"":""PT0M"",""amount"":0.11}",money-data.csv:000152
money-data.csv:000153,brake 0.6 dollar,[],"{""transactionType"":""expense"",""currency"":""USD"",""category"":""vehicle_maintenance"",""description"":""Brake"",""timeOffset"":""PT0M"",""amount"":0.6}",money-data.csv:000153
money-data.csv:000154,ice cream 23.97 den -14d,[],"{""transactionType"":""expense"",""currency"":""MKD"",""category"":""food_drink"",""description"":""Ice Cream"",""timeOffset"":""-P14D"",""amount"":23.97}",money-data.csv:000154
money-data.csv:000155,spent 1.11 eur petrol -15h,[],"{""transactionType"":""expense"",""currency"":""EUR"",""category"":""fuel"",""description"":""Petrol"",""timeOffset"":""-PT15H"",""amount"":1.11}",money-data.csv:000155
money-data.csv:000156,adjust balance 0.44€ 3d ago,[],"{""transactionType"":""expense"",""currency"":""EUR"",""category"":""balance_adjustment"",""description"":""Adjust balance"",""timeOffset"":""-P3D"",""amount"":0.44}",money-data.csv:000156
money-data.csv:000157,juice -0.83e -8d,[],"{""transactionType"":""expense"",""currency"":""EUR"",""category"":""food_drink"",""description"":""Juice"",""timeOffset"":""-P8D"",""amount"":0.83}",money-data.csv:000157
money-data.csv:000158,juice -0.22e,[],"{""transactionType"":""expense"",""currency"":""EUR"",""category"":""food_drink"",""description"":""Juice"",""timeOffset"":""PT0M"",""amount"":0.22}",money-data.csv:000158
money-data.csv:000159,spent 14.91 eur tickets,[],"{""transactionType"":""expense"",""currency"":""EUR"",""category"":""entertainment"",""description"":""Tickets"",""timeOffset"":""PT0M"",""amount"":14.91}",money-data.csv:000159
money-data.csv:000160,tickets 919.04mkd,[],"{""transactionType"":""expense"",""currency"":""MKD"",""category"":""entertainment"",""description"":""Tickets"",""timeOffset"":""PT0M"",""amount"":919.04}",money-data.csv:000160
money-data.csv:000161,maggi €0.16,[],"{""transactionType"":""expense"",""currency"":""EUR"",""category"":""food_drink"",""description"":""Maggi"",""timeOffset"":""PT0M"",""amount"":0.16}",money-data.csv:000161
money-data.csv:000162,breakfast -0.33€,[],"{""transactionType"":""expense"",""currency"":""EUR"",""category"":""food_drink"",""description"":""Breakfast"",""timeOffset"":""PT0M"",""amount"":0.33}",money-data.csv:000162
money-data.csv:000163,spent 20.55 den breakfast,[],"{""transactionType"":""expense"",""currency"":""MKD"",""category"":""food_drink"",""description"":""Breakfast"",""timeOffset"":""PT0M"",""amount"":20.55}",money-data.csv:000163
money-data.csv:000164,juice -€1.44,[],"{""transactionType"":""expense"",""currency"":""EUR"",""category"":""food_drink"",""description"":""Juice"",""timeOffset"":""PT0M"",""amount"":1.44}",money-data.csv:000164
money-data.csv:000165,shawarma 🌯 2.44 eur,[],"{""transactionType"":""expense"",""currency"":""EUR"",""category"":""food_drink"",""description"":""Shawarma \ud83c\udf2f"",""timeOffset"":""PT0M"",""amount"":2.44}",money-data.csv:000165
money-data.csv:000166,rta $0.42,[],"{""transactionType"":""expense"",""currency"":""USD"",""category"":""transport"",""description"":""RtA"",""timeOffset"":""PT0M"",""amount"":0.42}",money-data.csv:000166
money-data.csv:000167,spent €0.11 bus,[],"{""transactionType"":""expense"",""currency"":""EUR"",""category"":""transport"",""description"":""Bus"",""timeOffset"":""PT0M"",""amount"":0.11}",money-data.csv:000167
money-data.csv:000168,atr -23.97 den in 1d,[],"{""transactionType"":""expense"",""currency"":""MKD"",""category"":""transport"",""description"":""AtR"",""timeOffset"":""P1D"",""amount"":23.97}",money-data.csv:000168
money-data.csv:000169,recharge 2.22 eur salary bank to metro card,[],"{""transactionType"":""transfer"",""currency"":""EUR"",""category"":""transfer"",""description"":""Recharge"",""timeOffset"":""PT0M"",""fromAccount"":""Salary Bank"",""toAccount"":""Metro Card"",""amount"":2.22}",money-data.csv:000169
money-data.csv:000170,juice 0.11e,[],"{""transactionType"":""expense"",""currency"":""EUR"",""category"":""food_drink"",""description"":""Juice"",""timeOffset"":""PT0M"",""amount"":0.11}",money-data.csv:000170
money-data.csv:000171,bus -0.22€ -14h,[],"{""transactionType"":""expense"",""currency"":""EUR"",""category"":""transport"",""description"":""Bus"",""timeOffset"":""-PT14H"",""amount"":0.22}",money-data.csv:000171
money-data.csv:000172,spent 0.39€ rta,[],"{""transactionType"":""expense"",""currency"":""EUR"",""category"":""transport"",""description"":""RtA"",""timeOffset"":""PT0M"",""amount"":0.39}",money-data.csv:000172
money-data.csv:000173,atr -0.42 dollar,[],"{""transactionType"":""expense"",""currency"":""USD"",""category"":""transport"",""description"":""AtR"",""timeOffset"":""PT0M"",""amount"":0.42}",money-data.csv:000173
money-data.csv:000174,snacks 0.36 USD tomorrow,[],"{""transactionType"":""expense"",""currency"":""USD"",""category"":""food_drink"",""description"":""Snacks"",""timeOffset"":""P1D"",""amount"":0.36}",money-data.csv:000174
money-data.csv:000175,snacks $0.72,[],"{""transactionType"":""expense"",""currency"":""USD"",""category"":""food_drink"",""description"":""Snacks"",""timeOffset"":""PT0M"",""amount"":0.72}",money-data.csv:000175
money-data.csv:000176,rta -0.39 eur 11 hours ago,[],"{""transactionType"":""expense"",""currency"":""EUR"",""category"":""transport"",""description"":""RtA"",""timeOffset"":""-PT11H"",""amount"":0.39}",money-data.csv:000176
money-data.csv:000177,spent 0.39€ atr,[],"{""transactionType"":""expense"",""currency"":""EUR"",""category"":""transport"",""description"":""AtR"",""timeOffset"":""PT0M"",""amount"":0.39}",money-data.csv:000177
money-data.csv:000178,spent 16.87 dollar screen,[],"{""transactionType"":""expense"",""currency"":""USD"",""category"":""shopping"",""description"":""Screen"",""timeOffset"":""PT0M"",""amount"":16.87}",money-data.csv:000178
money-data.csv:000179,snacks 13.7mkd,[],"{""transactionType"":""expense"",""currency"":""MKD"",""category"":""food_drink"",""description"":""Snacks"",""timeOffset"":""PT0M"",""amount"":13.7}",money-data.csv:000179
money-data.csv:000180,breakfast -0.36 USD 30d ago,[],"{""transactionType"":""expense"",""currency"":""USD"",""category"":""food_drink"",""description"":""Breakfast"",""timeOffset"":""-P30D"",""amount"":0.36}",money-data.csv:000180
money-data.csv:000181,juice 0.89€ 30 days ago,[],"{""transactionType"":""expense"",""currency"":""EUR"",""category"":""food_drink"",""description"":""Juice"",""timeOffset"":""-P30D"",""amount"":0.89}",money-data.csv:000181
money-data.csv:000182,spent 6.85mkd bus 8 hours ago,[],"{""transactionType"":""expense"",""currency"":""MKD"",""category"":""transport"",""description"":""Bus"",""timeOffset"":""-PT8H"",""amount"":6.85}",money-data.csv:000182
money-data.csv:000183,spent 23.97 MKD rta,[],"{""transactionType"":""expense"",""currency"":""MKD"",""category"":""transport"",""description"":""RtA"",""timeOffset"":""PT0M"",""amount"":23.97}",money-data.csv:000183
money-data.csv:000184,atr -0.39€ 19d ago,[],"{""transactionType"":""expense"",""currency"":""EUR"",""category"":""transport"",""description"":""AtR"",""timeOffset"":""-P19D"",""amount"":0.39}",money-data.csv:000184
money-data.csv:000185,bus -0.11e tomorrow,[],"{""transactionType"":""expense"",""currency"":""EUR"",""category"":""transport"",""description"":""Bus"",""timeOffset"":""P1D"",""amount"":0.11}",money-data.csv:000185
money-data.csv:000186,spent 23.97 MKD rta -19d,[],"{""transactionType"":""expense"",""currency"":""MKD"",""category"":""transport"",""description"":""RtA"",""timeOffset"":""-P19D"",""amount"":23.97}",money-data.csv:000186
money-data.csv:000187,spent 0.39 eur atr -19d,[],"{""transactionType"":""expense"",""currency"":""EUR"",""category"":""transport"",""description"":""AtR"",""timeOffset"":""-P19D"",""amount"":0.39}",money-data.csv:000187
money-data.csv:000188,shawarma 🌯 1.33 eur -17h,[],"{""transactionType"":""expense"",""currency"":""EUR"",""category"":""food_drink"",""description"":""Shawarma \ud83c\udf2f"",""timeOffset"":""-PT17H"",""amount"":1.33}",money-data.csv:000188
money-data.csv:000189,spent 6.85mkd bus -18h,[],"{""transactionType"":""expense"",""currency"":""MKD"",""category"":""transport"",""description"":""Bus"",""timeOffset"":""-PT18H"",""amount"":6.85}",money-data.csv:000189
money-data.csv:000190,bus -0.11 eur 5d ago,[],"{""transactionType"":""expense"",""currency"":""EUR"",""category"":""transport"",""description"":""Bus"",""timeOffset"":""-P5D"",""amount"":0.11}",money-data.csv:000190
money-data.csv:000191,petrol -1.11€,[],"{""transactionType"":""expense"",""currency"":""EUR"",""category"":""fuel"",""description"":""Petrol"",""timeOffset"":""PT0M"",""amount"":1.11}",money-data.csv:000191
money-data.csv:000192,rta 23.97 den,[],"{""transactionType"":""expense"",""currency"":""MKD"",""category"":""transport"",""description"":""RtA"",""timeOffset"":""PT0M"",""amount"":23.97}",money-data.csv:000192
money-data.csv:000193,atr 0.39e -18h,[],"{""transactionType"":""expense"",""currency"":""EUR"",""category"":""transport"",""description"":""AtR"",""timeOffset"":""-PT18H"",""amount"":0.39}",money-data.csv:000193
money-data.csv:000194,juice -0.44 eur,[],"{""transactionType"":""expense"",""currency"":""EUR"",""category"":""food_drink"",""description"":""Juice"",""timeOffset"":""PT0M"",""amount"":0.44}",money-data.csv:000194
money-data.csv:000195,lunch -€1.11 -20h,[],"{""transactionType"":""expense"",""currency"":""EUR"",""category"":""food_drink"",""description"":""Lunch"",""timeOffset"":""-PT20H"",""amount"":1.11}",money-data.csv:000195
money-data.csv:000196,adjust balance +€0.89 -5h,[],"{""transactionType"":""income"",""currency"":""EUR"",""category"":""balance_adjustment"",""description"":""Adjust balance"",""timeOffset"":""-PT5H"",""amount"":0.89}",money-data.csv:000196
money-data.csv:000197,adjust balance 0.33 eur,[],"{""transactionType"":""expense"",""currency"":""EUR"",""category"":""balance_adjustment"",""description"":""Adjust balance"",""timeOffset"":""PT0M"",""amount"":0.33}",money-data.csv:000197
money-data.csv:000198,petrol €2.22 -16h,[],"{""transactionType"":""expense"",""currency"":""EUR"",""category"":""fuel"",""description"":""Petrol"",""timeOffset"":""-PT16H"",""amount"":2.22}",money-data.csv:000198
money-data.csv:000199,medic -0.22€ 13d ago,[],"{""transactionType"":""expense"",""currency"":""EUR"",""category"":""health"",""description"":""Medic"",""timeOffset"":""-P13D"",""amount"":0.22}",money-data.csv:000199
money-data.csv:000200,spent €1.11 petrol,[],"{""transactionType"":""expense"",""currency"":""EUR"",""category"":""fuel"",""description"":""Petrol"",""timeOffset"":""PT0M"",""amount"":1.11}",money-data.csv:000200
money-data.csv:000201,recharge -3.22usd in 1d,[],"{""transactionType"":""expense"",""currency"":""USD"",""category"":""utilities"",""description"":""Recharge"",""timeOffset"":""P1D"",""amount"":3.22}",money-data.csv:000201
money-data.csv:000202,petrol 0.56e tmr,[],"{""transactionType"":""expense"",""currency"":""EUR"",""category"":""fuel"",""description"":""Petrol"",""timeOffset"":""P1D"",""amount"":0.56}",money-data.csv:000202
money-data.csv:000203,exam fees 22.22 eur -2h,[],"{""transactionType"":""expense"",""currency"":""EUR"",""category"":""education"",""description"":""Exam Fees"",""timeOffset"":""-PT2H"",""amount"":22.22}",money-data.csv:000203
money-data.csv:000204,juice 0.89€,[],"{""transactionType"":""expense"",""currency"":""EUR"",""category"":""food_drink"",""description"":""Juice"",""timeOffset"":""PT0M"",""amount"":0.89}",money-data.csv:000204
money-data.csv:000205,bus 0.11€,[],"{""transactionType"":""expense"",""currency"":""EUR"",""category"":""transport"",""description"":""Bus"",""timeOffset"":""PT0M"",""amount"":0.11}",money-data.csv:000205
money-data.csv:000206,auto 0.22€,[],"{""transactionType"":""expense"",""currency"":""EUR"",""category"":""transport"",""description"":""Auto"",""timeOffset"":""PT0M"",""amount"":0.22}",money-data.csv:000206
money-data.csv:000207,spent 0.89 eur juice,[],"{""transactionType"":""expense"",""currency"":""EUR"",""category"":""food_drink"",""description"":""Juice"",""timeOffset"":""PT0M"",""amount"":0.89}",money-data.csv:000207
money-data.csv:000208,snacks €0.33,[],"{""transactionType"":""expense"",""currency"":""EUR"",""category"":""food_drink"",""description"":""Snacks"",""timeOffset"":""PT0M"",""amount"":0.33}",money-data.csv:000208
money-data.csv:000209,transfer salary bank €22.22 to savings bank tmr,[],"{""transactionType"":""transfer"",""currency"":""EUR"",""category"":""transfer"",""description"":""Transfer"",""timeOffset"":""P1D"",""fromAccount"":""Salary Bank"",""toAccount"":""Savings Bank"",""amount"":22.22}",money-data.csv:000209
money-data.csv:000210,netflix 2.21e +1d,[],"{""transactionType"":""expense"",""currency"":""EUR"",""category"":""entertainment"",""description"":""Netflix"",""timeOffset"":""P1D"",""amount"":2.21}",money-data.csv:000210
money-data.csv:000211,family_member_a €55.56 -22d,[],"{""transactionType"":""expense"",""currency"":""EUR"",""category"":""peer_transfer"",""description"":""family_member_a"",""timeOffset"":""-P22D"",""amount"":55.56}",money-data.csv:000211
money-data.csv:000212,adjust balance -0.33e,[],"{""transactionType"":""expense"",""currency"":""EUR"",""category"":""balance_adjustment"",""description"":""Adjust balance"",""timeOffset"":""PT0M"",""amount"":0.33}",money-data.csv:000212
money-data.csv:000213,recharge 1.72€,[],"{""transactionType"":""expense"",""currency"":""EUR"",""category"":""utilities"",""description"":""Recharge"",""timeOffset"":""PT0M"",""amount"":1.72}",money-data.csv:000213
money-data.csv:000214,juice -0.72 dollar,[],"{""transactionType"":""expense"",""currency"":""USD"",""category"":""food_drink"",""description"":""Juice"",""timeOffset"":""PT0M"",""amount"":0.72}",money-data.csv:000214
money-data.csv:000215,recharge salary bank €2.22 to metro card 21d ago,[],"{""transactionType"":""transfer"",""currency"":""EUR"",""category"":""transfer"",""description"":""Recharge"",""timeOffset"":""-P21D"",""fromAccount"":""Salary Bank"",""toAccount"":""Metro Card"",""amount"":2.22}",money-data.csv:000215
money-data.csv:000216,withdraw salary bank 3.33€ to cash 13h ago,[],"{""transactionType"":""transfer"",""currency"":""EUR"",""category"":""transfer"",""description"":""Withdraw"",""timeOffset"":""-PT13H"",""fromAccount"":""Salary Bank"",""toAccount"":""Cash"",""amount"":3.33}",money-data.csv:000216
money-data.csv:000217,rta €0.39 -11h,[],"{""transactionType"":""expense"",""currency"":""EUR"",""category"":""transport"",""description"":""RtA"",""timeOffset"":""-PT11H"",""amount"":0.39}",money-data.csv:000217
money-data.csv:000218,atr -23.97 den 6d ago,[],"{""transactionType"":""expense"",""currency"":""MKD"",""category"":""transport"",""description"":""AtR"",""timeOffset"":""-P6D"",""amount"":23.97}",money-data.csv:000218
money-data.csv:000219,spent 20.55 ден water,[],"{""transactionType"":""expense"",""currency"":""MKD"",""category"":""food_drink"",""description"":""Water"",""timeOffset"":""PT0M"",""amount"":20.55}",money-data.csv:000219
money-data.csv:000220,salary +215.19e 9 hours ago,[],"{""transactionType"":""income"",""currency"":""EUR"",""category"":""salary"",""description"":""Salary"",""timeOffset"":""-PT9H"",""amount"":215.19}",money-data.csv:000220
money-data.csv:000221,bus -0.11€,[],"{""transactionType"":""expense"",""currency"":""EUR"",""category"":""transport"",""description"":""Bus"",""timeOffset"":""PT0M"",""amount"":0.11}",money-data.csv:000221
money-data.csv:000222,atr 0.39 eur,[],"{""transactionType"":""expense"",""currency"":""EUR"",""category"":""transport"",""description"":""AtR"",""timeOffset"":""PT0M"",""amount"":0.39}",money-data.csv:000222
money-data.csv:000223,spent 23.97 ден rta -5h,[],"{""transactionType"":""expense"",""currency"":""MKD"",""category"":""transport"",""description"":""RtA"",""timeOffset"":""-PT5H"",""amount"":23.97}",money-data.csv:000223
money-data.csv:000224,juice 1 eur tomorrow,[],"{""transactionType"":""expense"",""currency"":""EUR"",""category"":""food_drink"",""description"":""Juice"",""timeOffset"":""P1D"",""amount"":1}",money-data.csv:000224
money-data.csv:000225,bus -6.85 ден,[],"{""transactionType"":""expense"",""currency"":""MKD"",""category"":""transport"",""description"":""Bus"",""timeOffset"":""PT0M"",""amount"":6.85}",money-data.csv:000225
money-data.csv:000226,rta -0.39€ 3 days ago,[],"{""transactionType"":""expense"",""currency"":""EUR"",""category"":""transport"",""description"":""RtA"",""timeOffset"":""-P3D"",""amount"":0.39}",money-data.csv:000226
money-data.csv:000227,adjust balance €0.89 -23h,[],"{""transactionType"":""expense"",""currency"":""EUR"",""category"":""balance_adjustment"",""description"":""Adjust balance"",""timeOffset"":""-PT23H"",""amount"":0.89}",money-data.csv:000227
money-data.csv:000228,bus 0.11€ -10h,[],"{""transactionType"":""expense"",""currency"":""EUR"",""category"":""transport"",""description"":""Bus"",""timeOffset"":""-PT10H"",""amount"":0.11}",money-data.csv:000228
money-data.csv:000229,atr -0.39 eur,[],"{""transactionType"":""expense"",""currency"":""EUR"",""category"":""transport"",""description"":""AtR"",""timeOffset"":""PT0M"",""amount"":0.39}",money-data.csv:000229
money-data.csv:000230,spent 342.47mkd family_member_a 10 hours ago,[],"{""transactionType"":""expense"",""currency"":""MKD"",""category"":""peer_transfer"",""description"":""family_member_a"",""timeOffset"":""-PT10H"",""amount"":342.47}",money-data.csv:000230
money-data.csv:000231,breakfast 0.33 eur,[],"{""transactionType"":""expense"",""currency"":""EUR"",""category"":""food_drink"",""description"":""Breakfast"",""timeOffset"":""PT0M"",""amount"":0.33}",money-data.csv:000231
money-data.csv:000232,🍰 1.11€,[],"{""transactionType"":""expense"",""currency"":""EUR"",""category"":""food_drink"",""description"":""\ud83c\udf70"",""timeOffset"":""PT0M"",""amount"":1.11}",money-data.csv:000232
money-data.csv:000233,spent 27.4 den milk,[],"{""transactionType"":""expense"",""currency"":""MKD"",""category"":""groceries"",""description"":""Milk"",""timeOffset"":""PT0M"",""amount"":27.4}",money-data.csv:000233
money-data.csv:000234,snacks 1e -6h,[],"{""transactionType"":""expense"",""currency"":""EUR"",""category"":""food_drink"",""description"":""Snacks"",""timeOffset"":""-PT6H"",""amount"":1}",money-data.csv:000234
money-data.csv:000235,water -0.67e -6d,[],"{""transactionType"":""expense"",""currency"":""EUR"",""category"":""food_drink"",""description"":""Water"",""timeOffset"":""-P6D"",""amount"":0.67}",money-data.csv:000235
money-data.csv:000236,juice 82.19 den,[],"{""transactionType"":""expense"",""currency"":""MKD"",""category"":""food_drink"",""description"":""Juice"",""timeOffset"":""PT0M"",""amount"":82.19}",money-data.csv:000236
money-data.csv:000237,water -0.67€ -1d,[],"{""transactionType"":""expense"",""currency"":""EUR"",""category"":""food_drink"",""description"":""Water"",""timeOffset"":""-P1D"",""amount"":0.67}",money-data.csv:000237
money-data.csv:000238,lunch -€1.11,[],"{""transactionType"":""expense"",""currency"":""EUR"",""category"":""food_drink"",""description"":""Lunch"",""timeOffset"":""PT0M"",""amount"":1.11}",money-data.csv:000238
money-data.csv:000239,+1.11 eur person_e 16h ago,[],"{""transactionType"":""income"",""currency"":""EUR"",""category"":""other_income"",""description"":""person_e"",""timeOffset"":""-PT16H"",""amount"":1.11}",money-data.csv:000239
money-data.csv:000240,got +€3.33 person_f,[],"{""transactionType"":""income"",""currency"":""EUR"",""category"":""other_income"",""description"":""person_f"",""timeOffset"":""PT0M"",""amount"":3.33}",money-data.csv:000240
money-data.csv:000241,spent 1.11€ petrol,[],"{""transactionType"":""expense"",""currency"":""EUR"",""category"":""fuel"",""description"":""Petrol"",""timeOffset"":""PT0M"",""amount"":1.11}",money-data.csv:000241
money-data.csv:000242,juice 33.56 den,[],"{""transactionType"":""expense"",""currency"":""MKD"",""category"":""food_drink"",""description"":""Juice"",""timeOffset"":""PT0M"",""amount"":33.56}",money-data.csv:000242
money-data.csv:000243,person_b €5.56 -1h,[],"{""transactionType"":""expense"",""currency"":""EUR"",""category"":""peer_transfer"",""description"":""person_b"",""timeOffset"":""-PT1H"",""amount"":5.56}",money-data.csv:000243
money-data.csv:000244,snacks 0.11€,[],"{""transactionType"":""expense"",""currency"":""EUR"",""category"":""food_drink"",""description"":""Snacks"",""timeOffset"":""PT0M"",""amount"":0.11}",money-data.csv:000244
money-data.csv:000245,spent 0.54 eur drink ye,[],"{""transactionType"":""expense"",""currency"":""EUR"",""category"":""food_drink"",""description"":""Drink"",""timeOffset"":""-P1D"",""amount"":0.54}",money-data.csv:000245
money-data.csv:000246,lunch -1.33 eur in 1d,[],"{""transactionType"":""expense"",""currency"":""EUR"",""category"":""food_drink"",""description"":""Lunch"",""timeOffset"":""P1D"",""amount"":1.33}",money-data.csv:000246
money-data.csv:000247,water 41.1mkd,[],"{""transactionType"":""expense"",""currency"":""MKD"",""category"":""food_drink"",""description"":""Water"",""timeOffset"":""PT0M"",""amount"":41.1}",money-data.csv:000247
money-data.csv:000248,petrol -1.11€,[],"{""transactionType"":""expense"",""currency"":""EUR"",""category"":""fuel"",""description"":""Petrol"",""timeOffset"":""PT0M"",""amount"":1.11}",money-data.csv:000248
money-data.csv:000249,snacks -€0.22,[],"{""transactionType"":""expense"",""currency"":""EUR"",""category"":""food_drink"",""description"":""Snacks"",""timeOffset"":""PT0M"",""amount"":0.22}",money-data.csv:000249
money-data.csv:000250,petrol 1.11e 11h ago,[],"{""transactionType"":""expense"",""currency"":""EUR"",""category"":""fuel"",""description"":""Petrol"",""timeOffset"":""-PT11H"",""amount"":1.11}",money-data.csv:000250
money-data.csv:000251,shirt -7.77 eur 26d ago,[],"{""transactionType"":""expense"",""currency"":""EUR"",""category"":""shopping"",""description"":""Shirt"",""timeOffset"":""-P26D"",""amount"":7.77}",money-data.csv:000251
money-data.csv:000252,petrol 68.49mkd,[],"{""transactionType"":""expense"",""currency"":""MKD"",""category"":""fuel"",""description"":""Petrol"",""timeOffset"":""PT0M"",""amount"":68.49}",money-data.csv:000252
money-data.csv:000253,petrol -34.25 MKD,[],"{""transactionType"":""expense"",""currency"":""MKD"",""category"":""fuel"",""description"":""Petrol"",""timeOffset"":""PT0M"",""amount"":34.25}",money-data.csv:000253
money-data.csv:000254,snacks -0.67€,[],"{""transactionType"":""expense"",""currency"":""EUR"",""category"":""food_drink"",""description"":""Snacks"",""timeOffset"":""PT0M"",""amount"":0.67}",money-data.csv:000254
money-data.csv:000255,team lunch -8.83e,[],"{""transactionType"":""expense"",""currency"":""EUR"",""category"":""food_drink"",""description"":""Team lunch"",""timeOffset"":""PT0M"",""amount"":8.83}",money-data.csv:000255
money-data.csv:000256,bus 0.24usd,[],"{""transactionType"":""expense"",""currency"":""USD"",""category"":""transport"",""description"":""Bus"",""timeOffset"":""PT0M"",""amount"":0.24}",money-data.csv:000256
money-data.csv:000257,rta -0.39 eur,[],"{""transactionType"":""expense"",""currency"":""EUR"",""category"":""transport"",""description"":""RtA"",""timeOffset"":""PT0M"",""amount"":0.39}",money-data.csv:000257
money-data.csv:000258,spent 0.39 eur atr 22h ago,[],"{""transactionType"":""expense"",""currency"":""EUR"",""category"":""transport"",""description"":""AtR"",""timeOffset"":""-PT22H"",""amount"":0.39}",money-data.csv:000258
money-data.csv:000259,bus 0.11€,[],"{""transactionType"":""expense"",""currency"":""EUR"",""category"":""transport"",""description"":""Bus"",""timeOffset"":""PT0M"",""amount"":0.11}",money-data.csv:000259
money-data.csv:000260,rta -0.39 eur,[],"{""transactionType"":""expense"",""currency"":""EUR"",""category"":""transport"",""description"":""RtA"",""timeOffset"":""PT0M"",""amount"":0.39}",money-data.csv:000260
money-data.csv:000261,bus pass -4.78 eur,[],"{""transactionType"":""expense"",""currency"":""EUR"",""category"":""transport"",""description"":""Bus Pass"",""timeOffset"":""PT0M"",""amount"":4.78}",money-data.csv:000261
money-data.csv:000262,recharge 2.88e -5h,[],"{""transactionType"":""expense"",""currency"":""EUR"",""category"":""utilities"",""description"":""Recharge"",""timeOffset"":""-PT5H"",""amount"":2.88}",money-data.csv:000262
money-data.csv:000263,+€0.49 adjust balance,[],"{""transactionType"":""income"",""currency"":""EUR"",""category"":""balance_adjustment"",""description"":""Adjust balance"",""timeOffset"":""PT0M"",""amount"":0.49}",money-data.csv:000263
money-data.csv:000264,settlement 13.7 ден,[],"{""transactionType"":""expense"",""currency"":""MKD"",""category"":""other"",""description"":""Settlement"",""timeOffset"":""PT0M"",""amount"":13.7}",money-data.csv:000264
money-data.csv:000265,adjust balance -0.22e 4 days ago,[],"{""transactionType"":""expense"",""currency"":""EUR"",""category"":""balance_adjustment"",""description"":""Adjust balance"",""timeOffset"":""-P4D"",""amount"":0.22}",money-data.csv:000265
money-data.csv:000266,bus 0.33€,[],"{""transactionType"":""expense"",""currency"":""EUR"",""category"":""transport"",""description"":""Bus"",""timeOffset"":""PT0M"",""amount"":0.33}",money-data.csv:000266
money-data.csv:000267,spent €0.39 atr,[],"{""transactionType"":""expense"",""currency"":""EUR"",""category"":""transport"",""description"":""AtR"",""timeOffset"":""PT0M"",""amount"":0.39}",money-data.csv:000267
money-data.csv:000268,juice €0.44,[],"{""transactionType"":""expense"",""currency"":""EUR"",""category"":""food_drink"",""description"":""Juice"",""timeOffset"":""PT0M"",""amount"":0.44}",money-data.csv:000268
money-data.csv:000269,manchuria -€0.78,[],"{""transactionType"":""expense"",""currency"":""EUR"",""category"":""food_drink"",""description"":""Manchuria"",""timeOffset"":""PT0M"",""amount"":0.78}",money-data.csv:000269
money-data.csv:000270,breakfast -€0.28,[],"{""transactionType"":""expense"",""currency"":""EUR"",""category"":""food_drink"",""description"":""Breakfast"",""timeOffset"":""PT0M"",""amount"":0.28}",money-data.csv:000270
money-data.csv:000271,spent 1.11€ petrol +1d,[],"{""transactionType"":""expense"",""currency"":""EUR"",""category"":""fuel"",""description"":""Petrol"",""timeOffset"":""P1D"",""amount"":1.11}",money-data.csv:000271
money-data.csv:000272,tyre -0.11 eur,[],"{""transactionType"":""expense"",""currency"":""EUR"",""category"":""vehicle_maintenance"",""description"":""Tyre"",""timeOffset"":""PT0M"",""amount"":0.11}",money-data.csv:000272
money-data.csv:000273,shirt -547.26mkd -8d,[],"{""transactionType"":""expense"",""currency"":""MKD"",""category"":""shopping"",""description"":""Shirt"",""timeOffset"":""-P8D"",""amount"":547.26}",money-data.csv:000273
money-data.csv:000274,burrito -0.92€ 13h ago,[],"{""transactionType"":""expense"",""currency"":""EUR"",""category"":""food_drink"",""description"":""Burrito"",""timeOffset"":""-PT13H"",""amount"":0.92}",money-data.csv:000274
money-data.csv:000275,got +€0.99 person_c payup,[],"{""transactionType"":""income"",""currency"":""EUR"",""category"":""other_income"",""description"":""person_c PayUp"",""timeOffset"":""PT0M"",""amount"":0.99}",money-data.csv:000275
money-data.csv:000276,spent 0.98e ice cream,[],"{""transactionType"":""expense"",""currency"":""EUR"",""category"":""food_drink"",""description"":""Ice Cream"",""timeOffset"":""PT0M"",""amount"":0.98}",money-data.csv:000276
money-data.csv:000277,water 0.33 eur,[],"{""transactionType"":""expense"",""currency"":""EUR"",""category"":""food_drink"",""description"":""Water"",""timeOffset"":""PT0M"",""amount"":0.33}",money-data.csv:000277
money-data.csv:000278,bus -0.11e,[],"{""transactionType"":""expense"",""currency"":""EUR"",""category"":""transport"",""description"":""Bus"",""timeOffset"":""PT0M"",""amount"":0.11}",money-data.csv:000278
money-data.csv:000279,spent €0.39 rta 10h ago,[],"{""transactionType"":""expense"",""currency"":""EUR"",""category"":""transport"",""description"":""RtA"",""timeOffset"":""-PT10H"",""amount"":0.39}",money-data.csv:000279
money-data.csv:000280,spent 0.39 eur atr,[],"{""transactionType"":""expense"",""currency"":""EUR"",""category"":""transport"",""description"":""AtR"",""timeOffset"":""PT0M"",""amount"":0.39}",money-data.csv:000280
money-data.csv:000281,spent 0.9 dollar snacks,[],"{""transactionType"":""expense"",""currency"":""USD"",""category"":""food_drink"",""description"":""Snacks"",""timeOffset"":""PT0M"",""amount"":0.9}",money-data.csv:000281
money-data.csv:000282,snacks €1.44,[],"{""transactionType"":""expense"",""currency"":""EUR"",""category"":""food_drink"",""description"":""Snacks"",""timeOffset"":""PT0M"",""amount"":1.44}",money-data.csv:000282
money-data.csv:000283,recharge 2.41 dollar salary bank to metro card 22d ago,[],"{""transactionType"":""transfer"",""currency"":""USD"",""category"":""transfer"",""description"":""Recharge"",""timeOffset"":""-P22D"",""fromAccount"":""Salary Bank"",""toAccount"":""Metro Card"",""amount"":2.41}",money-data.csv:000283
money-data.csv:000284,atr -0.39e 5 days ago,[],"{""transactionType"":""expense"",""currency"":""EUR"",""category"":""transport"",""description"":""AtR"",""timeOffset"":""-P5D"",""amount"":0.39}",money-data.csv:000284
money-data.csv:000285,withdraw 3.33 eur salary bank to cash,[],"{""transactionType"":""transfer"",""currency"":""EUR"",""category"":""transfer"",""description"":""Withdraw"",""timeOffset"":""PT0M"",""fromAccount"":""Salary Bank"",""toAccount"":""Cash"",""amount"":3.33}",money-data.csv:000285
money-data.csv:000286,rta -0.39 eur 20 days ago,[],"{""transactionType"":""expense"",""currency"":""EUR"",""category"":""transport"",""description"":""RtA"",""timeOffset"":""-P20D"",""amount"":0.39}",money-data.csv:000286
money-data.csv:000287,bus 0.11e,[],"{""transactionType"":""expense"",""currency"":""EUR"",""category"":""transport"",""description"":""Bus"",""timeOffset"":""PT0M"",""amount"":0.11}",money-data.csv:000287
money-data.csv:000288,spent 0.39e atr,[],"{""transactionType"":""expense"",""currency"":""EUR"",""category"":""transport"",""description"":""AtR"",""timeOffset"":""PT0M"",""amount"":0.39}",money-data.csv:000288
money-data.csv:000289,spent €0.11 bus,[],"{""transactionType"":""expense"",""currency"":""EUR"",""category"":""transport"",""description"":""Bus"",""timeOffset"":""PT0M"",""amount"":0.11}",money-data.csv:000289
money-data.csv:000290,rta -0.39€ 20h ago,[],"{""transactionType"":""expense"",""currency"":""EUR"",""category"":""transport"",""description"":""RtA"",""timeOffset"":""-PT20H"",""amount"":0.39}",money-data.csv:000290
money-data.csv:000291,snacks -41.1mkd 8 days ago,[],"{""transactionType"":""expense"",""currency"":""MKD"",""category"":""food_drink"",""description"":""Snacks"",""timeOffset"":""-P8D"",""amount"":41.1}",money-data.csv:000291
money-data.csv:000292,domain -6.85e,[],"{""transactionType"":""expense"",""currency"":""EUR"",""category"":""utilities"",""description"":""Domain"",""timeOffset"":""PT0M"",""amount"":6.85}",money-data.csv:000292
money-data.csv:000293,atr 0.39 eur,[],"{""transactionType"":""expense"",""currency"":""EUR"",""category"":""transport"",""description"":""AtR"",""timeOffset"":""PT0M"",""amount"":0.39}",money-data.csv:000293
money-data.csv:000294,bus 0.11 eur tomorrow,[],"{""transactionType"":""expense"",""currency"":""EUR"",""category"":""transport"",""description"":""Bus"",""timeOffset"":""P1D"",""amount"":0.11}",money-data.csv:000294
money-data.csv:000295,breakfast -0.33€ 28 days ago,[],"{""transactionType"":""expense"",""currency"":""EUR"",""category"":""food_drink"",""description"":""Breakfast"",""timeOffset"":""-P28D"",""amount"":0.33}",money-data.csv:000295
money-data.csv:000296,bus 13.7 MKD,[],"{""transactionType"":""expense"",""currency"":""MKD"",""category"":""transport"",""description"":""Bus"",""timeOffset"":""PT0M"",""amount"":13.7}",money-data.csv:000296
money-data.csv:000297,recharge salary bank 2.41 dollar to metro card tmr,[],"{""transactionType"":""transfer"",""currency"":""USD"",""category"":""transfer"",""description"":""Recharge"",""timeOffset"":""P1D"",""fromAccount"":""Salary Bank"",""toAccount"":""Metro Card"",""amount"":2.41}",money-data.csv:000297
money-data.csv:000298,spent €0.39 rta,[],"{""transactionType"":""expense"",""currency"":""EUR"",""category"":""transport"",""description"":""RtA"",""timeOffset"":""PT0M"",""amount"":0.39}",money-data.csv:000298
money-data.csv:000299,spent €0.39 atr -15d,[],"{""transactionType"":""expense"",""currency"":""EUR"",""category"":""transport"",""description"":""AtR"",""timeOffset"":""-P15D"",""amount"":0.39}",money-data.csv:000299
money-data.csv:000300,adjust balance 0.44e tmr,[],"{""transactionType"":""expense"",""currency"":""EUR"",""category"":""balance_adjustment"",""description"":""Adjust balance"",""timeOffset"":""P1D"",""amount"":0.44}",money-data.csv:000300
money-data.csv:000301,rta -0.39e -22h,[],"{""transactionType"":""expense"",""currency"":""EUR"",""category"":""transport"",""description"":""RtA"",""timeOffset"":""-PT22H"",""amount"":0.39}",money-data.csv:000301
money-data.csv:000302,spent 0.33 eur adjust balance,[],"{""transactionType"":""expense"",""currency"":""EUR"",""category"":""balance_adjustment"",""description"":""Adjust balance"",""timeOffset"":""PT0M"",""amount"":0.33}",money-data.csv:000302
money-data.csv:000303,adjust balance -€0.79 -22h,[],"{""transactionType"":""expense"",""currency"":""EUR"",""category"":""balance_adjustment"",""description"":""Adjust balance"",""timeOffset"":""-PT22H"",""amount"":0.79}",money-data.csv:000303
money-data.csv:000304,spent 11.11 eur gym 26 days ago,[],"{""transactionType"":""expense"",""currency"":""EUR"",""category"":""health"",""description"":""Gym"",""timeOffset"":""-P26D"",""amount"":11.11}",money-data.csv:000304
money-data.csv:000305,atr 23.97 ден 14 days ago,[],"{""transactionType"":""expense"",""currency"":""MKD"",""category"":""transport"",""description"":""AtR"",""timeOffset"":""-P14D"",""amount"":23.97}",money-data.csv:000305
money-data.csv:000306,spent €1.56 shawarma 🌯 17h ago,[],"{""transactionType"":""expense"",""currency"":""EUR"",""category"":""food_drink"",""description"":""Shawarma \ud83c\udf2f"",""timeOffset"":""-PT17H"",""amount"":1.56}",money-data.csv:000306
money-data.csv:000307,atr -€0.39,[],"{""transactionType"":""expense"",""currency"":""EUR"",""category"":""transport"",""description"":""AtR"",""timeOffset"":""PT0M"",""amount"":0.39}",money-data.csv:000307
money-data.csv:000308,bus -6.85 MKD,[],"{""transactionType"":""expense"",""currency"":""MKD"",""category"":""transport"",""description"":""Bus"",""timeOffset"":""PT0M"",""amount"":6.85}",money-data.csv:000308
money-data.csv:000309,spent 0.33€ breakfast,[],"{""transactionType"":""expense"",""currency"":""EUR"",""category"":""food_drink"",""description"":""Breakfast"",""timeOffset"":""PT0M"",""amount"":0.33}",money-data.csv:000309
money-data.csv:000310,spent 3.01 USD fest,[],"{""transactionType"":""expense"",""currency"":""USD"",""category"":""entertainment"",""description"":""Fest"",""timeOffset"":""PT0M"",""amount"":3.01}",money-data.csv:000310
money-data.csv:000311,spent 0.11e juice -23d,[],"{""transactionType"":""expense"",""currency"":""EUR"",""category"":""food_drink"",""description"":""Juice"",""timeOffset"":""-P23D"",""amount"":0.11}",money-data.csv:000311
money-data.csv:000312,spent 0.11e bus 15d ago,[],"{""transactionType"":""expense"",""currency"":""EUR"",""category"":""transport"",""description"":""Bus"",""timeOffset"":""-P15D"",""amount"":0.11}",money-data.csv:000312
money-data.csv:000313,spent 0.33e juice 2 hours ago,[],"{""transactionType"":""expense"",""currency"":""EUR"",""category"":""food_drink"",""description"":""Juice"",""timeOffset"":""-PT2H"",""amount"":0.33}",money-data.csv:000313
money-data.csv:000314,spent €0.22 auto +1d,[],"{""transactionType"":""expense"",""currency"":""EUR"",""category"":""transport"",""description"":""Auto"",""timeOffset"":""P1D"",""amount"":0.22}",money-data.csv:000314
money-data.csv:000315,juice 20.55 den 18 hours ago,[],"{""transactionType"":""expense"",""currency"":""MKD"",""category"":""food_drink"",""description"":""Juice"",""timeOffset"":""-PT18H"",""amount"":20.55}",money-data.csv:000315
money-data.csv:000316,rta -0.39e,[],"{""transactionType"":""expense"",""currency"":""EUR"",""category"":""transport"",""description"":""RtA"",""timeOffset"":""PT0M"",""amount"":0.39}",money-data.csv:000316
money-data.csv:000317,recharge 2.22 eur salary bank to metro card,[],"{""transactionType"":""transfer"",""currency"":""EUR"",""category"":""transfer"",""description"":""Recharge"",""timeOffset"":""PT0M"",""fromAccount"":""Salary Bank"",""toAccount"":""Metro Card"",""amount"":2.22}",money-data.csv:000317
money-data.csv:000318,wow 3.44€,[],"{""transactionType"":""expense"",""currency"":""EUR"",""category"":""other"",""description"":""Wow"",""timeOffset"":""PT0M"",""amount"":3.44}",money-data.csv:000318
money-data.csv:000319,juice 0.28e 19 hours ago,[],"{""transactionType"":""expense"",""currency"":""EUR"",""category"":""food_drink"",""description"":""Juice"",""timeOffset"":""-PT19H"",""amount"":0.28}",money-data.csv:000319
money-data.csv:000320,spent 0.39 eur atr 15 hours ago,[],"{""transactionType"":""expense"",""currency"":""EUR"",""category"":""transport"",""description"":""AtR"",""timeOffset"":""-PT15H"",""amount"":0.39}",money-data.csv:000320
money-data.csv:000321,snacks 0.83€,[],"{""transactionType"":""expense"",""currency"":""EUR"",""category"":""food_drink"",""description"":""Snacks"",""timeOffset"":""PT0M"",""amount"":0.83}",money-data.csv:000321
money-data.csv:000322,petrol 1.11e,[],"{""transactionType"":""expense"",""currency"":""EUR"",""category"":""fuel"",""description"":""Petrol"",""timeOffset"":""PT0M"",""amount"":1.11}",money-data.csv:000322
money-data.csv:000323,+8.46e stonks 21 hours ago,[],"{""transactionType"":""income"",""currency"":""EUR"",""category"":""investment_income"",""description"":""Stonks"",""timeOffset"":""-PT21H"",""amount"":8.46}",money-data.csv:000323
money-data.csv:000324,transfer salary bank 35.54€ to savings bank -12d,[],"{""transactionType"":""transfer"",""currency"":""EUR"",""category"":""transfer"",""description"":""Transfer"",""timeOffset"":""-P12D"",""fromAccount"":""Salary Bank"",""toAccount"":""Savings Bank"",""amount"":35.54}",money-data.csv:000324
money-data.csv:000325,+€111.11 family_member_b,[],"{""transactionType"":""income"",""currency"":""EUR"",""category"":""family_support"",""description"":""family_member_b"",""timeOffset"":""PT0M"",""amount"":111.11}",money-data.csv:000325
money-data.csv:000326,spent 0.11€ bus,[],"{""transactionType"":""expense"",""currency"":""EUR"",""category"":""transport"",""description"":""Bus"",""timeOffset"":""PT0M"",""amount"":0.11}",money-data.csv:000326
money-data.csv:000327,atr 0.42 USD,[],"{""transactionType"":""expense"",""currency"":""USD"",""category"":""transport"",""description"":""AtR"",""timeOffset"":""PT0M"",""amount"":0.42}",money-data.csv:000327
money-data.csv:000328,atr 23.97 den,[],"{""transactionType"":""expense"",""currency"":""MKD"",""category"":""transport"",""description"":""AtR"",""timeOffset"":""PT0M"",""amount"":23.97}",money-data.csv:000328
money-data.csv:000329,spent 0.39 eur rta,[],"{""transactionType"":""expense"",""currency"":""EUR"",""category"":""transport"",""description"":""RtA"",""timeOffset"":""PT0M"",""amount"":0.39}",money-data.csv:000329
money-data.csv:000330,juice -0.11€,[],"{""transactionType"":""expense"",""currency"":""EUR"",""category"":""food_drink"",""description"":""Juice"",""timeOffset"":""PT0M"",""amount"":0.11}",money-data.csv:000330
money-data.csv:000331,juice 0.67 eur 20 hours ago,[],"{""transactionType"":""expense"",""currency"":""EUR"",""category"":""food_drink"",""description"":""Juice"",""timeOffset"":""-PT20H"",""amount"":0.67}",money-data.csv:000331
money-data.csv:000332,got +41.1 den person_b 20 hours ago,[],"{""transactionType"":""income"",""currency"":""MKD"",""category"":""other_income"",""description"":""person_b"",""timeOffset"":""-PT20H"",""amount"":41.1}",money-data.csv:000332
money-data.csv:000333,bus -0.11e,[],"{""transactionType"":""expense"",""currency"":""EUR"",""category"":""transport"",""description"":""Bus"",""timeOffset"":""PT0M"",""amount"":0.11}",money-data.csv:000333
money-data.csv:000334,netflix -2.21 eur 22d ago,[],"{""transactionType"":""expense"",""currency"":""EUR"",""category"":""entertainment"",""description"":""Netflix"",""timeOffset"":""-P22D"",""amount"":2.21}",money-data.csv:000334
money-data.csv:000335,person_b $36.14,[],"{""transactionType"":""expense"",""currency"":""USD"",""category"":""peer_transfer"",""description"":""person_b"",""timeOffset"":""PT0M"",""amount"":36.14}",money-data.csv:000335
money-data.csv:000336,+1.11€ person_j 22 days ago,[],"{""transactionType"":""income"",""currency"":""EUR"",""category"":""other_income"",""description"":""person_j"",""timeOffset"":""-P22D"",""amount"":1.11}",money-data.csv:000336
money-data.csv:000337,snacks -€1.78,[],"{""transactionType"":""expense"",""currency"":""EUR"",""category"":""food_drink"",""description"":""Snacks"",""timeOffset"":""PT0M"",""amount"":1.78}",money-data.csv:000337
money-data.csv:000338,spent €0.56 juice,[],"{""transactionType"":""expense"",""currency"":""EUR"",""category"":""food_drink"",""description"":""Juice"",""timeOffset"":""PT0M"",""amount"":0.56}",money-data.csv:000338
money-data.csv:000339,spent 34.25 den adjust balance -6d,[],"{""transactionType"":""expense"",""currency"":""MKD"",""category"":""balance_adjustment"",""description"":""Adjust balance"",""timeOffset"":""-P6D"",""amount"":34.25}",money-data.csv:000339
money-data.csv:000340,atr -€0.39,[],"{""transactionType"":""expense"",""currency"":""EUR"",""category"":""transport"",""description"":""AtR"",""timeOffset"":""PT0M"",""amount"":0.39}",money-data.csv:000340
money-data.csv:000341,spent 0.11€ bus,[],"{""transactionType"":""expense"",""currency"":""EUR"",""category"":""transport"",""description"":""Bus"",""timeOffset"":""PT0M"",""amount"":0.11}",money-data.csv:000341
money-data.csv:000342,spent 18.89€ family_member_a,[],"{""transactionType"":""expense"",""currency"":""EUR"",""category"":""peer_transfer"",""description"":""family_member_a"",""timeOffset"":""PT0M"",""amount"":18.89}",money-data.csv:000342
money-data.csv:000343,spent 1711.64 den shoes 8 days ago,[],"{""transactionType"":""expense"",""currency"":""MKD"",""category"":""shopping"",""description"":""Shoes"",""timeOffset"":""-P8D"",""amount"":1711.64}",money-data.csv:000343
money-data.csv:000344,haircut -1.67 eur,[],"{""transactionType"":""expense"",""currency"":""EUR"",""category"":""personal_care"",""description"":""Haircut"",""timeOffset"":""PT0M"",""amount"":1.67}",money-data.csv:000344
money-data.csv:000345,spent 1.11e person_b -1h,[],"{""transactionType"":""expense"",""currency"":""EUR"",""category"":""peer_transfer"",""description"":""person_b"",""timeOffset"":""-PT1H"",""amount"":1.11}",money-data.csv:000345
money-data.csv:000346,spent 1€ snacks +1d,[],"{""transactionType"":""expense"",""currency"":""EUR"",""category"":""food_drink"",""description"":""Snacks"",""timeOffset"":""P1D"",""amount"":1}",money-data.csv:000346
money-data.csv:000347,spent €144.44 family_member_b -30d,[],"{""transactionType"":""expense"",""currency"":""EUR"",""category"":""peer_transfer"",""description"":""family_member_b"",""timeOffset"":""-P30D"",""amount"":144.44}",money-data.csv:000347
money-data.csv:000348,spent 0.67 eur breakfast 13 days ago,[],"{""transactionType"":""expense"",""currency"":""EUR"",""category"":""food_drink"",""description"":""Breakfast"",""timeOffset"":""-P13D"",""amount"":0.67}",money-data.csv:000348
money-data.csv:000349,petrol 1.11 eur,[],"{""transactionType"":""expense"",""currency"":""EUR"",""category"":""fuel"",""description"":""Petrol"",""timeOffset"":""PT0M"",""amount"":1.11}",money-data.csv:000349
money-data.csv:000350,snacks -2.78€,[],"{""transactionType"":""expense"",""currency"":""EUR"",""category"":""food_drink"",""description"":""Snacks"",""timeOffset"":""PT0M"",""amount"":2.78}",money-data.csv:000350
money-data.csv:000351,settle -$0.06 19 hours ago,[],"{""transactionType"":""expense"",""currency"":""USD"",""category"":""other"",""description"":""Settle"",""timeOffset"":""-PT19H"",""amount"":0.06}",money-data.csv:000351
money-data.csv:000352,+€252.22 salary 21h ago,[],"{""transactionType"":""income"",""currency"":""EUR"",""category"":""salary"",""description"":""Salary"",""timeOffset"":""-PT21H"",""amount"":252.22}",money-data.csv:000352
money-data.csv:000353,transfer salary bank 2823.97 ден to savings bank,[],"{""transactionType"":""transfer"",""currency"":""MKD"",""category"":""transfer"",""description"":""Transfer"",""timeOffset"":""PT0M"",""fromAccount"":""Salary Bank"",""toAccount"":""Savings Bank"",""amount"":2823.97}",money-data.csv:000353
money-data.csv:000354,ice cream -€0.78,[],"{""transactionType"":""expense"",""currency"":""EUR"",""category"":""food_drink"",""description"":""Ice cream"",""timeOffset"":""PT0M"",""amount"":0.78}",money-data.csv:000354
money-data.csv:000355,juice 0.44 eur,[],"{""transactionType"":""expense"",""currency"":""EUR"",""category"":""food_drink"",""description"":""Juice"",""timeOffset"":""PT0M"",""amount"":0.44}",money-data.csv:000355
money-data.csv:000356,spent 0.22€ auto,[],"{""transactionType"":""expense"",""currency"":""EUR"",""category"":""transport"",""description"":""Auto"",""timeOffset"":""PT0M"",""amount"":0.22}",money-data.csv:000356
money-data.csv:000357,bus -0.11€ -3h,[],"{""transactionType"":""expense"",""currency"":""EUR"",""category"":""transport"",""description"":""Bus"",""timeOffset"":""-PT3H"",""amount"":0.11}",money-data.csv:000357
money-data.csv:000358,bus 0.12usd,[],"{""transactionType"":""expense"",""currency"":""USD"",""category"":""transport"",""description"":""Bus"",""timeOffset"":""PT0M"",""amount"":0.12}",money-data.csv:000358
money-data.csv:000359,spent 0.39 eur rta 14 hours ago,[],"{""transactionType"":""expense"",""currency"":""EUR"",""category"":""transport"",""description"":""RtA"",""timeOffset"":""-PT14H"",""amount"":0.39}",money-data.csv:000359
money-data.csv:000360,atr 23.97 MKD,[],"{""transactionType"":""expense"",""currency"":""MKD"",""category"":""transport"",""description"":""AtR"",""timeOffset"":""PT0M"",""amount"":23.97}",money-data.csv:000360
money-data.csv:000361,recharge 2.22e cash to metro card,[],"{""transactionType"":""transfer"",""currency"":""EUR"",""category"":""transfer"",""description"":""Recharge"",""timeOffset"":""PT0M"",""fromAccount"":""Cash"",""toAccount"":""Metro Card"",""amount"":2.22}",money-data.csv:000361
money-data.csv:000362,adjust balance -€1.17 11h ago,[],"{""transactionType"":""expense"",""currency"":""EUR"",""category"":""balance_adjustment"",""description"":""Adjust balance"",""timeOffset"":""-PT11H"",""amount"":1.17}",money-data.csv:000362
money-data.csv:000363,spent 0.33 eur bus,[],"{""transactionType"":""expense"",""currency"":""EUR"",""category"":""transport"",""description"":""Bus"",""timeOffset"":""PT0M"",""amount"":0.33}",money-data.csv:000363
money-data.csv:000364,spent €0.11 juice 19d ago,[],"{""transactionType"":""expense"",""currency"":""EUR"",""category"":""food_drink"",""description"":""Juice"",""timeOffset"":""-P19D"",""amount"":0.11}",money-data.csv:000364
money-data.csv:000365,spent 0.89e snacks,[],"{""transactionType"":""expense"",""currency"":""EUR"",""category"":""food_drink"",""description"":""Snacks"",""timeOffset"":""PT0M"",""amount"":0.89}",money-data.csv:000365
money-data.csv:000366,withdraw 5.56€ salary bank to cash -20d,[],"{""transactionType"":""transfer"",""currency"":""EUR"",""category"":""transfer"",""description"":""Withdraw"",""timeOffset"":""-P20D"",""fromAccount"":""Salary Bank"",""toAccount"":""Cash"",""amount"":5.56}",money-data.csv:000366
money-data.csv:000367,spent 0.39 eur rta 7 days ago,[],"{""transactionType"":""expense"",""currency"":""EUR"",""category"":""transport"",""description"":""RtA"",""timeOffset"":""-P7D"",""amount"":0.39}",money-data.csv:000367
money-data.csv:000368,family_member_a 5.56€ 8 hours ago,[],"{""transactionType"":""expense"",""currency"":""EUR"",""category"":""peer_transfer"",""description"":""family_member_a"",""timeOffset"":""-PT8H"",""amount"":5.56}",money-data.csv:000368
money-data.csv:000369,recharge 3.12 USD 5 hours ago,[],"{""transactionType"":""expense"",""currency"":""USD"",""category"":""utilities"",""description"":""Recharge"",""timeOffset"":""-PT5H"",""amount"":3.12}",money-data.csv:000369
money-data.csv:000370,+1369.86 den family_member_b,[],"{""transactionType"":""income"",""currency"":""MKD"",""category"":""family_support"",""description"":""family_member_b"",""timeOffset"":""PT0M"",""amount"":1369.86}",money-data.csv:000370
money-data.csv:000371,stonks 2.56€ 9 hours ago,[],"{""transactionType"":""expense"",""currency"":""EUR"",""category"":""financial"",""description"":""Stonks"",""timeOffset"":""-PT9H"",""amount"":2.56}",money-data.csv:000371
money-data.csv:000372,spent 136.99 MKD petrol,[],"{""transactionType"":""expense"",""currency"":""MKD"",""category"":""fuel"",""description"":""Petrol"",""timeOffset"":""PT0M"",""amount"":136.99}",money-data.csv:000372
money-data.csv:000373,rta -0.39e -4d,[],"{""transactionType"":""expense"",""currency"":""EUR"",""category"":""transport"",""description"":""RtA"",""timeOffset"":""-P4D"",""amount"":0.39}",money-data.csv:000373
money-data.csv:000374,snacks 0.28€ tomorrow,[],"{""transactionType"":""expense"",""currency"":""EUR"",""category"":""food_drink"",""description"":""Snacks"",""timeOffset"":""P1D"",""amount"":0.28}",money-data.csv:000374
money-data.csv:000375,rta 0.39 eur,[],"{""transactionType"":""expense"",""currency"":""EUR"",""category"":""transport"",""description"":""RtA"",""timeOffset"":""PT0M"",""amount"":0.39}",money-data.csv:000375
money-data.csv:000376,shawarma 🌯 -2.89e 18d ago,[],"{""transactionType"":""expense"",""currency"":""EUR"",""category"":""food_drink"",""description"":""Shawarma \ud83c\udf2f"",""timeOffset"":""-P18D"",""amount"":2.89}",money-data.csv:000376
money-data.csv:000377,bus pass €4.78,[],"{""transactionType"":""expense"",""currency"":""EUR"",""category"":""transport"",""description"":""Bus pass"",""timeOffset"":""PT0M"",""amount"":4.78}",money-data.csv:000377
money-data.csv:000378,spent 0.39€ rta 3 days ago,[],"{""transactionType"":""expense"",""currency"":""EUR"",""category"":""transport"",""description"":""RtA"",""timeOffset"":""-P3D"",""amount"":0.39}",money-data.csv:000378
money-data.csv:000379,adjust balance €1.22,[],"{""transactionType"":""expense"",""currency"":""EUR"",""category"":""balance_adjustment"",""description"":""Adjust balance"",""timeOffset"":""PT0M"",""amount"":1.22}",money-data.csv:000379
money-data.csv:000380,spent 0.33€ snacks -25d,[],"{""transactionType"":""expense"",""currency"":""EUR"",""category"":""food_drink"",""description"":""Snacks"",""timeOffset"":""-P25D"",""amount"":0.33}",money-data.csv:000380
money-data.csv:000381,rent 45.78 dollar,[],"{""transactionType"":""expense"",""currency"":""USD"",""category"":""housing"",""description"":""Rent"",""timeOffset"":""PT0M"",""amount"":45.78}",money-data.csv:000381
money-data.csv:000382,juice -0.44e,[],"{""transactionType"":""expense"",""currency"":""EUR"",""category"":""food_drink"",""description"":""Juice"",""timeOffset"":""PT0M"",""amount"":0.44}",money-data.csv:000382
money-data.csv:000383,snacks -0.22 eur,[],"{""transactionType"":""expense"",""currency"":""EUR"",""category"":""food_drink"",""description"":""Snacks"",""timeOffset"":""PT0M"",""amount"":0.22}",money-data.csv:000383
money-data.csv:000384,rta 0.39 eur,[],"{""transactionType"":""expense"",""currency"":""EUR"",""category"":""transport"",""description"":""RtA"",""timeOffset"":""PT0M"",""amount"":0.39}",money-data.csv:000384
money-data.csv:000385,spent €0.82 bike 5h ago,[],"{""transactionType"":""expense"",""currency"":""EUR"",""category"":""transport"",""description"":""Bike"",""timeOffset"":""-PT5H"",""amount"":0.82}",money-data.csv:000385
money-data.csv:000386,snacks 71.92 MKD 13 hours ago,[],"{""transactionType"":""expense"",""currency"":""MKD"",""category"":""food_drink"",""description"":""Snacks"",""timeOffset"":""-PT13H"",""amount"":71.92}",money-data.csv:000386
money-data.csv:000387,snacks 0.33e,[],"{""transactionType"":""expense"",""currency"":""EUR"",""category"":""food_drink"",""description"":""Snacks"",""timeOffset"":""PT0M"",""amount"":0.33}",money-data.csv:000387
money-data.csv:000388,bandages -0.09€,[],"{""transactionType"":""expense"",""currency"":""EUR"",""category"":""health"",""description"":""Bandages"",""timeOffset"":""PT0M"",""amount"":0.09}",money-data.csv:000388
money-data.csv:000389,spent 22.22€ family_member_a tomorrow,[],"{""transactionType"":""expense"",""currency"":""EUR"",""category"":""peer_transfer"",""description"":""family_member_a"",""timeOffset"":""P1D"",""amount"":22.22}",money-data.csv:000389
money-data.csv:000390,spent 0.67e doc,[],"{""transactionType"":""expense"",""currency"":""EUR"",""category"":""health"",""description"":""Doc"",""timeOffset"":""PT0M"",""amount"":0.67}",money-data.csv:000390
money-data.csv:000391,juice €1 2h ago,[],"{""transactionType"":""expense"",""currency"":""EUR"",""category"":""food_drink"",""description"":""Juice"",""timeOffset"":""-PT2H"",""amount"":1}",money-data.csv:000391
money-data.csv:000392,shawarma 🌯 -1.67€,[],"{""transactionType"":""expense"",""currency"":""EUR"",""category"":""food_drink"",""description"":""Shawarma \ud83c\udf2f"",""timeOffset"":""PT0M"",""amount"":1.67}",money-data.csv:000392
money-data.csv:000393,spent 0.33e breakfast,[],"{""transactionType"":""expense"",""currency"":""EUR"",""category"":""food_drink"",""description"":""Breakfast"",""timeOffset"":""PT0M"",""amount"":0.33}",money-data.csv:000393
money-data.csv:000394,spent 20.55mkd jalebi -3d,[],"{""transactionType"":""expense"",""currency"":""MKD"",""category"":""food_drink"",""description"":""Jalebi"",""timeOffset"":""-P3D"",""amount"":20.55}",money-data.csv:000394
money-data.csv:000395,family_member_a 11.11e,[],"{""transactionType"":""expense"",""currency"":""EUR"",""category"":""peer_transfer"",""description"":""family_member_a"",""timeOffset"":""PT0M"",""amount"":11.11}",money-data.csv:000395
money-data.csv:000396,spent 0.11 eur juice,[],"{""transactionType"":""expense"",""currency"":""EUR"",""category"":""food_drink"",""description"":""Juice"",""timeOffset"":""PT0M"",""amount"":0.11}",money-data.csv:000396
money-data.csv:000397,spent 2.22e petrol,[],"{""transactionType"":""expense"",""currency"":""EUR"",""category"":""fuel"",""description"":""Petrol"",""timeOffset"":""PT0M"",""amount"":2.22}",money-data.csv:000397
money-data.csv:000398,spent 0.11e snacks,[],"{""transactionType"":""expense"",""currency"":""EUR"",""category"":""food_drink"",""description"":""Snacks"",""timeOffset"":""PT0M"",""amount"":0.11}",money-data.csv:000398
money-data.csv:000399,breakfast -0.33€,[],"{""transactionType"":""expense"",""currency"":""EUR"",""category"":""food_drink"",""description"":""Breakfast"",""timeOffset"":""PT0M"",""amount"":0.33}",money-data.csv:000399
money-data.csv:000400,snacks 0.67€ 29d ago,[],"{""transactionType"":""expense"",""currency"":""EUR"",""category"":""food_drink"",""description"":""Snacks"",""timeOffset"":""-P29D"",""amount"":0.67}",money-data.csv:000400
money-data.csv:000401,rta -23.97 ден,[],"{""transactionType"":""expense"",""currency"":""MKD"",""category"":""transport"",""description"":""RtA"",""timeOffset"":""PT0M"",""amount"":23.97}",money-data.csv:000401
money-data.csv:000402,adjust balance -0.28 eur,[],"{""transactionType"":""expense"",""currency"":""EUR"",""category"":""balance_adjustment"",""description"":""Adjust balance"",""timeOffset"":""PT0M"",""amount"":0.28}",money-data.csv:000402
money-data.csv:000403,atr €0.39,[],"{""transactionType"":""expense"",""currency"":""EUR"",""category"":""transport"",""description"":""AtR"",""timeOffset"":""PT0M"",""amount"":0.39}",money-data.csv:000403
money-data.csv:000404,spent 0.11€ bus 10 hours ago,[],"{""transactionType"":""expense"",""currency"":""EUR"",""category"":""transport"",""description"":""Bus"",""timeOffset"":""-PT10H"",""amount"":0.11}",money-data.csv:000404
money-data.csv:000405,withdraw €2.22 salary bank to cash,[],"{""transactionType"":""transfer"",""currency"":""EUR"",""category"":""transfer"",""description"":""Withdraw"",""timeOffset"":""PT0M"",""fromAccount"":""Salary Bank"",""toAccount"":""Cash"",""amount"":2.22}",money-data.csv:000405
money-data.csv:000406,recharge 2.78e salary bank to metro card 2d ago,[],"{""transactionType"":""transfer"",""currency"":""EUR"",""category"":""transfer"",""description"":""Recharge"",""timeOffset"":""-P2D"",""fromAccount"":""Salary Bank"",""toAccount"":""Metro Card"",""amount"":2.78}",money-data.csv:000406
money-data.csv:000407,rta €0.39 29d ago,[],"{""transactionType"":""expense"",""currency"":""EUR"",""category"":""transport"",""description"":""RtA"",""timeOffset"":""-P29D"",""amount"":0.39}",money-data.csv:000407
money-data.csv:000408,spent 6.85 MKD snacks,[],"{""transactionType"":""expense"",""currency"":""MKD"",""category"":""food_drink"",""description"":""Snacks"",""timeOffset"":""PT0M"",""amount"":6.85}",money-data.csv:000408
money-data.csv:000409,spent 0.39 eur atr,[],"{""transactionType"":""expense"",""currency"":""EUR"",""category"":""transport"",""description"":""AtR"",""timeOffset"":""PT0M"",""amount"":0.39}",money-data.csv:000409
money-data.csv:000410,spent 1.39€ rb 🐂,[],"{""transactionType"":""expense"",""currency"":""EUR"",""category"":""food_drink"",""description"":""RB \ud83d\udc02"",""timeOffset"":""PT0M"",""amount"":1.39}",money-data.csv:000410
money-data.csv:000411,family_member_a $12.05,[],"{""transactionType"":""expense"",""currency"":""USD"",""category"":""peer_transfer"",""description"":""family_member_a"",""timeOffset"":""PT0M"",""amount"":12.05}",money-data.csv:000411
money-data.csv:000412,netflix -1.1€ 9 days ago,[],"{""transactionType"":""expense"",""currency"":""EUR"",""category"":""entertainment"",""description"":""Netflix"",""timeOffset"":""-P9D"",""amount"":1.1}",money-data.csv:000412
money-data.csv:000413,spent 0.42usd atr 3h ago,[],"{""transactionType"":""expense"",""currency"":""USD"",""category"":""transport"",""description"":""AtR"",""timeOffset"":""-PT3H"",""amount"":0.42}",money-data.csv:000413
money-data.csv:000414,bus -0.11 eur 12 hours ago,[],"{""transactionType"":""expense"",""currency"":""EUR"",""category"":""transport"",""description"":""Bus"",""timeOffset"":""-PT12H"",""amount"":0.11}",money-data.csv:000414
money-data.csv:000415,spent 23.97 ден rta,[],"{""transactionType"":""expense"",""currency"":""MKD"",""category"":""transport"",""description"":""RtA"",""timeOffset"":""PT0M"",""amount"":23.97}",money-data.csv:000415
money-data.csv:000416,snacks -0.22€,[],"{""transactionType"":""expense"",""currency"":""EUR"",""category"":""food_drink"",""description"":""Snacks"",""timeOffset"":""PT0M"",""amount"":0.22}",money-data.csv:000416
money-data.csv:000417,snacks 0.28 eur,[],"{""transactionType"":""expense"",""currency"":""EUR"",""category"":""food_drink"",""description"":""Snacks"",""timeOffset"":""PT0M"",""amount"":0.28}",money-data.csv:000417
money-data.csv:000418,spent 23.97 MKD rta,[],"{""transactionType"":""expense"",""currency"":""MKD"",""category"":""transport"",""description"":""RtA"",""timeOffset"":""PT0M"",""amount"":23.97}",money-data.csv:000418
money-data.csv:000419,atr 0.39€ 20h ago,[],"{""transactionType"":""expense"",""currency"":""EUR"",""category"":""transport"",""description"":""AtR"",""timeOffset"":""-PT20H"",""amount"":0.39}",money-data.csv:000419
money-data.csv:000420,spent €0.89 family_member_a -19d,[],"{""transactionType"":""expense"",""currency"":""EUR"",""category"":""peer_transfer"",""description"":""family_member_a"",""timeOffset"":""-P19D"",""amount"":0.89}",money-data.csv:000420
money-data.csv:000421,recharge salary bank 2.22 eur to metro card,[],"{""transactionType"":""transfer"",""currency"":""EUR"",""category"":""transfer"",""description"":""Recharge"",""timeOffset"":""PT0M"",""fromAccount"":""Salary Bank"",""toAccount"":""Metro Card"",""amount"":2.22}",money-data.csv:000421
money-data.csv:000422,snacks -0.67 eur 6 hours ago,[],"{""transactionType"":""expense"",""currency"":""EUR"",""category"":""food_drink"",""description"":""Snacks"",""timeOffset"":""-PT6H"",""amount"":0.67}",money-data.csv:000422
money-data.csv:000423,laptop fixes $1.81 22d ago,[],"{""transactionType"":""expense"",""currency"":""USD"",""category"":""shopping"",""description"":""Laptop fixes"",""timeOffset"":""-P22D"",""amount"":1.81}",money-data.csv:000423
money-data.csv:000424,juice €1.11,[],"{""transactionType"":""expense"",""currency"":""EUR"",""category"":""food_drink"",""description"":""Juice"",""timeOffset"":""PT0M"",""amount"":1.11}",money-data.csv:000424
money-data.csv:000425,snacks 102.74 MKD 2h ago,[],"{""transactionType"":""expense"",""currency"":""MKD"",""category"":""food_drink"",""description"":""Snacks"",""timeOffset"":""-PT2H"",""amount"":102.74}",money-data.csv:000425
money-data.csv:000426,cab -4.66e,[],"{""transactionType"":""expense"",""currency"":""EUR"",""category"":""transport"",""description"":""Cab"",""timeOffset"":""PT0M"",""amount"":4.66}",money-data.csv:000426
money-data.csv:000427,spent 5.29€ can tmr,[],"{""transactionType"":""expense"",""currency"":""EUR"",""category"":""other"",""description"":""Can"",""timeOffset"":""P1D"",""amount"":5.29}",money-data.csv:000427
money-data.csv:000428,spent $25.95 dinner,[],"{""transactionType"":""expense"",""currency"":""USD"",""category"":""other"",""description"":""Dinner"",""timeOffset"":""PT0M"",""amount"":25.95}",money-data.csv:000428
money-data.csv:000429,spent 684.93mkd gym,[],"{""transactionType"":""expense"",""currency"":""MKD"",""category"":""health"",""description"":""Gym"",""timeOffset"":""PT0M"",""amount"":684.93}",money-data.csv:000429
money-data.csv:000430,snacks -€0.67 12h ago,[],"{""transactionType"":""expense"",""currency"":""EUR"",""category"":""food_drink"",""description"":""Snacks"",""timeOffset"":""-PT12H"",""amount"":0.67}",money-data.csv:000430
money-data.csv:000431,spent €0.39 atr,[],"{""transactionType"":""expense"",""currency"":""EUR"",""category"":""transport"",""description"":""AtR"",""timeOffset"":""PT0M"",""amount"":0.39}",money-data.csv:000431
money-data.csv:000432,rta 23.97mkd -18h,[],"{""transactionType"":""expense"",""currency"":""MKD"",""category"":""transport"",""description"":""RtA"",""timeOffset"":""-PT18H"",""amount"":23.97}",money-data.csv:000432
money-data.csv:000433,spent 60.24usd family_member_a -17d,[],"{""transactionType"":""expense"",""currency"":""USD"",""category"":""peer_transfer"",""description"":""family_member_a"",""timeOffset"":""-P17D"",""amount"":60.24}",money-data.csv:000433
money-data.csv:000434,fancode -6.66 eur -7d,[],"{""transactionType"":""expense"",""currency"":""EUR"",""category"":""entertainment"",""description"":""Fancode"",""timeOffset"":""-P7D"",""amount"":6.66}",money-data.csv:000434
money-data.csv:000435,snacks -41.1 ден 22h ago,[],"{""transactionType"":""expense"",""currency"":""MKD"",""category"":""food_drink"",""description"":""Snacks"",""timeOffset"":""-PT22H"",""amount"":41.1}",money-data.csv:000435
money-data.csv:000436,got +252.22e salary 14d ago,[],"{""transactionType"":""income"",""currency"":""EUR"",""category"":""salary"",""description"":""Salary"",""timeOffset"":""-P14D"",""amount"":252.22}",money-data.csv:000436
money-data.csv:000437,spent 0.5 eur adjust balance in 1d,[],"{""transactionType"":""expense"",""currency"":""EUR"",""category"":""balance_adjustment"",""description"":""Adjust balance"",""timeOffset"":""P1D"",""amount"":0.5}",money-data.csv:000437
money-data.csv:000438,petrol -€1.11 tomorrow,[],"{""transactionType"":""expense"",""currency"":""EUR"",""category"":""fuel"",""description"":""Petrol"",""timeOffset"":""P1D"",""amount"":1.11}",money-data.csv:000438
money-data.csv:000439,family_member_a -€1.11,[],"{""transactionType"":""expense"",""currency"":""EUR"",""category"":""peer_transfer"",""description"":""family_member_a"",""timeOffset"":""PT0M"",""amount"":1.11}",money-data.csv:000439
money-data.csv:000440,family_member_b -€1.67,[],"{""transactionType"":""expense"",""currency"":""EUR"",""category"":""peer_transfer"",""description"":""family_member_b"",""timeOffset"":""PT0M"",""amount"":1.67}",money-data.csv:000440
money-data.csv:000441,bus -0.11€ -12d,[],"{""transactionType"":""expense"",""currency"":""EUR"",""category"":""transport"",""description"":""Bus"",""timeOffset"":""-P12D"",""amount"":0.11}",money-data.csv:000441
money-data.csv:000442,rta -€0.39,[],"{""transactionType"":""expense"",""currency"":""EUR"",""category"":""transport"",""description"":""RtA"",""timeOffset"":""PT0M"",""amount"":0.39}",money-data.csv:000442
money-data.csv:000443,snacks -0.67 eur -13h,[],"{""transactionType"":""expense"",""currency"":""EUR"",""category"":""food_drink"",""description"":""Snacks"",""timeOffset"":""-PT13H"",""amount"":0.67}",money-data.csv:000443
money-data.csv:000444,atr 0.39 eur 12 hours ago,[],"{""transactionType"":""expense"",""currency"":""EUR"",""category"":""transport"",""description"":""AtR"",""timeOffset"":""-PT12H"",""amount"":0.39}",money-data.csv:000444
money-data.csv:000445,spent €0.17 adjust balance -30d,[],"{""transactionType"":""expense"",""currency"":""EUR"",""category"":""balance_adjustment"",""description"":""Adjust balance"",""timeOffset"":""-P30D"",""amount"":0.17}",money-data.csv:000445
money-data.csv:000446,bus -6.85 den 17 hours ago,[],"{""transactionType"":""expense"",""currency"":""MKD"",""category"":""transport"",""description"":""Bus"",""timeOffset"":""-PT17H"",""amount"":6.85}",money-data.csv:000446
money-data.csv:000447,spent 0.42 USD rta 11h ago,[],"{""transactionType"":""expense"",""currency"":""USD"",""category"":""transport"",""description"":""RtA"",""timeOffset"":""-PT11H"",""amount"":0.42}",money-data.csv:000447
money-data.csv:000448,shawarma 🌯 1.56 eur -1h,[],"{""transactionType"":""expense"",""currency"":""EUR"",""category"":""food_drink"",""description"":""Shawarma \ud83c\udf2f"",""timeOffset"":""-PT1H"",""amount"":1.56}",money-data.csv:000448
money-data.csv:000449,bus -0.11€ 3h ago,[],"{""transactionType"":""expense"",""currency"":""EUR"",""category"":""transport"",""description"":""Bus"",""timeOffset"":""-PT3H"",""amount"":0.11}",money-data.csv:000449
money-data.csv:000450,spent 0.39e snacks,[],"{""transactionType"":""expense"",""currency"":""EUR"",""category"":""food_drink"",""description"":""Snacks"",""timeOffset"":""PT0M"",""amount"":0.39}",money-data.csv:000450
money-data.csv:000451,atr 23.97mkd,[],"{""transactionType"":""expense"",""currency"":""MKD"",""category"":""transport"",""description"":""AtR"",""timeOffset"":""PT0M"",""amount"":23.97}",money-data.csv:000451
money-data.csv:000452,withdraw savings bank €5.56 to cash,[],"{""transactionType"":""transfer"",""currency"":""EUR"",""category"":""transfer"",""description"":""Withdraw"",""timeOffset"":""PT0M"",""fromAccount"":""Savings Bank"",""toAccount"":""Cash"",""amount"":5.56}",money-data.csv:000452
money-data.csv:000453,bus -0.11€,[],"{""transactionType"":""expense"",""currency"":""EUR"",""category"":""transport"",""description"":""Bus"",""timeOffset"":""PT0M"",""amount"":0.11}",money-data.csv:000453
money-data.csv:000454,snacks -0.67€ -18h,[],"{""transactionType"":""expense"",""currency"":""EUR"",""category"":""food_drink"",""description"":""Snacks"",""timeOffset"":""-PT18H"",""amount"":0.67}",money-data.csv:000454
money-data.csv:000455,recharge savings bank €2.22 to metro card,[],"{""transactionType"":""transfer"",""currency"":""EUR"",""category"":""transfer"",""description"":""Recharge"",""timeOffset"":""PT0M"",""fromAccount"":""Savings Bank"",""toAccount"":""Metro Card"",""amount"":2.22}",money-data.csv:000455
money-data.csv:000456,got +10.44€ adjust balance 12h ago,[],"{""transactionType"":""income"",""currency"":""EUR"",""category"":""balance_adjustment"",""description"":""Adjust balance"",""timeOffset"":""-PT12H"",""amount"":10.44}",money-data.csv:000456
money-data.csv:000457,adjust balance -€0.11,[],"{""transactionType"":""expense"",""currency"":""EUR"",""category"":""balance_adjustment"",""description"":""Adjust balance"",""timeOffset"":""PT0M"",""amount"":0.11}",money-data.csv:000457
money-data.csv:000458,spent 6.85 den bus,[],"{""transactionType"":""expense"",""currency"":""MKD"",""category"":""transport"",""description"":""Bus"",""timeOffset"":""PT0M"",""amount"":6.85}",money-data.csv:000458
money-data.csv:000459,atr -0.39€,[],"{""transactionType"":""expense"",""currency"":""EUR"",""category"":""transport"",""description"":""AtR"",""timeOffset"":""PT0M"",""amount"":0.39}",money-data.csv:000459
money-data.csv:000460,rta -0.39 eur,[],"{""transactionType"":""expense"",""currency"":""EUR"",""category"":""transport"",""description"":""RtA"",""timeOffset"":""PT0M"",""amount"":0.39}",money-data.csv:000460
money-data.csv:000461,family_member_a -2.22e,[],"{""transactionType"":""expense"",""currency"":""EUR"",""category"":""peer_transfer"",""description"":""family_member_a"",""timeOffset"":""PT0M"",""amount"":2.22}",money-data.csv:000461
money-data.csv:000462,family_member_b -0.56 eur -18d,[],"{""transactionType"":""expense"",""currency"":""EUR"",""category"":""peer_transfer"",""description"":""family_member_b"",""timeOffset"":""-P18D"",""amount"":0.56}",money-data.csv:000462
money-data.csv:000463,snacks -0.56 eur 9 hours ago,[],"{""transactionType"":""expense"",""currency"":""EUR"",""category"":""food_drink"",""description"":""Snacks"",""timeOffset"":""-PT9H"",""amount"":0.56}",money-data.csv:000463
money-data.csv:000464,spent 23.97 ден snacks,[],"{""transactionType"":""expense"",""currency"":""MKD"",""category"":""food_drink"",""description"":""Snacks"",""timeOffset"":""PT0M"",""amount"":23.97}",money-data.csv:000464
money-data.csv:000465,spent $0.3 snacks,[],"{""transactionType"":""expense"",""currency"":""USD"",""category"":""food_drink"",""description"":""Snacks"",""timeOffset"":""PT0M"",""amount"":0.3}",money-data.csv:000465
money-data.csv:000466,bus 0.11e 23d ago,[],"{""transactionType"":""expense"",""currency"":""EUR"",""category"":""transport"",""description"":""Bus"",""timeOffset"":""-P23D"",""amount"":0.11}",money-data.csv:000466
money-data.csv:000467,spent 0.39e rta,[],"{""transactionType"":""expense"",""currency"":""EUR"",""category"":""transport"",""description"":""RtA"",""timeOffset"":""PT0M"",""amount"":0.39}",money-data.csv:000467
money-data.csv:000468,bus -0.11€,[],"{""transactionType"":""expense"",""currency"":""EUR"",""category"":""transport"",""description"":""Bus"",""timeOffset"":""PT0M"",""amount"":0.11}",money-data.csv:000468
money-data.csv:000469,atr -23.97 MKD,[],"{""transactionType"":""expense"",""currency"":""MKD"",""category"":""transport"",""description"":""AtR"",""timeOffset"":""PT0M"",""amount"":23.97}",money-data.csv:000469
money-data.csv:000470,bb -0.56€,[],"{""transactionType"":""expense"",""currency"":""EUR"",""category"":""other"",""description"":""Bb"",""timeOffset"":""PT0M"",""amount"":0.56}",money-data.csv:000470
money-data.csv:000471,spent 0.11e bus 16d ago,[],"{""transactionType"":""expense"",""currency"":""EUR"",""category"":""transport"",""description"":""Bus"",""timeOffset"":""-P16D"",""amount"":0.11}",money-data.csv:000471
money-data.csv:000472,rta 0.39€,[],"{""transactionType"":""expense"",""currency"":""EUR"",""category"":""transport"",""description"":""RtA"",""timeOffset"":""PT0M"",""amount"":0.39}",money-data.csv:000472
money-data.csv:000473,spent 2€ stonks,[],"{""transactionType"":""expense"",""currency"":""EUR"",""category"":""financial"",""description"":""Stonks"",""timeOffset"":""PT0M"",""amount"":2}",money-data.csv:000473
money-data.csv:000474,bus -0.11€ 7h ago,[],"{""transactionType"":""expense"",""currency"":""EUR"",""category"":""transport"",""description"":""Bus"",""timeOffset"":""-PT7H"",""amount"":0.11}",money-data.csv:000474
money-data.csv:000475,atr -23.97 ден,[],"{""transactionType"":""expense"",""currency"":""MKD"",""category"":""transport"",""description"":""AtR"",""timeOffset"":""PT0M"",""amount"":23.97}",money-data.csv:000475
money-data.csv:000476,snacks 0.33€,[],"{""transactionType"":""expense"",""currency"":""EUR"",""category"":""food_drink"",""description"":""Snacks"",""timeOffset"":""PT0M"",""amount"":0.33}",money-data.csv:000476
money-data.csv:000477,spent 0.12 dollar bus,[],"{""transactionType"":""expense"",""currency"":""USD"",""category"":""transport"",""description"":""Bus"",""timeOffset"":""PT0M"",""amount"":0.12}",money-data.csv:000477
money-data.csv:000478,rta -€0.39,[],"{""transactionType"":""expense"",""currency"":""EUR"",""category"":""transport"",""description"":""RtA"",""timeOffset"":""PT0M"",""amount"":0.39}",money-data.csv:000478
money-data.csv:000479,recharge 2.88 eur,[],"{""transactionType"":""expense"",""currency"":""EUR"",""category"":""utilities"",""description"":""Recharge"",""timeOffset"":""PT0M"",""amount"":2.88}",money-data.csv:000479
money-data.csv:000480,play store 0.11usd -29d,[],"{""transactionType"":""expense"",""currency"":""USD"",""category"":""entertainment"",""description"":""Play store"",""timeOffset"":""-P29D"",""amount"":0.11}",money-data.csv:000480
money-data.csv:000481,bus -€0.11,[],"{""transactionType"":""expense"",""currency"":""EUR"",""category"":""transport"",""description"":""Bus"",""timeOffset"":""PT0M"",""amount"":0.11}",money-data.csv:000481
money-data.csv:000482,spent 0.39e rta -3h,[],"{""transactionType"":""expense"",""currency"":""EUR"",""category"":""transport"",""description"":""RtA"",""timeOffset"":""-PT3H"",""amount"":0.39}",money-data.csv:000482
money-data.csv:000483,spent 0.39 eur atr,[],"{""transactionType"":""expense"",""currency"":""EUR"",""category"":""transport"",""description"":""AtR"",""timeOffset"":""PT0M"",""amount"":0.39}",money-data.csv:000483
money-data.csv:000484,bus -0.11€,[],"{""transactionType"":""expense"",""currency"":""EUR"",""category"":""transport"",""description"":""Bus"",""timeOffset"":""PT0M"",""amount"":0.11}",money-data.csv:000484
money-data.csv:000485,rta -23.97mkd,[],"{""transactionType"":""expense"",""currency"":""MKD"",""category"":""transport"",""description"":""RtA"",""timeOffset"":""PT0M"",""amount"":23.97}",money-data.csv:000485
money-data.csv:000486,spent €0.39 atr 27d ago,[],"{""transactionType"":""expense"",""currency"":""EUR"",""category"":""transport"",""description"":""AtR"",""timeOffset"":""-P27D"",""amount"":0.39}",money-data.csv:000486
money-data.csv:000487,recharge €3.33 savings bank to metro card 25 days ago,[],"{""transactionType"":""transfer"",""currency"":""EUR"",""category"":""transfer"",""description"":""Recharge"",""timeOffset"":""-P25D"",""fromAccount"":""Savings Bank"",""toAccount"":""Metro Card"",""amount"":3.33}",money-data.csv:000487
money-data.csv:000488,withdraw savings bank 2.56 eur to cash,[],"{""transactionType"":""transfer"",""currency"":""EUR"",""category"":""transfer"",""description"":""Withdraw"",""timeOffset"":""PT0M"",""fromAccount"":""Savings Bank"",""toAccount"":""Cash"",""amount"":2.56}",money-data.csv:000488
money-data.csv:000489,biryani 🍚 -€2.78,[],"{""transactionType"":""expense"",""currency"":""EUR"",""category"":""food_drink"",""description"":""Biryani \ud83c\udf5a"",""timeOffset"":""PT0M"",""amount"":2.78}",money-data.csv:000489
money-data.csv:000490,juice €0.44 3 hours ago,[],"{""transactionType"":""expense"",""currency"":""EUR"",""category"":""food_drink"",""description"":""Juice"",""timeOffset"":""-PT3H"",""amount"":0.44}",money-data.csv:000490
money-data.csv:000491,snacks -0.44 eur -22h,[],"{""transactionType"":""expense"",""currency"":""EUR"",""category"":""food_drink"",""description"":""Snacks"",""timeOffset"":""-PT22H"",""amount"":0.44}",money-data.csv:000491
money-data.csv:000492,spent 1.67 eur book 2 hours ago,[],"{""transactionType"":""expense"",""currency"":""EUR"",""category"":""education"",""description"":""Book"",""timeOffset"":""-PT2H"",""amount"":1.67}",money-data.csv:000492
money-data.csv:000493,entry fee 0.56e,[],"{""transactionType"":""expense"",""currency"":""EUR"",""category"":""entertainment"",""description"":""Entry fee"",""timeOffset"":""PT0M"",""amount"":0.56}",money-data.csv:000493
money-data.csv:000494,bus pass -4.78€ 22h ago,[],"{""transactionType"":""expense"",""currency"":""EUR"",""category"":""transport"",""description"":""Bus pass"",""timeOffset"":""-PT22H"",""amount"":4.78}",money-data.csv:000494
money-data.csv:000495,spent 0.24usd juice,[],"{""transactionType"":""expense"",""currency"":""USD"",""category"":""food_drink"",""description"":""Juice"",""timeOffset"":""PT0M"",""amount"":0.24}",money-data.csv:000495
money-data.csv:000496,spent €0.18 adjust balance 19d ago,[],"{""transactionType"":""expense"",""currency"":""EUR"",""category"":""balance_adjustment"",""description"":""Adjust balance"",""timeOffset"":""-P19D"",""amount"":0.18}",money-data.csv:000496
money-data.csv:000497,got +1.44€ adjust balance,[],"{""transactionType"":""income"",""currency"":""EUR"",""category"":""balance_adjustment"",""description"":""Adjust balance"",""timeOffset"":""PT0M"",""amount"":1.44}",money-data.csv:000497
money-data.csv:000498,spent 0.39e rta 4 hours ago,[],"{""transactionType"":""expense"",""currency"":""EUR"",""category"":""transport"",""description"":""RtA"",""timeOffset"":""-PT4H"",""amount"":0.39}",money-data.csv:000498
money-data.csv:000499,spent 0.39 eur atr 19d ago,[],"{""transactionType"":""expense"",""currency"":""EUR"",""category"":""transport"",""description"":""AtR"",""timeOffset"":""-P19D"",""amount"":0.39}",money-data.csv:000499
money-data.csv:000500,rta 23.97 ден 27 days ago,[],"{""transactionType"":""expense"",""currency"":""MKD"",""category"":""transport"",""description"":""RtA"",""timeOffset"":""-P27D"",""amount"":23.97}",money-data.csv:000500
money-data.csv:000501,snack €1.11,[],"{""transactionType"":""expense"",""currency"":""EUR"",""category"":""food_drink"",""description"":""Snack"",""timeOffset"":""PT0M"",""amount"":1.11}",money-data.csv:000501
money-data.csv:000502,spent 1.2 USD petrol 19d ago,[],"{""transactionType"":""expense"",""currency"":""USD"",""category"":""fuel"",""description"":""Petrol"",""timeOffset"":""-P19D"",""amount"":1.2}",money-data.csv:000502
money-data.csv:000503,spent 1.11€ petrol,[],"{""transactionType"":""expense"",""currency"":""EUR"",""category"":""fuel"",""description"":""Petrol"",""timeOffset"":""PT0M"",""amount"":1.11}",money-data.csv:000503
money-data.csv:000504,rta 0.42 USD,[],"{""transactionType"":""expense"",""currency"":""USD"",""category"":""transport"",""description"":""RtA"",""timeOffset"":""PT0M"",""amount"":0.42}",money-data.csv:000504
money-data.csv:000505,recharge 136.99 ден savings bank to metro card tmr,[],"{""transactionType"":""transfer"",""currency"":""MKD"",""category"":""transfer"",""description"":""Recharge"",""timeOffset"":""P1D"",""fromAccount"":""Savings Bank"",""toAccount"":""Metro Card"",""amount"":136.99}",money-data.csv:000505
money-data.csv:000506,spent €0.39 atr,[],"{""transactionType"":""expense"",""currency"":""EUR"",""category"":""transport"",""description"":""AtR"",""timeOffset"":""PT0M"",""amount"":0.39}",money-data.csv:000506
money-data.csv:000507,bus 0.11€ 14 days ago,[],"{""transactionType"":""expense"",""currency"":""EUR"",""category"":""transport"",""description"":""Bus"",""timeOffset"":""-P14D"",""amount"":0.11}",money-data.csv:000507
money-data.csv:000508,spent 0.39€ rta,[],"{""transactionType"":""expense"",""currency"":""EUR"",""category"":""transport"",""description"":""RtA"",""timeOffset"":""PT0M"",""amount"":0.39}",money-data.csv:000508
money-data.csv:000509,bus 0.11 eur -20d,[],"{""transactionType"":""expense"",""currency"":""EUR"",""category"":""transport"",""description"":""Bus"",""timeOffset"":""-P20D"",""amount"":0.11}",money-data.csv:000509
money-data.csv:000510,got +€0.02 adjust balance 16d ago,[],"{""transactionType"":""income"",""currency"":""EUR"",""category"":""balance_adjustment"",""description"":""Adjust balance"",""timeOffset"":""-P16D"",""amount"":0.02}",money-data.csv:000510
money-data.csv:000511,snacks 89.04 ден 17 hours ago,[],"{""transactionType"":""expense"",""currency"":""MKD"",""category"":""food_drink"",""description"":""Snacks"",""timeOffset"":""-PT17H"",""amount"":89.04}",money-data.csv:000511
money-data.csv:000512,spent €0.5 snacks,[],"{""transactionType"":""expense"",""currency"":""EUR"",""category"":""food_drink"",""description"":""Snacks"",""timeOffset"":""PT0M"",""amount"":0.5}",money-data.csv:000512
money-data.csv:000513,auto -0.22e,[],"{""transactionType"":""expense"",""currency"":""EUR"",""category"":""transport"",""description"":""Auto"",""timeOffset"":""PT0M"",""amount"":0.22}",money-data.csv:000513
money-data.csv:000514,snacks -1.61e 21h ago,[],"{""transactionType"":""expense"",""currency"":""EUR"",""category"":""food_drink"",""description"":""Snacks"",""timeOffset"":""-PT21H"",""amount"":1.61}",money-data.csv:000514
money-data.csv:000515,pants €11.09 13 days ago,[],"{""transactionType"":""expense"",""currency"":""EUR"",""category"":""shopping"",""description"":""Pants"",""timeOffset"":""-P13D"",""amount"":11.09}",money-data.csv:000515
money-data.csv:000516,spent 69.86 ден ice cream -18h,[],"{""transactionType"":""expense"",""currency"":""MKD"",""category"":""food_drink"",""description"":""Ice cream"",""timeOffset"":""-PT18H"",""amount"":69.86}",money-data.csv:000516
money-data.csv:000517,spent 2.74€ pizza,[],"{""transactionType"":""expense"",""currency"":""EUR"",""category"":""food_drink"",""description"":""Pizza"",""timeOffset"":""PT0M"",""amount"":2.74}",money-data.csv:000517
money-data.csv:000518,shirt -11.1€ -16h,[],"{""transactionType"":""expense"",""currency"":""EUR"",""category"":""shopping"",""description"":""Shirt"",""timeOffset"":""-PT16H"",""amount"":11.1}",money-data.csv:000518
money-data.csv:000519,pant 8.88e,[],"{""transactionType"":""expense"",""currency"":""EUR"",""category"":""shopping"",""description"":""Pant"",""timeOffset"":""PT0M"",""amount"":8.88}",money-data.csv:000519
money-data.csv:000520,rta €0.39,[],"{""transactionType"":""expense"",""currency"":""EUR"",""category"":""transport"",""description"":""RtA"",""timeOffset"":""PT0M"",""amount"":0.39}",money-data.csv:000520
money-data.csv:000521,spent €0.01 upi lite +1d,[],"{""transactionType"":""expense"",""currency"":""EUR"",""category"":""financial"",""description"":""UPI lite"",""timeOffset"":""P1D"",""amount"":0.01}",money-data.csv:000521
money-data.csv:000522,spent 4.89 eur bus pass,[],"{""transactionType"":""expense"",""currency"":""EUR"",""category"":""transport"",""description"":""Bus Pass"",""timeOffset"":""PT0M"",""amount"":4.89}",money-data.csv:000522
money-data.csv:000523,family_member_a 11.11 eur,[],"{""transactionType"":""expense"",""currency"":""EUR"",""category"":""peer_transfer"",""description"":""family_member_a"",""timeOffset"":""PT0M"",""amount"":11.11}",money-data.csv:000523
money-data.csv:000524,withdraw savings bank 4.44e to cash,[],"{""transactionType"":""transfer"",""currency"":""EUR"",""category"":""transfer"",""description"":""Withdraw"",""timeOffset"":""PT0M"",""fromAccount"":""Savings Bank"",""toAccount"":""Cash"",""amount"":4.44}",money-data.csv:000524
money-data.csv:000525,snacks 1€,[],"{""transactionType"":""expense"",""currency"":""EUR"",""category"":""food_drink"",""description"":""Snacks"",""timeOffset"":""PT0M"",""amount"":1}",money-data.csv:000525
money-data.csv:000526,exam 273.97mkd,[],"{""transactionType"":""expense"",""currency"":""MKD"",""category"":""education"",""description"":""Exam"",""timeOffset"":""PT0M"",""amount"":273.97}",money-data.csv:000526
money-data.csv:000527,adjust balance €0.44,[],"{""transactionType"":""expense"",""currency"":""EUR"",""category"":""balance_adjustment"",""description"":""Adjust balance"",""timeOffset"":""PT0M"",""amount"":0.44}",money-data.csv:000527
money-data.csv:000528,+0.05e stonks 5h ago,[],"{""transactionType"":""income"",""currency"":""EUR"",""category"":""investment_income"",""description"":""Stonks"",""timeOffset"":""-PT5H"",""amount"":0.05}",money-data.csv:000528
money-data.csv:000529,family_member_a birthday 574.66 MKD,[],"{""transactionType"":""expense"",""currency"":""MKD"",""category"":""peer_transfer"",""description"":""family_member_a birthday"",""timeOffset"":""PT0M"",""amount"":574.66}",money-data.csv:000529
money-data.csv:000530,auto -€0.22 -28d,[],"{""transactionType"":""expense"",""currency"":""EUR"",""category"":""transport"",""description"":""Auto"",""timeOffset"":""-P28D"",""amount"":0.22}",money-data.csv:000530
money-data.csv:000531,family_member_a -22.22€,[],"{""transactionType"":""expense"",""currency"":""EUR"",""category"":""peer_transfer"",""description"":""family_member_a"",""timeOffset"":""PT0M"",""amount"":22.22}",money-data.csv:000531
money-data.csv:000532,petrol -€2.22,[],"{""transactionType"":""expense"",""currency"":""EUR"",""category"":""fuel"",""description"":""Petrol"",""timeOffset"":""PT0M"",""amount"":2.22}",money-data.csv:000532
money-data.csv:000533,spent 3.32e book 27 days ago,[],"{""transactionType"":""expense"",""currency"":""EUR"",""category"":""education"",""description"":""Book"",""timeOffset"":""-P27D"",""amount"":3.32}",money-data.csv:000533
money-data.csv:000534,netflix -1.1€,[],"{""transactionType"":""expense"",""currency"":""EUR"",""category"":""entertainment"",""description"":""Netflix"",""timeOffset"":""PT0M"",""amount"":1.1}",money-data.csv:000534
money-data.csv:000535,snacks -$0.48,[],"{""transactionType"":""expense"",""currency"":""USD"",""category"":""food_drink"",""description"":""Snacks"",""timeOffset"":""PT0M"",""amount"":0.48}",money-data.csv:000535
money-data.csv:000536,petrol €1.11,[],"{""transactionType"":""expense"",""currency"":""EUR"",""category"":""fuel"",""description"":""Petrol"",""timeOffset"":""PT0M"",""amount"":1.11}",money-data.csv:000536
money-data.csv:000537,person_b -1.11€ 2h ago,[],"{""transactionType"":""expense"",""currency"":""EUR"",""category"":""peer_transfer"",""description"":""person_b"",""timeOffset"":""-PT2H"",""amount"":1.11}",money-data.csv:000537
money-data.csv:000538,gym $12.05 in 1d,[],"{""transactionType"":""expense"",""currency"":""USD"",""category"":""health"",""description"":""Gym"",""timeOffset"":""P1D"",""amount"":12.05}",money-data.csv:000538
money-data.csv:000539,milk -60.27 den tomorrow,[],"{""transactionType"":""expense"",""currency"":""MKD"",""category"":""groceries"",""description"":""Milk"",""timeOffset"":""P1D"",""amount"":60.27}",money-data.csv:000539
money-data.csv:000540,petrol 68.49 MKD,[],"{""transactionType"":""expense"",""currency"":""MKD"",""category"":""fuel"",""description"":""Petrol"",""timeOffset"":""PT0M"",""amount"":68.49}",money-data.csv:000540
money-data.csv:000541,person_c 2.22€ 14 hours ago,[],"{""transactionType"":""expense"",""currency"":""EUR"",""category"":""peer_transfer"",""description"":""person_c"",""timeOffset"":""-PT14H"",""amount"":2.22}",money-data.csv:000541
money-data.csv:000542,family_member_a -€55.56 19d ago,[],"{""transactionType"":""expense"",""currency"":""EUR"",""category"":""peer_transfer"",""description"":""family_member_a"",""timeOffset"":""-P19D"",""amount"":55.56}",money-data.csv:000542
money-data.csv:000543,snacks $0.72,[],"{""transactionType"":""expense"",""currency"":""USD"",""category"":""food_drink"",""description"":""Snacks"",""timeOffset"":""PT0M"",""amount"":0.72}",money-data.csv:000543
money-data.csv:000544,+1.11€ person_b 18 hours ago,[],"{""transactionType"":""income"",""currency"":""EUR"",""category"":""other_income"",""description"":""person_b"",""timeOffset"":""-PT18H"",""amount"":1.11}",money-data.csv:000544
money-data.csv:000545,spent 68.49 ден petrol,[],"{""transactionType"":""expense"",""currency"":""MKD"",""category"":""fuel"",""description"":""Petrol"",""timeOffset"":""PT0M"",""amount"":68.49}",money-data.csv:000545
money-data.csv:000546,salary +252.22 eur,[],"{""transactionType"":""income"",""currency"":""EUR"",""category"":""salary"",""description"":""Salary"",""timeOffset"":""PT0M"",""amount"":252.22}",money-data.csv:000546
money-data.csv:000547,family_member_a 68.49 den,[],"{""transactionType"":""expense"",""currency"":""MKD"",""category"":""peer_transfer"",""description"":""family_member_a"",""timeOffset"":""PT0M"",""amount"":68.49}",money-data.csv:000547
money-data.csv:000548,+€2.22 person_c -2h,[],"{""transactionType"":""income"",""currency"":""EUR"",""category"":""other_income"",""description"":""person_c"",""timeOffset"":""-PT2H"",""amount"":2.22}",money-data.csv:000548
money-data.csv:000549,spent €1.11 oil 21 days ago,[],"{""transactionType"":""expense"",""currency"":""EUR"",""category"":""groceries"",""description"":""Oil"",""timeOffset"":""-P21D"",""amount"":1.11}",money-data.csv:000549
money-data.csv:000550,+€1.11 family_member_a -10h,[],"{""transactionType"":""income"",""currency"":""EUR"",""category"":""family_support"",""description"":""family_member_a"",""timeOffset"":""-PT10H"",""amount"":1.11}",money-data.csv:000550
money-data.csv:000551,rta €0.39 5 hours ago,[],"{""transactionType"":""expense"",""currency"":""EUR"",""category"":""transport"",""description"":""RtA"",""timeOffset"":""-PT5H"",""amount"":0.39}",money-data.csv:000551
money-data.csv:000552,spent 7.78e tire,[],"{""transactionType"":""expense"",""currency"":""EUR"",""category"":""vehicle_maintenance"",""description"":""Tire"",""timeOffset"":""PT0M"",""amount"":7.78}",money-data.csv:000552
money-data.csv:000553,+0.29 eur adjust balance,[],"{""transactionType"":""income"",""currency"":""EUR"",""category"":""balance_adjustment"",""description"":""Adjust balance"",""timeOffset"":""PT0M"",""amount"":0.29}",money-data.csv:000553
money-data.csv:000554,spent 2.78e petrol,[],"{""transactionType"":""expense"",""currency"":""EUR"",""category"":""fuel"",""description"":""Petrol"",""timeOffset"":""PT0M"",""amount"":2.78}",money-data.csv:000554
money-data.csv:000555,noodles -0.67e,[],"{""transactionType"":""expense"",""currency"":""EUR"",""category"":""food_drink"",""description"":""Noodles"",""timeOffset"":""PT0M"",""amount"":0.67}",money-data.csv:000555
money-data.csv:000556,spent 0.06usd xerox 21 hours ago,[],"{""transactionType"":""expense"",""currency"":""USD"",""category"":""education"",""description"":""Xerox"",""timeOffset"":""-PT21H"",""amount"":0.06}",money-data.csv:000556
money-data.csv:000557,xerox -0.3e -17h,[],"{""transactionType"":""expense"",""currency"":""EUR"",""category"":""education"",""description"":""Xerox"",""timeOffset"":""-PT17H"",""amount"":0.3}",money-data.csv:000557
money-data.csv:000558,snacks €0.56 28d ago,[],"{""transactionType"":""expense"",""currency"":""EUR"",""category"":""food_drink"",""description"":""Snacks"",""timeOffset"":""-P28D"",""amount"":0.56}",money-data.csv:000558
money-data.csv:000559,spent 82.19 MKD snacks 23 hours ago,[],"{""transactionType"":""expense"",""currency"":""MKD"",""category"":""food_drink"",""description"":""Snacks"",""timeOffset"":""-PT23H"",""amount"":82.19}",money-data.csv:000559
money-data.csv:000560,atr 0.39 eur,[],"{""transactionType"":""expense"",""currency"":""EUR"",""category"":""transport"",""description"":""AtR"",""timeOffset"":""PT0M"",""amount"":0.39}",money-data.csv:000560
money-data.csv:000561,adjust balance -0.01€,[],"{""transactionType"":""expense"",""currency"":""EUR"",""category"":""balance_adjustment"",""description"":""Adjust Balance"",""timeOffset"":""PT0M"",""amount"":0.01}",money-data.csv:000561
money-data.csv:000562,spent 3.33€ license,[],"{""transactionType"":""expense"",""currency"":""EUR"",""category"":""financial"",""description"":""License"",""timeOffset"":""PT0M"",""amount"":3.33}",money-data.csv:000562
money-data.csv:000563,spent 78.77 MKD snacks 2h ago,[],"{""transactionType"":""expense"",""currency"":""MKD"",""category"":""food_drink"",""description"":""Snacks"",""timeOffset"":""-PT2H"",""amount"":78.77}",money-data.csv:000563
money-data.csv:000564,spent 0.33€ grand original,[],"{""transactionType"":""expense"",""currency"":""EUR"",""category"":""other"",""description"":""Grand original"",""timeOffset"":""PT0M"",""amount"":0.33}",money-data.csv:000564
money-data.csv:000565,shampoo -0.04 eur,[],"{""transactionType"":""expense"",""currency"":""EUR"",""category"":""personal_care"",""description"":""Shampoo"",""timeOffset"":""PT0M"",""amount"":0.04}",money-data.csv:000565
money-data.csv:000566,haircut 1.67 eur,[],"{""transactionType"":""expense"",""currency"":""EUR"",""category"":""personal_care"",""description"":""Haircut"",""timeOffset"":""PT0M"",""amount"":1.67}",money-data.csv:000566
money-data.csv:000567,recharge 2.88€ 15d ago,[],"{""transactionType"":""expense"",""currency"":""EUR"",""category"":""utilities"",""description"":""Recharge"",""timeOffset"":""-P15D"",""amount"":2.88}",money-data.csv:000567
money-data.csv:000568,auto 0.22e,[],"{""transactionType"":""expense"",""currency"":""EUR"",""category"":""transport"",""description"":""Auto"",""timeOffset"":""PT0M"",""amount"":0.22}",money-data.csv:000568
money-data.csv:000569,spent 0.24 USD auto,[],"{""transactionType"":""expense"",""currency"":""USD"",""category"":""transport"",""description"":""Auto"",""timeOffset"":""PT0M"",""amount"":0.24}",money-data.csv:000569
money-data.csv:000570,snacks €1.23 17 days ago,[],"{""transactionType"":""expense"",""currency"":""EUR"",""category"":""food_drink"",""description"":""Snacks"",""timeOffset"":""-P17D"",""amount"":1.23}",money-data.csv:000570
money-data.csv:000571,juice 13.7 den,[],"{""transactionType"":""expense"",""currency"":""MKD"",""category"":""food_drink"",""description"":""Juice"",""timeOffset"":""PT0M"",""amount"":13.7}",money-data.csv:000571
money-data.csv:000572,shawarma 🌯 -1.44€ -17h,[],"{""transactionType"":""expense"",""currency"":""EUR"",""category"":""food_drink"",""description"":""Shawarma \ud83c\udf2f"",""timeOffset"":""-PT17H"",""amount"":1.44}",money-data.csv:000572
money-data.csv:000573,bike 0.33€ 9 days ago,[],"{""transactionType"":""expense"",""currency"":""EUR"",""category"":""transport"",""description"":""Bike"",""timeOffset"":""-P9D"",""amount"":0.33}",money-data.csv:000573
money-data.csv:000574,auto -13.7 den,[],"{""transactionType"":""expense"",""currency"":""MKD"",""category"":""transport"",""description"":""Auto"",""timeOffset"":""PT0M"",""amount"":13.7}",money-data.csv:000574
money-data.csv:000575,rent -38.89e 21 days ago,[],"{""transactionType"":""expense"",""currency"":""EUR"",""category"":""housing"",""description"":""Rent"",""timeOffset"":""-P21D"",""amount"":38.89}",money-data.csv:000575
money-data.csv:000576,juice 0.83e,[],"{""transactionType"":""expense"",""currency"":""EUR"",""category"":""food_drink"",""description"":""Juice"",""timeOffset"":""PT0M"",""amount"":0.83}",money-data.csv:000576
money-data.csv:000577,spent €0.01 recharge,[],"{""transactionType"":""expense"",""currency"":""EUR"",""category"":""utilities"",""description"":""Recharge"",""timeOffset"":""PT0M"",""amount"":0.01}",money-data.csv:000577
money-data.csv:000578,snack €0.33,[],"{""transactionType"":""expense"",""currency"":""EUR"",""category"":""food_drink"",""description"":""Snack"",""timeOffset"":""PT0M"",""amount"":0.33}",money-data.csv:000578
money-data.csv:000579,spent €0.67 snacks tomorrow,[],"{""transactionType"":""expense"",""currency"":""EUR"",""category"":""food_drink"",""description"":""Snacks"",""timeOffset"":""P1D"",""amount"":0.67}",money-data.csv:000579
money-data.csv:000580,spent €0.22 auto,[],"{""transactionType"":""expense"",""currency"":""EUR"",""category"":""transport"",""description"":""Auto"",""timeOffset"":""PT0M"",""amount"":0.22}",money-data.csv:000580
money-data.csv:000581,spent 0.39e rta in 1d,[],"{""transactionType"":""expense"",""currency"":""EUR"",""category"":""transport"",""description"":""RtA"",""timeOffset"":""P1D"",""amount"":0.39}",money-data.csv:000581
money-data.csv:000582,burger am 1.1e,[],"{""transactionType"":""expense"",""currency"":""EUR"",""category"":""food_drink"",""description"":""Burger AM"",""timeOffset"":""PT0M"",""amount"":1.1}",money-data.csv:000582
money-data.csv:000583,breakfast -0.33 eur 19h ago,[],"{""transactionType"":""expense"",""currency"":""EUR"",""category"":""food_drink"",""description"":""Breakfast"",""timeOffset"":""-PT19H"",""amount"":0.33}",money-data.csv:000583
money-data.csv:000584,aloo bhujia -0.11€ 6 hours ago,[],"{""transactionType"":""expense"",""currency"":""EUR"",""category"":""food_drink"",""description"":""Aloo bhujia"",""timeOffset"":""-PT6H"",""amount"":0.11}",money-data.csv:000584
money-data.csv:000585,got +10.96 MKD adjust balance,[],"{""transactionType"":""income"",""currency"":""MKD"",""category"":""balance_adjustment"",""description"":""Adjust balance"",""timeOffset"":""PT0M"",""amount"":10.96}",money-data.csv:000585
money-data.csv:000586,something €0.06,[],"{""transactionType"":""expense"",""currency"":""EUR"",""category"":""other"",""description"":""Something"",""timeOffset"":""PT0M"",""amount"":0.06}",money-data.csv:000586
money-data.csv:000587,stonks -4.44€,[],"{""transactionType"":""expense"",""currency"":""EUR"",""category"":""financial"",""description"":""Stonks"",""timeOffset"":""PT0M"",""amount"":4.44}",money-data.csv:000587
money-data.csv:000588,bus 0.12 dollar,[],"{""transactionType"":""expense"",""currency"":""USD"",""category"":""transport"",""description"":""Bus"",""timeOffset"":""PT0M"",""amount"":0.12}",money-data.csv:000588
money-data.csv:000589,atr -23.97 ден -18h,[],"{""transactionType"":""expense"",""currency"":""MKD"",""category"":""transport"",""description"":""AtR"",""timeOffset"":""-PT18H"",""amount"":23.97}",money-data.csv:000589
money-data.csv:000590,atr -0.39e,[],"{""transactionType"":""expense"",""currency"":""EUR"",""category"":""transport"",""description"":""AtR"",""timeOffset"":""PT0M"",""amount"":0.39}",money-data.csv:000590
money-data.csv:000591,auto -€0.22,[],"{""transactionType"":""expense"",""currency"":""EUR"",""category"":""transport"",""description"":""Auto"",""timeOffset"":""PT0M"",""amount"":0.22}",money-data.csv:000591
money-data.csv:000592,person_c payup -2.41usd tmr,[],"{""transactionType"":""expense"",""currency"":""USD"",""category"":""peer_transfer"",""description"":""person_c PayUp"",""timeOffset"":""P1D"",""amount"":2.41}",money-data.csv:000592
money-data.csv:000593,adjust balance €0.56 23 hours ago,[],"{""transactionType"":""expense"",""currency"":""EUR"",""category"":""balance_adjustment"",""description"":""Adjust balance"",""timeOffset"":""-PT23H"",""amount"":0.56}",money-data.csv:000593
money-data.csv:000594,adjust balance -€0.22 19 days ago,[],"{""transactionType"":""expense"",""currency"":""EUR"",""category"":""balance_adjustment"",""description"":""Adjust balance"",""timeOffset"":""-P19D"",""amount"":0.22}",money-data.csv:000594
money-data.csv:000595,person_c payup +€2.22,[],"{""transactionType"":""income"",""currency"":""EUR"",""category"":""other_income"",""description"":""person_c PayUp"",""timeOffset"":""PT0M"",""amount"":2.22}",money-data.csv:000595
money-data.csv:000596,rta 0.39€ tomorrow,[],"{""transactionType"":""expense"",""currency"":""EUR"",""category"":""transport"",""description"":""RtA"",""timeOffset"":""P1D"",""amount"":0.39}",money-data.csv:000596
money-data.csv:000597,recharge 1.11€ savings bank to metro card 11 hours ago,[],"{""transactionType"":""transfer"",""currency"":""EUR"",""category"":""transfer"",""description"":""Recharge"",""timeOffset"":""-PT11H"",""fromAccount"":""Savings Bank"",""toAccount"":""Metro Card"",""amount"":1.11}",money-data.csv:000597
money-data.csv:000598,bus -0.24 dollar,[],"{""transactionType"":""expense"",""currency"":""USD"",""category"":""transport"",""description"":""Bus"",""timeOffset"":""PT0M"",""amount"":0.24}",money-data.csv:000598
money-data.csv:000599,payup 191.78 MKD,[],"{""transactionType"":""expense"",""currency"":""MKD"",""category"":""peer_transfer"",""description"":""Payup"",""timeOffset"":""PT0M"",""amount"":191.78}",money-data.csv:000599
money-data.csv:000600,scholarship -€0.44,[],"{""transactionType"":""expense"",""currency"":""EUR"",""category"":""other"",""description"":""Scholarship"",""timeOffset"":""PT0M"",""amount"":0.44}",money-data.csv:000600
money-data.csv:000601,juice 0.28€ -4d,[],"{""transactionType"":""expense"",""currency"":""EUR"",""category"":""food_drink"",""description"":""Juice"",""timeOffset"":""-P4D"",""amount"":0.28}",money-data.csv:000601
money-data.csv:000602,spent 7.23usd gala nyt 18d ago,[],"{""transactionType"":""expense"",""currency"":""USD"",""category"":""entertainment"",""description"":""Gala nyt"",""timeOffset"":""-P18D"",""amount"":7.23}",money-data.csv:000602
money-data.csv:000603,spent €0.17 parking,[],"{""transactionType"":""expense"",""currency"":""EUR"",""category"":""parking"",""description"":""Parking"",""timeOffset"":""PT0M"",""amount"":0.17}",money-data.csv:000603
money-data.csv:000604,spent 0.8e stationary 20 days ago,[],"{""transactionType"":""expense"",""currency"":""EUR"",""category"":""education"",""description"":""Stationary"",""timeOffset"":""-P20D"",""amount"":0.8}",money-data.csv:000604
money-data.csv:000605,auto -0.22€ 15 hours ago,[],"{""transactionType"":""expense"",""currency"":""EUR"",""category"":""transport"",""description"":""Auto"",""timeOffset"":""-PT15H"",""amount"":0.22}",money-data.csv:000605
money-data.csv:000606,bus 0.11e,[],"{""transactionType"":""expense"",""currency"":""EUR"",""category"":""transport"",""description"":""Bus"",""timeOffset"":""PT0M"",""amount"":0.11}",money-data.csv:000606
money-data.csv:000607,auto -13.7 MKD,[],"{""transactionType"":""expense"",""currency"":""MKD"",""category"":""transport"",""description"":""Auto"",""timeOffset"":""PT0M"",""amount"":13.7}",money-data.csv:000607
money-data.csv:000608,spent 0.72 USD snacks,[],"{""transactionType"":""expense"",""currency"":""USD"",""category"":""food_drink"",""description"":""Snacks"",""timeOffset"":""PT0M"",""amount"":0.72}",money-data.csv:000608
money-data.csv:000609,spent 13.7 MKD auto,[],"{""transactionType"":""expense"",""currency"":""MKD"",""category"":""transport"",""description"":""Auto"",""timeOffset"":""PT0M"",""amount"":13.7}",money-data.csv:000609
money-data.csv:000610,spent €0.22 auto,[],"{""transactionType"":""expense"",""currency"":""EUR"",""category"":""transport"",""description"":""Auto"",""timeOffset"":""PT0M"",""amount"":0.22}",money-data.csv:000610
money-data.csv:000611,snacks 0.56e 19d ago,[],"{""transactionType"":""expense"",""currency"":""EUR"",""category"":""food_drink"",""description"":""Snacks"",""timeOffset"":""-P19D"",""amount"":0.56}",money-data.csv:000611
money-data.csv:000612,spent $0.24 auto 14 days ago,[],"{""transactionType"":""expense"",""currency"":""USD"",""category"":""transport"",""description"":""Auto"",""timeOffset"":""-P14D"",""amount"":0.24}",money-data.csv:000612
money-data.csv:000613,bus -0.11e 15d ago,[],"{""transactionType"":""expense"",""currency"":""EUR"",""category"":""transport"",""description"":""Bus"",""timeOffset"":""-P15D"",""amount"":0.11}",money-data.csv:000613
money-data.csv:000614,cake €3.33 6 days ago,[],"{""transactionType"":""expense"",""currency"":""EUR"",""category"":""food_drink"",""description"":""Cake"",""timeOffset"":""-P6D"",""amount"":3.33}",money-data.csv:000614
money-data.csv:000615,party -3.89€,[],"{""transactionType"":""expense"",""currency"":""EUR"",""category"":""entertainment"",""description"":""Party"",""timeOffset"":""PT0M"",""amount"":3.89}",money-data.csv:000615
money-data.csv:000616,spent 0.33 eur breakfast,[],"{""transactionType"":""expense"",""currency"":""EUR"",""category"":""food_drink"",""description"":""Breakfast"",""timeOffset"":""PT0M"",""amount"":0.33}",money-data.csv:000616
money-data.csv:000617,got +0.33 eur person_i payback -9d,[],"{""transactionType"":""income"",""currency"":""EUR"",""category"":""other_income"",""description"":""person_i Payback"",""timeOffset"":""-P9D"",""amount"":0.33}",money-data.csv:000617
money-data.csv:000618,spent 1.11 eur snacks,[],"{""transactionType"":""expense"",""currency"":""EUR"",""category"":""food_drink"",""description"":""Snacks"",""timeOffset"":""PT0M"",""amount"":1.11}",money-data.csv:000618
money-data.csv:000619,transfer €1.11 cash to savings bank,[],"{""transactionType"":""transfer"",""currency"":""EUR"",""category"":""transfer"",""description"":""Transfer"",""timeOffset"":""PT0M"",""fromAccount"":""Cash"",""toAccount"":""Savings Bank"",""amount"":1.11}",money-data.csv:000619
money-data.csv:000620,bus 0.11 eur,[],"{""transactionType"":""expense"",""currency"":""EUR"",""category"":""transport"",""description"":""Bus"",""timeOffset"":""PT0M"",""amount"":0.11}",money-data.csv:000620
money-data.csv:000621,auto -0.22e,[],"{""transactionType"":""expense"",""currency"":""EUR"",""category"":""transport"",""description"":""Auto"",""timeOffset"":""PT0M"",""amount"":0.22}",money-data.csv:000621
money-data.csv:000622,got +$37.71 salary,[],"{""transactionType"":""income"",""currency"":""USD"",""category"":""salary"",""description"":""Salary"",""timeOffset"":""PT0M"",""amount"":37.71}",money-data.csv:000622
money-data.csv:000623,breakfast -€0.33 4 days ago,[],"{""transactionType"":""expense"",""currency"":""EUR"",""category"":""food_drink"",""description"":""Breakfast"",""timeOffset"":""-P4D"",""amount"":0.33}",money-data.csv:000623
money-data.csv:000624,auto -0.22 eur,[],"{""transactionType"":""expense"",""currency"":""EUR"",""category"":""transport"",""description"":""Auto"",""timeOffset"":""PT0M"",""amount"":0.22}",money-data.csv:000624
money-data.csv:000625,auto 0.24 dollar 5 hours ago,[],"{""transactionType"":""expense"",""currency"":""USD"",""category"":""transport"",""description"":""Auto"",""timeOffset"":""-PT5H"",""amount"":0.24}",money-data.csv:000625
money-data.csv:000626,spent 0.39 eur stationary,[],"{""transactionType"":""expense"",""currency"":""EUR"",""category"":""education"",""description"":""Stationary"",""timeOffset"":""PT0M"",""amount"":0.39}",money-data.csv:000626
money-data.csv:000627,spent 0.12 dollar bus,[],"{""transactionType"":""expense"",""currency"":""USD"",""category"":""transport"",""description"":""Bus"",""timeOffset"":""PT0M"",""amount"":0.12}",money-data.csv:000627
money-data.csv:000628,spent 0.33e snacks 23 days ago,[],"{""transactionType"":""expense"",""currency"":""EUR"",""category"":""food_drink"",""description"":""Snacks"",""timeOffset"":""-P23D"",""amount"":0.33}",money-data.csv:000628
money-data.csv:000629,lunch 0.78€,[],"{""transactionType"":""expense"",""currency"":""EUR"",""category"":""food_drink"",""description"":""Lunch"",""timeOffset"":""PT0M"",""amount"":0.78}",money-data.csv:000629
money-data.csv:000630,spent 0.5e adjust balance -20h,[],"{""transactionType"":""expense"",""currency"":""EUR"",""category"":""balance_adjustment"",""description"":""Adjust balance"",""timeOffset"":""-PT20H"",""amount"":0.5}",money-data.csv:000630
money-data.csv:000631,breakfast -0.39e tomorrow,[],"{""transactionType"":""expense"",""currency"":""EUR"",""category"":""food_drink"",""description"":""Breakfast"",""timeOffset"":""P1D"",""amount"":0.39}",money-data.csv:000631
money-data.csv:000632,bread -47.95 ден,[],"{""transactionType"":""expense"",""currency"":""MKD"",""category"":""groceries"",""description"":""Bread"",""timeOffset"":""PT0M"",""amount"":47.95}",money-data.csv:000632
money-data.csv:000633,lunch -$2.65 5d ago,[],"{""transactionType"":""expense"",""currency"":""USD"",""category"":""food_drink"",""description"":""Lunch"",""timeOffset"":""-P5D"",""amount"":2.65}",money-data.csv:000633
money-data.csv:000634,tea -0.22 eur,[],"{""transactionType"":""expense"",""currency"":""EUR"",""category"":""food_drink"",""description"":""Tea"",""timeOffset"":""PT0M"",""amount"":0.22}",money-data.csv:000634
money-data.csv:000635,water -0.22e,[],"{""transactionType"":""expense"",""currency"":""EUR"",""category"":""food_drink"",""description"":""Water"",""timeOffset"":""PT0M"",""amount"":0.22}",money-data.csv:000635
money-data.csv:000636,breakfast -€0.67,[],"{""transactionType"":""expense"",""currency"":""EUR"",""category"":""food_drink"",""description"":""Breakfast"",""timeOffset"":""PT0M"",""amount"":0.67}",money-data.csv:000636
money-data.csv:000637,breakfast -0.44 eur 12h ago,[],"{""transactionType"":""expense"",""currency"":""EUR"",""category"":""food_drink"",""description"":""Breakfast"",""timeOffset"":""-PT12H"",""amount"":0.44}",money-data.csv:000637
money-data.csv:000638,spent 2.08€ chicken keema,[],"{""transactionType"":""expense"",""currency"":""EUR"",""category"":""food_drink"",""description"":""Chicken keema"",""timeOffset"":""PT0M"",""amount"":2.08}",money-data.csv:000638
money-data.csv:000639,+0.33€ interest,[],"{""transactionType"":""income"",""currency"":""EUR"",""category"":""interest"",""description"":""Interest"",""timeOffset"":""PT0M"",""amount"":0.33}",money-data.csv:000639
money-data.csv:000640,breakfast €0.33 16h ago,[],"{""transactionType"":""expense"",""currency"":""EUR"",""category"":""food_drink"",""description"":""Breakfast"",""timeOffset"":""-PT16H"",""amount"":0.33}",money-data.csv:000640
money-data.csv:000641,coffee -2.74 MKD,[],"{""transactionType"":""expense"",""currency"":""MKD"",""category"":""food_drink"",""description"":""Coffee"",""timeOffset"":""PT0M"",""amount"":2.74}",money-data.csv:000641
money-data.csv:000642,spent 6.85 ден coffee -4d,[],"{""transactionType"":""expense"",""currency"":""MKD"",""category"":""food_drink"",""description"":""Coffee"",""timeOffset"":""-P4D"",""amount"":6.85}",money-data.csv:000642
money-data.csv:000643,recharge 2.88 eur 15 hours ago,[],"{""transactionType"":""expense"",""currency"":""EUR"",""category"":""utilities"",""description"":""Recharge"",""timeOffset"":""-PT15H"",""amount"":2.88}",money-data.csv:000643
money-data.csv:000644,snacks 0.72 dollar,[],"{""transactionType"":""expense"",""currency"":""USD"",""category"":""food_drink"",""description"":""Snacks"",""timeOffset"":""PT0M"",""amount"":0.72}",money-data.csv:000644
money-data.csv:000645,payup +2.22e 9 hours ago,[],"{""transactionType"":""income"",""currency"":""EUR"",""category"":""other_income"",""description"":""Payup"",""timeOffset"":""-PT9H"",""amount"":2.22}",money-data.csv:000645
money-data.csv:000646,payup +€7.78 6h ago,[],"{""transactionType"":""income"",""currency"":""EUR"",""category"":""other_income"",""description"":""Payup"",""timeOffset"":""-PT6H"",""amount"":7.78}",money-data.csv:000646
money-data.csv:000647,auto 13.7mkd,[],"{""transactionType"":""expense"",""currency"":""MKD"",""category"":""transport"",""description"":""Auto"",""timeOffset"":""PT0M"",""amount"":13.7}",money-data.csv:000647
money-data.csv:000648,ticket refund +116.82 den -30d,[],"{""transactionType"":""income"",""currency"":""MKD"",""category"":""refund"",""description"":""Ticket refund"",""timeOffset"":""-P30D"",""amount"":116.82}",money-data.csv:000648
money-data.csv:000649,juice $1.57,[],"{""transactionType"":""expense"",""currency"":""USD"",""category"":""food_drink"",""description"":""Juice"",""timeOffset"":""PT0M"",""amount"":1.57}",money-data.csv:000649
money-data.csv:000650,+0.44 eur payup,[],"{""transactionType"":""income"",""currency"":""EUR"",""category"":""other_income"",""description"":""Payup"",""timeOffset"":""PT0M"",""amount"":0.44}",money-data.csv:000650
money-data.csv:000651,spent 1.89e pizza,[],"{""transactionType"":""expense"",""currency"":""EUR"",""category"":""food_drink"",""description"":""Pizza"",""timeOffset"":""PT0M"",""amount"":1.89}",money-data.csv:000651
money-data.csv:000652,tickets 4.53 dollar -25d,[],"{""transactionType"":""expense"",""currency"":""USD"",""category"":""entertainment"",""description"":""Tickets"",""timeOffset"":""-P25D"",""amount"":4.53}",money-data.csv:000652
money-data.csv:000653,spent 17.22€ gift 🎁,[],"{""transactionType"":""expense"",""currency"":""EUR"",""category"":""gifts"",""description"":""Gift \ud83c\udf81"",""timeOffset"":""PT0M"",""amount"":17.22}",money-data.csv:000653
money-data.csv:000654,got +0.93 eur stonks return,[],"{""transactionType"":""income"",""currency"":""EUR"",""category"":""investment_income"",""description"":""Stonks Return"",""timeOffset"":""PT0M"",""amount"":0.93}",money-data.csv:000654
money-data.csv:000655,shawarma 🌯 3.67e 12 days ago,[],"{""transactionType"":""expense"",""currency"":""EUR"",""category"":""food_drink"",""description"":""Shawarma \ud83c\udf2f"",""timeOffset"":""-P12D"",""amount"":3.67}",money-data.csv:000655
money-data.csv:000656,snacks -0.61€ 4 hours ago,[],"{""transactionType"":""expense"",""currency"":""EUR"",""category"":""food_drink"",""description"":""Snacks"",""timeOffset"":""-PT4H"",""amount"":0.61}",money-data.csv:000656
money-data.csv:000657,spent 176.64mkd recharge -20d,[],"{""transactionType"":""expense"",""currency"":""MKD"",""category"":""utilities"",""description"":""Recharge"",""timeOffset"":""-P20D"",""amount"":176.64}",money-data.csv:000657
money-data.csv:000658,bus 0.11€ -11h,[],"{""transactionType"":""expense"",""currency"":""EUR"",""category"":""transport"",""description"":""Bus"",""timeOffset"":""-PT11H"",""amount"":0.11}",money-data.csv:000658
money-data.csv:000659,spent 0.22 eur auto 2d ago,[],"{""transactionType"":""expense"",""currency"":""EUR"",""category"":""transport"",""description"":""Auto"",""timeOffset"":""-P2D"",""amount"":0.22}",money-data.csv:000659
money-data.csv:000660,snacks -0.39€ +1d,[],"{""transactionType"":""expense"",""currency"":""EUR"",""category"":""food_drink"",""description"":""Snacks"",""timeOffset"":""P1D"",""amount"":0.39}",money-data.csv:000660
money-data.csv:000661,cashback +0.03€,[],"{""transactionType"":""income"",""currency"":""EUR"",""category"":""rewards"",""description"":""Cashback"",""timeOffset"":""PT0M"",""amount"":0.03}",money-data.csv:000661
money-data.csv:000662,got +205.48 MKD adjust balance,[],"{""transactionType"":""income"",""currency"":""MKD"",""category"":""balance_adjustment"",""description"":""Adjust balance"",""timeOffset"":""PT0M"",""amount"":205.48}",money-data.csv:000662
money-data.csv:000663,+0.02 eur adjust balance,[],"{""transactionType"":""income"",""currency"":""EUR"",""category"":""balance_adjustment"",""description"":""Adjust balance"",""timeOffset"":""PT0M"",""amount"":0.02}",money-data.csv:000663
money-data.csv:000664,weekend €3.22 tmr,[],"{""transactionType"":""expense"",""currency"":""EUR"",""category"":""other"",""description"":""Weekend"",""timeOffset"":""P1D"",""amount"":3.22}",money-data.csv:000664
money-data.csv:000665,card maintenance 3.28 eur 8h ago,[],"{""transactionType"":""expense"",""currency"":""EUR"",""category"":""utilities"",""description"":""Card maintenance"",""timeOffset"":""-PT8H"",""amount"":3.28}",money-data.csv:000665
money-data.csv:000666,bus pass -4.78€,[],"{""transactionType"":""expense"",""currency"":""EUR"",""category"":""transport"",""description"":""Bus Pass"",""timeOffset"":""PT0M"",""amount"":4.78}",money-data.csv:000666
money-data.csv:000667,auto 0.22e,[],"{""transactionType"":""expense"",""currency"":""EUR"",""category"":""transport"",""description"":""Auto"",""timeOffset"":""PT0M"",""amount"":0.22}",money-data.csv:000667
money-data.csv:000668,+0.33e person_i payback,[],"{""transactionType"":""income"",""currency"":""EUR"",""category"":""other_income"",""description"":""person_i Payback"",""timeOffset"":""PT0M"",""amount"":0.33}",money-data.csv:000668
money-data.csv:000669,got +0.44€ person_c payup,[],"{""transactionType"":""income"",""currency"":""EUR"",""category"":""other_income"",""description"":""person_c PayUp"",""timeOffset"":""PT0M"",""amount"":0.44}",money-data.csv:000669
money-data.csv:000670,juice -27.4 MKD +1d,[],"{""transactionType"":""expense"",""currency"":""MKD"",""category"":""food_drink"",""description"":""Juice"",""timeOffset"":""P1D"",""amount"":27.4}",money-data.csv:000670
money-data.csv:000671,snacks -71.92 den,[],"{""transactionType"":""expense"",""currency"":""MKD"",""category"":""food_drink"",""description"":""Snacks"",""timeOffset"":""PT0M"",""amount"":71.92}",money-data.csv:000671
money-data.csv:000672,auto 0.22e 10d ago,[],"{""transactionType"":""expense"",""currency"":""EUR"",""category"":""transport"",""description"":""Auto"",""timeOffset"":""-P10D"",""amount"":0.22}",money-data.csv:000672
money-data.csv:000673,spent €0.78 snacks +1d,[],"{""transactionType"":""expense"",""currency"":""EUR"",""category"":""food_drink"",""description"":""Snacks"",""timeOffset"":""P1D"",""amount"":0.78}",money-data.csv:000673
money-data.csv:000674,snacks -0.33 eur,[],"{""transactionType"":""expense"",""currency"":""EUR"",""category"":""food_drink"",""description"":""Snacks"",""timeOffset"":""PT0M"",""amount"":0.33}",money-data.csv:000674
money-data.csv:000675,biryani -$6.27,[],"{""transactionType"":""expense"",""currency"":""USD"",""category"":""food_drink"",""description"":""Biryani"",""timeOffset"":""PT0M"",""amount"":6.27}",money-data.csv:000675
money-data.csv:000676,bus -0.11€ -6h,[],"{""transactionType"":""expense"",""currency"":""EUR"",""category"":""transport"",""description"":""Bus"",""timeOffset"":""-PT6H"",""amount"":0.11}",money-data.csv:000676
money-data.csv:000677,spent 0.11 eur bus,[],"{""transactionType"":""expense"",""currency"":""EUR"",""category"":""transport"",""description"":""Bus"",""timeOffset"":""PT0M"",""amount"":0.11}",money-data.csv:000677
money-data.csv:000678,spent 13.7 ден auto,[],"{""transactionType"":""expense"",""currency"":""MKD"",""category"":""transport"",""description"":""Auto"",""timeOffset"":""PT0M"",""amount"":13.7}",money-data.csv:000678
money-data.csv:000679,auto -13.7 ден,[],"{""transactionType"":""expense"",""currency"":""MKD"",""category"":""transport"",""description"":""Auto"",""timeOffset"":""PT0M"",""amount"":13.7}",money-data.csv:000679
money-data.csv:000680,spent €0.11 bus 21h ago,[],"{""transactionType"":""expense"",""currency"":""EUR"",""category"":""transport"",""description"":""Bus"",""timeOffset"":""-PT21H"",""amount"":0.11}",money-data.csv:000680
money-data.csv:000681,spent 0.02 eur adjust balance,[],"{""transactionType"":""expense"",""currency"":""EUR"",""category"":""balance_adjustment"",""description"":""Adjust balance"",""timeOffset"":""PT0M"",""amount"":0.02}",money-data.csv:000681
money-data.csv:000682,snacks -0.33e,[],"{""transactionType"":""expense"",""currency"":""EUR"",""category"":""food_drink"",""description"":""Snacks"",""timeOffset"":""PT0M"",""amount"":0.33}",money-data.csv:000682
money-data.csv:000683,auto -0.24 dollar,[],"{""transactionType"":""expense"",""currency"":""USD"",""category"":""transport"",""description"":""Auto"",""timeOffset"":""PT0M"",""amount"":0.24}",money-data.csv:000683
money-data.csv:000684,bonda €0.33 -25d,[],"{""transactionType"":""expense"",""currency"":""EUR"",""category"":""food_drink"",""description"":""Bonda"",""timeOffset"":""-P25D"",""amount"":0.33}",money-data.csv:000684
money-data.csv:000685,snacks 1.57usd 2 hours ago,[],"{""transactionType"":""expense"",""currency"":""USD"",""category"":""food_drink"",""description"":""Snacks"",""timeOffset"":""-PT2H"",""amount"":1.57}",money-data.csv:000685
money-data.csv:000686,got +0.28€ gpay,[],"{""transactionType"":""income"",""currency"":""EUR"",""category"":""other_income"",""description"":""Gpay"",""timeOffset"":""PT0M"",""amount"":0.28}",money-data.csv:000686
money-data.csv:000687,auto 0.22 eur 8h ago,[],"{""transactionType"":""expense"",""currency"":""EUR"",""category"":""transport"",""description"":""Auto"",""timeOffset"":""-PT8H"",""amount"":0.22}",money-data.csv:000687
money-data.csv:000688,spent 0.78 eur snacks,[],"{""transactionType"":""expense"",""currency"":""EUR"",""category"":""food_drink"",""description"":""Snacks"",""timeOffset"":""PT0M"",""amount"":0.78}",money-data.csv:000688
money-data.csv:000689,spent 0.06e adjust balance,[],"{""transactionType"":""expense"",""currency"":""EUR"",""category"":""balance_adjustment"",""description"":""Adjust balance"",""timeOffset"":""PT0M"",""amount"":0.06}",money-data.csv:000689
money-data.csv:000690,printouts -0.11€,[],"{""transactionType"":""expense"",""currency"":""EUR"",""category"":""education"",""description"":""Printouts"",""timeOffset"":""PT0M"",""amount"":0.11}",money-data.csv:000690
money-data.csv:000691,spent 0.17€ coke,[],"{""transactionType"":""expense"",""currency"":""EUR"",""category"":""food_drink"",""description"":""Coke"",""timeOffset"":""PT0M"",""amount"":0.17}",money-data.csv:000691
money-data.csv:000692,got +1.06€ adjust balance 12 days ago,[],"{""transactionType"":""income"",""currency"":""EUR"",""category"":""balance_adjustment"",""description"":""Adjust balance"",""timeOffset"":""-P12D"",""amount"":1.06}",money-data.csv:000692
money-data.csv:000693,auto -€0.22,[],"{""transactionType"":""expense"",""currency"":""EUR"",""category"":""transport"",""description"":""Auto"",""timeOffset"":""PT0M"",""amount"":0.22}",money-data.csv:000693
money-data.csv:000694,spent €5.56 withdraw in 1d,[],"{""transactionType"":""expense"",""currency"":""EUR"",""category"":""other"",""description"":""Withdraw"",""timeOffset"":""P1D"",""amount"":5.56}",money-data.csv:000694
money-data.csv:000695,auto -0.22e,[],"{""transactionType"":""expense"",""currency"":""EUR"",""category"":""transport"",""description"":""Auto"",""timeOffset"":""PT0M"",""amount"":0.22}",money-data.csv:000695
money-data.csv:000696,adjust balance 13.7 den,[],"{""transactionType"":""expense"",""currency"":""MKD"",""category"":""balance_adjustment"",""description"":""Adjust balance"",""timeOffset"":""PT0M"",""amount"":13.7}",money-data.csv:000696
money-data.csv:000697,bus -0.11 eur,[],"{""transactionType"":""expense"",""currency"":""EUR"",""category"":""transport"",""description"":""Bus"",""timeOffset"":""PT0M"",""amount"":0.11}",money-data.csv:000697
money-data.csv:000698,bus 6.85mkd,[],"{""transactionType"":""expense"",""currency"":""MKD"",""category"":""transport"",""description"":""Bus"",""timeOffset"":""PT0M"",""amount"":6.85}",money-data.csv:000698
money-data.csv:000699,withdraw savings bank 82.19 MKD to cash,[],"{""transactionType"":""transfer"",""currency"":""MKD"",""category"":""transfer"",""description"":""Withdraw"",""timeOffset"":""PT0M"",""fromAccount"":""Savings Bank"",""toAccount"":""Cash"",""amount"":82.19}",money-data.csv:000699
money-data.csv:000700,spent €0.22 auto,[],"{""transactionType"":""expense"",""currency"":""EUR"",""category"":""transport"",""description"":""Auto"",""timeOffset"":""PT0M"",""amount"":0.22}",money-data.csv:000700
money-data.csv:000701,+0.89€ adjust balance,[],"{""transactionType"":""income"",""currency"":""EUR"",""category"":""balance_adjustment"",""description"":""Adjust balance"",""timeOffset"":""PT0M"",""amount"":0.89}",money-data.csv:000701
money-data.csv:000702,auto 0.22€,[],"{""transactionType"":""expense"",""currency"":""EUR"",""category"":""transport"",""description"":""Auto"",""timeOffset"":""PT0M"",""amount"":0.22}",money-data.csv:000702
money-data.csv:000703,bus €0.11 3 days ago,[],"{""transactionType"":""expense"",""currency"":""EUR"",""category"":""transport"",""description"":""Bus"",""timeOffset"":""-P3D"",""amount"":0.11}",money-data.csv:000703
money-data.csv:000704,bus -0.11 eur -27d,[],"{""transactionType"":""expense"",""currency"":""EUR"",""category"":""transport"",""description"":""Bus"",""timeOffset"":""-P27D"",""amount"":0.11}",money-data.csv:000704
money-data.csv:000705,auto 0.22 eur 13 days ago,[],"{""transactionType"":""expense"",""currency"":""EUR"",""category"":""transport"",""description"":""Auto"",""timeOffset"":""-P13D"",""amount"":0.22}",money-data.csv:000705
money-data.csv:000706,snacks -0.83€ 1h ago,[],"{""transactionType"":""expense"",""currency"":""EUR"",""category"":""food_drink"",""description"":""Snacks"",""timeOffset"":""-PT1H"",""amount"":0.83}",money-data.csv:000706
money-data.csv:000707,jalebi 0.56€ tomorrow,[],"{""transactionType"":""expense"",""currency"":""EUR"",""category"":""food_drink"",""description"":""Jalebi"",""timeOffset"":""P1D"",""amount"":0.56}",money-data.csv:000707
money-data.csv:000708,bus €0.11 -11d,[],"{""transactionType"":""expense"",""currency"":""EUR"",""category"":""transport"",""description"":""Bus"",""timeOffset"":""-P11D"",""amount"":0.11}",money-data.csv:000708
money-data.csv:000709,auto 0.22 eur,[],"{""transactionType"":""expense"",""currency"":""EUR"",""category"":""transport"",""description"":""Auto"",""timeOffset"":""PT0M"",""amount"":0.22}",money-data.csv:000709
money-data.csv:000710,bus -0.11€ 19 hours ago,[],"{""transactionType"":""expense"",""currency"":""EUR"",""category"":""transport"",""description"":""Bus"",""timeOffset"":""-PT19H"",""amount"":0.11}",money-data.csv:000710
money-data.csv:000711,spent €0.39 rta,[],"{""transactionType"":""expense"",""currency"":""EUR"",""category"":""transport"",""description"":""RtA"",""timeOffset"":""PT0M"",""amount"":0.39}",money-data.csv:000711
money-data.csv:000712,spent 0.22 eur bus,[],"{""transactionType"":""expense"",""currency"":""EUR"",""category"":""transport"",""description"":""Bus"",""timeOffset"":""PT0M"",""amount"":0.22}",money-data.csv:000712
money-data.csv:000713,spent €0.11 adjust balance,[],"{""transactionType"":""expense"",""currency"":""EUR"",""category"":""balance_adjustment"",""description"":""Adjust balance"",""timeOffset"":""PT0M"",""amount"":0.11}",money-data.csv:000713
money-data.csv:000714,+2.44€ person_b,[],"{""transactionType"":""income"",""currency"":""EUR"",""category"":""other_income"",""description"":""person_b"",""timeOffset"":""PT0M"",""amount"":2.44}",money-data.csv:000714
money-data.csv:000715,spent 0.39 eur atrr 10 hours ago,[],"{""transactionType"":""expense"",""currency"":""EUR"",""category"":""transport"",""description"":""AtrR"",""timeOffset"":""-PT10H"",""amount"":0.39}",money-data.csv:000715
money-data.csv:000716,rta -0.39€,[],"{""transactionType"":""expense"",""currency"":""EUR"",""category"":""transport"",""description"":""RtA"",""timeOffset"":""PT0M"",""amount"":0.39}",money-data.csv:000716
money-data.csv:000717,atrr -0.39 eur 4 hours ago,[],"{""transactionType"":""expense"",""currency"":""EUR"",""category"":""transport"",""description"":""AtrR"",""timeOffset"":""-PT4H"",""amount"":0.39}",money-data.csv:000717
money-data.csv:000718,bus 0.22€,[],"{""transactionType"":""expense"",""currency"":""EUR"",""category"":""transport"",""description"":""Bus"",""timeOffset"":""PT0M"",""amount"":0.22}",money-data.csv:000718
money-data.csv:000719,biryani 🍚 6.27 USD,[],"{""transactionType"":""expense"",""currency"":""USD"",""category"":""food_drink"",""description"":""Biryani \ud83c\udf5a"",""timeOffset"":""PT0M"",""amount"":6.27}",money-data.csv:000719
money-data.csv:000720,shawarma 🌯 -1.69 dollar,[],"{""transactionType"":""expense"",""currency"":""USD"",""category"":""food_drink"",""description"":""Shawarma \ud83c\udf2f"",""timeOffset"":""PT0M"",""amount"":1.69}",money-data.csv:000720
money-data.csv:000721,spent 6.13€ lunch payup -23h,[],"{""transactionType"":""expense"",""currency"":""EUR"",""category"":""peer_transfer"",""description"":""Lunch payup"",""timeOffset"":""-PT23H"",""amount"":6.13}",money-data.csv:000721
money-data.csv:000722,spent 111.11e family_member_a,[],"{""transactionType"":""expense"",""currency"":""EUR"",""category"":""peer_transfer"",""description"":""family_member_a"",""timeOffset"":""PT0M"",""amount"":111.11}",money-data.csv:000722
money-data.csv:000723,+247.59e salary,[],"{""transactionType"":""income"",""currency"":""EUR"",""category"":""salary"",""description"":""Salary"",""timeOffset"":""PT0M"",""amount"":247.59}",money-data.csv:000723
money-data.csv:000724,person_b -0.22€ 1h ago,[],"{""transactionType"":""expense"",""currency"":""EUR"",""category"":""peer_transfer"",""description"":""person_b"",""timeOffset"":""-PT1H"",""amount"":0.22}",money-data.csv:000724
money-data.csv:000725,auto €0.22,[],"{""transactionType"":""expense"",""currency"":""EUR"",""category"":""transport"",""description"":""Auto"",""timeOffset"":""PT0M"",""amount"":0.22}",money-data.csv:000725
money-data.csv:000726,spent 13.7 ден juice,[],"{""transactionType"":""expense"",""currency"":""MKD"",""category"":""food_drink"",""description"":""Juice"",""timeOffset"":""PT0M"",""amount"":13.7}",money-data.csv:000726
money-data.csv:000727,atrr -0.39e,[],"{""transactionType"":""expense"",""currency"":""EUR"",""category"":""transport"",""description"":""AtrR"",""timeOffset"":""PT0M"",""amount"":0.39}",money-data.csv:000727
money-data.csv:000728,bus -0.11 eur 2 hours ago,[],"{""transactionType"":""expense"",""currency"":""EUR"",""category"":""transport"",""description"":""Bus"",""timeOffset"":""-PT2H"",""amount"":0.11}",money-data.csv:000728
money-data.csv:000729,spent 0.33€ snacks,[],"{""transactionType"":""expense"",""currency"":""EUR"",""category"":""food_drink"",""description"":""Snacks"",""timeOffset"":""PT0M"",""amount"":0.33}",money-data.csv:000729
money-data.csv:000730,shampoo -0.04€ -14d,[],"{""transactionType"":""expense"",""currency"":""EUR"",""category"":""personal_care"",""description"":""Shampoo"",""timeOffset"":""-P14D"",""amount"":0.04}",money-data.csv:000730
money-data.csv:000731,auto -€0.22,[],"{""transactionType"":""expense"",""currency"":""EUR"",""category"":""transport"",""description"":""Auto"",""timeOffset"":""PT0M"",""amount"":0.22}",money-data.csv:000731
money-data.csv:000732,spent 0.21€ adjust balance 4h ago,[],"{""transactionType"":""expense"",""currency"":""EUR"",""category"":""balance_adjustment"",""description"":""Adjust balance"",""timeOffset"":""-PT4H"",""amount"":0.21}",money-data.csv:000732
money-data.csv:000733,spent $9.64 exam fees -30d,[],"{""transactionType"":""expense"",""currency"":""USD"",""category"":""education"",""description"":""Exam fees"",""timeOffset"":""-P30D"",""amount"":9.64}",money-data.csv:000733
money-data.csv:000734,snacks -0.39 eur 18 days ago,[],"{""transactionType"":""expense"",""currency"":""EUR"",""category"":""food_drink"",""description"":""Snacks"",""timeOffset"":""-P18D"",""amount"":0.39}",money-data.csv:000734
money-data.csv:000735,bus -0.11 eur 26 days ago,[],"{""transactionType"":""expense"",""currency"":""EUR"",""category"":""transport"",""description"":""Bus"",""timeOffset"":""-P26D"",""amount"":0.11}",money-data.csv:000735
money-data.csv:000736,atrr -0.39e -5d,[],"{""transactionType"":""expense"",""currency"":""EUR"",""category"":""transport"",""description"":""AtrR"",""timeOffset"":""-P5D"",""amount"":0.39}",money-data.csv:000736
money-data.csv:000737,spent 0.56e something 1d ago,[],"{""transactionType"":""expense"",""currency"":""EUR"",""category"":""other"",""description"":""Something"",""timeOffset"":""-P1D"",""amount"":0.56}",money-data.csv:000737
money-data.csv:000738,recharge savings bank 2.22e to metro card,[],"{""transactionType"":""transfer"",""currency"":""EUR"",""category"":""transfer"",""description"":""Recharge"",""timeOffset"":""PT0M"",""fromAccount"":""Savings Bank"",""toAccount"":""Metro Card"",""amount"":2.22}",money-data.csv:000738
money-data.csv:000739,atrr €0.39,[],"{""transactionType"":""expense"",""currency"":""EUR"",""category"":""transport"",""description"":""AtrR"",""timeOffset"":""PT0M"",""amount"":0.39}",money-data.csv:000739
money-data.csv:000740,bus 0.11€ in 1d,[],"{""transactionType"":""expense"",""currency"":""EUR"",""category"":""transport"",""description"":""Bus"",""timeOffset"":""P1D"",""amount"":0.11}",money-data.csv:000740
money-data.csv:000741,curd -0.51e 18 days ago,[],"{""transactionType"":""expense"",""currency"":""EUR"",""category"":""food_drink"",""description"":""Curd"",""timeOffset"":""-P18D"",""amount"":0.51}",money-data.csv:000741
money-data.csv:000742,snacks 0.33€,[],"{""transactionType"":""expense"",""currency"":""EUR"",""category"":""food_drink"",""description"":""Snacks"",""timeOffset"":""PT0M"",""amount"":0.33}",money-data.csv:000742
money-data.csv:000743,bus 0.11€,[],"{""transactionType"":""expense"",""currency"":""EUR"",""category"":""transport"",""description"":""Bus"",""timeOffset"":""PT0M"",""amount"":0.11}",money-data.csv:000743
money-data.csv:000744,spent 2.22€ person_b pass,[],"{""transactionType"":""expense"",""currency"":""EUR"",""category"":""peer_transfer"",""description"":""person_b pass"",""timeOffset"":""PT0M"",""amount"":2.22}",money-data.csv:000744
money-data.csv:000745,atrr -€0.39 -22h,[],"{""transactionType"":""expense"",""currency"":""EUR"",""category"":""transport"",""description"":""AtrR"",""timeOffset"":""-PT22H"",""amount"":0.39}",money-data.csv:000745
money-data.csv:000746,recharge 2.88 eur,[],"{""transactionType"":""expense"",""currency"":""EUR"",""category"":""utilities"",""description"":""Recharge"",""timeOffset"":""PT0M"",""amount"":2.88}",money-data.csv:000746
money-data.csv:000747,spent €0.11 bus,[],"{""transactionType"":""expense"",""currency"":""EUR"",""category"":""transport"",""description"":""Bus"",""timeOffset"":""PT0M"",""amount"":0.11}",money-data.csv:000747
money-data.csv:000748,family_member_b 0.56 eur 5h ago,[],"{""transactionType"":""expense"",""currency"":""EUR"",""category"":""peer_transfer"",""description"":""family_member_b"",""timeOffset"":""-PT5H"",""amount"":0.56}",money-data.csv:000748
money-data.csv:000749,atr -23.97 den 10 days ago,[],"{""transactionType"":""expense"",""currency"":""MKD"",""category"":""transport"",""description"":""AtR"",""timeOffset"":""-P10D"",""amount"":23.97}",money-data.csv:000749
money-data.csv:000750,+0.22e adjust balance,[],"{""transactionType"":""income"",""currency"":""EUR"",""category"":""balance_adjustment"",""description"":""Adjust balance"",""timeOffset"":""PT0M"",""amount"":0.22}",money-data.csv:000750
money-data.csv:000751,bus pass 294.52 den,[],"{""transactionType"":""expense"",""currency"":""MKD"",""category"":""transport"",""description"":""Bus pass"",""timeOffset"":""PT0M"",""amount"":294.52}",money-data.csv:000751
money-data.csv:000752,spent 0.22 eur auto,[],"{""transactionType"":""expense"",""currency"":""EUR"",""category"":""transport"",""description"":""Auto"",""timeOffset"":""PT0M"",""amount"":0.22}",money-data.csv:000752
money-data.csv:000753,spent 6.85 ден bus 10h ago,[],"{""transactionType"":""expense"",""currency"":""MKD"",""category"":""transport"",""description"":""Bus"",""timeOffset"":""-PT10H"",""amount"":6.85}",money-data.csv:000753
money-data.csv:000754,withdraw 2.22 eur savings bank to cash,[],"{""transactionType"":""transfer"",""currency"":""EUR"",""category"":""transfer"",""description"":""Withdraw"",""timeOffset"":""PT0M"",""fromAccount"":""Savings Bank"",""toAccount"":""Cash"",""amount"":2.22}",money-data.csv:000754
money-data.csv:000755,saman -1.84 USD 19 days ago,[],"{""transactionType"":""expense"",""currency"":""USD"",""category"":""other"",""description"":""Saman"",""timeOffset"":""-P19D"",""amount"":1.84}",money-data.csv:000755
money-data.csv:000756,bus -0.11 eur -16h,[],"{""transactionType"":""expense"",""currency"":""EUR"",""category"":""transport"",""description"":""Bus"",""timeOffset"":""-PT16H"",""amount"":0.11}",money-data.csv:000756
money-data.csv:000757,atr -0.39e,[],"{""transactionType"":""expense"",""currency"":""EUR"",""category"":""transport"",""description"":""AtR"",""timeOffset"":""PT0M"",""amount"":0.39}",money-data.csv:000757
money-data.csv:000758,rta 0.42 dollar -12h,[],"{""transactionType"":""expense"",""currency"":""USD"",""category"":""transport"",""description"":""RtA"",""timeOffset"":""-PT12H"",""amount"":0.42}",money-data.csv:000758
money-data.csv:000759,bus 0.11 eur,[],"{""transactionType"":""expense"",""currency"":""EUR"",""category"":""transport"",""description"":""Bus"",""timeOffset"":""PT0M"",""amount"":0.11}",money-data.csv:000759
money-data.csv:000760,spent 0.22 eur adjust balance 17 days ago,[],"{""transactionType"":""expense"",""currency"":""EUR"",""category"":""balance_adjustment"",""description"":""Adjust balance"",""timeOffset"":""-P17D"",""amount"":0.22}",money-data.csv:000760
money-data.csv:000761,spent 0.39 eur atr,[],"{""transactionType"":""expense"",""currency"":""EUR"",""category"":""transport"",""description"":""AtR"",""timeOffset"":""PT0M"",""amount"":0.39}",money-data.csv:000761
money-data.csv:000762,recharge €2.22 savings bank to metro card,[],"{""transactionType"":""transfer"",""currency"":""EUR"",""category"":""transfer"",""description"":""Recharge"",""timeOffset"":""PT0M"",""fromAccount"":""Savings Bank"",""toAccount"":""Metro Card"",""amount"":2.22}",money-data.csv:000762
money-data.csv:000763,spent 0.39 eur atr,[],"{""transactionType"":""expense"",""currency"":""EUR"",""category"":""transport"",""description"":""AtR"",""timeOffset"":""PT0M"",""amount"":0.39}",money-data.csv:000763
money-data.csv:000764,+0.15 eur adjust balance 18 hours ago,[],"{""transactionType"":""income"",""currency"":""EUR"",""category"":""balance_adjustment"",""description"":""Adjust balance"",""timeOffset"":""-PT18H"",""amount"":0.15}",money-data.csv:000764
money-data.csv:000765,auto -€0.22,[],"{""transactionType"":""expense"",""currency"":""EUR"",""category"":""transport"",""description"":""Auto"",""timeOffset"":""PT0M"",""amount"":0.22}",money-data.csv:000765
money-data.csv:000766,family_member_b -0.22e,[],"{""transactionType"":""expense"",""currency"":""EUR"",""category"":""peer_transfer"",""description"":""family_member_b"",""timeOffset"":""PT0M"",""amount"":0.22}",money-data.csv:000766
money-data.csv:000767,spent 68.49 ден print,[],"{""transactionType"":""expense"",""currency"":""MKD"",""category"":""education"",""description"":""Print"",""timeOffset"":""PT0M"",""amount"":68.49}",money-data.csv:000767
money-data.csv:000768,atr 0.39 eur,[],"{""transactionType"":""expense"",""currency"":""EUR"",""category"":""transport"",""description"":""AtR"",""timeOffset"":""PT0M"",""amount"":0.39}",money-data.csv:000768
money-data.csv:000769,snacks €0.78,[],"{""transactionType"":""expense"",""currency"":""EUR"",""category"":""food_drink"",""description"":""Snacks"",""timeOffset"":""PT0M"",""amount"":0.78}",money-data.csv:000769
money-data.csv:000770,spent 11.67e clothes -15d,[],"{""transactionType"":""expense"",""currency"":""EUR"",""category"":""shopping"",""description"":""Clothes"",""timeOffset"":""-P15D"",""amount"":11.67}",money-data.csv:000770
money-data.csv:000771,clothes €17.86,[],"{""transactionType"":""expense"",""currency"":""EUR"",""category"":""shopping"",""description"":""Clothes"",""timeOffset"":""PT0M"",""amount"":17.86}",money-data.csv:000771
money-data.csv:000772,spent 1.17€ snacks,[],"{""transactionType"":""expense"",""currency"":""EUR"",""category"":""food_drink"",""description"":""Snacks"",""timeOffset"":""PT0M"",""amount"":1.17}",money-data.csv:000772
money-data.csv:000773,spent €1.56 snacks,[],"{""transactionType"":""expense"",""currency"":""EUR"",""category"":""food_drink"",""description"":""Snacks"",""timeOffset"":""PT0M"",""amount"":1.56}",money-data.csv:000773
money-data.csv:000774,bus -6.85 den,[],"{""transactionType"":""expense"",""currency"":""MKD"",""category"":""transport"",""description"":""Bus"",""timeOffset"":""PT0M"",""amount"":6.85}",money-data.csv:000774
money-data.csv:000775,auto -0.22 eur,[],"{""transactionType"":""expense"",""currency"":""EUR"",""category"":""transport"",""description"":""Auto"",""timeOffset"":""PT0M"",""amount"":0.22}",money-data.csv:000775
money-data.csv:000776,haircut -1.67e,[],"{""transactionType"":""expense"",""currency"":""EUR"",""category"":""personal_care"",""description"":""Haircut"",""timeOffset"":""PT0M"",""amount"":1.67}",money-data.csv:000776
money-data.csv:000777,spent 0.11€ bus 17 hours ago,[],"{""transactionType"":""expense"",""currency"":""EUR"",""category"":""transport"",""description"":""Bus"",""timeOffset"":""-PT17H"",""amount"":0.11}",money-data.csv:000777
money-data.csv:000778,spent 0.42 dollar rta,[],"{""transactionType"":""expense"",""currency"":""USD"",""category"":""transport"",""description"":""RtA"",""timeOffset"":""PT0M"",""amount"":0.42}",money-data.csv:000778
money-data.csv:000779,spent 23.97 ден atr,[],"{""transactionType"":""expense"",""currency"":""MKD"",""category"":""transport"",""description"":""AtR"",""timeOffset"":""PT0M"",""amount"":23.97}",money-data.csv:000779
money-data.csv:000780,spent 0.39e atr 18 hours ago,[],"{""transactionType"":""expense"",""currency"":""EUR"",""category"":""transport"",""description"":""AtR"",""timeOffset"":""-PT18H"",""amount"":0.39}",money-data.csv:000780
money-data.csv:000781,rta -23.97mkd,[],"{""transactionType"":""expense"",""currency"":""MKD"",""category"":""transport"",""description"":""RtA"",""timeOffset"":""PT0M"",""amount"":23.97}",money-data.csv:000781
money-data.csv:000782,bus -€0.11 13 hours ago,[],"{""transactionType"":""expense"",""currency"":""EUR"",""category"":""transport"",""description"":""Bus"",""timeOffset"":""-PT13H"",""amount"":0.11}",money-data.csv:000782
money-data.csv:000783,spent 0.39 eur rta,[],"{""transactionType"":""expense"",""currency"":""EUR"",""category"":""transport"",""description"":""RtA"",""timeOffset"":""PT0M"",""amount"":0.39}",money-data.csv:000783
money-data.csv:000784,atr 0.39e -17d,[],"{""transactionType"":""expense"",""currency"":""EUR"",""category"":""transport"",""description"":""AtR"",""timeOffset"":""-P17D"",""amount"":0.39}",money-data.csv:000784
money-data.csv:000785,dishtv 2.44 eur,[],"{""transactionType"":""expense"",""currency"":""EUR"",""category"":""utilities"",""description"":""DishTV"",""timeOffset"":""PT0M"",""amount"":2.44}",money-data.csv:000785
money-data.csv:000786,juice -0.11e 12 hours ago,[],"{""transactionType"":""expense"",""currency"":""EUR"",""category"":""food_drink"",""description"":""Juice"",""timeOffset"":""-PT12H"",""amount"":0.11}",money-data.csv:000786
money-data.csv:000787,recharge 2.22 eur savings bank to metro card,[],"{""transactionType"":""transfer"",""currency"":""EUR"",""category"":""transfer"",""description"":""Recharge"",""timeOffset"":""PT0M"",""fromAccount"":""Savings Bank"",""toAccount"":""Metro Card"",""amount"":2.22}",money-data.csv:000787
money-data.csv:000788,rta -0.39 eur,[],"{""transactionType"":""expense"",""currency"":""EUR"",""category"":""transport"",""description"":""RtA"",""timeOffset"":""PT0M"",""amount"":0.39}",money-data.csv:000788
money-data.csv:000789,electricity -8.6e,[],"{""transactionType"":""expense"",""currency"":""EUR"",""category"":""utilities"",""description"":""Electricity"",""timeOffset"":""PT0M"",""amount"":8.6}",money-data.csv:000789
money-data.csv:000790,atr 23.97 ден 17 hours ago,[],"{""transactionType"":""expense"",""currency"":""MKD"",""category"":""transport"",""description"":""AtR"",""timeOffset"":""-PT17H"",""amount"":23.97}",money-data.csv:000790
money-data.csv:000791,rapido 0.49 eur,[],"{""transactionType"":""expense"",""currency"":""EUR"",""category"":""transport"",""description"":""Rapido"",""timeOffset"":""PT0M"",""amount"":0.49}",money-data.csv:000791
money-data.csv:000792,spent 0.39 eur atr,[],"{""transactionType"":""expense"",""currency"":""EUR"",""category"":""transport"",""description"":""AtR"",""timeOffset"":""PT0M"",""amount"":0.39}",money-data.csv:000792
money-data.csv:000793,maida 17.12 ден,[],"{""transactionType"":""expense"",""currency"":""MKD"",""category"":""groceries"",""description"":""Maida"",""timeOffset"":""PT0M"",""amount"":17.12}",money-data.csv:000793
money-data.csv:000794,adjust -0.33€ 10h ago,[],"{""transactionType"":""expense"",""currency"":""EUR"",""category"":""balance_adjustment"",""description"":""Adjust"",""timeOffset"":""-PT10H"",""amount"":0.33}",money-data.csv:000794
money-data.csv:000795,spent €1.56 person_c 5 days ago,[],"{""transactionType"":""expense"",""currency"":""EUR"",""category"":""peer_transfer"",""description"":""person_c"",""timeOffset"":""-P5D"",""amount"":1.56}",money-data.csv:000795
money-data.csv:000796,printouts -4.28€,[],"{""transactionType"":""expense"",""currency"":""EUR"",""category"":""education"",""description"":""Printouts"",""timeOffset"":""PT0M"",""amount"":4.28}",money-data.csv:000796
money-data.csv:000797,treat 7.22e 3 days ago,[],"{""transactionType"":""expense"",""currency"":""EUR"",""category"":""food_drink"",""description"":""Treat"",""timeOffset"":""-P3D"",""amount"":7.22}",money-data.csv:000797
money-data.csv:000798,+€26.67 person_b,[],"{""transactionType"":""income"",""currency"":""EUR"",""category"":""other_income"",""description"":""person_b"",""timeOffset"":""PT0M"",""amount"":26.67}",money-data.csv:000798
money-data.csv:000799,seminar print -€1.16,[],"{""transactionType"":""expense"",""currency"":""EUR"",""category"":""education"",""description"":""Seminar print"",""timeOffset"":""PT0M"",""amount"":1.16}",money-data.csv:000799
money-data.csv:000800,atr 0.39 eur 2h ago,[],"{""transactionType"":""expense"",""currency"":""EUR"",""category"":""transport"",""description"":""AtR"",""timeOffset"":""-PT2H"",""amount"":0.39}",money-data.csv:000800
money-data.csv:000801,amazon 21.1€,[],"{""transactionType"":""expense"",""currency"":""EUR"",""category"":""shopping"",""description"":""Amazon"",""timeOffset"":""PT0M"",""amount"":21.1}",money-data.csv:000801
money-data.csv:000802,atr -0.39 eur 23d ago,[],"{""transactionType"":""expense"",""currency"":""EUR"",""category"":""transport"",""description"":""AtR"",""timeOffset"":""-P23D"",""amount"":0.39}",money-data.csv:000802
money-data.csv:000803,grocery -25.79e,[],"{""transactionType"":""expense"",""currency"":""EUR"",""category"":""groceries"",""description"":""Grocery"",""timeOffset"":""PT0M"",""amount"":25.79}",money-data.csv:000803
money-data.csv:000804,biryani 5.78e,[],"{""transactionType"":""expense"",""currency"":""EUR"",""category"":""food_drink"",""description"":""Biryani"",""timeOffset"":""PT0M"",""amount"":5.78}",money-data.csv:000804
money-data.csv:000805,recharge 2.41usd savings bank to metro card 6d ago,[],"{""transactionType"":""transfer"",""currency"":""USD"",""category"":""transfer"",""description"":""Recharge"",""timeOffset"":""-P6D"",""fromAccount"":""Savings Bank"",""toAccount"":""Metro Card"",""amount"":2.41}",money-data.csv:000805
money-data.csv:000806,atr -€0.39 3 days ago,[],"{""transactionType"":""expense"",""currency"":""EUR"",""category"":""transport"",""description"":""AtR"",""timeOffset"":""-P3D"",""amount"":0.39}",money-data.csv:000806
money-data.csv:000807,bus -0.11 eur 13d ago,[],"{""transactionType"":""expense"",""currency"":""EUR"",""category"":""transport"",""description"":""Bus"",""timeOffset"":""-P13D"",""amount"":0.11}",money-data.csv:000807
money-data.csv:000808,bus 0.11e,[],"{""transactionType"":""expense"",""currency"":""EUR"",""category"":""transport"",""description"":""Bus"",""timeOffset"":""PT0M"",""amount"":0.11}",money-data.csv:000808
money-data.csv:000809,shampoo -2.74 ден,[],"{""transactionType"":""expense"",""currency"":""MKD"",""category"":""personal_care"",""description"":""Shampoo"",""timeOffset"":""PT0M"",""amount"":2.74}",money-data.csv:000809
money-data.csv:000810,salary +7556.85mkd -1d,[],"{""transactionType"":""income"",""currency"":""MKD"",""category"":""salary"",""description"":""Salary"",""timeOffset"":""-P1D"",""amount"":7556.85}",money-data.csv:000810
money-data.csv:000811,spent 0.11 eur bus 3d ago,[],"{""transactionType"":""expense"",""currency"":""EUR"",""category"":""transport"",""description"":""Bus"",""timeOffset"":""-P3D"",""amount"":0.11}",money-data.csv:000811
money-data.csv:000812,atr -€0.39,[],"{""transactionType"":""expense"",""currency"":""EUR"",""category"":""transport"",""description"":""AtR"",""timeOffset"":""PT0M"",""amount"":0.39}",money-data.csv:000812
money-data.csv:000813,bus -€0.22,[],"{""transactionType"":""expense"",""currency"":""EUR"",""category"":""transport"",""description"":""Bus"",""timeOffset"":""PT0M"",""amount"":0.22}",money-data.csv:000813
money-data.csv:000814,bus 13.7 ден,[],"{""transactionType"":""expense"",""currency"":""MKD"",""category"":""transport"",""description"":""Bus"",""timeOffset"":""PT0M"",""amount"":13.7}",money-data.csv:000814
money-data.csv:000815,snacks €0.33,[],"{""transactionType"":""expense"",""currency"":""EUR"",""category"":""food_drink"",""description"":""Snacks"",""timeOffset"":""PT0M"",""amount"":0.33}",money-data.csv:000815
money-data.csv:000816,atr €0.39 7h ago,[],"{""transactionType"":""expense"",""currency"":""EUR"",""category"":""transport"",""description"":""AtR"",""timeOffset"":""-PT7H"",""amount"":0.39}",money-data.csv:000816
money-data.csv:000817,spent 0.11€ bus 16d ago,[],"{""transactionType"":""expense"",""currency"":""EUR"",""category"":""transport"",""description"":""Bus"",""timeOffset"":""-P16D"",""amount"":0.11}",money-data.csv:000817
money-data.csv:000818,recharge 1.11e savings bank to metro card -2d,[],"{""transactionType"":""transfer"",""currency"":""EUR"",""category"":""transfer"",""description"":""Recharge"",""timeOffset"":""-P2D"",""fromAccount"":""Savings Bank"",""toAccount"":""Metro Card"",""amount"":1.11}",money-data.csv:000818
money-data.csv:000819,atr 23.97 ден,[],"{""transactionType"":""expense"",""currency"":""MKD"",""category"":""transport"",""description"":""AtR"",""timeOffset"":""PT0M"",""amount"":23.97}",money-data.csv:000819
money-data.csv:000820,spent €0.11 bus 24d ago,[],"{""transactionType"":""expense"",""currency"":""EUR"",""category"":""transport"",""description"":""Bus"",""timeOffset"":""-P24D"",""amount"":0.11}",money-data.csv:000820
money-data.csv:000821,person_b $2.41 -30d,[],"{""transactionType"":""expense"",""currency"":""USD"",""category"":""peer_transfer"",""description"":""person_b"",""timeOffset"":""-P30D"",""amount"":2.41}",money-data.csv:000821
money-data.csv:000822,spent 6.85 den bus,[],"{""transactionType"":""expense"",""currency"":""MKD"",""category"":""transport"",""description"":""Bus"",""timeOffset"":""PT0M"",""amount"":6.85}",money-data.csv:000822
money-data.csv:000823,adjust balance 0.39e,[],"{""transactionType"":""expense"",""currency"":""EUR"",""category"":""balance_adjustment"",""description"":""Adjust balance"",""timeOffset"":""PT0M"",""amount"":0.39}",money-data.csv:000823
money-data.csv:000824,adjust balance €0.49 5 hours ago,[],"{""transactionType"":""expense"",""currency"":""EUR"",""category"":""balance_adjustment"",""description"":""Adjust balance"",""timeOffset"":""-PT5H"",""amount"":0.49}",money-data.csv:000824
money-data.csv:000825,spent 0.67 eur person_h payup -6d,[],"{""transactionType"":""expense"",""currency"":""EUR"",""category"":""peer_transfer"",""description"":""person_h Payup"",""timeOffset"":""-P6D"",""amount"":0.67}",money-data.csv:000825
money-data.csv:000826,recharge 5.23 eur 1 hours ago,[],"{""transactionType"":""expense"",""currency"":""EUR"",""category"":""utilities"",""description"":""Recharge"",""timeOffset"":""-PT1H"",""amount"":5.23}",money-data.csv:000826
money-data.csv:000827,got +€6.67 family_member_a 19 hours ago,[],"{""transactionType"":""income"",""currency"":""EUR"",""category"":""family_support"",""description"":""family_member_a"",""timeOffset"":""-PT19H"",""amount"":6.67}",money-data.csv:000827
money-data.csv:000828,spent 243.84 ден biryani 🍚 4h ago,[],"{""transactionType"":""expense"",""currency"":""MKD"",""category"":""food_drink"",""description"":""Biryani \ud83c\udf5a"",""timeOffset"":""-PT4H"",""amount"":243.84}",money-data.csv:000828
money-data.csv:000829,family_member_b +2.41 USD,[],"{""transactionType"":""income"",""currency"":""USD"",""category"":""family_support"",""description"":""family_member_b"",""timeOffset"":""PT0M"",""amount"":2.41}",money-data.csv:000829
money-data.csv:000830,spent 1.56€ egg roll 🌯 1h ago,[],"{""transactionType"":""expense"",""currency"":""EUR"",""category"":""food_drink"",""description"":""Egg Roll \ud83c\udf2f"",""timeOffset"":""-PT1H"",""amount"":1.56}",money-data.csv:000830
money-data.csv:000831,bus pass 💳 -4.89e 13 hours ago,[],"{""transactionType"":""expense"",""currency"":""EUR"",""category"":""transport"",""description"":""Bus Pass \ud83d\udcb3"",""timeOffset"":""-PT13H"",""amount"":4.89}",money-data.csv:000831
money-data.csv:000832,adjust 0.44e 26 days ago,[],"{""transactionType"":""expense"",""currency"":""EUR"",""category"":""balance_adjustment"",""description"":""Adjust"",""timeOffset"":""-P26D"",""amount"":0.44}",money-data.csv:000832
money-data.csv:000833,rapido 🚲 €0.82,[],"{""transactionType"":""expense"",""currency"":""EUR"",""category"":""transport"",""description"":""Rapido \ud83d\udeb2"",""timeOffset"":""PT0M"",""amount"":0.82}",money-data.csv:000833
money-data.csv:000834,adjust -0.11e 7 hours ago,[],"{""transactionType"":""expense"",""currency"":""EUR"",""category"":""balance_adjustment"",""description"":""Adjust"",""timeOffset"":""-PT7H"",""amount"":0.11}",money-data.csv:000834
money-data.csv:000835,spent 1.93usd egg roll 🌯 11 hours ago,[],"{""transactionType"":""expense"",""currency"":""USD"",""category"":""food_drink"",""description"":""Egg roll \ud83c\udf2f"",""timeOffset"":""-PT11H"",""amount"":1.93}",money-data.csv:000835
money-data.csv:000836,person_h paid +0.72usd -23h,[],"{""transactionType"":""income"",""currency"":""USD"",""category"":""other_income"",""description"":""person_h Paid"",""timeOffset"":""-PT23H"",""amount"":0.72}",money-data.csv:000836
money-data.csv:000837,recharge -177.4 MKD,[],"{""transactionType"":""expense"",""currency"":""MKD"",""category"":""utilities"",""description"":""Recharge"",""timeOffset"":""PT0M"",""amount"":177.4}",money-data.csv:000837
money-data.csv:000838,bus -0.33e in 1d,[],"{""transactionType"":""expense"",""currency"":""EUR"",""category"":""transport"",""description"":""Bus"",""timeOffset"":""P1D"",""amount"":0.33}",money-data.csv:000838
money-data.csv:000839,bus -0.22e 25 days ago,[],"{""transactionType"":""expense"",""currency"":""EUR"",""category"":""transport"",""description"":""Bus"",""timeOffset"":""-P25D"",""amount"":0.22}",money-data.csv:000839
money-data.csv:000840,spent 0.33€ snacks 20 hours ago,[],"{""transactionType"":""expense"",""currency"":""EUR"",""category"":""food_drink"",""description"":""Snacks"",""timeOffset"":""-PT20H"",""amount"":0.33}",money-data.csv:000840
money-data.csv:000841,family_member_b 34.25 ден,[],"{""transactionType"":""expense"",""currency"":""MKD"",""category"":""peer_transfer"",""description"":""family_member_b"",""timeOffset"":""PT0M"",""amount"":34.25}",money-data.csv:000841
money-data.csv:000842,spent €0.33 juice 5 hours ago,[],"{""transactionType"":""expense"",""currency"":""EUR"",""category"":""food_drink"",""description"":""Juice"",""timeOffset"":""-PT5H"",""amount"":0.33}",money-data.csv:000842
money-data.csv:000843,spent 0.22 eur auto -18d,[],"{""transactionType"":""expense"",""currency"":""EUR"",""category"":""transport"",""description"":""Auto"",""timeOffset"":""-P18D"",""amount"":0.22}",money-data.csv:000843
money-data.csv:000844,bus -20.55 den,[],"{""transactionType"":""expense"",""currency"":""MKD"",""category"":""transport"",""description"":""Bus"",""timeOffset"":""PT0M"",""amount"":20.55}",money-data.csv:000844
money-data.csv:000845,pta -0.11€ -17d,[],"{""transactionType"":""expense"",""currency"":""EUR"",""category"":""transport"",""description"":""PtA"",""timeOffset"":""-P17D"",""amount"":0.11}",money-data.csv:000845
money-data.csv:000846,spent 0.39e htp,[],"{""transactionType"":""expense"",""currency"":""EUR"",""category"":""transport"",""description"":""HtP"",""timeOffset"":""PT0M"",""amount"":0.39}",money-data.csv:000846
money-data.csv:000847,atr -23.97 den,[],"{""transactionType"":""expense"",""currency"":""MKD"",""category"":""transport"",""description"":""AtR"",""timeOffset"":""PT0M"",""amount"":23.97}",money-data.csv:000847
money-data.csv:000848,spent 0.33€ bus,[],"{""transactionType"":""expense"",""currency"":""EUR"",""category"":""transport"",""description"":""Bus"",""timeOffset"":""PT0M"",""amount"":0.33}",money-data.csv:000848
money-data.csv:000849,rta -€0.5,[],"{""transactionType"":""expense"",""currency"":""EUR"",""category"":""transport"",""description"":""RtA"",""timeOffset"":""PT0M"",""amount"":0.5}",money-data.csv:000849
money-data.csv:000850,spent 0.39 eur atr tomorrow,[],"{""transactionType"":""expense"",""currency"":""EUR"",""category"":""transport"",""description"":""AtR"",""timeOffset"":""P1D"",""amount"":0.39}",money-data.csv:000850
money-data.csv:000851,recharge savings bank $0.6 to metro card,[],"{""transactionType"":""transfer"",""currency"":""USD"",""category"":""transfer"",""description"":""Recharge"",""timeOffset"":""PT0M"",""fromAccount"":""Savings Bank"",""toAccount"":""Metro Card"",""amount"":0.6}",money-data.csv:000851
money-data.csv:000852,spent 20.55 ден snacks -6d,[],"{""transactionType"":""expense"",""currency"":""MKD"",""category"":""food_drink"",""description"":""Snacks"",""timeOffset"":""-P6D"",""amount"":20.55}",money-data.csv:000852
money-data.csv:000853,withdraw 5.56e savings bank to cash 6 hours ago,[],"{""transactionType"":""transfer"",""currency"":""EUR"",""category"":""transfer"",""description"":""Withdraw"",""timeOffset"":""-PT6H"",""fromAccount"":""Savings Bank"",""toAccount"":""Cash"",""amount"":5.56}",money-data.csv:000853
money-data.csv:000854,bus -6.85 den,[],"{""transactionType"":""expense"",""currency"":""MKD"",""category"":""transport"",""description"":""Bus"",""timeOffset"":""PT0M"",""amount"":6.85}",money-data.csv:000854
money-data.csv:000855,atr 0.39 eur 13 days ago,[],"{""transactionType"":""expense"",""currency"":""EUR"",""category"":""transport"",""description"":""AtR"",""timeOffset"":""-P13D"",""amount"":0.39}",money-data.csv:000855
money-data.csv:000856,got +0.22e adjust balance,[],"{""transactionType"":""income"",""currency"":""EUR"",""category"":""balance_adjustment"",""description"":""Adjust balance"",""timeOffset"":""PT0M"",""amount"":0.22}",money-data.csv:000856
money-data.csv:000857,recharge 2.22€ savings bank to metro card -12d,[],"{""transactionType"":""transfer"",""currency"":""EUR"",""category"":""transfer"",""description"":""Recharge"",""timeOffset"":""-P12D"",""fromAccount"":""Savings Bank"",""toAccount"":""Metro Card"",""amount"":2.22}",money-data.csv:000857
money-data.csv:000858,stonks -1.23€,[],"{""transactionType"":""expense"",""currency"":""EUR"",""category"":""financial"",""description"":""Stonks"",""timeOffset"":""PT0M"",""amount"":1.23}",money-data.csv:000858
money-data.csv:000859,bus -€0.11,[],"{""transactionType"":""expense"",""currency"":""EUR"",""category"":""transport"",""description"":""Bus"",""timeOffset"":""PT0M"",""amount"":0.11}",money-data.csv:000859
money-data.csv:000860,bus -€0.11 in 1d,[],"{""transactionType"":""expense"",""currency"":""EUR"",""category"":""transport"",""description"":""Bus"",""timeOffset"":""P1D"",""amount"":0.11}",money-data.csv:000860
money-data.csv:000861,metro €0.39 6 hours ago,[],"{""transactionType"":""expense"",""currency"":""EUR"",""category"":""transport"",""description"":""Metro"",""timeOffset"":""-PT6H"",""amount"":0.39}",money-data.csv:000861
money-data.csv:000862,person_b 684.93 den 3 hours ago,[],"{""transactionType"":""expense"",""currency"":""MKD"",""category"":""peer_transfer"",""description"":""person_b"",""timeOffset"":""-PT3H"",""amount"":684.93}",money-data.csv:000862
money-data.csv:000863,spent 22.22 eur family_member_a +1d,[],"{""transactionType"":""expense"",""currency"":""EUR"",""category"":""peer_transfer"",""description"":""family_member_a"",""timeOffset"":""P1D"",""amount"":22.22}",money-data.csv:000863
money-data.csv:000864,got +55.56€ capt. payment,[],"{""transactionType"":""income"",""currency"":""EUR"",""category"":""other_income"",""description"":""Capt. Payment"",""timeOffset"":""PT0M"",""amount"":55.56}",money-data.csv:000864
money-data.csv:000865,adjust balance 0.39e 7h ago,[],"{""transactionType"":""expense"",""currency"":""EUR"",""category"":""balance_adjustment"",""description"":""Adjust balance"",""timeOffset"":""-PT7H"",""amount"":0.39}",money-data.csv:000865
money-data.csv:000866,adjust balance +0.1usd 19d ago,[],"{""transactionType"":""income"",""currency"":""USD"",""category"":""balance_adjustment"",""description"":""Adjust balance"",""timeOffset"":""-P19D"",""amount"":0.1}",money-data.csv:000866
money-data.csv:000867,auto 0.22e,[],"{""transactionType"":""expense"",""currency"":""EUR"",""category"":""transport"",""description"":""Auto"",""timeOffset"":""PT0M"",""amount"":0.22}",money-data.csv:000867
money-data.csv:000868,auto -0.22e -14h,[],"{""transactionType"":""expense"",""currency"":""EUR"",""category"":""transport"",""description"":""Auto"",""timeOffset"":""-PT14H"",""amount"":0.22}",money-data.csv:000868
money-data.csv:000869,auto -13.7 ден -22d,[],"{""transactionType"":""expense"",""currency"":""MKD"",""category"":""transport"",""description"":""Auto"",""timeOffset"":""-P22D"",""amount"":13.7}",money-data.csv:000869
money-data.csv:000870,got +€1 family_member_a,[],"{""transactionType"":""income"",""currency"":""EUR"",""category"":""family_support"",""description"":""family_member_a"",""timeOffset"":""PT0M"",""amount"":1}",money-data.csv:000870
money-data.csv:000871,spent 0.22€ auto,[],"{""transactionType"":""expense"",""currency"":""EUR"",""category"":""transport"",""description"":""Auto"",""timeOffset"":""PT0M"",""amount"":0.22}",money-data.csv:000871
money-data.csv:000872,spent 6.85 MKD bus -16d,[],"{""transactionType"":""expense"",""currency"":""MKD"",""category"":""transport"",""description"":""Bus"",""timeOffset"":""-P16D"",""amount"":6.85}",money-data.csv:000872
money-data.csv:000873,family_member_a €5.56 17 hours ago,[],"{""transactionType"":""expense"",""currency"":""EUR"",""category"":""peer_transfer"",""description"":""family_member_a"",""timeOffset"":""-PT17H"",""amount"":5.56}",money-data.csv:000873
money-data.csv:000874,snacks 0.61 eur,[],"{""transactionType"":""expense"",""currency"":""EUR"",""category"":""food_drink"",""description"":""Snacks"",""timeOffset"":""PT0M"",""amount"":0.61}",money-data.csv:000874
money-data.csv:000875,spent €0.33 auto+bus,[],"{""transactionType"":""expense"",""currency"":""EUR"",""category"":""transport"",""description"":""Auto+Bus"",""timeOffset"":""PT0M"",""amount"":0.33}",money-data.csv:000875
money-data.csv:000876,spent $6.02 family_member_a,[],"{""transactionType"":""expense"",""currency"":""USD"",""category"":""peer_transfer"",""description"":""family_member_a"",""timeOffset"":""PT0M"",""amount"":6.02}",money-data.csv:000876
money-data.csv:000877,spent 0.78€ snacks,[],"{""transactionType"":""expense"",""currency"":""EUR"",""category"":""food_drink"",""description"":""Snacks"",""timeOffset"":""PT0M"",""amount"":0.78}",money-data.csv:000877
money-data.csv:000878,adjust balance -0.04e,[],"{""transactionType"":""expense"",""currency"":""EUR"",""category"":""balance_adjustment"",""description"":""Adjust balance"",""timeOffset"":""PT0M"",""amount"":0.04}",money-data.csv:000878
money-data.csv:000879,family_member_a €11.11 -9d,[],"{""transactionType"":""expense"",""currency"":""EUR"",""category"":""peer_transfer"",""description"":""family_member_a"",""timeOffset"":""-P9D"",""amount"":11.11}",money-data.csv:000879
money-data.csv:000880,person_b 0.22 eur,[],"{""transactionType"":""expense"",""currency"":""EUR"",""category"":""peer_transfer"",""description"":""person_b"",""timeOffset"":""PT0M"",""amount"":0.22}",money-data.csv:000880
money-data.csv:000881,spent €0.22 auto,[],"{""transactionType"":""expense"",""currency"":""EUR"",""category"":""transport"",""description"":""Auto"",""timeOffset"":""PT0M"",""amount"":0.22}",money-data.csv:000881
money-data.csv:000882,person_c -€0.44,[],"{""transactionType"":""expense"",""currency"":""EUR"",""category"":""peer_transfer"",""description"":""person_c"",""timeOffset"":""PT0M"",""amount"":0.44}",money-data.csv:000882
money-data.csv:000883,got +0.03e interest 2h ago,[],"{""transactionType"":""income"",""currency"":""EUR"",""category"":""interest"",""description"":""Interest"",""timeOffset"":""-PT2H"",""amount"":0.03}",money-data.csv:000883
money-data.csv:000884,spent 0.28€ snacks,[],"{""transactionType"":""expense"",""currency"":""EUR"",""category"":""food_drink"",""description"":""Snacks"",""timeOffset"":""PT0M"",""amount"":0.28}",money-data.csv:000884
money-data.csv:000885,jalebi €0.22,[],"{""transactionType"":""expense"",""currency"":""EUR"",""category"":""food_drink"",""description"":""Jalebi"",""timeOffset"":""PT0M"",""amount"":0.22}",money-data.csv:000885
money-data.csv:000886,auto 0.22€ 27d ago,[],"{""transactionType"":""expense"",""currency"":""EUR"",""category"":""transport"",""description"":""Auto"",""timeOffset"":""-P27D"",""amount"":0.22}",money-data.csv:000886
money-data.csv:000887,bus 0.11 eur -5h,[],"{""transactionType"":""expense"",""currency"":""EUR"",""category"":""transport"",""description"":""Bus"",""timeOffset"":""-PT5H"",""amount"":0.11}",money-data.csv:000887
money-data.csv:000888,spent 177.4 ден recharge 15h ago,[],"{""transactionType"":""expense"",""currency"":""MKD"",""category"":""utilities"",""description"":""Recharge"",""timeOffset"":""-PT15H"",""amount"":177.4}",money-data.csv:000888
money-data.csv:000889,spent €0.22 adjust balance -16d,[],"{""transactionType"":""expense"",""currency"":""EUR"",""category"":""balance_adjustment"",""description"":""Adjust balance"",""timeOffset"":""-P16D"",""amount"":0.22}",money-data.csv:000889
money-data.csv:000890,spent €0.44 adjust balance -11h,[],"{""transactionType"":""expense"",""currency"":""EUR"",""category"":""balance_adjustment"",""description"":""Adjust balance"",""timeOffset"":""-PT11H"",""amount"":0.44}",money-data.csv:000890
money-data.csv:000891,spent €0.22 auto 24 days ago,[],"{""transactionType"":""expense"",""currency"":""EUR"",""category"":""transport"",""description"":""Auto"",""timeOffset"":""-P24D"",""amount"":0.22}",money-data.csv:000891
money-data.csv:000892,spent 0.11e bus 29 days ago,[],"{""transactionType"":""expense"",""currency"":""EUR"",""category"":""transport"",""description"":""Bus"",""timeOffset"":""-P29D"",""amount"":0.11}",money-data.csv:000892
money-data.csv:000893,person_b €0.56 -12h,[],"{""transactionType"":""expense"",""currency"":""EUR"",""category"":""peer_transfer"",""description"":""person_b"",""timeOffset"":""-PT12H"",""amount"":0.56}",money-data.csv:000893
money-data.csv:000894,auto -0.22€,[],"{""transactionType"":""expense"",""currency"":""EUR"",""category"":""transport"",""description"":""Auto"",""timeOffset"":""PT0M"",""amount"":0.22}",money-data.csv:000894
money-data.csv:000895,got +2055.48 den advance -28d,[],"{""transactionType"":""income"",""currency"":""MKD"",""category"":""other_income"",""description"":""Advance"",""timeOffset"":""-P28D"",""amount"":2055.48}",money-data.csv:000895
money-data.csv:000896,auto -13.7 MKD,[],"{""transactionType"":""expense"",""currency"":""MKD"",""category"":""transport"",""description"":""Auto"",""timeOffset"":""PT0M"",""amount"":13.7}",money-data.csv:000896
money-data.csv:000897,spent 0.06€ prints 10d ago,[],"{""transactionType"":""expense"",""currency"":""EUR"",""category"":""education"",""description"":""Prints"",""timeOffset"":""-P10D"",""amount"":0.06}",money-data.csv:000897
money-data.csv:000898,auto -0.22e,[],"{""transactionType"":""expense"",""currency"":""EUR"",""category"":""transport"",""description"":""Auto"",""timeOffset"":""PT0M"",""amount"":0.22}",money-data.csv:000898
money-data.csv:000899,spent €0.11 bus,[],"{""transactionType"":""expense"",""currency"":""EUR"",""category"":""transport"",""description"":""Bus"",""timeOffset"":""PT0M"",""amount"":0.11}",money-data.csv:000899
money-data.csv:000900,parking €0.28 -26d,[],"{""transactionType"":""expense"",""currency"":""EUR"",""category"":""parking"",""description"":""Parking"",""timeOffset"":""-P26D"",""amount"":0.28}",money-data.csv:000900
money-data.csv:000901,snacks -20.55mkd,[],"{""transactionType"":""expense"",""currency"":""MKD"",""category"":""food_drink"",""description"":""Snacks"",""timeOffset"":""PT0M"",""amount"":20.55}",money-data.csv:000901
money-data.csv:000902,pastry 1.11 eur 17 hours ago,[],"{""transactionType"":""expense"",""currency"":""EUR"",""category"":""food_drink"",""description"":""Pastry"",""timeOffset"":""-PT17H"",""amount"":1.11}",money-data.csv:000902
money-data.csv:000903,transport -0.5€,[],"{""transactionType"":""expense"",""currency"":""EUR"",""category"":""transport"",""description"":""Transport"",""timeOffset"":""PT0M"",""amount"":0.5}",money-data.csv:000903
money-data.csv:000904,withdraw $0.24 savings bank to cash,[],"{""transactionType"":""transfer"",""currency"":""USD"",""category"":""transfer"",""description"":""Withdraw"",""timeOffset"":""PT0M"",""fromAccount"":""Savings Bank"",""toAccount"":""Cash"",""amount"":0.24}",money-data.csv:000904
money-data.csv:000905,snacks +0.33e,[],"{""transactionType"":""income"",""currency"":""EUR"",""category"":""other_income"",""description"":""Snacks"",""timeOffset"":""PT0M"",""amount"":0.33}",money-data.csv:000905
money-data.csv:000906,drink 0.11e,[],"{""transactionType"":""expense"",""currency"":""EUR"",""category"":""food_drink"",""description"":""Drink"",""timeOffset"":""PT0M"",""amount"":0.11}",money-data.csv:000906
money-data.csv:000907,snacks -0.67 eur,[],"{""transactionType"":""expense"",""currency"":""EUR"",""category"":""food_drink"",""description"":""Snacks"",""timeOffset"":""PT0M"",""amount"":0.67}",money-data.csv:000907
money-data.csv:000908,adjust balance 6.85mkd,[],"{""transactionType"":""expense"",""currency"":""MKD"",""category"":""balance_adjustment"",""description"":""Adjust balance"",""timeOffset"":""PT0M"",""amount"":6.85}",money-data.csv:000908
money-data.csv:000909,adjust balance 0.33 eur,[],"{""transactionType"":""expense"",""currency"":""EUR"",""category"":""balance_adjustment"",""description"":""Adjust balance"",""timeOffset"":""PT0M"",""amount"":0.33}",money-data.csv:000909
money-data.csv:000910,snacks 0.33e,[],"{""transactionType"":""expense"",""currency"":""EUR"",""category"":""food_drink"",""description"":""Snacks"",""timeOffset"":""PT0M"",""amount"":0.33}",money-data.csv:000910
money-data.csv:000911,person_c $0.67 -17h,[],"{""transactionType"":""expense"",""currency"":""USD"",""category"":""peer_transfer"",""description"":""person_c"",""timeOffset"":""-PT17H"",""amount"":0.67}",money-data.csv:000911
money-data.csv:000912,bus -6.85 den,[],"{""transactionType"":""expense"",""currency"":""MKD"",""category"":""transport"",""description"":""Bus"",""timeOffset"":""PT0M"",""amount"":6.85}",money-data.csv:000912
money-data.csv:000913,auto 0.22€,[],"{""transactionType"":""expense"",""currency"":""EUR"",""category"":""transport"",""description"":""Auto"",""timeOffset"":""PT0M"",""amount"":0.22}",money-data.csv:000913
money-data.csv:000914,auto 0.22€ 21h ago,[],"{""transactionType"":""expense"",""currency"":""EUR"",""category"":""transport"",""description"":""Auto"",""timeOffset"":""-PT21H"",""amount"":0.22}",money-data.csv:000914
money-data.csv:000915,bus 0.11 eur -23h,[],"{""transactionType"":""expense"",""currency"":""EUR"",""category"":""transport"",""description"":""Bus"",""timeOffset"":""-PT23H"",""amount"":0.11}",money-data.csv:000915
money-data.csv:000916,spent 0.22e auto,[],"{""transactionType"":""expense"",""currency"":""EUR"",""category"":""transport"",""description"":""Auto"",""timeOffset"":""PT0M"",""amount"":0.22}",money-data.csv:000916
money-data.csv:000917,snacks 1.56 eur in 1d,[],"{""transactionType"":""expense"",""currency"":""EUR"",""category"":""food_drink"",""description"":""Snacks"",""timeOffset"":""P1D"",""amount"":1.56}",money-data.csv:000917
money-data.csv:000918,spent €0.22 auto,[],"{""transactionType"":""expense"",""currency"":""EUR"",""category"":""transport"",""description"":""Auto"",""timeOffset"":""PT0M"",""amount"":0.22}",money-data.csv:000918
money-data.csv:000919,withdraw €5.56 savings bank to cash 8d ago,[],"{""transactionType"":""transfer"",""currency"":""EUR"",""category"":""transfer"",""description"":""Withdraw"",""timeOffset"":""-P8D"",""fromAccount"":""Savings Bank"",""toAccount"":""Cash"",""amount"":5.56}",money-data.csv:000919
money-data.csv:000920,spent 13.7mkd auto,[],"{""transactionType"":""expense"",""currency"":""MKD"",""category"":""transport"",""description"":""Auto"",""timeOffset"":""PT0M"",""amount"":13.7}",money-data.csv:000920
money-data.csv:000921,spent 0.11€ bus 30 days ago,[],"{""transactionType"":""expense"",""currency"":""EUR"",""category"":""transport"",""description"":""Bus"",""timeOffset"":""-P30D"",""amount"":0.11}",money-data.csv:000921
money-data.csv:000922,snacks €0.33,[],"{""transactionType"":""expense"",""currency"":""EUR"",""category"":""food_drink"",""description"":""Snacks"",""timeOffset"":""PT0M"",""amount"":0.33}",money-data.csv:000922
money-data.csv:000923,bus 0.11 eur 3h ago,[],"{""transactionType"":""expense"",""currency"":""EUR"",""category"":""transport"",""description"":""Bus"",""timeOffset"":""-PT3H"",""amount"":0.11}",money-data.csv:000923
money-data.csv:000924,adjust balance 0.22 eur -4h,[],"{""transactionType"":""expense"",""currency"":""EUR"",""category"":""balance_adjustment"",""description"":""Adjust balance"",""timeOffset"":""-PT4H"",""amount"":0.22}",money-data.csv:000924
money-data.csv:000925,+11.56€ adjust balance tmr,[],"{""transactionType"":""income"",""currency"":""EUR"",""category"":""balance_adjustment"",""description"":""Adjust balance"",""timeOffset"":""P1D"",""amount"":11.56}",money-data.csv:000925
money-data.csv:000926,spent 6.85mkd bus 16 hours ago,[],"{""transactionType"":""expense"",""currency"":""MKD"",""category"":""transport"",""description"":""Bus"",""timeOffset"":""-PT16H"",""amount"":6.85}",money-data.csv:000926
money-data.csv:000927,auto 0.22e 23 days ago,[],"{""transactionType"":""expense"",""currency"":""EUR"",""category"":""transport"",""description"":""Auto"",""timeOffset"":""-P23D"",""amount"":0.22}",money-data.csv:000927
money-data.csv:000928,spent 4.78 eur pass,[],"{""transactionType"":""expense"",""currency"":""EUR"",""category"":""other"",""description"":""Pass"",""timeOffset"":""PT0M"",""amount"":4.78}",money-data.csv:000928
money-data.csv:000929,auto 0.22€,[],"{""transactionType"":""expense"",""currency"":""EUR"",""category"":""transport"",""description"":""Auto"",""timeOffset"":""PT0M"",""amount"":0.22}",money-data.csv:000929
money-data.csv:000930,bus -0.33 eur 18 hours ago,[],"{""transactionType"":""expense"",""currency"":""EUR"",""category"":""transport"",""description"":""Bus"",""timeOffset"":""-PT18H"",""amount"":0.33}",money-data.csv:000930
money-data.csv:000931,spent 0.22 eur auto 6d ago,[],"{""transactionType"":""expense"",""currency"":""EUR"",""category"":""transport"",""description"":""Auto"",""timeOffset"":""-P6D"",""amount"":0.22}",money-data.csv:000931
money-data.csv:000932,+0.56e add,[],"{""transactionType"":""income"",""currency"":""EUR"",""category"":""balance_adjustment"",""description"":""Add"",""timeOffset"":""PT0M"",""amount"":0.56}",money-data.csv:000932
money-data.csv:000933,spent €0.11 person_b,[],"{""transactionType"":""expense"",""currency"":""EUR"",""category"":""peer_transfer"",""description"":""person_b"",""timeOffset"":""PT0M"",""amount"":0.11}",money-data.csv:000933
money-data.csv:000934,auto -€0.22 -2h,[],"{""transactionType"":""expense"",""currency"":""EUR"",""category"":""transport"",""description"":""Auto"",""timeOffset"":""-PT2H"",""amount"":0.22}",money-data.csv:000934
money-data.csv:000935,+6.67e pocket money tmr,[],"{""transactionType"":""income"",""currency"":""EUR"",""category"":""family_support"",""description"":""Pocket Money"",""timeOffset"":""P1D"",""amount"":6.67}",money-data.csv:000935
money-data.csv:000936,spent €0.11 bus 7d ago,[],"{""transactionType"":""expense"",""currency"":""EUR"",""category"":""transport"",""description"":""Bus"",""timeOffset"":""-P7D"",""amount"":0.11}",money-data.csv:000936
money-data.csv:000937,auto -0.22€,[],"{""transactionType"":""expense"",""currency"":""EUR"",""category"":""transport"",""description"":""Auto"",""timeOffset"":""PT0M"",""amount"":0.22}",money-data.csv:000937
money-data.csv:000938,spent 13.7 den stickers 8h ago,[],"{""transactionType"":""expense"",""currency"":""MKD"",""category"":""shopping"",""description"":""Stickers"",""timeOffset"":""-PT8H"",""amount"":13.7}",money-data.csv:000938
money-data.csv:000939,stationary -0.56 eur,[],"{""transactionType"":""expense"",""currency"":""EUR"",""category"":""education"",""description"":""Stationary"",""timeOffset"":""PT0M"",""amount"":0.56}",money-data.csv:000939
money-data.csv:000940,juice -0.44e -3h,[],"{""transactionType"":""expense"",""currency"":""EUR"",""category"":""food_drink"",""description"":""Juice"",""timeOffset"":""-PT3H"",""amount"":0.44}",money-data.csv:000940
money-data.csv:000941,got +€0.56 person_i payback,[],"{""transactionType"":""income"",""currency"":""EUR"",""category"":""other_income"",""description"":""person_i payback"",""timeOffset"":""PT0M"",""amount"":0.56}",money-data.csv:000941
money-data.csv:000942,samosa -0.67€ -20h,[],"{""transactionType"":""expense"",""currency"":""EUR"",""category"":""food_drink"",""description"":""Samosa"",""timeOffset"":""-PT20H"",""amount"":0.67}",money-data.csv:000942
money-data.csv:000943,auto -€0.22 17h ago,[],"{""transactionType"":""expense"",""currency"":""EUR"",""category"":""transport"",""description"":""Auto"",""timeOffset"":""-PT17H"",""amount"":0.22}",money-data.csv:000943
money-data.csv:000944,auto 13.7mkd,[],"{""transactionType"":""expense"",""currency"":""MKD"",""category"":""transport"",""description"":""Auto"",""timeOffset"":""PT0M"",""amount"":13.7}",money-data.csv:000944
money-data.csv:000945,auto -0.24 dollar,[],"{""transactionType"":""expense"",""currency"":""USD"",""category"":""transport"",""description"":""Auto"",""timeOffset"":""PT0M"",""amount"":0.24}",money-data.csv:000945
money-data.csv:000946,bus -6.85 MKD 20d ago,[],"{""transactionType"":""expense"",""currency"":""MKD"",""category"":""transport"",""description"":""Bus"",""timeOffset"":""-P20D"",""amount"":6.85}",money-data.csv:000946
money-data.csv:000947,spent 0.12 dollar bus,[],"{""transactionType"":""expense"",""currency"":""USD"",""category"":""transport"",""description"":""Bus"",""timeOffset"":""PT0M"",""amount"":0.12}",money-data.csv:000947
money-data.csv:000948,juice -0.17 eur 24 days ago,[],"{""transactionType"":""expense"",""currency"":""EUR"",""category"":""food_drink"",""description"":""Juice"",""timeOffset"":""-P24D"",""amount"":0.17}",money-data.csv:000948
money-data.csv:000949,spent 0.22€ auto,[],"{""transactionType"":""expense"",""currency"":""EUR"",""category"":""transport"",""description"":""Auto"",""timeOffset"":""PT0M"",""amount"":0.22}",money-data.csv:000949
money-data.csv:000950,bus -6.85mkd 19 days ago,[],"{""transactionType"":""expense"",""currency"":""MKD"",""category"":""transport"",""description"":""Bus"",""timeOffset"":""-P19D"",""amount"":6.85}",money-data.csv:000950
money-data.csv:000951,auto -13.7 ден,[],"{""transactionType"":""expense"",""currency"":""MKD"",""category"":""transport"",""description"":""Auto"",""timeOffset"":""PT0M"",""amount"":13.7}",money-data.csv:000951
money-data.csv:000952,spent 0.22e auto 14h ago,[],"{""transactionType"":""expense"",""currency"":""EUR"",""category"":""transport"",""description"":""Auto"",""timeOffset"":""-PT14H"",""amount"":0.22}",money-data.csv:000952
money-data.csv:000953,spent €0.22 auto yday,[],"{""transactionType"":""expense"",""currency"":""EUR"",""category"":""transport"",""description"":""Auto"",""timeOffset"":""-P1D"",""amount"":0.22}",money-data.csv:000953
money-data.csv:000954,snacks 0.33€,[],"{""transactionType"":""expense"",""currency"":""EUR"",""category"":""food_drink"",""description"":""Snacks"",""timeOffset"":""PT0M"",""amount"":0.33}",money-data.csv:000954
money-data.csv:000955,spent 0.24usd auto 24 days ago,[],"{""transactionType"":""expense"",""currency"":""USD"",""category"":""transport"",""description"":""Auto"",""timeOffset"":""-P24D"",""amount"":0.24}",money-data.csv:000955
money-data.csv:000956,bus -0.11€,[],"{""transactionType"":""expense"",""currency"":""EUR"",""category"":""transport"",""description"":""Bus"",""timeOffset"":""PT0M"",""amount"":0.11}",money-data.csv:000956
money-data.csv:000957,spent €0.22 auto 24d ago,[],"{""transactionType"":""expense"",""currency"":""EUR"",""category"":""transport"",""description"":""Auto"",""timeOffset"":""-P24D"",""amount"":0.22}",money-data.csv:000957
money-data.csv:000958,auto -€0.44,[],"{""transactionType"":""expense"",""currency"":""EUR"",""category"":""transport"",""description"":""Auto"",""timeOffset"":""PT0M"",""amount"":0.44}",money-data.csv:000958
money-data.csv:000959,snacks -0.22 eur tomorrow,[],"{""transactionType"":""expense"",""currency"":""EUR"",""category"":""food_drink"",""description"":""Snacks"",""timeOffset"":""P1D"",""amount"":0.22}",money-data.csv:000959
money-data.csv:000960,bus 0.11 eur,[],"{""transactionType"":""expense"",""currency"":""EUR"",""category"":""transport"",""description"":""Bus"",""timeOffset"":""PT0M"",""amount"":0.11}",money-data.csv:000960
money-data.csv:000961,computer stuff -5.22 eur,[],"{""transactionType"":""expense"",""currency"":""EUR"",""category"":""shopping"",""description"":""Computer stuff"",""timeOffset"":""PT0M"",""amount"":5.22}",money-data.csv:000961
money-data.csv:000962,person_i $0.12 3 hours ago,[],"{""transactionType"":""expense"",""currency"":""USD"",""category"":""other"",""description"":""person_i"",""timeOffset"":""-PT3H"",""amount"":0.12}",money-data.csv:000962
money-data.csv:000963,spent 0.24usd auto,[],"{""transactionType"":""expense"",""currency"":""USD"",""category"":""transport"",""description"":""Auto"",""timeOffset"":""PT0M"",""amount"":0.24}",money-data.csv:000963
money-data.csv:000964,bus -0.11e,[],"{""transactionType"":""expense"",""currency"":""EUR"",""category"":""transport"",""description"":""Bus"",""timeOffset"":""PT0M"",""amount"":0.11}",money-data.csv:000964
money-data.csv:000965,shawarma -82.19mkd -29d,[],"{""transactionType"":""expense"",""currency"":""MKD"",""category"":""food_drink"",""description"":""Shawarma"",""timeOffset"":""-P29D"",""amount"":82.19}",money-data.csv:000965
money-data.csv:000966,adjust balance 0.33 eur -2h,[],"{""transactionType"":""expense"",""currency"":""EUR"",""category"":""balance_adjustment"",""description"":""Adjust balance"",""timeOffset"":""-PT2H"",""amount"":0.33}",money-data.csv:000966
money-data.csv:000967,spent 6.85 MKD bus 28 days ago,[],"{""transactionType"":""expense"",""currency"":""MKD"",""category"":""transport"",""description"":""Bus"",""timeOffset"":""-P28D"",""amount"":6.85}",money-data.csv:000967
money-data.csv:000968,spent €0.11 bus,[],"{""transactionType"":""expense"",""currency"":""EUR"",""category"":""transport"",""description"":""Bus"",""timeOffset"":""PT0M"",""amount"":0.11}",money-data.csv:000968
money-data.csv:000969,bus 6.85mkd,[],"{""transactionType"":""expense"",""currency"":""MKD"",""category"":""transport"",""description"":""Bus"",""timeOffset"":""PT0M"",""amount"":6.85}",money-data.csv:000969
money-data.csv:000970,auto €0.22,[],"{""transactionType"":""expense"",""currency"":""EUR"",""category"":""transport"",""description"":""Auto"",""timeOffset"":""PT0M"",""amount"":0.22}",money-data.csv:000970
money-data.csv:000971,person_b -0.24usd -8h,[],"{""transactionType"":""expense"",""currency"":""USD"",""category"":""peer_transfer"",""description"":""person_b"",""timeOffset"":""-PT8H"",""amount"":0.24}",money-data.csv:000971
money-data.csv:000972,something €0.06 21 hours ago,[],"{""transactionType"":""expense"",""currency"":""EUR"",""category"":""other"",""description"":""Something"",""timeOffset"":""-PT21H"",""amount"":0.06}",money-data.csv:000972
money-data.csv:000973,recharge -177.4 MKD,[],"{""transactionType"":""expense"",""currency"":""MKD"",""category"":""utilities"",""description"":""Recharge"",""timeOffset"":""PT0M"",""amount"":177.4}",money-data.csv:000973
money-data.csv:000974,adjust balance 0.11e -6d,[],"{""transactionType"":""expense"",""currency"":""EUR"",""category"":""balance_adjustment"",""description"":""Adjust balance"",""timeOffset"":""-P6D"",""amount"":0.11}",money-data.csv:000974
money-data.csv:000975,spent 0.11€ bus,[],"{""transactionType"":""expense"",""currency"":""EUR"",""category"":""transport"",""description"":""Bus"",""timeOffset"":""PT0M"",""amount"":0.11}",money-data.csv:000975
money-data.csv:000976,got +11.11 eur pocket money,[],"{""transactionType"":""income"",""currency"":""EUR"",""category"":""family_support"",""description"":""Pocket money"",""timeOffset"":""PT0M"",""amount"":11.11}",money-data.csv:000976
money-data.csv:000977,curd 0.53e in 1d,[],"{""transactionType"":""expense"",""currency"":""EUR"",""category"":""food_drink"",""description"":""Curd"",""timeOffset"":""P1D"",""amount"":0.53}",money-data.csv:000977
money-data.csv:000978,auto €0.22 -9h,[],"{""transactionType"":""expense"",""currency"":""EUR"",""category"":""transport"",""description"":""Auto"",""timeOffset"":""-PT9H"",""amount"":0.22}",money-data.csv:000978
money-data.csv:000979,snacks 0.89 eur,[],"{""transactionType"":""expense"",""currency"":""EUR"",""category"":""food_drink"",""description"":""Snacks"",""timeOffset"":""PT0M"",""amount"":0.89}",money-data.csv:000979
money-data.csv:000980,adjust balance 0.11€,[],"{""transactionType"":""expense"",""currency"":""EUR"",""category"":""balance_adjustment"",""description"":""Adjust balance"",""timeOffset"":""PT0M"",""amount"":0.11}",money-data.csv:000980
money-data.csv:000981,adjust balance -1.06 eur,[],"{""transactionType"":""expense"",""currency"":""EUR"",""category"":""balance_adjustment"",""description"":""Adjust balance"",""timeOffset"":""PT0M"",""amount"":1.06}",money-data.csv:000981
money-data.csv:000982,🖊️ 0.11e,[],"{""transactionType"":""expense"",""currency"":""EUR"",""category"":""other"",""description"":""\ud83d\udd8a\ufe0f"",""timeOffset"":""PT0M"",""amount"":0.11}",money-data.csv:000982
money-data.csv:000983,spent 6.85 ден bus,[],"{""transactionType"":""expense"",""currency"":""MKD"",""category"":""transport"",""description"":""Bus"",""timeOffset"":""PT0M"",""amount"":6.85}",money-data.csv:000983
money-data.csv:000984,juice $0.24,[],"{""transactionType"":""expense"",""currency"":""USD"",""category"":""food_drink"",""description"":""Juice"",""timeOffset"":""PT0M"",""amount"":0.24}",money-data.csv:000984
money-data.csv:000985,snacks -€0.56,[],"{""transactionType"":""expense"",""currency"":""EUR"",""category"":""food_drink"",""description"":""Snacks"",""timeOffset"":""PT0M"",""amount"":0.56}",money-data.csv:000985
money-data.csv:000986,auto 0.22€ -24d,[],"{""transactionType"":""expense"",""currency"":""EUR"",""category"":""transport"",""description"":""Auto"",""timeOffset"":""-P24D"",""amount"":0.22}",money-data.csv:000986
money-data.csv:000987,spent 13.7mkd auto,[],"{""transactionType"":""expense"",""currency"":""MKD"",""category"":""transport"",""description"":""Auto"",""timeOffset"":""PT0M"",""amount"":13.7}",money-data.csv:000987
money-data.csv:000988,spent 0.11e bus,[],"{""transactionType"":""expense"",""currency"":""EUR"",""category"":""transport"",""description"":""Bus"",""timeOffset"":""PT0M"",""amount"":0.11}",money-data.csv:000988
money-data.csv:000989,spent 0.22e auto,[],"{""transactionType"":""expense"",""currency"":""EUR"",""category"":""transport"",""description"":""Auto"",""timeOffset"":""PT0M"",""amount"":0.22}",money-data.csv:000989
money-data.csv:000990,pen -6.85 MKD 27d ago,[],"{""transactionType"":""expense"",""currency"":""MKD"",""category"":""education"",""description"":""Pen"",""timeOffset"":""-P27D"",""amount"":6.85}",money-data.csv:000990
money-data.csv:000991,person_i -0.22e,[],"{""transactionType"":""expense"",""currency"":""EUR"",""category"":""other"",""description"":""person_i"",""timeOffset"":""PT0M"",""amount"":0.22}",money-data.csv:000991
money-data.csv:000992,family_member_b 7876.71 ден 5h ago,[],"{""transactionType"":""expense"",""currency"":""MKD"",""category"":""peer_transfer"",""description"":""family_member_b"",""timeOffset"":""-PT5H"",""amount"":7876.71}",money-data.csv:000992
money-data.csv:000993,book €2 11 hours ago,[],"{""transactionType"":""expense"",""currency"":""EUR"",""category"":""education"",""description"":""Book"",""timeOffset"":""-PT11H"",""amount"":2}",money-data.csv:000993
money-data.csv:000994,+5479.45 MKD salary,[],"{""transactionType"":""income"",""currency"":""MKD"",""category"":""salary"",""description"":""Salary"",""timeOffset"":""PT0M"",""amount"":5479.45}",money-data.csv:000994
money-data.csv:000995,bus -€0.11 8 days ago,[],"{""transactionType"":""expense"",""currency"":""EUR"",""category"":""transport"",""description"":""Bus"",""timeOffset"":""-P8D"",""amount"":0.11}",money-data.csv:000995
money-data.csv:000996,bus €0.11 6 days ago,[],"{""transactionType"":""expense"",""currency"":""EUR"",""category"":""transport"",""description"":""Bus"",""timeOffset"":""-P6D"",""amount"":0.11}",money-data.csv:000996
money-data.csv:000997,bus -€0.22 12d ago,[],"{""transactionType"":""expense"",""currency"":""EUR"",""category"":""transport"",""description"":""Bus"",""timeOffset"":""-P12D"",""amount"":0.22}",money-data.csv:000997
money-data.csv:000998,family_member_b €0.56 -5d,[],"{""transactionType"":""expense"",""currency"":""EUR"",""category"":""peer_transfer"",""description"":""family_member_b"",""timeOffset"":""-P5D"",""amount"":0.56}",money-data.csv:000998
money-data.csv:000999,bus 0.11 eur,[],"{""transactionType"":""expense"",""currency"":""EUR"",""category"":""transport"",""description"":""Bus"",""timeOffset"":""PT0M"",""amount"":0.11}",money-data.csv:000999
money-data.csv:001000,spent 0.22e juice,[],"{""transactionType"":""expense"",""currency"":""EUR"",""category"":""food_drink"",""description"":""Juice"",""timeOffset"":""PT0M"",""amount"":0.22}",money-data.csv:001000
money-data.csv:001001,exam fees -8.89 eur 9h ago,[],"{""transactionType"":""expense"",""currency"":""EUR"",""category"":""education"",""description"":""Exam fees"",""timeOffset"":""-PT9H"",""amount"":8.89}",money-data.csv:001001
money-data.csv:001002,auto 13.7mkd 11 hours ago,[],"{""transactionType"":""expense"",""currency"":""MKD"",""category"":""transport"",""description"":""Auto"",""timeOffset"":""-PT11H"",""amount"":13.7}",money-data.csv:001002
money-data.csv:001003,record books €4 in 1d,[],"{""transactionType"":""expense"",""currency"":""EUR"",""category"":""education"",""description"":""Record books"",""timeOffset"":""P1D"",""amount"":4}",money-data.csv:001003
money-data.csv:001004,withdraw savings bank 1.89e to cash,[],"{""transactionType"":""transfer"",""currency"":""EUR"",""category"":""transfer"",""description"":""Withdraw"",""timeOffset"":""PT0M"",""fromAccount"":""Savings Bank"",""toAccount"":""Cash"",""amount"":1.89}",money-data.csv:001004
money-data.csv:001005,adjust -0.67€,[],"{""transactionType"":""expense"",""currency"":""EUR"",""category"":""balance_adjustment"",""description"":""Adjust"",""timeOffset"":""PT0M"",""amount"":0.67}",money-data.csv:001005
money-data.csv:001006,spent 1.11€ adjust,[],"{""transactionType"":""expense"",""currency"":""EUR"",""category"":""balance_adjustment"",""description"":""Adjust"",""timeOffset"":""PT0M"",""amount"":1.11}",money-data.csv:001006
money-data.csv:001007,spent 0.22€ auto,[],"{""transactionType"":""expense"",""currency"":""EUR"",""category"":""transport"",""description"":""Auto"",""timeOffset"":""PT0M"",""amount"":0.22}",money-data.csv:001007
money-data.csv:001008,spent 0.22€ auto -13d,[],"{""transactionType"":""expense"",""currency"":""EUR"",""category"":""transport"",""description"":""Auto"",""timeOffset"":""-P13D"",""amount"":0.22}",money-data.csv:001008
money-data.csv:001009,juice -€0.11 5h ago,[],"{""transactionType"":""expense"",""currency"":""EUR"",""category"":""food_drink"",""description"":""Juice"",""timeOffset"":""-PT5H"",""amount"":0.11}",money-data.csv:001009
money-data.csv:001010,spent 0.28 eur snacks,[],"{""transactionType"":""expense"",""currency"":""EUR"",""category"":""food_drink"",""description"":""Snacks"",""timeOffset"":""PT0M"",""amount"":0.28}",money-data.csv:001010
money-data.csv:001011,spent €0.22 auto,[],"{""transactionType"":""expense"",""currency"":""EUR"",""category"":""transport"",""description"":""Auto"",""timeOffset"":""PT0M"",""amount"":0.22}",money-data.csv:001011
money-data.csv:001012,adjust €0.44,[],"{""transactionType"":""expense"",""currency"":""EUR"",""category"":""balance_adjustment"",""description"":""Adjust"",""timeOffset"":""PT0M"",""amount"":0.44}",money-data.csv:001012
money-data.csv:001013,spent 13.7 ден juice,[],"{""transactionType"":""expense"",""currency"":""MKD"",""category"":""food_drink"",""description"":""Juice"",""timeOffset"":""PT0M"",""amount"":13.7}",money-data.csv:001013
money-data.csv:001014,juice 0.22 eur -5h,[],"{""transactionType"":""expense"",""currency"":""EUR"",""category"":""food_drink"",""description"":""Juice"",""timeOffset"":""-PT5H"",""amount"":0.22}",money-data.csv:001014
money-data.csv:001015,bus 0.36 dollar,[],"{""transactionType"":""expense"",""currency"":""USD"",""category"":""transport"",""description"":""Bus"",""timeOffset"":""PT0M"",""amount"":0.36}",money-data.csv:001015
money-data.csv:001016,bus €0.11,[],"{""transactionType"":""expense"",""currency"":""EUR"",""category"":""transport"",""description"":""Bus"",""timeOffset"":""PT0M"",""amount"":0.11}",money-data.csv:001016
money-data.csv:001017,medic -€0.59,[],"{""transactionType"":""expense"",""currency"":""EUR"",""category"":""health"",""description"":""Medic"",""timeOffset"":""PT0M"",""amount"":0.59}",money-data.csv:001017
money-data.csv:001018,spent 0.11 eur bus,[],"{""transactionType"":""expense"",""currency"":""EUR"",""category"":""transport"",""description"":""Bus"",""timeOffset"":""PT0M"",""amount"":0.11}",money-data.csv:001018
money-data.csv:001019,bus -0.22e,[],"{""transactionType"":""expense"",""currency"":""EUR"",""category"":""transport"",""description"":""Bus"",""timeOffset"":""PT0M"",""amount"":0.22}",money-data.csv:001019
money-data.csv:001020,auto -0.24usd,[],"{""transactionType"":""expense"",""currency"":""USD"",""category"":""transport"",""description"":""Auto"",""timeOffset"":""PT0M"",""amount"":0.24}",money-data.csv:001020
money-data.csv:001021,family_member_b -€0.11,[],"{""transactionType"":""expense"",""currency"":""EUR"",""category"":""peer_transfer"",""description"":""family_member_b"",""timeOffset"":""PT0M"",""amount"":0.11}",money-data.csv:001021
money-data.csv:001022,juice 0.22 eur,[],"{""transactionType"":""expense"",""currency"":""EUR"",""category"":""food_drink"",""description"":""Juice"",""timeOffset"":""PT0M"",""amount"":0.22}",money-data.csv:001022
money-data.csv:001023,auto 0.22 eur -4d,[],"{""transactionType"":""expense"",""currency"":""EUR"",""category"":""transport"",""description"":""Auto"",""timeOffset"":""-P4D"",""amount"":0.22}",money-data.csv:001023
money-data.csv:001024,got +€0.08 adjust -2d,[],"{""transactionType"":""income"",""currency"":""EUR"",""category"":""balance_adjustment"",""description"":""Adjust"",""timeOffset"":""-P2D"",""amount"":0.08}",money-data.csv:001024
money-data.csv:001025,got +1.7e adjust,[],"{""transactionType"":""income"",""currency"":""EUR"",""category"":""balance_adjustment"",""description"":""Adjust"",""timeOffset"":""PT0M"",""amount"":1.7}",money-data.csv:001025
money-data.csv:001026,suit 38.88€,[],"{""transactionType"":""expense"",""currency"":""EUR"",""category"":""shopping"",""description"":""Suit"",""timeOffset"":""PT0M"",""amount"":38.88}",money-data.csv:001026
money-data.csv:001027,breakfast 0.33 eur 14 hours ago,[],"{""transactionType"":""expense"",""currency"":""EUR"",""category"":""food_drink"",""description"":""Breakfast"",""timeOffset"":""-PT14H"",""amount"":0.33}",money-data.csv:001027
money-data.csv:001028,family_member_a payback 15.56 eur -22d,[],"{""transactionType"":""expense"",""currency"":""EUR"",""category"":""peer_transfer"",""description"":""family_member_a payback"",""timeOffset"":""-P22D"",""amount"":15.56}",money-data.csv:001028
money-data.csv:001029,bus -6.85 den 21 days ago,[],"{""transactionType"":""expense"",""currency"":""MKD"",""category"":""transport"",""description"":""Bus"",""timeOffset"":""-P21D"",""amount"":6.85}",money-data.csv:001029
money-data.csv:001030,spent 0.22 eur bus,[],"{""transactionType"":""expense"",""currency"":""EUR"",""category"":""transport"",""description"":""Bus"",""timeOffset"":""PT0M"",""amount"":0.22}",money-data.csv:001030
money-data.csv:001031,juice 0.3 dollar yday,[],"{""transactionType"":""expense"",""currency"":""USD"",""category"":""food_drink"",""description"":""Juice"",""timeOffset"":""-P1D"",""amount"":0.3}",money-data.csv:001031
money-data.csv:001032,spent 0.22 eur auto,[],"{""transactionType"":""expense"",""currency"":""EUR"",""category"":""transport"",""description"":""Auto"",""timeOffset"":""PT0M"",""amount"":0.22}",money-data.csv:001032
money-data.csv:001033,spent €0.56 auto+bus,[],"{""transactionType"":""expense"",""currency"":""EUR"",""category"":""transport"",""description"":""Auto+Bus"",""timeOffset"":""PT0M"",""amount"":0.56}",money-data.csv:001033
money-data.csv:001034,bus -6.85 MKD,[],"{""transactionType"":""expense"",""currency"":""MKD"",""category"":""transport"",""description"":""Bus"",""timeOffset"":""PT0M"",""amount"":6.85}",money-data.csv:001034
money-data.csv:001035,bus 0.11€,[],"{""transactionType"":""expense"",""currency"":""EUR"",""category"":""transport"",""description"":""Bus"",""timeOffset"":""PT0M"",""amount"":0.11}",money-data.csv:001035
money-data.csv:001036,bus -0.11e,[],"{""transactionType"":""expense"",""currency"":""EUR"",""category"":""transport"",""description"":""Bus"",""timeOffset"":""PT0M"",""amount"":0.11}",money-data.csv:001036
money-data.csv:001037,recharge 177.4 MKD tmr,[],"{""transactionType"":""expense"",""currency"":""MKD"",""category"":""utilities"",""description"":""Recharge"",""timeOffset"":""P1D"",""amount"":177.4}",money-data.csv:001037
money-data.csv:001038,person_g paid +102.74 den,[],"{""transactionType"":""income"",""currency"":""MKD"",""category"":""other_income"",""description"":""person_g paid"",""timeOffset"":""PT0M"",""amount"":102.74}",money-data.csv:001038
money-data.csv:001039,snacks 1.11e 8 hours ago,[],"{""transactionType"":""expense"",""currency"":""EUR"",""category"":""food_drink"",""description"":""Snacks"",""timeOffset"":""-PT8H"",""amount"":1.11}",money-data.csv:001039
money-data.csv:001040,ice cream -0.33e,[],"{""transactionType"":""expense"",""currency"":""EUR"",""category"":""food_drink"",""description"":""Ice cream"",""timeOffset"":""PT0M"",""amount"":0.33}",money-data.csv:001040
money-data.csv:001041,+1369.86 MKD ogt paid,[],"{""transactionType"":""income"",""currency"":""MKD"",""category"":""other_income"",""description"":""OGT paid"",""timeOffset"":""PT0M"",""amount"":1369.86}",money-data.csv:001041
money-data.csv:001042,person_b -0.11e,[],"{""transactionType"":""expense"",""currency"":""EUR"",""category"":""peer_transfer"",""description"":""person_b"",""timeOffset"":""PT0M"",""amount"":0.11}",money-data.csv:001042
money-data.csv:001043,bus pass €4.78 13 days ago,[],"{""transactionType"":""expense"",""currency"":""EUR"",""category"":""transport"",""description"":""Bus pass"",""timeOffset"":""-P13D"",""amount"":4.78}",money-data.csv:001043
money-data.csv:001044,withdraw €5.56 savings bank to cash,[],"{""transactionType"":""transfer"",""currency"":""EUR"",""category"":""transfer"",""description"":""Withdraw"",""timeOffset"":""PT0M"",""fromAccount"":""Savings Bank"",""toAccount"":""Cash"",""amount"":5.56}",money-data.csv:001044
money-data.csv:001045,ice cream 0.83€,[],"{""transactionType"":""expense"",""currency"":""EUR"",""category"":""food_drink"",""description"":""Ice cream"",""timeOffset"":""PT0M"",""amount"":0.83}",money-data.csv:001045
money-data.csv:001046,rta -0.39 eur,[],"{""transactionType"":""expense"",""currency"":""EUR"",""category"":""transport"",""description"":""RtA"",""timeOffset"":""PT0M"",""amount"":0.39}",money-data.csv:001046
money-data.csv:001047,snacks 0.33€,[],"{""transactionType"":""expense"",""currency"":""EUR"",""category"":""food_drink"",""description"":""Snacks"",""timeOffset"":""PT0M"",""amount"":0.33}",money-data.csv:001047
money-data.csv:001048,bus 6.85mkd,[],"{""transactionType"":""expense"",""currency"":""MKD"",""category"":""transport"",""description"":""Bus"",""timeOffset"":""PT0M"",""amount"":6.85}",money-data.csv:001048
money-data.csv:001049,withdraw 2.22 eur savings bank to cash,[],"{""transactionType"":""transfer"",""currency"":""EUR"",""category"":""transfer"",""description"":""Withdraw"",""timeOffset"":""PT0M"",""fromAccount"":""Savings Bank"",""toAccount"":""Cash"",""amount"":2.22}",money-data.csv:001049
money-data.csv:001050,bus 0.36 USD 8 days ago,[],"{""transactionType"":""expense"",""currency"":""USD"",""category"":""transport"",""description"":""Bus"",""timeOffset"":""-P8D"",""amount"":0.36}",money-data.csv:001050
money-data.csv:001051,bus €0.22 22d ago,[],"{""transactionType"":""expense"",""currency"":""EUR"",""category"":""transport"",""description"":""Bus"",""timeOffset"":""-P22D"",""amount"":0.22}",money-data.csv:001051
money-data.csv:001052,snacks -0.33 eur 9 hours ago,[],"{""transactionType"":""expense"",""currency"":""EUR"",""category"":""food_drink"",""description"":""Snacks"",""timeOffset"":""-PT9H"",""amount"":0.33}",money-data.csv:001052
money-data.csv:001053,got +0.36usd adjust,[],"{""transactionType"":""income"",""currency"":""USD"",""category"":""balance_adjustment"",""description"":""Adjust"",""timeOffset"":""PT0M"",""amount"":0.36}",money-data.csv:001053
money-data.csv:001054,spent 432.19 ден person_c payup,[],"{""transactionType"":""expense"",""currency"":""MKD"",""category"":""peer_transfer"",""description"":""person_c payUp"",""timeOffset"":""PT0M"",""amount"":432.19}",money-data.csv:001054
money-data.csv:001055,got +5479.45mkd payment,[],"{""transactionType"":""income"",""currency"":""MKD"",""category"":""other_income"",""description"":""Payment"",""timeOffset"":""PT0M"",""amount"":5479.45}",money-data.csv:001055
money-data.csv:001056,spent 27.4 den juice,[],"{""transactionType"":""expense"",""currency"":""MKD"",""category"":""food_drink"",""description"":""Juice"",""timeOffset"":""PT0M"",""amount"":27.4}",money-data.csv:001056
money-data.csv:001057,juice -6.85 MKD 2h ago,[],"{""transactionType"":""expense"",""currency"":""MKD"",""category"":""food_drink"",""description"":""Juice"",""timeOffset"":""-PT2H"",""amount"":6.85}",money-data.csv:001057
money-data.csv:001058,spent 13.7 ден auto 11 days ago,[],"{""transactionType"":""expense"",""currency"":""MKD"",""category"":""transport"",""description"":""Auto"",""timeOffset"":""-P11D"",""amount"":13.7}",money-data.csv:001058
money-data.csv:001059,auto -0.24 USD,[],"{""transactionType"":""expense"",""currency"":""USD"",""category"":""transport"",""description"":""Auto"",""timeOffset"":""PT0M"",""amount"":0.24}",money-data.csv:001059
money-data.csv:001060,auto -13.7 MKD 13h ago,[],"{""transactionType"":""expense"",""currency"":""MKD"",""category"":""transport"",""description"":""Auto"",""timeOffset"":""-PT13H"",""amount"":13.7}",money-data.csv:001060
money-data.csv:001061,spent 0.24 dollar auto,[],"{""transactionType"":""expense"",""currency"":""USD"",""category"":""transport"",""description"":""Auto"",""timeOffset"":""PT0M"",""amount"":0.24}",money-data.csv:001061
money-data.csv:001062,snacks 0.17€ 13h ago,[],"{""transactionType"":""expense"",""currency"":""EUR"",""category"":""food_drink"",""description"":""Snacks"",""timeOffset"":""-PT13H"",""amount"":0.17}",money-data.csv:001062
money-data.csv:001063,spent 0.11 eur bus: rtg,[],"{""transactionType"":""expense"",""currency"":""EUR"",""category"":""transport"",""description"":""Bus: RtG"",""timeOffset"":""PT0M"",""amount"":0.11}",money-data.csv:001063
money-data.csv:001064,spent 0.12 dollar bus,[],"{""transactionType"":""expense"",""currency"":""USD"",""category"":""transport"",""description"":""Bus"",""timeOffset"":""PT0M"",""amount"":0.12}",money-data.csv:001064
money-data.csv:001065,bus 6.85mkd,[],"{""transactionType"":""expense"",""currency"":""MKD"",""category"":""transport"",""description"":""Bus"",""timeOffset"":""PT0M"",""amount"":6.85}",money-data.csv:001065
money-data.csv:001066,auto -0.24usd 5d ago,[],"{""transactionType"":""expense"",""currency"":""USD"",""category"":""transport"",""description"":""Auto"",""timeOffset"":""-P5D"",""amount"":0.24}",money-data.csv:001066
money-data.csv:001067,snack -€0.33,[],"{""transactionType"":""expense"",""currency"":""EUR"",""category"":""food_drink"",""description"":""Snack"",""timeOffset"":""PT0M"",""amount"":0.33}",money-data.csv:001067
money-data.csv:001068,spent 0.11e bus,[],"{""transactionType"":""expense"",""currency"":""EUR"",""category"":""transport"",""description"":""Bus"",""timeOffset"":""PT0M"",""amount"":0.11}",money-data.csv:001068
money-data.csv:001069,auto 0.22e -30d,[],"{""transactionType"":""expense"",""currency"":""EUR"",""category"":""transport"",""description"":""Auto"",""timeOffset"":""-P30D"",""amount"":0.22}",money-data.csv:001069
money-data.csv:001070,got +34.54 den stonks return,[],"{""transactionType"":""income"",""currency"":""MKD"",""category"":""investment_income"",""description"":""Stonks Return"",""timeOffset"":""PT0M"",""amount"":34.54}",money-data.csv:001070
money-data.csv:001071,person_i +27.4 ден,[],"{""transactionType"":""income"",""currency"":""MKD"",""category"":""other_income"",""description"":""person_i"",""timeOffset"":""PT0M"",""amount"":27.4}",money-data.csv:001071
money-data.csv:001072,bonda 0.78 eur -19d,[],"{""transactionType"":""expense"",""currency"":""EUR"",""category"":""food_drink"",""description"":""Bonda"",""timeOffset"":""-P19D"",""amount"":0.78}",money-data.csv:001072
money-data.csv:001073,auto -€0.22,[],"{""transactionType"":""expense"",""currency"":""EUR"",""category"":""transport"",""description"":""Auto"",""timeOffset"":""PT0M"",""amount"":0.22}",money-data.csv:001073
money-data.csv:001074,rta -23.97mkd 8h ago,[],"{""transactionType"":""expense"",""currency"":""MKD"",""category"":""transport"",""description"":""RtA"",""timeOffset"":""-PT8H"",""amount"":23.97}",money-data.csv:001074
money-data.csv:001075,bus -0.22 eur,[],"{""transactionType"":""expense"",""currency"":""EUR"",""category"":""transport"",""description"":""Bus"",""timeOffset"":""PT0M"",""amount"":0.22}",money-data.csv:001075
money-data.csv:001076,bus -€0.22 13h ago,[],"{""transactionType"":""expense"",""currency"":""EUR"",""category"":""transport"",""description"":""Bus"",""timeOffset"":""-PT13H"",""amount"":0.22}",money-data.csv:001076
money-data.csv:001077,withdraw savings bank €2.22 to cash 16 days ago,[],"{""transactionType"":""transfer"",""currency"":""EUR"",""category"":""transfer"",""description"":""Withdraw"",""timeOffset"":""-P16D"",""fromAccount"":""Savings Bank"",""toAccount"":""Cash"",""amount"":2.22}",money-data.csv:001077
money-data.csv:001078,glasses 3.42mkd,[],"{""transactionType"":""expense"",""currency"":""MKD"",""category"":""health"",""description"":""Glasses"",""timeOffset"":""PT0M"",""amount"":3.42}",money-data.csv:001078
money-data.csv:001079,bus -€0.11 9d ago,[],"{""transactionType"":""expense"",""currency"":""EUR"",""category"":""transport"",""description"":""Bus"",""timeOffset"":""-P9D"",""amount"":0.11}",money-data.csv:001079
money-data.csv:001080,bus 0.22e -23h,[],"{""transactionType"":""expense"",""currency"":""EUR"",""category"":""transport"",""description"":""Bus"",""timeOffset"":""-PT23H"",""amount"":0.22}",money-data.csv:001080
money-data.csv:001081,bus -0.11e,[],"{""transactionType"":""expense"",""currency"":""EUR"",""category"":""transport"",""description"":""Bus"",""timeOffset"":""PT0M"",""amount"":0.11}",money-data.csv:001081
money-data.csv:001082,bus 6.85 MKD 16 days ago,[],"{""transactionType"":""expense"",""currency"":""MKD"",""category"":""transport"",""description"":""Bus"",""timeOffset"":""-P16D"",""amount"":6.85}",money-data.csv:001082
money-data.csv:001083,family_member_a -17.78€,[],"{""transactionType"":""expense"",""currency"":""EUR"",""category"":""peer_transfer"",""description"":""family_member_a"",""timeOffset"":""PT0M"",""amount"":17.78}",money-data.csv:001083
money-data.csv:001084,spent 0.11e bus,[],"{""transactionType"":""expense"",""currency"":""EUR"",""category"":""transport"",""description"":""Bus"",""timeOffset"":""PT0M"",""amount"":0.11}",money-data.csv:001084
money-data.csv:001085,+1.11 eur family_member_a -19d,[],"{""transactionType"":""income"",""currency"":""EUR"",""category"":""family_support"",""description"":""family_member_a"",""timeOffset"":""-P19D"",""amount"":1.11}",money-data.csv:001085
money-data.csv:001086,spent 6.85 ден bus in 1d,[],"{""transactionType"":""expense"",""currency"":""MKD"",""category"":""transport"",""description"":""Bus"",""timeOffset"":""P1D"",""amount"":6.85}",money-data.csv:001086
money-data.csv:001087,bus: rtg 0.11 eur,[],"{""transactionType"":""expense"",""currency"":""EUR"",""category"":""transport"",""description"":""Bus: RtG"",""timeOffset"":""PT0M"",""amount"":0.11}",money-data.csv:001087
money-data.csv:001088,spent 0.39€ atr,[],"{""transactionType"":""expense"",""currency"":""EUR"",""category"":""transport"",""description"":""AtR"",""timeOffset"":""PT0M"",""amount"":0.39}",money-data.csv:001088
money-data.csv:001089,bus 0.11 eur,[],"{""transactionType"":""expense"",""currency"":""EUR"",""category"":""transport"",""description"":""Bus"",""timeOffset"":""PT0M"",""amount"":0.11}",money-data.csv:001089
money-data.csv:001090,spent 13.7 MKD auto 2 hours ago,[],"{""transactionType"":""expense"",""currency"":""MKD"",""category"":""transport"",""description"":""Auto"",""timeOffset"":""-PT2H"",""amount"":13.7}",money-data.csv:001090
money-data.csv:001091,auto -0.22€,[],"{""transactionType"":""expense"",""currency"":""EUR"",""category"":""transport"",""description"":""Auto"",""timeOffset"":""PT0M"",""amount"":0.22}",money-data.csv:001091
money-data.csv:001092,ice cream 1.09€ 5d ago,[],"{""transactionType"":""expense"",""currency"":""EUR"",""category"":""food_drink"",""description"":""Ice cream"",""timeOffset"":""-P5D"",""amount"":1.09}",money-data.csv:001092
money-data.csv:001093,water 0.36 dollar -26d,[],"{""transactionType"":""expense"",""currency"":""USD"",""category"":""food_drink"",""description"":""Water"",""timeOffset"":""-P26D"",""amount"":0.36}",money-data.csv:001093
money-data.csv:001094,spent €0.89 fried rice 10d ago,[],"{""transactionType"":""expense"",""currency"":""EUR"",""category"":""food_drink"",""description"":""Fried rice"",""timeOffset"":""-P10D"",""amount"":0.89}",money-data.csv:001094
money-data.csv:001095,goli soda 0.54e -26d,[],"{""transactionType"":""expense"",""currency"":""EUR"",""category"":""food_drink"",""description"":""Goli soda"",""timeOffset"":""-P26D"",""amount"":0.54}",money-data.csv:001095
money-data.csv:001096,auto -0.22€,[],"{""transactionType"":""expense"",""currency"":""EUR"",""category"":""transport"",""description"":""Auto"",""timeOffset"":""PT0M"",""amount"":0.22}",money-data.csv:001096
money-data.csv:001097,auto 0.22€ -16d,[],"{""transactionType"":""expense"",""currency"":""EUR"",""category"":""transport"",""description"":""Auto"",""timeOffset"":""-P16D"",""amount"":0.22}",money-data.csv:001097
money-data.csv:001098,rta -0.39 eur,[],"{""transactionType"":""expense"",""currency"":""EUR"",""category"":""transport"",""description"":""RtA"",""timeOffset"":""PT0M"",""amount"":0.39}",money-data.csv:001098
money-data.csv:001099,juice -0.22€,[],"{""transactionType"":""expense"",""currency"":""EUR"",""category"":""food_drink"",""description"":""Juice"",""timeOffset"":""PT0M"",""amount"":0.22}",money-data.csv:001099
money-data.csv:001100,got +33.33 eur family_member_a sent,[],"{""transactionType"":""income"",""currency"":""EUR"",""category"":""family_support"",""description"":""family_member_a sent"",""timeOffset"":""PT0M"",""amount"":33.33}",money-data.csv:001100
money-data.csv:001101,spent 0.11 eur bus: rtg -13h,[],"{""transactionType"":""expense"",""currency"":""EUR"",""category"":""transport"",""description"":""Bus: RtG"",""timeOffset"":""-PT13H"",""amount"":0.11}",money-data.csv:001101
money-data.csv:001102,btr €0.44 13h ago,[],"{""transactionType"":""expense"",""currency"":""EUR"",""category"":""transport"",""description"":""BtR"",""timeOffset"":""-PT13H"",""amount"":0.44}",money-data.csv:001102
money-data.csv:001103,+2.22e metro recharge 5 hours ago,[],"{""transactionType"":""income"",""currency"":""EUR"",""category"":""other_income"",""description"":""Metro Recharge"",""timeOffset"":""-PT5H"",""amount"":2.22}",money-data.csv:001103
money-data.csv:001104,metro recharge -2.22€,[],"{""transactionType"":""expense"",""currency"":""EUR"",""category"":""transport"",""description"":""Metro recharge"",""timeOffset"":""PT0M"",""amount"":2.22}",money-data.csv:001104
money-data.csv:001105,rta -0.35e,[],"{""transactionType"":""expense"",""currency"":""EUR"",""category"":""transport"",""description"":""RtA"",""timeOffset"":""PT0M"",""amount"":0.35}",money-data.csv:001105
money-data.csv:001106,spent 1.1 eur burger am,[],"{""transactionType"":""expense"",""currency"":""EUR"",""category"":""food_drink"",""description"":""Burger AM"",""timeOffset"":""PT0M"",""amount"":1.1}",money-data.csv:001106
money-data.csv:001107,spent 0.11 eur bus: rtg,[],"{""transactionType"":""expense"",""currency"":""EUR"",""category"":""transport"",""description"":""Bus: RtG"",""timeOffset"":""PT0M"",""amount"":0.11}",money-data.csv:001107
money-data.csv:001108,atr €0.39,[],"{""transactionType"":""expense"",""currency"":""EUR"",""category"":""transport"",""description"":""AtR"",""timeOffset"":""PT0M"",""amount"":0.39}",money-data.csv:001108
money-data.csv:001109,+1.45€ stonks return,[],"{""transactionType"":""income"",""currency"":""EUR"",""category"":""investment_income"",""description"":""Stonks return"",""timeOffset"":""PT0M"",""amount"":1.45}",money-data.csv:001109
money-data.csv:001110,rta 0.35 eur,[],"{""transactionType"":""expense"",""currency"":""EUR"",""category"":""transport"",""description"":""RtA"",""timeOffset"":""PT0M"",""amount"":0.35}",money-data.csv:001110
money-data.csv:001111,bus: gtr -0.11 eur,[],"{""transactionType"":""expense"",""currency"":""EUR"",""category"":""transport"",""description"":""Bus: GtR"",""timeOffset"":""PT0M"",""amount"":0.11}",money-data.csv:001111
money-data.csv:001112,spent 0.06€ sq bands,[],"{""transactionType"":""expense"",""currency"":""EUR"",""category"":""other"",""description"":""SQ bands"",""timeOffset"":""PT0M"",""amount"":0.06}",money-data.csv:001112
money-data.csv:001113,bus: rtg 0.11€ 4h ago,[],"{""transactionType"":""expense"",""currency"":""EUR"",""category"":""transport"",""description"":""Bus: RtG"",""timeOffset"":""-PT4H"",""amount"":0.11}",money-data.csv:001113
money-data.csv:001114,atr €0.39,[],"{""transactionType"":""expense"",""currency"":""EUR"",""category"":""transport"",""description"":""AtR"",""timeOffset"":""PT0M"",""amount"":0.39}",money-data.csv:001114
money-data.csv:001115,spent 0.22€ water,[],"{""transactionType"":""expense"",""currency"":""EUR"",""category"":""food_drink"",""description"":""Water"",""timeOffset"":""PT0M"",""amount"":0.22}",money-data.csv:001115
money-data.csv:001116,spent 0.33 eur frooti -10h,[],"{""transactionType"":""expense"",""currency"":""EUR"",""category"":""food_drink"",""description"":""Frooti"",""timeOffset"":""-PT10H"",""amount"":0.33}",money-data.csv:001116
money-data.csv:001117,water -20.55mkd 18 hours ago,[],"{""transactionType"":""expense"",""currency"":""MKD"",""category"":""food_drink"",""description"":""Water"",""timeOffset"":""-PT18H"",""amount"":20.55}",money-data.csv:001117
money-data.csv:001118,fac 0.36 USD 30 days ago,[],"{""transactionType"":""expense"",""currency"":""USD"",""category"":""other"",""description"":""FAC"",""timeOffset"":""-P30D"",""amount"":0.36}",money-data.csv:001118
money-data.csv:001119,spent 0.22 eur auto 5h ago,[],"{""transactionType"":""expense"",""currency"":""EUR"",""category"":""transport"",""description"":""Auto"",""timeOffset"":""-PT5H"",""amount"":0.22}",money-data.csv:001119
money-data.csv:001120,shirt -513.7 MKD,[],"{""transactionType"":""expense"",""currency"":""MKD"",""category"":""shopping"",""description"":""Shirt"",""timeOffset"":""PT0M"",""amount"":513.7}",money-data.csv:001120
money-data.csv:001121,to transfer insufficient bal pos decline charge -0.26e,[],"{""transactionType"":""expense"",""currency"":""EUR"",""category"":""financial"",""description"":""TO TRANSFER INSUFFICIENT BAL POS DECLINE CHARGE"",""timeOffset"":""PT0M"",""amount"":0.26}",money-data.csv:001121
money-data.csv:001122,got +17.23 eur person_h payup,[],"{""transactionType"":""income"",""currency"":""EUR"",""category"":""other_income"",""description"":""person_h payup"",""timeOffset"":""PT0M"",""amount"":17.23}",money-data.csv:001122
money-data.csv:001123,spent 2.88e mobile,[],"{""transactionType"":""expense"",""currency"":""EUR"",""category"":""utilities"",""description"":""Mobile"",""timeOffset"":""PT0M"",""amount"":2.88}",money-data.csv:001123
money-data.csv:001124,spent 89.04 MKD stonks,[],"{""transactionType"":""expense"",""currency"":""MKD"",""category"":""financial"",""description"":""Stonks"",""timeOffset"":""PT0M"",""amount"":89.04}",money-data.csv:001124
money-data.csv:001125,got +€0.08 change,[],"{""transactionType"":""income"",""currency"":""EUR"",""category"":""other_income"",""description"":""Change"",""timeOffset"":""PT0M"",""amount"":0.08}",money-data.csv:001125
money-data.csv:001126,got +3.33€ person_c returns,[],"{""transactionType"":""income"",""currency"":""EUR"",""category"":""refund"",""description"":""person_c returns"",""timeOffset"":""PT0M"",""amount"":3.33}",money-data.csv:001126
money-data.csv:001127,init +€1.54,[],"{""transactionType"":""income"",""currency"":""EUR"",""category"":""balance_adjustment"",""description"":""Init"",""timeOffset"":""PT0M"",""amount"":1.54}",money-data.csv:001127
money-data.csv:001128,init +2414.91 MKD,[],"{""transactionType"":""income"",""currency"":""MKD"",""category"":""balance_adjustment"",""description"":""Init"",""timeOffset"":""PT0M"",""amount"":2414.91}",money-data.csv:001128
money-data.csv:001129,init +2.78 eur,[],"{""transactionType"":""income"",""currency"":""EUR"",""category"":""balance_adjustment"",""description"":""Init"",""timeOffset"":""PT0M"",""amount"":2.78}",money-data.csv:001129
