id,input,context,expected,group_id
media-data.csv:000001,"watched simple plan, a 4 stars 2 hours ago",[],"{""mediaType"":""movie"",""title"":""Simple Plan, A"",""rating"":8,""favorite"":false,""timeOffset"":""-PT2H""}",media-data.csv:000001
media-data.csv:000002,saw deep impact 3 stars,[],"{""mediaType"":""movie"",""title"":""Deep Impact"",""rating"":6,""favorite"":false,""timeOffset"":""PT0M""}",media-data.csv:000002
media-data.csv:000003,watched mister roberts 3 stars -15h,[],"{""mediaType"":""movie"",""title"":""Mister Roberts"",""rating"":6,""favorite"":false,""timeOffset"":""-PT15H""}",media-data.csv:000003
media-data.csv:000004,watched beauty and the beast (1991) 5 stars,[],"{""mediaType"":""movie"",""title"":""Beauty and the Beast (1991)"",""rating"":10,""favorite"":false,""timeOffset"":""PT0M""}",media-data.csv:000004
media-data.csv:000005,"movie italian job, the (2003) 4/10",[],"{""mediaType"":""movie"",""title"":""Italian Job, The (2003)"",""rating"":4,""favorite"":false,""timeOffset"":""PT0M""}",media-data.csv:000005
media-data.csv:000006,watched elf 2.5 stars,[],"{""mediaType"":""movie"",""title"":""Elf"",""rating"":5,""favorite"":false,""timeOffset"":""PT0M""}",media-data.csv:000006
media-data.csv:000007,movie braveheart 5 stars,[],"{""mediaType"":""movie"",""title"":""Braveheart"",""rating"":10,""favorite"":false,""timeOffset"":""PT0M""}",media-data.csv:000007
media-data.csv:000008,watched rat race 3 stars -25d,[],"{""mediaType"":""movie"",""title"":""Rat Race"",""rating"":6,""favorite"":false,""timeOffset"":""-P25D""}",media-data.csv:000008
media-data.csv:000009,film austin powers in goldmember 2.5 stars -2h,[],"{""mediaType"":""movie"",""title"":""Austin Powers in Goldmember"",""rating"":5,""favorite"":false,""timeOffset"":""-PT2H""}",media-data.csv:000009
media-data.csv:000010,"movie lock, stock & two smoking barrels 4 stars -5d",[],"{""mediaType"":""movie"",""title"":""Lock, Stock & Two Smoking Barrels"",""rating"":8,""favorite"":false,""timeOffset"":""-P5D""}",media-data.csv:000010
media-data.csv:000011,movie french kiss 8 favorite,[],"{""mediaType"":""movie"",""title"":""French Kiss"",""rating"":8,""favorite"":true,""timeOffset"":""PT0M""}",media-data.csv:000011
media-data.csv:000012,"movie nightmare on elm street, a (1984) 7/10",[],"{""mediaType"":""movie"",""title"":""Nightmare on Elm Street, A (1984)"",""rating"":7,""favorite"":false,""timeOffset"":""PT0M""}",media-data.csv:000012
media-data.csv:000013,"film quick and the dead, the 4 stars",[],"{""mediaType"":""movie"",""title"":""Quick and the Dead, The"",""rating"":8,""favorite"":false,""timeOffset"":""PT0M""}",media-data.csv:000013
media-data.csv:000014,saw captain fantastic 4.5 stars heart,[],"{""mediaType"":""movie"",""title"":""Captain Fantastic"",""rating"":9,""favorite"":true,""timeOffset"":""PT0M""}",media-data.csv:000014
media-data.csv:000015,film powder 4 stars,[],"{""mediaType"":""movie"",""title"":""Powder"",""rating"":8,""favorite"":false,""timeOffset"":""PT0M""}",media-data.csv:000015
media-data.csv:000016,watched seven (a.k.a. se7en) 6/10,[],"{""mediaType"":""movie"",""title"":""Seven (a.k.a. Se7en)"",""rating"":6,""favorite"":false,""timeOffset"":""PT0M""}",media-data.csv:000016
media-data.csv:000017,film kill bill: vol. 1 8,[],"{""mediaType"":""movie"",""title"":""Kill Bill: Vol. 1"",""rating"":8,""favorite"":false,""timeOffset"":""PT0M""}",media-data.csv:000017
media-data.csv:000018,film man of steel 4 stars heart,[],"{""mediaType"":""movie"",""title"":""Man of Steel"",""rating"":8,""favorite"":true,""timeOffset"":""PT0M""}",media-data.csv:000018
media-data.csv:000019,film cool hand luke 8,[],"{""mediaType"":""movie"",""title"":""Cool Hand Luke"",""rating"":8,""favorite"":false,""timeOffset"":""PT0M""}",media-data.csv:000019
media-data.csv:000020,film blade runner 4 stars -21h,[],"{""mediaType"":""movie"",""title"":""Blade Runner"",""rating"":8,""favorite"":false,""timeOffset"":""-PT21H""}",media-data.csv:000020
media-data.csv:000021,watched singin' in the rain 4 stars 19 hours ago,[],"{""mediaType"":""movie"",""title"":""Singin' in the Rain"",""rating"":8,""favorite"":false,""timeOffset"":""-PT19H""}",media-data.csv:000021
media-data.csv:000022,movie captain america: the first avenger 3.5 stars 11h ago,[],"{""mediaType"":""movie"",""title"":""Captain America: The First Avenger"",""rating"":7,""favorite"":false,""timeOffset"":""-PT11H""}",media-data.csv:000022
media-data.csv:000023,film frailty 8,[],"{""mediaType"":""movie"",""title"":""Frailty"",""rating"":8,""favorite"":false,""timeOffset"":""PT0M""}",media-data.csv:000023
media-data.csv:000024,watched v for vendetta 4 stars 19 hours ago,[],"{""mediaType"":""movie"",""title"":""V for Vendetta"",""rating"":8,""favorite"":false,""timeOffset"":""-PT19H""}",media-data.csv:000024
media-data.csv:000025,watched puss in boots (nagagutsu o haita neko) 8/10,[],"{""mediaType"":""movie"",""title"":""Puss in Boots (Nagagutsu o haita neko)"",""rating"":8,""favorite"":false,""timeOffset"":""PT0M""}",media-data.csv:000025
media-data.csv:000026,"movie bodyguard, the 2 stars",[],"{""mediaType"":""movie"",""title"":""Bodyguard, The"",""rating"":4,""favorite"":false,""timeOffset"":""PT0M""}",media-data.csv:000026
media-data.csv:000027,saw star trek: generations 6/10 -26d,[],"{""mediaType"":""movie"",""title"":""Star Trek: Generations"",""rating"":6,""favorite"":false,""timeOffset"":""-P26D""}",media-data.csv:000027
media-data.csv:000028,saw pawn sacrifice 5/10 -25d,[],"{""mediaType"":""movie"",""title"":""Pawn Sacrifice"",""rating"":5,""favorite"":false,""timeOffset"":""-P25D""}",media-data.csv:000028
media-data.csv:000029,watched austin powers: international man of mystery 3 stars,[],"{""mediaType"":""movie"",""title"":""Austin Powers: International Man of Mystery"",""rating"":6,""favorite"":false,""timeOffset"":""PT0M""}",media-data.csv:000029
media-data.csv:000030,"watched wild bunch, the 10 21 days ago",[],"{""mediaType"":""movie"",""title"":""Wild Bunch, The"",""rating"":10,""favorite"":false,""timeOffset"":""-P21D""}",media-data.csv:000030
media-data.csv:000031,watched spider-man 9/10,[],"{""mediaType"":""movie"",""title"":""Spider-Man"",""rating"":9,""favorite"":false,""timeOffset"":""PT0M""}",media-data.csv:000031
media-data.csv:000032,saw let the right one in (låt den rätte komma in) 7,[],"{""mediaType"":""movie"",""title"":""Let the Right One In (L\u00e5t den r\u00e4tte komma in)"",""rating"":7,""favorite"":false,""timeOffset"":""PT0M""}",media-data.csv:000032
media-data.csv:000033,film groundhog day 2.5 stars loved,[],"{""mediaType"":""movie"",""title"":""Groundhog Day"",""rating"":5,""favorite"":true,""timeOffset"":""PT0M""}",media-data.csv:000033
media-data.csv:000034,movie a bad moms christmas 3.5 stars,[],"{""mediaType"":""movie"",""title"":""A Bad Moms Christmas"",""rating"":7,""favorite"":false,""timeOffset"":""PT0M""}",media-data.csv:000034
media-data.csv:000035,watched sudden death 3 stars,[],"{""mediaType"":""movie"",""title"":""Sudden Death"",""rating"":6,""favorite"":false,""timeOffset"":""PT0M""}",media-data.csv:000035
media-data.csv:000036,saw burn after reading 8/10 fav -8h,[],"{""mediaType"":""movie"",""title"":""Burn After Reading"",""rating"":8,""favorite"":true,""timeOffset"":""-PT8H""}",media-data.csv:000036
media-data.csv:000037,movie henry v 4.5 stars,[],"{""mediaType"":""movie"",""title"":""Henry V"",""rating"":9,""favorite"":false,""timeOffset"":""PT0M""}",media-data.csv:000037
media-data.csv:000038,watched elf 6/10,[],"{""mediaType"":""movie"",""title"":""Elf"",""rating"":6,""favorite"":false,""timeOffset"":""PT0M""}",media-data.csv:000038
media-data.csv:000039,saw jacob's ladder 2/10 16h ago,[],"{""mediaType"":""movie"",""title"":""Jacob's Ladder"",""rating"":2,""favorite"":false,""timeOffset"":""-PT16H""}",media-data.csv:000039
media-data.csv:000040,movie horrors of spider island (ein toter hing im netz) 0.5 stars heart 5h ago,[],"{""mediaType"":""movie"",""title"":""Horrors of Spider Island (Ein Toter Hing im Netz)"",""rating"":1,""favorite"":true,""timeOffset"":""-PT5H""}",media-data.csv:000040
media-data.csv:000041,saw shark tale 1.5 stars heart,[],"{""mediaType"":""movie"",""title"":""Shark Tale"",""rating"":3,""favorite"":true,""timeOffset"":""PT0M""}",media-data.csv:000041
media-data.csv:000042,"movie walk to remember, a 3 stars",[],"{""mediaType"":""movie"",""title"":""Walk to Remember, A"",""rating"":6,""favorite"":false,""timeOffset"":""PT0M""}",media-data.csv:000042
media-data.csv:000043,saw old school 3 11d ago,[],"{""mediaType"":""movie"",""title"":""Old School"",""rating"":3,""favorite"":false,""timeOffset"":""-P11D""}",media-data.csv:000043
media-data.csv:000044,film slumdog millionaire 8/10 -10d,[],"{""mediaType"":""movie"",""title"":""Slumdog Millionaire"",""rating"":8,""favorite"":false,""timeOffset"":""-P10D""}",media-data.csv:000044
media-data.csv:000045,"saw game, the 4 stars 7 hours ago",[],"{""mediaType"":""movie"",""title"":""Game, The"",""rating"":8,""favorite"":false,""timeOffset"":""-PT7H""}",media-data.csv:000045
media-data.csv:000046,"saw secret of roan inish, the 4 stars",[],"{""mediaType"":""movie"",""title"":""Secret of Roan Inish, The"",""rating"":8,""favorite"":false,""timeOffset"":""PT0M""}",media-data.csv:000046
media-data.csv:000047,watched misery 4 stars,[],"{""mediaType"":""movie"",""title"":""Misery"",""rating"":8,""favorite"":false,""timeOffset"":""PT0M""}",media-data.csv:000047
media-data.csv:000048,movie star wars: episode v - the empire strikes back 10/10,[],"{""mediaType"":""movie"",""title"":""Star Wars: Episode V - The Empire Strikes Back"",""rating"":10,""favorite"":false,""timeOffset"":""PT0M""}",media-data.csv:000048
media-data.csv:000049,film open range 3.5 stars -14h,[],"{""mediaType"":""movie"",""title"":""Open Range"",""rating"":7,""favorite"":false,""timeOffset"":""-PT14H""}",media-data.csv:000049
media-data.csv:000050,"watched clockwork orange, a 10/10",[],"{""mediaType"":""movie"",""title"":""Clockwork Orange, A"",""rating"":10,""favorite"":false,""timeOffset"":""PT0M""}",media-data.csv:000050
media-data.csv:000051,watched brazil 3.5 stars,[],"{""mediaType"":""movie"",""title"":""Brazil"",""rating"":7,""favorite"":false,""timeOffset"":""PT0M""}",media-data.csv:000051
media-data.csv:000052,saw get shorty 2 stars,[],"{""mediaType"":""movie"",""title"":""Get Shorty"",""rating"":4,""favorite"":false,""timeOffset"":""PT0M""}",media-data.csv:000052
media-data.csv:000053,film stealing harvard 2 stars loved,[],"{""mediaType"":""movie"",""title"":""Stealing Harvard"",""rating"":4,""favorite"":true,""timeOffset"":""PT0M""}",media-data.csv:000053
media-data.csv:000054,film harry potter and the chamber of secrets 9/10,[],"{""mediaType"":""movie"",""title"":""Harry Potter and the Chamber of Secrets"",""rating"":9,""favorite"":false,""timeOffset"":""PT0M""}",media-data.csv:000054
media-data.csv:000055,film pleasantville 4 stars,[],"{""mediaType"":""movie"",""title"":""Pleasantville"",""rating"":8,""favorite"":false,""timeOffset"":""PT0M""}",media-data.csv:000055
media-data.csv:000056,movie quiz show 8,[],"{""mediaType"":""movie"",""title"":""Quiz Show"",""rating"":8,""favorite"":false,""timeOffset"":""PT0M""}",media-data.csv:000056
media-data.csv:000057,"watched rudolph, the red-nosed reindeer 8",[],"{""mediaType"":""movie"",""title"":""Rudolph, the Red-Nosed Reindeer"",""rating"":8,""favorite"":false,""timeOffset"":""PT0M""}",media-data.csv:000057
media-data.csv:000058,"movie lion in winter, the 10",[],"{""mediaType"":""movie"",""title"":""Lion in Winter, The"",""rating"":10,""favorite"":false,""timeOffset"":""PT0M""}",media-data.csv:000058
media-data.csv:000059,saw oz the great and powerful 4 stars,[],"{""mediaType"":""movie"",""title"":""Oz the Great and Powerful"",""rating"":8,""favorite"":false,""timeOffset"":""PT0M""}",media-data.csv:000059
media-data.csv:000060,watched star wars: episode iv - a new hope 4 stars -11h,[],"{""mediaType"":""movie"",""title"":""Star Wars: Episode IV - A New Hope"",""rating"":8,""favorite"":false,""timeOffset"":""-PT11H""}",media-data.csv:000060
media-data.csv:000061,"film godfather, the 10/10",[],"{""mediaType"":""movie"",""title"":""Godfather, The"",""rating"":10,""favorite"":false,""timeOffset"":""PT0M""}",media-data.csv:000061
media-data.csv:000062,saw batman returns 5,[],"{""mediaType"":""movie"",""title"":""Batman Returns"",""rating"":5,""favorite"":false,""timeOffset"":""PT0M""}",media-data.csv:000062
media-data.csv:000063,film severance 3 stars,[],"{""mediaType"":""movie"",""title"":""Severance"",""rating"":6,""favorite"":false,""timeOffset"":""PT0M""}",media-data.csv:000063
media-data.csv:000064,"saw lion king, the 4 13d ago",[],"{""mediaType"":""movie"",""title"":""Lion King, The"",""rating"":4,""favorite"":false,""timeOffset"":""-P13D""}",media-data.csv:000064
media-data.csv:000065,watched galaxy quest 8,[],"{""mediaType"":""movie"",""title"":""Galaxy Quest"",""rating"":8,""favorite"":false,""timeOffset"":""PT0M""}",media-data.csv:000065
media-data.csv:000066,film 40 days and 40 nights 8/10 30 days ago,[],"{""mediaType"":""movie"",""title"":""40 Days and 40 Nights"",""rating"":8,""favorite"":false,""timeOffset"":""-P30D""}",media-data.csv:000066
media-data.csv:000067,"film lion king, the 8/10 23h ago",[],"{""mediaType"":""movie"",""title"":""Lion King, The"",""rating"":8,""favorite"":false,""timeOffset"":""-PT23H""}",media-data.csv:000067
media-data.csv:000068,film fantastic four: rise of the silver surfer 3 stars -4h,[],"{""mediaType"":""movie"",""title"":""Fantastic Four: Rise of the Silver Surfer"",""rating"":6,""favorite"":false,""timeOffset"":""-PT4H""}",media-data.csv:000068
media-data.csv:000069,"film mummy returns, the 3.5 stars",[],"{""mediaType"":""movie"",""title"":""Mummy Returns, The"",""rating"":7,""favorite"":false,""timeOffset"":""PT0M""}",media-data.csv:000069
media-data.csv:000070,film once were warriors 4 stars,[],"{""mediaType"":""movie"",""title"":""Once Were Warriors"",""rating"":8,""favorite"":false,""timeOffset"":""PT0M""}",media-data.csv:000070
media-data.csv:000071,watched die hard 2 5,[],"{""mediaType"":""movie"",""title"":""Die Hard 2"",""rating"":5,""favorite"":false,""timeOffset"":""PT0M""}",media-data.csv:000071
media-data.csv:000072,film escape from new york 4 stars,[],"{""mediaType"":""movie"",""title"":""Escape from New York"",""rating"":8,""favorite"":false,""timeOffset"":""PT0M""}",media-data.csv:000072
media-data.csv:000073,movie 2010: the year we make contact 4.5 stars,[],"{""mediaType"":""movie"",""title"":""2010: The Year We Make Contact"",""rating"":9,""favorite"":false,""timeOffset"":""PT0M""}",media-data.csv:000073
media-data.csv:000074,film lifeforce 4 7d ago,[],"{""mediaType"":""movie"",""title"":""Lifeforce"",""rating"":4,""favorite"":false,""timeOffset"":""-P7D""}",media-data.csv:000074
media-data.csv:000075,movie almost famous 9 -13h,[],"{""mediaType"":""movie"",""title"":""Almost Famous"",""rating"":9,""favorite"":false,""timeOffset"":""-PT13H""}",media-data.csv:000075
media-data.csv:000076,"film hangover, the 7",[],"{""mediaType"":""movie"",""title"":""Hangover, The"",""rating"":7,""favorite"":false,""timeOffset"":""PT0M""}",media-data.csv:000076
media-data.csv:000077,"movie curious case of benjamin button, the 7/10 19h ago",[],"{""mediaType"":""movie"",""title"":""Curious Case of Benjamin Button, The"",""rating"":7,""favorite"":false,""timeOffset"":""-PT19H""}",media-data.csv:000077
media-data.csv:000078,movie reality bites 2/10,[],"{""mediaType"":""movie"",""title"":""Reality Bites"",""rating"":2,""favorite"":false,""timeOffset"":""PT0M""}",media-data.csv:000078
media-data.csv:000079,saw equilibrium 8,[],"{""mediaType"":""movie"",""title"":""Equilibrium"",""rating"":8,""favorite"":false,""timeOffset"":""PT0M""}",media-data.csv:000079
media-data.csv:000080,watched deadfall 3/10,[],"{""mediaType"":""movie"",""title"":""Deadfall"",""rating"":3,""favorite"":false,""timeOffset"":""PT0M""}",media-data.csv:000080
media-data.csv:000081,film the amazing spider-man 2 2 stars,[],"{""mediaType"":""movie"",""title"":""The Amazing Spider-Man 2"",""rating"":4,""favorite"":false,""timeOffset"":""PT0M""}",media-data.csv:000081
media-data.csv:000082,movie austin powers: the spy who shagged me 4 stars 7d ago,[],"{""mediaType"":""movie"",""title"":""Austin Powers: The Spy Who Shagged Me"",""rating"":8,""favorite"":false,""timeOffset"":""-P7D""}",media-data.csv:000082
media-data.csv:000083,saw amadeus 10 13 days ago,[],"{""mediaType"":""movie"",""title"":""Amadeus"",""rating"":10,""favorite"":false,""timeOffset"":""-P13D""}",media-data.csv:000083
media-data.csv:000084,watched shaft (2000) 4,[],"{""mediaType"":""movie"",""title"":""Shaft (2000)"",""rating"":4,""favorite"":false,""timeOffset"":""PT0M""}",media-data.csv:000084
media-data.csv:000085,watched lake placid 4 stars heart,[],"{""mediaType"":""movie"",""title"":""Lake Placid"",""rating"":8,""favorite"":true,""timeOffset"":""PT0M""}",media-data.csv:000085
media-data.csv:000086,movie walk hard: the dewey cox story 3 stars favorite,[],"{""mediaType"":""movie"",""title"":""Walk Hard: The Dewey Cox Story"",""rating"":6,""favorite"":true,""timeOffset"":""PT0M""}",media-data.csv:000086
media-data.csv:000087,"saw dark crystal, the 3 stars",[],"{""mediaType"":""movie"",""title"":""Dark Crystal, The"",""rating"":6,""favorite"":false,""timeOffset"":""PT0M""}",media-data.csv:000087
media-data.csv:000088,saw andre 6,[],"{""mediaType"":""movie"",""title"":""Andre"",""rating"":6,""favorite"":false,""timeOffset"":""PT0M""}",media-data.csv:000088
media-data.csv:000089,film ocean's eleven 8/10,[],"{""mediaType"":""movie"",""title"":""Ocean's Eleven"",""rating"":8,""favorite"":false,""timeOffset"":""PT0M""}",media-data.csv:000089
media-data.csv:000090,watched as good as it gets 3 stars heart,[],"{""mediaType"":""movie"",""title"":""As Good as It Gets"",""rating"":6,""favorite"":true,""timeOffset"":""PT0M""}",media-data.csv:000090
media-data.csv:000091,film star trek ii: the wrath of khan 8/10 5d ago,[],"{""mediaType"":""movie"",""title"":""Star Trek II: The Wrath of Khan"",""rating"":8,""favorite"":false,""timeOffset"":""-P5D""}",media-data.csv:000091
media-data.csv:000092,film man bites dog (c'est arrivé près de chez vous) 3.5 stars -23d,[],"{""mediaType"":""movie"",""title"":""Man Bites Dog (C'est arriv\u00e9 pr\u00e8s de chez vous)"",""rating"":7,""favorite"":false,""timeOffset"":""-P23D""}",media-data.csv:000092
media-data.csv:000093,movie thor 4.5 stars 19h ago,[],"{""mediaType"":""movie"",""title"":""Thor"",""rating"":9,""favorite"":false,""timeOffset"":""-PT19H""}",media-data.csv:000093
media-data.csv:000094,saw another thin man 7/10 -11h,[],"{""mediaType"":""movie"",""title"":""Another Thin Man"",""rating"":7,""favorite"":false,""timeOffset"":""-PT11H""}",media-data.csv:000094
media-data.csv:000095,saw 50/50 7 favorite,[],"{""mediaType"":""movie"",""title"":""50/50"",""rating"":7,""favorite"":true,""timeOffset"":""PT0M""}",media-data.csv:000095
media-data.csv:000096,"saw slums of beverly hills, the 4 stars favourite",[],"{""mediaType"":""movie"",""title"":""Slums of Beverly Hills, The"",""rating"":8,""favorite"":true,""timeOffset"":""PT0M""}",media-data.csv:000096
media-data.csv:000097,saw guardians of the galaxy 3.5 stars,[],"{""mediaType"":""movie"",""title"":""Guardians of the Galaxy"",""rating"":7,""favorite"":false,""timeOffset"":""PT0M""}",media-data.csv:000097
media-data.csv:000098,movie snatch 3.5 stars loved 12 hours ago,[],"{""mediaType"":""movie"",""title"":""Snatch"",""rating"":7,""favorite"":true,""timeOffset"":""-PT12H""}",media-data.csv:000098
media-data.csv:000099,"film crouching tiger, hidden dragon (wo hu cang long) 5 stars fav -8d",[],"{""mediaType"":""movie"",""title"":""Crouching Tiger, Hidden Dragon (Wo hu cang long)"",""rating"":10,""favorite"":true,""timeOffset"":""-P8D""}",media-data.csv:000099
media-data.csv:000100,saw thirteen ghosts (a.k.a. thir13en ghosts) 4,[],"{""mediaType"":""movie"",""title"":""Thirteen Ghosts (a.k.a. Thir13en Ghosts)"",""rating"":4,""favorite"":false,""timeOffset"":""PT0M""}",media-data.csv:000100
media-data.csv:000101,saw milagro beanfield war 8/10 30 days ago,[],"{""mediaType"":""movie"",""title"":""Milagro Beanfield War"",""rating"":8,""favorite"":false,""timeOffset"":""-P30D""}",media-data.csv:000101
media-data.csv:000102,watched life is beautiful (la vita è bella) 10,[],"{""mediaType"":""movie"",""title"":""Life Is Beautiful (La Vita \u00e8 bella)"",""rating"":10,""favorite"":false,""timeOffset"":""PT0M""}",media-data.csv:000102
media-data.csv:000103,watched dirty dancing 8/10 22 hours ago,[],"{""mediaType"":""movie"",""title"":""Dirty Dancing"",""rating"":8,""favorite"":false,""timeOffset"":""-PT22H""}",media-data.csv:000103
media-data.csv:000104,movie face/off 5,[],"{""mediaType"":""movie"",""title"":""Face/Off"",""rating"":5,""favorite"":false,""timeOffset"":""PT0M""}",media-data.csv:000104
media-data.csv:000105,movie forrest gump 3.5 stars,[],"{""mediaType"":""movie"",""title"":""Forrest Gump"",""rating"":7,""favorite"":false,""timeOffset"":""PT0M""}",media-data.csv:000105
media-data.csv:000106,"saw pianist, the 9",[],"{""mediaType"":""movie"",""title"":""Pianist, The"",""rating"":9,""favorite"":false,""timeOffset"":""PT0M""}",media-data.csv:000106
media-data.csv:000107,movie harry potter and the half-blood prince 4.5 stars,[],"{""mediaType"":""movie"",""title"":""Harry Potter and the Half-Blood Prince"",""rating"":9,""favorite"":false,""timeOffset"":""PT0M""}",media-data.csv:000107
media-data.csv:000108,watched moulin rouge 4 stars,[],"{""mediaType"":""movie"",""title"":""Moulin Rouge"",""rating"":8,""favorite"":false,""timeOffset"":""PT0M""}",media-data.csv:000108
media-data.csv:000109,watched mission to mars 3.5 stars 22h ago,[],"{""mediaType"":""movie"",""title"":""Mission to Mars"",""rating"":7,""favorite"":false,""timeOffset"":""-PT22H""}",media-data.csv:000109
media-data.csv:000110,saw thor: the dark world 7/10 -26d,[],"{""mediaType"":""movie"",""title"":""Thor: The Dark World"",""rating"":7,""favorite"":false,""timeOffset"":""-P26D""}",media-data.csv:000110
media-data.csv:000111,film jay and silent bob strike back 9/10,[],"{""mediaType"":""movie"",""title"":""Jay and Silent Bob Strike Back"",""rating"":9,""favorite"":false,""timeOffset"":""PT0M""}",media-data.csv:000111
media-data.csv:000112,film forrest gump 6 favourite -25d,[],"{""mediaType"":""movie"",""title"":""Forrest Gump"",""rating"":6,""favorite"":true,""timeOffset"":""-P25D""}",media-data.csv:000112
media-data.csv:000113,watched catch a fire 8/10 21 days ago,[],"{""mediaType"":""movie"",""title"":""Catch a Fire"",""rating"":8,""favorite"":false,""timeOffset"":""-P21D""}",media-data.csv:000113
media-data.csv:000114,film office space 2 stars,[],"{""mediaType"":""movie"",""title"":""Office Space"",""rating"":4,""favorite"":false,""timeOffset"":""PT0M""}",media-data.csv:000114
media-data.csv:000115,"watched bodyguard, the 3.5 stars -1h",[],"{""mediaType"":""movie"",""title"":""Bodyguard, The"",""rating"":7,""favorite"":false,""timeOffset"":""-PT1H""}",media-data.csv:000115
media-data.csv:000116,movie indiana jones and the temple of doom 4,[],"{""mediaType"":""movie"",""title"":""Indiana Jones and the Temple of Doom"",""rating"":4,""favorite"":false,""timeOffset"":""PT0M""}",media-data.csv:000116
media-data.csv:000117,movie apocalypse now 3.5 stars fav -4h,[],"{""mediaType"":""movie"",""title"":""Apocalypse Now"",""rating"":7,""favorite"":true,""timeOffset"":""-PT4H""}",media-data.csv:000117
media-data.csv:000118,movie harry potter and the deathly hallows: part 1 10,[],"{""mediaType"":""movie"",""title"":""Harry Potter and the Deathly Hallows: Part 1"",""rating"":10,""favorite"":false,""timeOffset"":""PT0M""}",media-data.csv:000118
media-data.csv:000119,"movie purple rose of cairo, the 10/10",[],"{""mediaType"":""movie"",""title"":""Purple Rose of Cairo, The"",""rating"":10,""favorite"":false,""timeOffset"":""PT0M""}",media-data.csv:000119
media-data.csv:000120,watched up 6/10,[],"{""mediaType"":""movie"",""title"":""Up"",""rating"":6,""favorite"":false,""timeOffset"":""PT0M""}",media-data.csv:000120
media-data.csv:000121,watched police academy 6: city under siege 0.5 stars,[],"{""mediaType"":""movie"",""title"":""Police Academy 6: City Under Siege"",""rating"":1,""favorite"":false,""timeOffset"":""PT0M""}",media-data.csv:000121
media-data.csv:000122,"film lives of others, the (das leben der anderen) 10 heart -17h",[],"{""mediaType"":""movie"",""title"":""Lives of Others, The (Das leben der Anderen)"",""rating"":10,""favorite"":true,""timeOffset"":""-PT17H""}",media-data.csv:000122
media-data.csv:000123,movie alien: resurrection 2,[],"{""mediaType"":""movie"",""title"":""Alien: Resurrection"",""rating"":2,""favorite"":false,""timeOffset"":""PT0M""}",media-data.csv:000123
media-data.csv:000124,movie stardust 4 stars,[],"{""mediaType"":""movie"",""title"":""Stardust"",""rating"":8,""favorite"":false,""timeOffset"":""PT0M""}",media-data.csv:000124
media-data.csv:000125,film sweet home alabama 3.5 stars,[],"{""mediaType"":""movie"",""title"":""Sweet Home Alabama"",""rating"":7,""favorite"":false,""timeOffset"":""PT0M""}",media-data.csv:000125
media-data.csv:000126,film pride and prejudice (1995) 5 stars,[],"{""mediaType"":""movie"",""title"":""Pride and Prejudice (1995)"",""rating"":10,""favorite"":false,""timeOffset"":""PT0M""}",media-data.csv:000126
media-data.csv:000127,film ocean's twelve 2 stars fav,[],"{""mediaType"":""movie"",""title"":""Ocean's Twelve"",""rating"":4,""favorite"":true,""timeOffset"":""PT0M""}",media-data.csv:000127
media-data.csv:000128,film rudy 6/10,[],"{""mediaType"":""movie"",""title"":""Rudy"",""rating"":6,""favorite"":false,""timeOffset"":""PT0M""}",media-data.csv:000128
media-data.csv:000129,movie looper 7/10 -4d,[],"{""mediaType"":""movie"",""title"":""Looper"",""rating"":7,""favorite"":false,""timeOffset"":""-P4D""}",media-data.csv:000129
media-data.csv:000130,film monty python and the holy grail 4 stars,[],"{""mediaType"":""movie"",""title"":""Monty Python and the Holy Grail"",""rating"":8,""favorite"":false,""timeOffset"":""PT0M""}",media-data.csv:000130
media-data.csv:000131,movie mars attacks! 6,[],"{""mediaType"":""movie"",""title"":""Mars Attacks!"",""rating"":6,""favorite"":false,""timeOffset"":""PT0M""}",media-data.csv:000131
media-data.csv:000132,saw goldfinger 5 stars,[],"{""mediaType"":""movie"",""title"":""Goldfinger"",""rating"":10,""favorite"":false,""timeOffset"":""PT0M""}",media-data.csv:000132
media-data.csv:000133,"saw matrix, the 4 stars 9d ago",[],"{""mediaType"":""movie"",""title"":""Matrix, The"",""rating"":8,""favorite"":false,""timeOffset"":""-P9D""}",media-data.csv:000133
media-data.csv:000134,saw diamonds are forever 3 stars,[],"{""mediaType"":""movie"",""title"":""Diamonds Are Forever"",""rating"":6,""favorite"":false,""timeOffset"":""PT0M""}",media-data.csv:000134
media-data.csv:000135,movie star wars: episode i - the phantom menace 4 stars favorite,[],"{""mediaType"":""movie"",""title"":""Star Wars: Episode I - The Phantom Menace"",""rating"":8,""favorite"":true,""timeOffset"":""PT0M""}",media-data.csv:000135
media-data.csv:000136,"saw texas chainsaw massacre, the (1974) 6/10 22 hours ago",[],"{""mediaType"":""movie"",""title"":""Texas Chainsaw Massacre, The (1974)"",""rating"":6,""favorite"":false,""timeOffset"":""-PT22H""}",media-data.csv:000136
media-data.csv:000137,film men in black ii (a.k.a. miib) (a.k.a. mib 2) 4,[],"{""mediaType"":""movie"",""title"":""Men in Black II (a.k.a. MIIB) (a.k.a. MIB 2)"",""rating"":4,""favorite"":false,""timeOffset"":""PT0M""}",media-data.csv:000137
media-data.csv:000138,saw prince of persia: the sands of time 7/10,[],"{""mediaType"":""movie"",""title"":""Prince of Persia: The Sands of Time"",""rating"":7,""favorite"":false,""timeOffset"":""PT0M""}",media-data.csv:000138
media-data.csv:000139,"movie tale of two sisters, a (janghwa, hongryeon) 4.5 stars 7 hours ago",[],"{""mediaType"":""movie"",""title"":""Tale of Two Sisters, A (Janghwa, Hongryeon)"",""rating"":9,""favorite"":false,""timeOffset"":""-PT7H""}",media-data.csv:000139
media-data.csv:000140,movie charlie's angels: full throttle 3.5 stars fav,[],"{""mediaType"":""movie"",""title"":""Charlie's Angels: Full Throttle"",""rating"":7,""favorite"":true,""timeOffset"":""PT0M""}",media-data.csv:000140
media-data.csv:000141,movie mr. magoo 3 stars 22 days ago,[],"{""mediaType"":""movie"",""title"":""Mr. Magoo"",""rating"":6,""favorite"":false,""timeOffset"":""-P22D""}",media-data.csv:000141
media-data.csv:000142,watched abraham lincoln: vampire hunter 6,[],"{""mediaType"":""movie"",""title"":""Abraham Lincoln: Vampire Hunter"",""rating"":6,""favorite"":false,""timeOffset"":""PT0M""}",media-data.csv:000142
media-data.csv:000143,movie full metal jacket 4 stars heart,[],"{""mediaType"":""movie"",""title"":""Full Metal Jacket"",""rating"":8,""favorite"":true,""timeOffset"":""PT0M""}",media-data.csv:000143
media-data.csv:000144,film high school high 1/10,[],"{""mediaType"":""movie"",""title"":""High School High"",""rating"":1,""favorite"":false,""timeOffset"":""PT0M""}",media-data.csv:000144
media-data.csv:000145,film tales from the crypt presents: demon knight 4/10 favorite,[],"{""mediaType"":""movie"",""title"":""Tales from the Crypt Presents: Demon Knight"",""rating"":4,""favorite"":true,""timeOffset"":""PT0M""}",media-data.csv:000145
media-data.csv:000146,watched jaws 2 1 star heart -15d,[],"{""mediaType"":""movie"",""title"":""Jaws 2"",""rating"":2,""favorite"":true,""timeOffset"":""-P15D""}",media-data.csv:000146
media-data.csv:000147,movie rocky balboa 2 stars 13 hours ago,[],"{""mediaType"":""movie"",""title"":""Rocky Balboa"",""rating"":4,""favorite"":false,""timeOffset"":""-PT13H""}",media-data.csv:000147
media-data.csv:000148,"saw bank job, the 3.5 stars",[],"{""mediaType"":""movie"",""title"":""Bank Job, The"",""rating"":7,""favorite"":false,""timeOffset"":""PT0M""}",media-data.csv:000148
media-data.csv:000149,movie lethal weapon 4 stars 11 hours ago,[],"{""mediaType"":""movie"",""title"":""Lethal Weapon"",""rating"":8,""favorite"":false,""timeOffset"":""-PT11H""}",media-data.csv:000149
media-data.csv:000150,saw short circuit 8/10,[],"{""mediaType"":""movie"",""title"":""Short Circuit"",""rating"":8,""favorite"":false,""timeOffset"":""PT0M""}",media-data.csv:000150
media-data.csv:000151,movie mo' money 6/10 loved 3 days ago,[],"{""mediaType"":""movie"",""title"":""Mo' Money"",""rating"":6,""favorite"":true,""timeOffset"":""-P3D""}",media-data.csv:000151
media-data.csv:000152,film solyaris 4 stars,[],"{""mediaType"":""movie"",""title"":""Solyaris"",""rating"":8,""favorite"":false,""timeOffset"":""PT0M""}",media-data.csv:000152
media-data.csv:000153,movie finding nemo 4 stars,[],"{""mediaType"":""movie"",""title"":""Finding Nemo"",""rating"":8,""favorite"":false,""timeOffset"":""PT0M""}",media-data.csv:000153
media-data.csv:000154,"saw mask, the 3 stars loved",[],"{""mediaType"":""movie"",""title"":""Mask, The"",""rating"":6,""favorite"":true,""timeOffset"":""PT0M""}",media-data.csv:000154
media-data.csv:000155,film down with love 3 stars loved,[],"{""mediaType"":""movie"",""title"":""Down with Love"",""rating"":6,""favorite"":true,""timeOffset"":""PT0M""}",media-data.csv:000155
media-data.csv:000156,"saw great gatsby, the (2013) 3.5 stars",[],"{""mediaType"":""movie"",""title"":""Great Gatsby, The (2013)"",""rating"":7,""favorite"":false,""timeOffset"":""PT0M""}",media-data.csv:000156
media-data.csv:000157,saw rocknrolla 7,[],"{""mediaType"":""movie"",""title"":""RocknRolla"",""rating"":7,""favorite"":false,""timeOffset"":""PT0M""}",media-data.csv:000157
media-data.csv:000158,watched catch me if you can 7,[],"{""mediaType"":""movie"",""title"":""Catch Me If You Can"",""rating"":7,""favorite"":false,""timeOffset"":""PT0M""}",media-data.csv:000158
media-data.csv:000159,watched american psycho 8/10 26 days ago,[],"{""mediaType"":""movie"",""title"":""American Psycho"",""rating"":8,""favorite"":false,""timeOffset"":""-P26D""}",media-data.csv:000159
media-data.csv:000160,movie fatal attraction 4 stars favorite 20 days ago,[],"{""mediaType"":""movie"",""title"":""Fatal Attraction"",""rating"":8,""favorite"":true,""timeOffset"":""-P20D""}",media-data.csv:000160
media-data.csv:000161,"watched jewel of the nile, the 4",[],"{""mediaType"":""movie"",""title"":""Jewel of the Nile, The"",""rating"":4,""favorite"":false,""timeOffset"":""PT0M""}",media-data.csv:000161
media-data.csv:000162,"movie hustler, the 10",[],"{""mediaType"":""movie"",""title"":""Hustler, The"",""rating"":10,""favorite"":false,""timeOffset"":""PT0M""}",media-data.csv:000162
media-data.csv:000163,film bedknobs and broomsticks 3 stars fav,[],"{""mediaType"":""movie"",""title"":""Bedknobs and Broomsticks"",""rating"":6,""favorite"":true,""timeOffset"":""PT0M""}",media-data.csv:000163
media-data.csv:000164,film star wars: episode vi - return of the jedi 7/10,[],"{""mediaType"":""movie"",""title"":""Star Wars: Episode VI - Return of the Jedi"",""rating"":7,""favorite"":false,""timeOffset"":""PT0M""}",media-data.csv:000164
media-data.csv:000165,saw dracula (bram stoker's dracula) 3.5 stars,[],"{""mediaType"":""movie"",""title"":""Dracula (Bram Stoker's Dracula)"",""rating"":7,""favorite"":false,""timeOffset"":""PT0M""}",media-data.csv:000165
media-data.csv:000166,saw fight club 10 favourite,[],"{""mediaType"":""movie"",""title"":""Fight Club"",""rating"":10,""favorite"":true,""timeOffset"":""PT0M""}",media-data.csv:000166
media-data.csv:000167,"movie world is not enough, the 1.5 stars",[],"{""mediaType"":""movie"",""title"":""World Is Not Enough, The"",""rating"":3,""favorite"":false,""timeOffset"":""PT0M""}",media-data.csv:000167
media-data.csv:000168,"movie usual suspects, the 10/10 favorite 14 hours ago",[],"{""mediaType"":""movie"",""title"":""Usual Suspects, The"",""rating"":10,""favorite"":true,""timeOffset"":""-PT14H""}",media-data.csv:000168
media-data.csv:000169,saw casino 4 stars,[],"{""mediaType"":""movie"",""title"":""Casino"",""rating"":8,""favorite"":false,""timeOffset"":""PT0M""}",media-data.csv:000169
media-data.csv:000170,"saw bridge at remagen, the 8 favorite",[],"{""mediaType"":""movie"",""title"":""Bridge at Remagen, The"",""rating"":8,""favorite"":true,""timeOffset"":""PT0M""}",media-data.csv:000170
media-data.csv:000171,saw mickey blue eyes 4 20h ago,[],"{""mediaType"":""movie"",""title"":""Mickey Blue Eyes"",""rating"":4,""favorite"":false,""timeOffset"":""-PT20H""}",media-data.csv:000171
media-data.csv:000172,"watched bourne ultimatum, the 4 stars heart",[],"{""mediaType"":""movie"",""title"":""Bourne Ultimatum, The"",""rating"":8,""favorite"":true,""timeOffset"":""PT0M""}",media-data.csv:000172
media-data.csv:000173,watched little nicky 1 star,[],"{""mediaType"":""movie"",""title"":""Little Nicky"",""rating"":2,""favorite"":false,""timeOffset"":""PT0M""}",media-data.csv:000173
media-data.csv:000174,movie catch me if you can 8/10,[],"{""mediaType"":""movie"",""title"":""Catch Me If You Can"",""rating"":8,""favorite"":false,""timeOffset"":""PT0M""}",media-data.csv:000174
media-data.csv:000175,"film big lebowski, the 6",[],"{""mediaType"":""movie"",""title"":""Big Lebowski, The"",""rating"":6,""favorite"":false,""timeOffset"":""PT0M""}",media-data.csv:000175
media-data.csv:000176,saw fright night part ii 6/10,[],"{""mediaType"":""movie"",""title"":""Fright Night Part II"",""rating"":6,""favorite"":false,""timeOffset"":""PT0M""}",media-data.csv:000176
media-data.csv:000177,movie scarface (1983) 9/10,[],"{""mediaType"":""movie"",""title"":""Scarface (1983)"",""rating"":9,""favorite"":false,""timeOffset"":""PT0M""}",media-data.csv:000177
media-data.csv:000178,watched dave 3 stars,[],"{""mediaType"":""movie"",""title"":""Dave"",""rating"":6,""favorite"":false,""timeOffset"":""PT0M""}",media-data.csv:000178
media-data.csv:000179,film gremlins 3 stars favorite,[],"{""mediaType"":""movie"",""title"":""Gremlins"",""rating"":6,""favorite"":true,""timeOffset"":""PT0M""}",media-data.csv:000179
media-data.csv:000180,film they call me bruce? (a.k.a. a fistful of chopsticks) 6/10 13h ago,[],"{""mediaType"":""movie"",""title"":""They Call Me Bruce? (a.k.a. A Fistful of Chopsticks)"",""rating"":6,""favorite"":false,""timeOffset"":""-PT13H""}",media-data.csv:000180
media-data.csv:000181,movie bound 3 stars 18 hours ago,[],"{""mediaType"":""movie"",""title"":""Bound"",""rating"":6,""favorite"":false,""timeOffset"":""-PT18H""}",media-data.csv:000181
media-data.csv:000182,saw maze runner: scorch trials 7,[],"{""mediaType"":""movie"",""title"":""Maze Runner: Scorch Trials"",""rating"":7,""favorite"":false,""timeOffset"":""PT0M""}",media-data.csv:000182
media-data.csv:000183,"saw lord of the rings: the return of the king, the 5 stars -27d",[],"{""mediaType"":""movie"",""title"":""Lord of the Rings: The Return of the King, The"",""rating"":10,""favorite"":false,""timeOffset"":""-P27D""}",media-data.csv:000183
media-data.csv:000184,watched creepshow 4 stars heart,[],"{""mediaType"":""movie"",""title"":""Creepshow"",""rating"":8,""favorite"":true,""timeOffset"":""PT0M""}",media-data.csv:000184
media-data.csv:000185,"movie shining, the 5 stars",[],"{""mediaType"":""movie"",""title"":""Shining, The"",""rating"":10,""favorite"":false,""timeOffset"":""PT0M""}",media-data.csv:000185
media-data.csv:000186,saw scream 2 6/10 24d ago,[],"{""mediaType"":""movie"",""title"":""Scream 2"",""rating"":6,""favorite"":false,""timeOffset"":""-P24D""}",media-data.csv:000186
media-data.csv:000187,"saw secret of nimh, the 3 stars",[],"{""mediaType"":""movie"",""title"":""Secret of NIMH, The"",""rating"":6,""favorite"":false,""timeOffset"":""PT0M""}",media-data.csv:000187
media-data.csv:000188,film cast away 6,[],"{""mediaType"":""movie"",""title"":""Cast Away"",""rating"":6,""favorite"":false,""timeOffset"":""PT0M""}",media-data.csv:000188
media-data.csv:000189,watched godzilla (1998) 1.5 stars 1h ago,[],"{""mediaType"":""movie"",""title"":""Godzilla (1998)"",""rating"":3,""favorite"":false,""timeOffset"":""-PT1H""}",media-data.csv:000189
media-data.csv:000190,watched strangers on a train 4 stars -10h,[],"{""mediaType"":""movie"",""title"":""Strangers on a Train"",""rating"":8,""favorite"":false,""timeOffset"":""-PT10H""}",media-data.csv:000190
media-data.csv:000191,movie captain america: the winter soldier 2.5 stars 18 days ago,[],"{""mediaType"":""movie"",""title"":""Captain America: The Winter Soldier"",""rating"":5,""favorite"":false,""timeOffset"":""-P18D""}",media-data.csv:000191
media-data.csv:000192,watched man on fire 4/10,[],"{""mediaType"":""movie"",""title"":""Man on Fire"",""rating"":4,""favorite"":false,""timeOffset"":""PT0M""}",media-data.csv:000192
media-data.csv:000193,saw while you were fighting: a thor mockumentary 4 stars -10d,[],"{""mediaType"":""movie"",""title"":""While You Were Fighting: A Thor Mockumentary"",""rating"":8,""favorite"":false,""timeOffset"":""-P10D""}",media-data.csv:000193
media-data.csv:000194,movie sixteen candles 8/10 -3d,[],"{""mediaType"":""movie"",""title"":""Sixteen Candles"",""rating"":8,""favorite"":false,""timeOffset"":""-P3D""}",media-data.csv:000194
media-data.csv:000195,film courage under fire 7,[],"{""mediaType"":""movie"",""title"":""Courage Under Fire"",""rating"":7,""favorite"":false,""timeOffset"":""PT0M""}",media-data.csv:000195
media-data.csv:000196,"movie karate kid, part iii, the 5/10 favourite",[],"{""mediaType"":""movie"",""title"":""Karate Kid, Part III, The"",""rating"":5,""favorite"":true,""timeOffset"":""PT0M""}",media-data.csv:000196
media-data.csv:000197,"saw last boy scout, the 7 loved 27 days ago",[],"{""mediaType"":""movie"",""title"":""Last Boy Scout, The"",""rating"":7,""favorite"":true,""timeOffset"":""-P27D""}",media-data.csv:000197
media-data.csv:000198,"film patriot, the (2000) 3 stars",[],"{""mediaType"":""movie"",""title"":""Patriot, The (2000)"",""rating"":6,""favorite"":false,""timeOffset"":""PT0M""}",media-data.csv:000198
media-data.csv:000199,film brazil 10/10 loved,[],"{""mediaType"":""movie"",""title"":""Brazil"",""rating"":10,""favorite"":true,""timeOffset"":""PT0M""}",media-data.csv:000199
media-data.csv:000200,"saw very long engagement, a (un long dimanche de fiançailles) 6",[],"{""mediaType"":""movie"",""title"":""Very Long Engagement, A (Un long dimanche de fian\u00e7ailles)"",""rating"":6,""favorite"":false,""timeOffset"":""PT0M""}",media-data.csv:000200
media-data.csv:000201,saw doctor strange 4/10,[],"{""mediaType"":""movie"",""title"":""Doctor Strange"",""rating"":4,""favorite"":false,""timeOffset"":""PT0M""}",media-data.csv:000201
media-data.csv:000202,"saw negotiator, the 3 stars -18d",[],"{""mediaType"":""movie"",""title"":""Negotiator, The"",""rating"":6,""favorite"":false,""timeOffset"":""-P18D""}",media-data.csv:000202
media-data.csv:000203,"movie others, the 3.5 stars -17h",[],"{""mediaType"":""movie"",""title"":""Others, The"",""rating"":7,""favorite"":false,""timeOffset"":""-PT17H""}",media-data.csv:000203
media-data.csv:000204,saw chinatown 4.5 stars loved,[],"{""mediaType"":""movie"",""title"":""Chinatown"",""rating"":9,""favorite"":true,""timeOffset"":""PT0M""}",media-data.csv:000204
media-data.csv:000205,film mortal kombat 8,[],"{""mediaType"":""movie"",""title"":""Mortal Kombat"",""rating"":8,""favorite"":false,""timeOffset"":""PT0M""}",media-data.csv:000205
media-data.csv:000206,"watched score, the 2 stars",[],"{""mediaType"":""movie"",""title"":""Score, The"",""rating"":4,""favorite"":false,""timeOffset"":""PT0M""}",media-data.csv:000206
media-data.csv:000207,film star trek iv: the voyage home 3 stars favourite,[],"{""mediaType"":""movie"",""title"":""Star Trek IV: The Voyage Home"",""rating"":6,""favorite"":true,""timeOffset"":""PT0M""}",media-data.csv:000207
media-data.csv:000208,film he's just not that into you 6/10 16h ago,[],"{""mediaType"":""movie"",""title"":""He's Just Not That Into You"",""rating"":6,""favorite"":false,""timeOffset"":""-PT16H""}",media-data.csv:000208
media-data.csv:000209,saw interstellar 8,[],"{""mediaType"":""movie"",""title"":""Interstellar"",""rating"":8,""favorite"":false,""timeOffset"":""PT0M""}",media-data.csv:000209
media-data.csv:000210,saw state of play 4 stars 9 hours ago,[],"{""mediaType"":""movie"",""title"":""State of Play"",""rating"":8,""favorite"":false,""timeOffset"":""-PT9H""}",media-data.csv:000210
media-data.csv:000211,watched trial and error 2 stars,[],"{""mediaType"":""movie"",""title"":""Trial and Error"",""rating"":4,""favorite"":false,""timeOffset"":""PT0M""}",media-data.csv:000211
media-data.csv:000212,saw pixels 4,[],"{""mediaType"":""movie"",""title"":""Pixels"",""rating"":4,""favorite"":false,""timeOffset"":""PT0M""}",media-data.csv:000212
media-data.csv:000213,film eraser 6/10,[],"{""mediaType"":""movie"",""title"":""Eraser"",""rating"":6,""favorite"":false,""timeOffset"":""PT0M""}",media-data.csv:000213
media-data.csv:000214,movie crimson tide 4 stars,[],"{""mediaType"":""movie"",""title"":""Crimson Tide"",""rating"":8,""favorite"":false,""timeOffset"":""PT0M""}",media-data.csv:000214
media-data.csv:000215,"saw planes, trains & automobiles 6/10",[],"{""mediaType"":""movie"",""title"":""Planes, Trains & Automobiles"",""rating"":6,""favorite"":false,""timeOffset"":""PT0M""}",media-data.csv:000215
media-data.csv:000216,film batman (1989) 4/10,[],"{""mediaType"":""movie"",""title"":""Batman (1989)"",""rating"":4,""favorite"":false,""timeOffset"":""PT0M""}",media-data.csv:000216
media-data.csv:000217,watched american history x 9 heart 17h ago,[],"{""mediaType"":""movie"",""title"":""American History X"",""rating"":9,""favorite"":true,""timeOffset"":""-PT17H""}",media-data.csv:000217
media-data.csv:000218,movie milk 5 stars,[],"{""mediaType"":""movie"",""title"":""Milk"",""rating"":10,""favorite"":false,""timeOffset"":""PT0M""}",media-data.csv:000218
media-data.csv:000219,saw alien 4.5 stars,[],"{""mediaType"":""movie"",""title"":""Alien"",""rating"":9,""favorite"":false,""timeOffset"":""PT0M""}",media-data.csv:000219
media-data.csv:000220,saw american beauty 3 stars favourite,[],"{""mediaType"":""movie"",""title"":""American Beauty"",""rating"":6,""favorite"":true,""timeOffset"":""PT0M""}",media-data.csv:000220
media-data.csv:000221,film liar liar 6,[],"{""mediaType"":""movie"",""title"":""Liar Liar"",""rating"":6,""favorite"":false,""timeOffset"":""PT0M""}",media-data.csv:000221
media-data.csv:000222,"film bourne identity, the (2002) 8/10",[],"{""mediaType"":""movie"",""title"":""Bourne Identity, The (2002)"",""rating"":8,""favorite"":false,""timeOffset"":""PT0M""}",media-data.csv:000222
media-data.csv:000223,saw ghostbusters (a.k.a. ghost busters) 4 -25d,[],"{""mediaType"":""movie"",""title"":""Ghostbusters (a.k.a. Ghost Busters)"",""rating"":4,""favorite"":false,""timeOffset"":""-P25D""}",media-data.csv:000223
media-data.csv:000224,saw meet the robinsons 6/10 favourite 9 days ago,[],"{""mediaType"":""movie"",""title"":""Meet the Robinsons"",""rating"":6,""favorite"":true,""timeOffset"":""-P9D""}",media-data.csv:000224
media-data.csv:000225,watched fever pitch (2005) 7,[],"{""mediaType"":""movie"",""title"":""Fever Pitch (2005)"",""rating"":7,""favorite"":false,""timeOffset"":""PT0M""}",media-data.csv:000225
media-data.csv:000226,movie rambo: first blood part ii 7/10 17 hours ago,[],"{""mediaType"":""movie"",""title"":""Rambo: First Blood Part II"",""rating"":7,""favorite"":false,""timeOffset"":""-PT17H""}",media-data.csv:000226
media-data.csv:000227,movie animal house 4 stars,[],"{""mediaType"":""movie"",""title"":""Animal House"",""rating"":8,""favorite"":false,""timeOffset"":""PT0M""}",media-data.csv:000227
media-data.csv:000228,movie scream 5 stars,[],"{""mediaType"":""movie"",""title"":""Scream"",""rating"":10,""favorite"":false,""timeOffset"":""PT0M""}",media-data.csv:000228
media-data.csv:000229,watched immortals 10 favorite,[],"{""mediaType"":""movie"",""title"":""Immortals"",""rating"":10,""favorite"":true,""timeOffset"":""PT0M""}",media-data.csv:000229
media-data.csv:000230,watched daria: is it college yet? 1 star,[],"{""mediaType"":""movie"",""title"":""Daria: Is It College Yet?"",""rating"":2,""favorite"":false,""timeOffset"":""PT0M""}",media-data.csv:000230
media-data.csv:000231,"watched elephant man, the 8 -7d",[],"{""mediaType"":""movie"",""title"":""Elephant Man, The"",""rating"":8,""favorite"":false,""timeOffset"":""-P7D""}",media-data.csv:000231
media-data.csv:000232,saw being john malkovich 7,[],"{""mediaType"":""movie"",""title"":""Being John Malkovich"",""rating"":7,""favorite"":false,""timeOffset"":""PT0M""}",media-data.csv:000232
media-data.csv:000233,watched donnie brasco 4.5 stars -29d,[],"{""mediaType"":""movie"",""title"":""Donnie Brasco"",""rating"":9,""favorite"":false,""timeOffset"":""-P29D""}",media-data.csv:000233
media-data.csv:000234,movie wall·e 8,[],"{""mediaType"":""movie"",""title"":""WALL\u00b7E"",""rating"":8,""favorite"":false,""timeOffset"":""PT0M""}",media-data.csv:000234
media-data.csv:000235,"watched italian job, the (2003) 9/10",[],"{""mediaType"":""movie"",""title"":""Italian Job, The (2003)"",""rating"":9,""favorite"":false,""timeOffset"":""PT0M""}",media-data.csv:000235
media-data.csv:000236,saw the scorpion king 6,[],"{""mediaType"":""movie"",""title"":""The Scorpion King"",""rating"":6,""favorite"":false,""timeOffset"":""PT0M""}",media-data.csv:000236
media-data.csv:000237,film jurassic park 6 heart -17d,[],"{""mediaType"":""movie"",""title"":""Jurassic Park"",""rating"":6,""favorite"":true,""timeOffset"":""-P17D""}",media-data.csv:000237
media-data.csv:000238,film batman forever 8,[],"{""mediaType"":""movie"",""title"":""Batman Forever"",""rating"":8,""favorite"":false,""timeOffset"":""PT0M""}",media-data.csv:000238
media-data.csv:000239,watched willow 5 -21d,[],"{""mediaType"":""movie"",""title"":""Willow"",""rating"":5,""favorite"":false,""timeOffset"":""-P21D""}",media-data.csv:000239
media-data.csv:000240,saw vantage point 8/10,[],"{""mediaType"":""movie"",""title"":""Vantage Point"",""rating"":8,""favorite"":false,""timeOffset"":""PT0M""}",media-data.csv:000240
media-data.csv:000241,"film aviator, the 10 -28d",[],"{""mediaType"":""movie"",""title"":""Aviator, The"",""rating"":10,""favorite"":false,""timeOffset"":""-P28D""}",media-data.csv:000241
media-data.csv:000242,"saw corporation, the 7/10",[],"{""mediaType"":""movie"",""title"":""Corporation, The"",""rating"":7,""favorite"":false,""timeOffset"":""PT0M""}",media-data.csv:000242
media-data.csv:000243,"film view to a kill, a 3.5 stars",[],"{""mediaType"":""movie"",""title"":""View to a Kill, A"",""rating"":7,""favorite"":false,""timeOffset"":""PT0M""}",media-data.csv:000243
media-data.csv:000244,"film avengers, the (2012) 2.5 stars 18 days ago",[],"{""mediaType"":""movie"",""title"":""Avengers, The (2012)"",""rating"":5,""favorite"":false,""timeOffset"":""-P18D""}",media-data.csv:000244
media-data.csv:000245,"saw maltese falcon, the (a.k.a. dangerous female) 10 -3h",[],"{""mediaType"":""movie"",""title"":""Maltese Falcon, The (a.k.a. Dangerous Female)"",""rating"":10,""favorite"":false,""timeOffset"":""-PT3H""}",media-data.csv:000245
media-data.csv:000246,"watched jungle book, the (1967) 10",[],"{""mediaType"":""movie"",""title"":""Jungle Book, The (1967)"",""rating"":10,""favorite"":false,""timeOffset"":""PT0M""}",media-data.csv:000246
media-data.csv:000247,film i.q. 4 9 days ago,[],"{""mediaType"":""movie"",""title"":""I.Q."",""rating"":4,""favorite"":false,""timeOffset"":""-P9D""}",media-data.csv:000247
media-data.csv:000248,movie donnie darko 9 -8h,[],"{""mediaType"":""movie"",""title"":""Donnie Darko"",""rating"":9,""favorite"":false,""timeOffset"":""-PT8H""}",media-data.csv:000248
media-data.csv:000249,movie wag the dog 4 stars,[],"{""mediaType"":""movie"",""title"":""Wag the Dog"",""rating"":8,""favorite"":false,""timeOffset"":""PT0M""}",media-data.csv:000249
media-data.csv:000250,"movie simpsons movie, the 8",[],"{""mediaType"":""movie"",""title"":""Simpsons Movie, The"",""rating"":8,""favorite"":false,""timeOffset"":""PT0M""}",media-data.csv:000250
media-data.csv:000251,watched apocalypse now 10,[],"{""mediaType"":""movie"",""title"":""Apocalypse Now"",""rating"":10,""favorite"":false,""timeOffset"":""PT0M""}",media-data.csv:000251
media-data.csv:000252,"watched incredible hulk, the 6/10",[],"{""mediaType"":""movie"",""title"":""Incredible Hulk, The"",""rating"":6,""favorite"":false,""timeOffset"":""PT0M""}",media-data.csv:000252
media-data.csv:000253,film independence day (a.k.a. id4) 5/10 21d ago,[],"{""mediaType"":""movie"",""title"":""Independence Day (a.k.a. ID4)"",""rating"":5,""favorite"":false,""timeOffset"":""-P21D""}",media-data.csv:000253
media-data.csv:000254,movie avatar 3 stars ye,[],"{""mediaType"":""movie"",""title"":""Avatar"",""rating"":6,""favorite"":false,""timeOffset"":""-P1D""}",media-data.csv:000254
media-data.csv:000255,saw wayne's world 3.5 stars,[],"{""mediaType"":""movie"",""title"":""Wayne's World"",""rating"":7,""favorite"":false,""timeOffset"":""PT0M""}",media-data.csv:000255
media-data.csv:000256,movie breakfast at tiffany's 8/10,[],"{""mediaType"":""movie"",""title"":""Breakfast at Tiffany's"",""rating"":8,""favorite"":false,""timeOffset"":""PT0M""}",media-data.csv:000256
media-data.csv:000257,film (500) days of summer 9/10,[],"{""mediaType"":""movie"",""title"":""(500) Days of Summer"",""rating"":9,""favorite"":false,""timeOffset"":""PT0M""}",media-data.csv:000257
media-data.csv:000258,saw sleepless in seattle 7 favourite,[],"{""mediaType"":""movie"",""title"":""Sleepless in Seattle"",""rating"":7,""favorite"":true,""timeOffset"":""PT0M""}",media-data.csv:000258
media-data.csv:000259,movie serenity 9/10 5h ago,[],"{""mediaType"":""movie"",""title"":""Serenity"",""rating"":9,""favorite"":false,""timeOffset"":""-PT5H""}",media-data.csv:000259
media-data.csv:000260,"film adventures of rocky and bullwinkle, the 6/10 18 hours ago",[],"{""mediaType"":""movie"",""title"":""Adventures of Rocky and Bullwinkle, The"",""rating"":6,""favorite"":false,""timeOffset"":""-PT18H""}",media-data.csv:000260
media-data.csv:000261,"film lord of the rings: the return of the king, the 3.5 stars",[],"{""mediaType"":""movie"",""title"":""Lord of the Rings: The Return of the King, The"",""rating"":7,""favorite"":false,""timeOffset"":""PT0M""}",media-data.csv:000261
media-data.csv:000262,watched coffee and cigarettes 7/10,[],"{""mediaType"":""movie"",""title"":""Coffee and Cigarettes"",""rating"":7,""favorite"":false,""timeOffset"":""PT0M""}",media-data.csv:000262
media-data.csv:000263,watched sunshine (2007) 7 favourite -29d,[],"{""mediaType"":""movie"",""title"":""Sunshine (2007)"",""rating"":7,""favorite"":true,""timeOffset"":""-P29D""}",media-data.csv:000263
media-data.csv:000264,watched snatch 1.5 stars favourite,[],"{""mediaType"":""movie"",""title"":""Snatch"",""rating"":3,""favorite"":true,""timeOffset"":""PT0M""}",media-data.csv:000264
media-data.csv:000265,movie private benjamin 8/10 favorite,[],"{""mediaType"":""movie"",""title"":""Private Benjamin"",""rating"":8,""favorite"":true,""timeOffset"":""PT0M""}",media-data.csv:000265
media-data.csv:000266,film sabrina (1954) 4 stars,[],"{""mediaType"":""movie"",""title"":""Sabrina (1954)"",""rating"":8,""favorite"":false,""timeOffset"":""PT0M""}",media-data.csv:000266
media-data.csv:000267,saw erin brockovich 6,[],"{""mediaType"":""movie"",""title"":""Erin Brockovich"",""rating"":6,""favorite"":false,""timeOffset"":""PT0M""}",media-data.csv:000267
media-data.csv:000268,"watched big lebowski, the 3.5 stars",[],"{""mediaType"":""movie"",""title"":""Big Lebowski, The"",""rating"":7,""favorite"":false,""timeOffset"":""PT0M""}",media-data.csv:000268
media-data.csv:000269,saw maximum risk 4 stars 22 hours ago,[],"{""mediaType"":""movie"",""title"":""Maximum Risk"",""rating"":8,""favorite"":false,""timeOffset"":""-PT22H""}",media-data.csv:000269
media-data.csv:000270,saw sweet november 4 stars,[],"{""mediaType"":""movie"",""title"":""Sweet November"",""rating"":8,""favorite"":false,""timeOffset"":""PT0M""}",media-data.csv:000270
media-data.csv:000271,"movie fish called wanda, a 8/10 14h ago",[],"{""mediaType"":""movie"",""title"":""Fish Called Wanda, A"",""rating"":8,""favorite"":false,""timeOffset"":""-PT14H""}",media-data.csv:000271
media-data.csv:000272,"watched hunt, the (jagten) 8/10 loved 15d ago",[],"{""mediaType"":""movie"",""title"":""Hunt, The (Jagten)"",""rating"":8,""favorite"":true,""timeOffset"":""-P15D""}",media-data.csv:000272
media-data.csv:000273,film indiana jones and the last crusade 8/10,[],"{""mediaType"":""movie"",""title"":""Indiana Jones and the Last Crusade"",""rating"":8,""favorite"":false,""timeOffset"":""PT0M""}",media-data.csv:000273
media-data.csv:000274,saw tron 2 stars,[],"{""mediaType"":""movie"",""title"":""Tron"",""rating"":4,""favorite"":false,""timeOffset"":""PT0M""}",media-data.csv:000274
media-data.csv:000275,watched requiem for a dream 5 stars,[],"{""mediaType"":""movie"",""title"":""Requiem for a Dream"",""rating"":10,""favorite"":false,""timeOffset"":""PT0M""}",media-data.csv:000275
media-data.csv:000276,"movie dance of reality, the (danza de la realidad, la) 7",[],"{""mediaType"":""movie"",""title"":""Dance of Reality, The (Danza de la realidad, La)"",""rating"":7,""favorite"":false,""timeOffset"":""PT0M""}",media-data.csv:000276
media-data.csv:000277,saw band of brothers 5 stars 17 days ago,[],"{""mediaType"":""movie"",""title"":""Band of Brothers"",""rating"":10,""favorite"":false,""timeOffset"":""-P17D""}",media-data.csv:000277
media-data.csv:000278,movie howards end 4.5 stars 10d ago,[],"{""mediaType"":""movie"",""title"":""Howards End"",""rating"":9,""favorite"":false,""timeOffset"":""-P10D""}",media-data.csv:000278
media-data.csv:000279,saw honeymoon in vegas 4 stars,[],"{""mediaType"":""movie"",""title"":""Honeymoon in Vegas"",""rating"":8,""favorite"":false,""timeOffset"":""PT0M""}",media-data.csv:000279
media-data.csv:000280,watched bridge of spies 8/10,[],"{""mediaType"":""movie"",""title"":""Bridge of Spies"",""rating"":8,""favorite"":false,""timeOffset"":""PT0M""}",media-data.csv:000280
media-data.csv:000281,"film full monty, the 2/10 9 days ago",[],"{""mediaType"":""movie"",""title"":""Full Monty, The"",""rating"":2,""favorite"":false,""timeOffset"":""-P9D""}",media-data.csv:000281
media-data.csv:000282,film predator 10 10 days ago,[],"{""mediaType"":""movie"",""title"":""Predator"",""rating"":10,""favorite"":false,""timeOffset"":""-P10D""}",media-data.csv:000282
media-data.csv:000283,"film world is not enough, the 2 stars 16 hours ago",[],"{""mediaType"":""movie"",""title"":""World Is Not Enough, The"",""rating"":4,""favorite"":false,""timeOffset"":""-PT16H""}",media-data.csv:000283
media-data.csv:000284,"film 2 fast 2 furious (fast and the furious 2, the) 7/10 18d ago",[],"{""mediaType"":""movie"",""title"":""2 Fast 2 Furious (Fast and the Furious 2, The)"",""rating"":7,""favorite"":false,""timeOffset"":""-P18D""}",media-data.csv:000284
media-data.csv:000285,saw alien 6/10,[],"{""mediaType"":""movie"",""title"":""Alien"",""rating"":6,""favorite"":false,""timeOffset"":""PT0M""}",media-data.csv:000285
media-data.csv:000286,saw pulp fiction 3 stars,[],"{""mediaType"":""movie"",""title"":""Pulp Fiction"",""rating"":6,""favorite"":false,""timeOffset"":""PT0M""}",media-data.csv:000286
media-data.csv:000287,film every secret thing 4,[],"{""mediaType"":""movie"",""title"":""Every Secret Thing"",""rating"":4,""favorite"":false,""timeOffset"":""PT0M""}",media-data.csv:000287
media-data.csv:000288,movie deadpool 3.5 stars -20h,[],"{""mediaType"":""movie"",""title"":""Deadpool"",""rating"":7,""favorite"":false,""timeOffset"":""-PT20H""}",media-data.csv:000288
media-data.csv:000289,"movie nutty professor, the (1996) 2.5 stars fav 17 hours ago",[],"{""mediaType"":""movie"",""title"":""Nutty Professor, The (1996)"",""rating"":5,""favorite"":true,""timeOffset"":""-PT17H""}",media-data.csv:000289
media-data.csv:000290,film assassins 1 star -28d,[],"{""mediaType"":""movie"",""title"":""Assassins"",""rating"":2,""favorite"":false,""timeOffset"":""-P28D""}",media-data.csv:000290
media-data.csv:000291,movie beavis and butt-head do america 3,[],"{""mediaType"":""movie"",""title"":""Beavis and Butt-Head Do America"",""rating"":3,""favorite"":false,""timeOffset"":""PT0M""}",media-data.csv:000291
media-data.csv:000292,movie groundhog day 9/10 -11d,[],"{""mediaType"":""movie"",""title"":""Groundhog Day"",""rating"":9,""favorite"":false,""timeOffset"":""-P11D""}",media-data.csv:000292
media-data.csv:000293,film ace ventura: pet detective 3 stars,[],"{""mediaType"":""movie"",""title"":""Ace Ventura: Pet Detective"",""rating"":6,""favorite"":false,""timeOffset"":""PT0M""}",media-data.csv:000293
media-data.csv:000294,movie fantastic beasts and where to find them 4.5 stars,[],"{""mediaType"":""movie"",""title"":""Fantastic Beasts and Where to Find Them"",""rating"":9,""favorite"":false,""timeOffset"":""PT0M""}",media-data.csv:000294
media-data.csv:000295,film resident evil 8/10 fav 8 hours ago,[],"{""mediaType"":""movie"",""title"":""Resident Evil"",""rating"":8,""favorite"":true,""timeOffset"":""-PT8H""}",media-data.csv:000295
media-data.csv:000296,"saw mummy returns, the 6/10",[],"{""mediaType"":""movie"",""title"":""Mummy Returns, The"",""rating"":6,""favorite"":false,""timeOffset"":""PT0M""}",media-data.csv:000296
media-data.csv:000297,movie madagascar 7,[],"{""mediaType"":""movie"",""title"":""Madagascar"",""rating"":7,""favorite"":false,""timeOffset"":""PT0M""}",media-data.csv:000297
media-data.csv:000298,"saw maltese falcon, the 3.5 stars",[],"{""mediaType"":""movie"",""title"":""Maltese Falcon, The"",""rating"":7,""favorite"":false,""timeOffset"":""PT0M""}",media-data.csv:000298
media-data.csv:000299,saw being there 10/10,[],"{""mediaType"":""movie"",""title"":""Being There"",""rating"":10,""favorite"":false,""timeOffset"":""PT0M""}",media-data.csv:000299
media-data.csv:000300,saw on a clear day 4/10 1h ago,[],"{""mediaType"":""movie"",""title"":""On a Clear Day"",""rating"":4,""favorite"":false,""timeOffset"":""-PT1H""}",media-data.csv:000300
media-data.csv:000301,film taxi driver 3.5 stars,[],"{""mediaType"":""movie"",""title"":""Taxi Driver"",""rating"":7,""favorite"":false,""timeOffset"":""PT0M""}",media-data.csv:000301
media-data.csv:000302,saw dungeons & dragons 2/10 1 hour ago,[],"{""mediaType"":""movie"",""title"":""Dungeons & Dragons"",""rating"":2,""favorite"":false,""timeOffset"":""-PT1H""}",media-data.csv:000302
media-data.csv:000303,"watched beautiful mind, a 6",[],"{""mediaType"":""movie"",""title"":""Beautiful Mind, A"",""rating"":6,""favorite"":false,""timeOffset"":""PT0M""}",media-data.csv:000303
media-data.csv:000304,movie lolita (1997) 6 fav,[],"{""mediaType"":""movie"",""title"":""Lolita (1997)"",""rating"":6,""favorite"":true,""timeOffset"":""PT0M""}",media-data.csv:000304
media-data.csv:000305,saw entrapment 3.5 stars,[],"{""mediaType"":""movie"",""title"":""Entrapment"",""rating"":7,""favorite"":false,""timeOffset"":""PT0M""}",media-data.csv:000305
media-data.csv:000306,"movie blind swordsman: zatoichi, the (zatôichi) 4 stars",[],"{""mediaType"":""movie"",""title"":""Blind Swordsman: Zatoichi, The (Zat\u00f4ichi)"",""rating"":8,""favorite"":false,""timeOffset"":""PT0M""}",media-data.csv:000306
media-data.csv:000307,watched mortal kombat 6/10 favourite -26d,[],"{""mediaType"":""movie"",""title"":""Mortal Kombat"",""rating"":6,""favorite"":true,""timeOffset"":""-P26D""}",media-data.csv:000307
media-data.csv:000308,movie monkeybone 4 13h ago,[],"{""mediaType"":""movie"",""title"":""Monkeybone"",""rating"":4,""favorite"":false,""timeOffset"":""-PT13H""}",media-data.csv:000308
media-data.csv:000309,saw harry potter and the prisoner of azkaban 8/10,[],"{""mediaType"":""movie"",""title"":""Harry Potter and the Prisoner of Azkaban"",""rating"":8,""favorite"":false,""timeOffset"":""PT0M""}",media-data.csv:000309
media-data.csv:000310,"watched faculty, the 5/10",[],"{""mediaType"":""movie"",""title"":""Faculty, The"",""rating"":5,""favorite"":false,""timeOffset"":""PT0M""}",media-data.csv:000310
media-data.csv:000311,saw riding giants 8/10 favorite,[],"{""mediaType"":""movie"",""title"":""Riding Giants"",""rating"":8,""favorite"":true,""timeOffset"":""PT0M""}",media-data.csv:000311
media-data.csv:000312,saw superman iii 1.5 stars,[],"{""mediaType"":""movie"",""title"":""Superman III"",""rating"":3,""favorite"":false,""timeOffset"":""PT0M""}",media-data.csv:000312
media-data.csv:000313,"watched lust, caution (se, jie) 8/10 13 days ago",[],"{""mediaType"":""movie"",""title"":""Lust, Caution (Se, jie)"",""rating"":8,""favorite"":false,""timeOffset"":""-P13D""}",media-data.csv:000313
media-data.csv:000314,movie groundhog day 5 stars 3 hours ago,[],"{""mediaType"":""movie"",""title"":""Groundhog Day"",""rating"":10,""favorite"":false,""timeOffset"":""-PT3H""}",media-data.csv:000314
media-data.csv:000315,saw mulan 4 stars,[],"{""mediaType"":""movie"",""title"":""Mulan"",""rating"":8,""favorite"":false,""timeOffset"":""PT0M""}",media-data.csv:000315
media-data.csv:000316,"film edge of heaven, the (auf der anderen seite) 3.5 stars",[],"{""mediaType"":""movie"",""title"":""Edge of Heaven, The (Auf der anderen Seite)"",""rating"":7,""favorite"":false,""timeOffset"":""PT0M""}",media-data.csv:000316
media-data.csv:000317,watched gladiator (2000) 4 stars 14h ago,[],"{""mediaType"":""movie"",""title"":""Gladiator (2000)"",""rating"":8,""favorite"":false,""timeOffset"":""-PT14H""}",media-data.csv:000317
media-data.csv:000318,movie dawn of the dead (2004) 10 fav,[],"{""mediaType"":""movie"",""title"":""Dawn of the Dead (2004)"",""rating"":10,""favorite"":true,""timeOffset"":""PT0M""}",media-data.csv:000318
media-data.csv:000319,watched steel magnolias 2 stars,[],"{""mediaType"":""movie"",""title"":""Steel Magnolias"",""rating"":4,""favorite"":false,""timeOffset"":""PT0M""}",media-data.csv:000319
media-data.csv:000320,"movie girl with the dragon tattoo, the 10 17h ago",[],"{""mediaType"":""movie"",""title"":""Girl with the Dragon Tattoo, The"",""rating"":10,""favorite"":false,""timeOffset"":""-PT17H""}",media-data.csv:000320
media-data.csv:000321,saw some like it hot 3 stars,[],"{""mediaType"":""movie"",""title"":""Some Like It Hot"",""rating"":6,""favorite"":false,""timeOffset"":""PT0M""}",media-data.csv:000321
media-data.csv:000322,saw for a few dollars more (per qualche dollaro in più) 10/10,[],"{""mediaType"":""movie"",""title"":""For a Few Dollars More (Per qualche dollaro in pi\u00f9)"",""rating"":10,""favorite"":false,""timeOffset"":""PT0M""}",media-data.csv:000322
media-data.csv:000323,"saw terminal, the 2 stars",[],"{""mediaType"":""movie"",""title"":""Terminal, The"",""rating"":4,""favorite"":false,""timeOffset"":""PT0M""}",media-data.csv:000323
media-data.csv:000324,watched 1984 (nineteen eighty-four) 3 stars,[],"{""mediaType"":""movie"",""title"":""1984 (Nineteen Eighty-Four)"",""rating"":6,""favorite"":false,""timeOffset"":""PT0M""}",media-data.csv:000324
media-data.csv:000325,saw national lampoon's vacation 4 stars,[],"{""mediaType"":""movie"",""title"":""National Lampoon's Vacation"",""rating"":8,""favorite"":false,""timeOffset"":""PT0M""}",media-data.csv:000325
media-data.csv:000326,watched patton 8 14 days ago,[],"{""mediaType"":""movie"",""title"":""Patton"",""rating"":8,""favorite"":false,""timeOffset"":""-P14D""}",media-data.csv:000326
media-data.csv:000327,film stand by me 7/10,[],"{""mediaType"":""movie"",""title"":""Stand by Me"",""rating"":7,""favorite"":false,""timeOffset"":""PT0M""}",media-data.csv:000327
media-data.csv:000328,movie conspiracy theory 4/10,[],"{""mediaType"":""movie"",""title"":""Conspiracy Theory"",""rating"":4,""favorite"":false,""timeOffset"":""PT0M""}",media-data.csv:000328
media-data.csv:000329,film girl with a pearl earring 7/10 -5d,[],"{""mediaType"":""movie"",""title"":""Girl with a Pearl Earring"",""rating"":7,""favorite"":false,""timeOffset"":""-P5D""}",media-data.csv:000329
media-data.csv:000330,film batman returns 5 stars,[],"{""mediaType"":""movie"",""title"":""Batman Returns"",""rating"":10,""favorite"":false,""timeOffset"":""PT0M""}",media-data.csv:000330
media-data.csv:000331,"saw silence of the lambs, the 10/10 favorite 8 hours ago",[],"{""mediaType"":""movie"",""title"":""Silence of the Lambs, The"",""rating"":10,""favorite"":true,""timeOffset"":""-PT8H""}",media-data.csv:000331
media-data.csv:000332,"film black cat, white cat (crna macka, beli macor) 4 stars 10 hours ago",[],"{""mediaType"":""movie"",""title"":""Black Cat, White Cat (Crna macka, beli macor)"",""rating"":8,""favorite"":false,""timeOffset"":""-PT10H""}",media-data.csv:000332
media-data.csv:000333,movie geri's game 3.5 stars 18d ago,[],"{""mediaType"":""movie"",""title"":""Geri's Game"",""rating"":7,""favorite"":false,""timeOffset"":""-P18D""}",media-data.csv:000333
media-data.csv:000334,watched goodfellas 10,[],"{""mediaType"":""movie"",""title"":""Goodfellas"",""rating"":10,""favorite"":false,""timeOffset"":""PT0M""}",media-data.csv:000334
media-data.csv:000335,movie death proof 4 stars,[],"{""mediaType"":""movie"",""title"":""Death Proof"",""rating"":8,""favorite"":false,""timeOffset"":""PT0M""}",media-data.csv:000335
media-data.csv:000336,watched twin peaks: fire walk with me 4 stars,[],"{""mediaType"":""movie"",""title"":""Twin Peaks: Fire Walk with Me"",""rating"":8,""favorite"":false,""timeOffset"":""PT0M""}",media-data.csv:000336
media-data.csv:000337,"saw matrix reloaded, the 8",[],"{""mediaType"":""movie"",""title"":""Matrix Reloaded, The"",""rating"":8,""favorite"":false,""timeOffset"":""PT0M""}",media-data.csv:000337
media-data.csv:000338,saw reservoir dogs 10/10,[],"{""mediaType"":""movie"",""title"":""Reservoir Dogs"",""rating"":10,""favorite"":false,""timeOffset"":""PT0M""}",media-data.csv:000338
media-data.csv:000339,saw spider-man 4 stars 3 days ago,[],"{""mediaType"":""movie"",""title"":""Spider-Man"",""rating"":8,""favorite"":false,""timeOffset"":""-P3D""}",media-data.csv:000339
media-data.csv:000340,movie harry potter and the prisoner of azkaban 7/10 22h ago,[],"{""mediaType"":""movie"",""title"":""Harry Potter and the Prisoner of Azkaban"",""rating"":7,""favorite"":false,""timeOffset"":""-PT22H""}",media-data.csv:000340
media-data.csv:000341,"saw amityville horror, the (2005) 6 -9d",[],"{""mediaType"":""movie"",""title"":""Amityville Horror, The (2005)"",""rating"":6,""favorite"":false,""timeOffset"":""-P9D""}",media-data.csv:000341
media-data.csv:000342,movie ever after: a cinderella story 6 favorite,[],"{""mediaType"":""movie"",""title"":""Ever After: A Cinderella Story"",""rating"":6,""favorite"":true,""timeOffset"":""PT0M""}",media-data.csv:000342
media-data.csv:000343,film braveheart 3 stars,[],"{""mediaType"":""movie"",""title"":""Braveheart"",""rating"":6,""favorite"":false,""timeOffset"":""PT0M""}",media-data.csv:000343
media-data.csv:000344,watched places in the heart 8/10,[],"{""mediaType"":""movie"",""title"":""Places in the Heart"",""rating"":8,""favorite"":false,""timeOffset"":""PT0M""}",media-data.csv:000344
media-data.csv:000345,movie problem child 1.5 stars 21 days ago,[],"{""mediaType"":""movie"",""title"":""Problem Child"",""rating"":3,""favorite"":false,""timeOffset"":""-P21D""}",media-data.csv:000345
media-data.csv:000346,movie billy madison 4 stars 20 days ago,[],"{""mediaType"":""movie"",""title"":""Billy Madison"",""rating"":8,""favorite"":false,""timeOffset"":""-P20D""}",media-data.csv:000346
media-data.csv:000347,saw grease 9,[],"{""mediaType"":""movie"",""title"":""Grease"",""rating"":9,""favorite"":false,""timeOffset"":""PT0M""}",media-data.csv:000347
media-data.csv:000348,watched beautiful people 10/10 favorite,[],"{""mediaType"":""movie"",""title"":""Beautiful People"",""rating"":10,""favorite"":true,""timeOffset"":""PT0M""}",media-data.csv:000348
media-data.csv:000349,film you only live twice 8/10,[],"{""mediaType"":""movie"",""title"":""You Only Live Twice"",""rating"":8,""favorite"":false,""timeOffset"":""PT0M""}",media-data.csv:000349
media-data.csv:000350,"film abyss, the 4 stars",[],"{""mediaType"":""movie"",""title"":""Abyss, The"",""rating"":8,""favorite"":false,""timeOffset"":""PT0M""}",media-data.csv:000350
media-data.csv:000351,watched holes 4,[],"{""mediaType"":""movie"",""title"":""Holes"",""rating"":4,""favorite"":false,""timeOffset"":""PT0M""}",media-data.csv:000351
media-data.csv:000352,saw star trek: nemesis 5,[],"{""mediaType"":""movie"",""title"":""Star Trek: Nemesis"",""rating"":5,""favorite"":false,""timeOffset"":""PT0M""}",media-data.csv:000352
media-data.csv:000353,"film big lebowski, the 10/10 fav",[],"{""mediaType"":""movie"",""title"":""Big Lebowski, The"",""rating"":10,""favorite"":true,""timeOffset"":""PT0M""}",media-data.csv:000353
media-data.csv:000354,"movie adventures of priscilla, queen of the desert, the 7/10 25 days ago",[],"{""mediaType"":""movie"",""title"":""Adventures of Priscilla, Queen of the Desert, The"",""rating"":7,""favorite"":false,""timeOffset"":""-P25D""}",media-data.csv:000354
media-data.csv:000355,movie anna karenina (1935) 3.5 stars,[],"{""mediaType"":""movie"",""title"":""Anna Karenina (1935)"",""rating"":7,""favorite"":false,""timeOffset"":""PT0M""}",media-data.csv:000355
media-data.csv:000356,movie hot shots! part deux 3 stars,[],"{""mediaType"":""movie"",""title"":""Hot Shots! Part Deux"",""rating"":6,""favorite"":false,""timeOffset"":""PT0M""}",media-data.csv:000356
media-data.csv:000357,movie saving silverman (evil woman) 5/10 fav 11d ago,[],"{""mediaType"":""movie"",""title"":""Saving Silverman (Evil Woman)"",""rating"":5,""favorite"":true,""timeOffset"":""-P11D""}",media-data.csv:000357
media-data.csv:000358,"movie unbearable lightness of being, the 10/10 -11d",[],"{""mediaType"":""movie"",""title"":""Unbearable Lightness of Being, The"",""rating"":10,""favorite"":false,""timeOffset"":""-P11D""}",media-data.csv:000358
media-data.csv:000359,"saw jackal, the 6 10h ago",[],"{""mediaType"":""movie"",""title"":""Jackal, The"",""rating"":6,""favorite"":false,""timeOffset"":""-PT10H""}",media-data.csv:000359
media-data.csv:000360,watched sleepy hollow 7/10 6h ago,[],"{""mediaType"":""movie"",""title"":""Sleepy Hollow"",""rating"":7,""favorite"":false,""timeOffset"":""-PT6H""}",media-data.csv:000360
media-data.csv:000361,watched beneath the planet of the apes 3 stars loved,[],"{""mediaType"":""movie"",""title"":""Beneath the Planet of the Apes"",""rating"":6,""favorite"":true,""timeOffset"":""PT0M""}",media-data.csv:000361
media-data.csv:000362,watched whiplash (2014) 9/10 loved,[],"{""mediaType"":""movie"",""title"":""Whiplash (2014)"",""rating"":9,""favorite"":true,""timeOffset"":""PT0M""}",media-data.csv:000362
media-data.csv:000363,"film war zone, the 2.5 stars 2h ago",[],"{""mediaType"":""movie"",""title"":""War Zone, The"",""rating"":5,""favorite"":false,""timeOffset"":""-PT2H""}",media-data.csv:000363
media-data.csv:000364,watched how the grinch stole christmas (a.k.a. the grinch) 4 stars favorite,[],"{""mediaType"":""movie"",""title"":""How the Grinch Stole Christmas (a.k.a. The Grinch)"",""rating"":8,""favorite"":true,""timeOffset"":""PT0M""}",media-data.csv:000364
media-data.csv:000365,film hackers 4/10,[],"{""mediaType"":""movie"",""title"":""Hackers"",""rating"":4,""favorite"":false,""timeOffset"":""PT0M""}",media-data.csv:000365
media-data.csv:000366,saw austin powers: international man of mystery 8,[],"{""mediaType"":""movie"",""title"":""Austin Powers: International Man of Mystery"",""rating"":8,""favorite"":false,""timeOffset"":""PT0M""}",media-data.csv:000366
media-data.csv:000367,saw dead man walking 8/10,[],"{""mediaType"":""movie"",""title"":""Dead Man Walking"",""rating"":8,""favorite"":false,""timeOffset"":""PT0M""}",media-data.csv:000367
media-data.csv:000368,movie avatar 9 15 hours ago,[],"{""mediaType"":""movie"",""title"":""Avatar"",""rating"":9,""favorite"":false,""timeOffset"":""-PT15H""}",media-data.csv:000368
media-data.csv:000369,movie armageddon 1.5 stars 22h ago,[],"{""mediaType"":""movie"",""title"":""Armageddon"",""rating"":3,""favorite"":false,""timeOffset"":""-PT22H""}",media-data.csv:000369
media-data.csv:000370,movie october sky 4 stars,[],"{""mediaType"":""movie"",""title"":""October Sky"",""rating"":8,""favorite"":false,""timeOffset"":""PT0M""}",media-data.csv:000370
media-data.csv:000371,"movie time machine, the (2002) 3 stars",[],"{""mediaType"":""movie"",""title"":""Time Machine, The (2002)"",""rating"":6,""favorite"":false,""timeOffset"":""PT0M""}",media-data.csv:000371
media-data.csv:000372,saw spaceballs 8/10,[],"{""mediaType"":""movie"",""title"":""Spaceballs"",""rating"":8,""favorite"":false,""timeOffset"":""PT0M""}",media-data.csv:000372
media-data.csv:000373,movie home alone 2: lost in new york 4,[],"{""mediaType"":""movie"",""title"":""Home Alone 2: Lost in New York"",""rating"":4,""favorite"":false,""timeOffset"":""PT0M""}",media-data.csv:000373
media-data.csv:000374,saw desperado 2 stars,[],"{""mediaType"":""movie"",""title"":""Desperado"",""rating"":4,""favorite"":false,""timeOffset"":""PT0M""}",media-data.csv:000374
media-data.csv:000375,saw eat drink man woman (yin shi nan nu) 4 -19d,[],"{""mediaType"":""movie"",""title"":""Eat Drink Man Woman (Yin shi nan nu)"",""rating"":4,""favorite"":false,""timeOffset"":""-P19D""}",media-data.csv:000375
media-data.csv:000376,"watched lost boys, the 1",[],"{""mediaType"":""movie"",""title"":""Lost Boys, The"",""rating"":1,""favorite"":false,""timeOffset"":""PT0M""}",media-data.csv:000376
media-data.csv:000377,"movie aristocats, the 6/10",[],"{""mediaType"":""movie"",""title"":""Aristocats, The"",""rating"":6,""favorite"":false,""timeOffset"":""PT0M""}",media-data.csv:000377
media-data.csv:000378,"watched dark knight, the 10/10 heart",[],"{""mediaType"":""movie"",""title"":""Dark Knight, The"",""rating"":10,""favorite"":true,""timeOffset"":""PT0M""}",media-data.csv:000378
media-data.csv:000379,film sliver 1 star favourite,[],"{""mediaType"":""movie"",""title"":""Sliver"",""rating"":2,""favorite"":true,""timeOffset"":""PT0M""}",media-data.csv:000379
media-data.csv:000380,"watched matrix revolutions, the 10/10 6h ago",[],"{""mediaType"":""movie"",""title"":""Matrix Revolutions, The"",""rating"":10,""favorite"":false,""timeOffset"":""-PT6H""}",media-data.csv:000380
media-data.csv:000381,watched pootie tang 6/10 7h ago,[],"{""mediaType"":""movie"",""title"":""Pootie Tang"",""rating"":6,""favorite"":false,""timeOffset"":""-PT7H""}",media-data.csv:000381
media-data.csv:000382,watched outbreak 3 stars loved 10d ago,[],"{""mediaType"":""movie"",""title"":""Outbreak"",""rating"":6,""favorite"":true,""timeOffset"":""-P10D""}",media-data.csv:000382
media-data.csv:000383,movie citizen kane 3 stars heart,[],"{""mediaType"":""movie"",""title"":""Citizen Kane"",""rating"":6,""favorite"":true,""timeOffset"":""PT0M""}",media-data.csv:000383
media-data.csv:000384,film not without my daughter 5/10,[],"{""mediaType"":""movie"",""title"":""Not Without My Daughter"",""rating"":5,""favorite"":false,""timeOffset"":""PT0M""}",media-data.csv:000384
media-data.csv:000385,movie you've got mail 4 stars,[],"{""mediaType"":""movie"",""title"":""You've Got Mail"",""rating"":8,""favorite"":false,""timeOffset"":""PT0M""}",media-data.csv:000385
media-data.csv:000386,film cloudy with a chance of meatballs 3 stars fav,[],"{""mediaType"":""movie"",""title"":""Cloudy with a Chance of Meatballs"",""rating"":6,""favorite"":true,""timeOffset"":""PT0M""}",media-data.csv:000386
media-data.csv:000387,film fever pitch (2005) 0.5 stars,[],"{""mediaType"":""movie"",""title"":""Fever Pitch (2005)"",""rating"":1,""favorite"":false,""timeOffset"":""PT0M""}",media-data.csv:000387
media-data.csv:000388,movie mitchell 2/10 -11h,[],"{""mediaType"":""movie"",""title"":""Mitchell"",""rating"":2,""favorite"":false,""timeOffset"":""-PT11H""}",media-data.csv:000388
media-data.csv:000389,movie hannibal 1.5 stars,[],"{""mediaType"":""movie"",""title"":""Hannibal"",""rating"":3,""favorite"":false,""timeOffset"":""PT0M""}",media-data.csv:000389
media-data.csv:000390,watched ice age 3.5 stars,[],"{""mediaType"":""movie"",""title"":""Ice Age"",""rating"":7,""favorite"":false,""timeOffset"":""PT0M""}",media-data.csv:000390
media-data.csv:000391,film you've got mail 4/10 favourite,[],"{""mediaType"":""movie"",""title"":""You've Got Mail"",""rating"":4,""favorite"":true,""timeOffset"":""PT0M""}",media-data.csv:000391
media-data.csv:000392,watched untitled spider-man reboot 9/10,[],"{""mediaType"":""movie"",""title"":""Untitled Spider-Man Reboot"",""rating"":9,""favorite"":false,""timeOffset"":""PT0M""}",media-data.csv:000392
media-data.csv:000393,film casablanca 5 stars 26d ago,[],"{""mediaType"":""movie"",""title"":""Casablanca"",""rating"":10,""favorite"":false,""timeOffset"":""-P26D""}",media-data.csv:000393
media-data.csv:000394,movie requiem for a dream 9/10,[],"{""mediaType"":""movie"",""title"":""Requiem for a Dream"",""rating"":9,""favorite"":false,""timeOffset"":""PT0M""}",media-data.csv:000394
media-data.csv:000395,saw wall·e 7/10,[],"{""mediaType"":""movie"",""title"":""WALL\u00b7E"",""rating"":7,""favorite"":false,""timeOffset"":""PT0M""}",media-data.csv:000395
media-data.csv:000396,film fraternity vacation 1 star loved 7 hours ago,[],"{""mediaType"":""movie"",""title"":""Fraternity Vacation"",""rating"":2,""favorite"":true,""timeOffset"":""-PT7H""}",media-data.csv:000396
media-data.csv:000397,"film girl with the dragon tattoo, the 8 loved",[],"{""mediaType"":""movie"",""title"":""Girl with the Dragon Tattoo, The"",""rating"":8,""favorite"":true,""timeOffset"":""PT0M""}",media-data.csv:000397
media-data.csv:000398,saw pineapple express 2.5 stars fav -15d,[],"{""mediaType"":""movie"",""title"":""Pineapple Express"",""rating"":5,""favorite"":true,""timeOffset"":""-P15D""}",media-data.csv:000398
media-data.csv:000399,film battle royale (batoru rowaiaru) 9,[],"{""mediaType"":""movie"",""title"":""Battle Royale (Batoru rowaiaru)"",""rating"":9,""favorite"":false,""timeOffset"":""PT0M""}",media-data.csv:000399
media-data.csv:000400,saw captain phillips 4 stars loved,[],"{""mediaType"":""movie"",""title"":""Captain Phillips"",""rating"":8,""favorite"":true,""timeOffset"":""PT0M""}",media-data.csv:000400
media-data.csv:000401,"movie full monty, the 4 stars",[],"{""mediaType"":""movie"",""title"":""Full Monty, The"",""rating"":8,""favorite"":false,""timeOffset"":""PT0M""}",media-data.csv:000401
media-data.csv:000402,film dead poets society 8/10 fav 27d ago,[],"{""mediaType"":""movie"",""title"":""Dead Poets Society"",""rating"":8,""favorite"":true,""timeOffset"":""-P27D""}",media-data.csv:000402
media-data.csv:000403,movie sky captain and the world of tomorrow 3.5 stars,[],"{""mediaType"":""movie"",""title"":""Sky Captain and the World of Tomorrow"",""rating"":7,""favorite"":false,""timeOffset"":""PT0M""}",media-data.csv:000403
media-data.csv:000404,saw teenage mutant ninja turtles ii: the secret of the ooze 7 favorite,[],"{""mediaType"":""movie"",""title"":""Teenage Mutant Ninja Turtles II: The Secret of the Ooze"",""rating"":7,""favorite"":true,""timeOffset"":""PT0M""}",media-data.csv:000404
media-data.csv:000405,watched cloudy with a chance of meatballs 10/10 favourite,[],"{""mediaType"":""movie"",""title"":""Cloudy with a Chance of Meatballs"",""rating"":10,""favorite"":true,""timeOffset"":""PT0M""}",media-data.csv:000405
media-data.csv:000406,watched dances with wolves 6/10 20 days ago,[],"{""mediaType"":""movie"",""title"":""Dances with Wolves"",""rating"":6,""favorite"":false,""timeOffset"":""-P20D""}",media-data.csv:000406
media-data.csv:000407,film missing in action 4/10 13d ago,[],"{""mediaType"":""movie"",""title"":""Missing in Action"",""rating"":4,""favorite"":false,""timeOffset"":""-P13D""}",media-data.csv:000407
media-data.csv:000408,saw big hero 6 3.5 stars,[],"{""mediaType"":""movie"",""title"":""Big Hero 6"",""rating"":7,""favorite"":false,""timeOffset"":""PT0M""}",media-data.csv:000408
media-data.csv:000409,saw red cliff (chi bi) 10,[],"{""mediaType"":""movie"",""title"":""Red Cliff (Chi bi)"",""rating"":10,""favorite"":false,""timeOffset"":""PT0M""}",media-data.csv:000409
media-data.csv:000410,film baby driver 5 stars -16d,[],"{""mediaType"":""movie"",""title"":""Baby Driver"",""rating"":10,""favorite"":false,""timeOffset"":""-P16D""}",media-data.csv:000410
media-data.csv:000411,film argo 8/10,[],"{""mediaType"":""movie"",""title"":""Argo"",""rating"":8,""favorite"":false,""timeOffset"":""PT0M""}",media-data.csv:000411
media-data.csv:000412,saw spider-man 2 3.5 stars favorite,[],"{""mediaType"":""movie"",""title"":""Spider-Man 2"",""rating"":7,""favorite"":true,""timeOffset"":""PT0M""}",media-data.csv:000412
media-data.csv:000413,watched dr. horrible's sing-along blog 5 stars 18h ago,[],"{""mediaType"":""movie"",""title"":""Dr. Horrible's Sing-Along Blog"",""rating"":10,""favorite"":false,""timeOffset"":""-PT18H""}",media-data.csv:000413
media-data.csv:000414,movie limitless 3.5 stars favourite,[],"{""mediaType"":""movie"",""title"":""Limitless"",""rating"":7,""favorite"":true,""timeOffset"":""PT0M""}",media-data.csv:000414
media-data.csv:000415,"film krays, the 3.5 stars",[],"{""mediaType"":""movie"",""title"":""Krays, The"",""rating"":7,""favorite"":false,""timeOffset"":""PT0M""}",media-data.csv:000415
media-data.csv:000416,watched home alone 4 22d ago,[],"{""mediaType"":""movie"",""title"":""Home Alone"",""rating"":4,""favorite"":false,""timeOffset"":""-P22D""}",media-data.csv:000416
media-data.csv:000417,film monster 4 stars,[],"{""mediaType"":""movie"",""title"":""Monster"",""rating"":8,""favorite"":false,""timeOffset"":""PT0M""}",media-data.csv:000417
media-data.csv:000418,saw paperman 8 -2h,[],"{""mediaType"":""movie"",""title"":""Paperman"",""rating"":8,""favorite"":false,""timeOffset"":""-PT2H""}",media-data.csv:000418
media-data.csv:000419,watched the handmaiden 1/10 fav,[],"{""mediaType"":""movie"",""title"":""The Handmaiden"",""rating"":1,""favorite"":true,""timeOffset"":""PT0M""}",media-data.csv:000419
media-data.csv:000420,film terminator 2: judgment day 4.5 stars,[],"{""mediaType"":""movie"",""title"":""Terminator 2: Judgment Day"",""rating"":9,""favorite"":false,""timeOffset"":""PT0M""}",media-data.csv:000420
media-data.csv:000421,movie chasing amy 9,[],"{""mediaType"":""movie"",""title"":""Chasing Amy"",""rating"":9,""favorite"":false,""timeOffset"":""PT0M""}",media-data.csv:000421
media-data.csv:000422,saw 40 days and 40 nights 0.5 stars,[],"{""mediaType"":""movie"",""title"":""40 Days and 40 Nights"",""rating"":1,""favorite"":false,""timeOffset"":""PT0M""}",media-data.csv:000422
media-data.csv:000423,watched butch cassidy and the sundance kid 5 stars 10 hours ago,[],"{""mediaType"":""movie"",""title"":""Butch Cassidy and the Sundance Kid"",""rating"":10,""favorite"":false,""timeOffset"":""-PT10H""}",media-data.csv:000423
media-data.csv:000424,saw titanic (1997) 4 stars heart,[],"{""mediaType"":""movie"",""title"":""Titanic (1997)"",""rating"":8,""favorite"":true,""timeOffset"":""PT0M""}",media-data.csv:000424
media-data.csv:000425,"movie hunchback of notre dame, the (1996) 2 stars",[],"{""mediaType"":""movie"",""title"":""Hunchback of Notre Dame, The (1996)"",""rating"":4,""favorite"":false,""timeOffset"":""PT0M""}",media-data.csv:000425
media-data.csv:000426,watched police academy 4: citizens on patrol 3 stars 2d ago,[],"{""mediaType"":""movie"",""title"":""Police Academy 4: Citizens on Patrol"",""rating"":6,""favorite"":false,""timeOffset"":""-P2D""}",media-data.csv:000426
media-data.csv:000427,"saw truman show, the 3.5 stars -22h",[],"{""mediaType"":""movie"",""title"":""Truman Show, The"",""rating"":7,""favorite"":false,""timeOffset"":""-PT22H""}",media-data.csv:000427
media-data.csv:000428,"watched green mile, the 4.5 stars -12d",[],"{""mediaType"":""movie"",""title"":""Green Mile, The"",""rating"":9,""favorite"":false,""timeOffset"":""-P12D""}",media-data.csv:000428
media-data.csv:000429,film rushmore 3 stars,[],"{""mediaType"":""movie"",""title"":""Rushmore"",""rating"":6,""favorite"":false,""timeOffset"":""PT0M""}",media-data.csv:000429
media-data.csv:000430,saw jerry maguire 7/10,[],"{""mediaType"":""movie"",""title"":""Jerry Maguire"",""rating"":7,""favorite"":false,""timeOffset"":""PT0M""}",media-data.csv:000430
media-data.csv:000431,film show me love (fucking åmål) 10,[],"{""mediaType"":""movie"",""title"":""Show Me Love (Fucking \u00c5m\u00e5l)"",""rating"":10,""favorite"":false,""timeOffset"":""PT0M""}",media-data.csv:000431
media-data.csv:000432,"movie deer hunter, the 5 stars loved 10h ago",[],"{""mediaType"":""movie"",""title"":""Deer Hunter, The"",""rating"":10,""favorite"":true,""timeOffset"":""-PT10H""}",media-data.csv:000432
media-data.csv:000433,watched unforgettable 3 stars,[],"{""mediaType"":""movie"",""title"":""Unforgettable"",""rating"":6,""favorite"":false,""timeOffset"":""PT0M""}",media-data.csv:000433
media-data.csv:000434,saw ben-hur 8/10,[],"{""mediaType"":""movie"",""title"":""Ben-Hur"",""rating"":8,""favorite"":false,""timeOffset"":""PT0M""}",media-data.csv:000434
media-data.csv:000435,film finding forrester 8 favourite,[],"{""mediaType"":""movie"",""title"":""Finding Forrester"",""rating"":8,""favorite"":true,""timeOffset"":""PT0M""}",media-data.csv:000435
media-data.csv:000436,watched fantastic four (2005) 4 stars,[],"{""mediaType"":""movie"",""title"":""Fantastic Four (2005)"",""rating"":8,""favorite"":false,""timeOffset"":""PT0M""}",media-data.csv:000436
media-data.csv:000437,saw shooter 8,[],"{""mediaType"":""movie"",""title"":""Shooter"",""rating"":8,""favorite"":false,""timeOffset"":""PT0M""}",media-data.csv:000437
media-data.csv:000438,"film three musketeers, the (1993) 3 stars",[],"{""mediaType"":""movie"",""title"":""Three Musketeers, The (1993)"",""rating"":6,""favorite"":false,""timeOffset"":""PT0M""}",media-data.csv:000438
media-data.csv:000439,watched reindeer games 4,[],"{""mediaType"":""movie"",""title"":""Reindeer Games"",""rating"":4,""favorite"":false,""timeOffset"":""PT0M""}",media-data.csv:000439
media-data.csv:000440,saw three colors: white (trzy kolory: bialy) 7,[],"{""mediaType"":""movie"",""title"":""Three Colors: White (Trzy kolory: Bialy)"",""rating"":7,""favorite"":false,""timeOffset"":""PT0M""}",media-data.csv:000440
media-data.csv:000441,film toy story 8,[],"{""mediaType"":""movie"",""title"":""Toy Story"",""rating"":8,""favorite"":false,""timeOffset"":""PT0M""}",media-data.csv:000441
media-data.csv:000442,movie radio flyer 3 stars favourite,[],"{""mediaType"":""movie"",""title"":""Radio Flyer"",""rating"":6,""favorite"":true,""timeOffset"":""PT0M""}",media-data.csv:000442
media-data.csv:000443,"saw mission, the 5 stars 12 hours ago",[],"{""mediaType"":""movie"",""title"":""Mission, The"",""rating"":10,""favorite"":false,""timeOffset"":""-PT12H""}",media-data.csv:000443
media-data.csv:000444,movie aladdin 4 stars -14d,[],"{""mediaType"":""movie"",""title"":""Aladdin"",""rating"":8,""favorite"":false,""timeOffset"":""-P14D""}",media-data.csv:000444
media-data.csv:000445,film safety last! 6 loved,[],"{""mediaType"":""movie"",""title"":""Safety Last!"",""rating"":6,""favorite"":true,""timeOffset"":""PT0M""}",media-data.csv:000445
media-data.csv:000446,film x-men 8 loved,[],"{""mediaType"":""movie"",""title"":""X-Men"",""rating"":8,""favorite"":true,""timeOffset"":""PT0M""}",media-data.csv:000446
media-data.csv:000447,watched skyfall 9,[],"{""mediaType"":""movie"",""title"":""Skyfall"",""rating"":9,""favorite"":false,""timeOffset"":""PT0M""}",media-data.csv:000447
media-data.csv:000448,saw megamind 8/10,[],"{""mediaType"":""movie"",""title"":""Megamind"",""rating"":8,""favorite"":false,""timeOffset"":""PT0M""}",media-data.csv:000448
media-data.csv:000449,film scott pilgrim vs. the world 5 stars 23h ago,[],"{""mediaType"":""movie"",""title"":""Scott Pilgrim vs. the World"",""rating"":10,""favorite"":false,""timeOffset"":""-PT23H""}",media-data.csv:000449
media-data.csv:000450,"movie twilight saga: breaking dawn - part 2, the 4",[],"{""mediaType"":""movie"",""title"":""Twilight Saga: Breaking Dawn - Part 2, The"",""rating"":4,""favorite"":false,""timeOffset"":""PT0M""}",media-data.csv:000450
media-data.csv:000451,saw just married 6,[],"{""mediaType"":""movie"",""title"":""Just Married"",""rating"":6,""favorite"":false,""timeOffset"":""PT0M""}",media-data.csv:000451
media-data.csv:000452,"saw exorcist, the 6",[],"{""mediaType"":""movie"",""title"":""Exorcist, The"",""rating"":6,""favorite"":false,""timeOffset"":""PT0M""}",media-data.csv:000452
media-data.csv:000453,film frozen (2013) 3 stars,[],"{""mediaType"":""movie"",""title"":""Frozen (2013)"",""rating"":6,""favorite"":false,""timeOffset"":""PT0M""}",media-data.csv:000453
media-data.csv:000454,watched captain america: civil war 3 stars -6h,[],"{""mediaType"":""movie"",""title"":""Captain America: Civil War"",""rating"":6,""favorite"":false,""timeOffset"":""-PT6H""}",media-data.csv:000454
media-data.csv:000455,"saw green hornet, the 3 stars",[],"{""mediaType"":""movie"",""title"":""Green Hornet, The"",""rating"":6,""favorite"":false,""timeOffset"":""PT0M""}",media-data.csv:000455
media-data.csv:000456,"film texas chainsaw massacre: the beginning, the 2 stars",[],"{""mediaType"":""movie"",""title"":""Texas Chainsaw Massacre: The Beginning, The"",""rating"":4,""favorite"":false,""timeOffset"":""PT0M""}",media-data.csv:000456
media-data.csv:000457,"saw jerky boys, the 10/10",[],"{""mediaType"":""movie"",""title"":""Jerky Boys, The"",""rating"":10,""favorite"":false,""timeOffset"":""PT0M""}",media-data.csv:000457
media-data.csv:000458,watched french kiss 5 stars loved 4d ago,[],"{""mediaType"":""movie"",""title"":""French Kiss"",""rating"":10,""favorite"":true,""timeOffset"":""-P4D""}",media-data.csv:000458
media-data.csv:000459,movie big 7/10 9 hours ago,[],"{""mediaType"":""movie"",""title"":""Big"",""rating"":7,""favorite"":false,""timeOffset"":""-PT9H""}",media-data.csv:000459
media-data.csv:000460,saw the alamo 6/10 6d ago,[],"{""mediaType"":""movie"",""title"":""The Alamo"",""rating"":6,""favorite"":false,""timeOffset"":""-P6D""}",media-data.csv:000460
media-data.csv:000461,saw naked gun 33 1/3: the final insult 3 stars favorite,[],"{""mediaType"":""movie"",""title"":""Naked Gun 33 1/3: The Final Insult"",""rating"":6,""favorite"":true,""timeOffset"":""PT0M""}",media-data.csv:000461
media-data.csv:000462,movie cliffhanger 4 stars,[],"{""mediaType"":""movie"",""title"":""Cliffhanger"",""rating"":8,""favorite"":false,""timeOffset"":""PT0M""}",media-data.csv:000462
media-data.csv:000463,watched mallrats 7/10,[],"{""mediaType"":""movie"",""title"":""Mallrats"",""rating"":7,""favorite"":false,""timeOffset"":""PT0M""}",media-data.csv:000463
media-data.csv:000464,movie alpha and omega 3: the great wolf games 4.5 stars,[],"{""mediaType"":""movie"",""title"":""Alpha and Omega 3: The Great Wolf Games"",""rating"":9,""favorite"":false,""timeOffset"":""PT0M""}",media-data.csv:000464
media-data.csv:000465,"watched forbidden kingdom, the 9",[],"{""mediaType"":""movie"",""title"":""Forbidden Kingdom, The"",""rating"":9,""favorite"":false,""timeOffset"":""PT0M""}",media-data.csv:000465
media-data.csv:000466,"watched jungle book, the (1994) 6",[],"{""mediaType"":""movie"",""title"":""Jungle Book, The (1994)"",""rating"":6,""favorite"":false,""timeOffset"":""PT0M""}",media-data.csv:000466
media-data.csv:000467,film lemony snicket's a series of unfortunate events 2.5 stars,[],"{""mediaType"":""movie"",""title"":""Lemony Snicket's A Series of Unfortunate Events"",""rating"":5,""favorite"":false,""timeOffset"":""PT0M""}",media-data.csv:000467
media-data.csv:000468,saw saving grace 7/10,[],"{""mediaType"":""movie"",""title"":""Saving Grace"",""rating"":7,""favorite"":false,""timeOffset"":""PT0M""}",media-data.csv:000468
media-data.csv:000469,movie pleasantville 3 stars,[],"{""mediaType"":""movie"",""title"":""Pleasantville"",""rating"":6,""favorite"":false,""timeOffset"":""PT0M""}",media-data.csv:000469
media-data.csv:000470,saw crash (2004) 9/10,[],"{""mediaType"":""movie"",""title"":""Crash (2004)"",""rating"":9,""favorite"":false,""timeOffset"":""PT0M""}",media-data.csv:000470
media-data.csv:000471,saw murder at 1600 3 stars,[],"{""mediaType"":""movie"",""title"":""Murder at 1600"",""rating"":6,""favorite"":false,""timeOffset"":""PT0M""}",media-data.csv:000471
media-data.csv:000472,saw north dallas forty 2 stars,[],"{""mediaType"":""movie"",""title"":""North Dallas Forty"",""rating"":4,""favorite"":false,""timeOffset"":""PT0M""}",media-data.csv:000472
media-data.csv:000473,saw rush hour 2 4 stars -17d,[],"{""mediaType"":""movie"",""title"":""Rush Hour 2"",""rating"":8,""favorite"":false,""timeOffset"":""-P17D""}",media-data.csv:000473
media-data.csv:000474,watched his girl friday 9/10,[],"{""mediaType"":""movie"",""title"":""His Girl Friday"",""rating"":9,""favorite"":false,""timeOffset"":""PT0M""}",media-data.csv:000474
media-data.csv:000475,saw being there 6/10,[],"{""mediaType"":""movie"",""title"":""Being There"",""rating"":6,""favorite"":false,""timeOffset"":""PT0M""}",media-data.csv:000475
media-data.csv:000476,watched taxi driver 4 stars,[],"{""mediaType"":""movie"",""title"":""Taxi Driver"",""rating"":8,""favorite"":false,""timeOffset"":""PT0M""}",media-data.csv:000476
media-data.csv:000477,movie homeward bound ii: lost in san francisco 6/10,[],"{""mediaType"":""movie"",""title"":""Homeward Bound II: Lost in San Francisco"",""rating"":6,""favorite"":false,""timeOffset"":""PT0M""}",media-data.csv:000477
media-data.csv:000478,movie jon stewart has left the building 3.5 stars -15d,[],"{""mediaType"":""movie"",""title"":""Jon Stewart Has Left the Building"",""rating"":7,""favorite"":false,""timeOffset"":""-P15D""}",media-data.csv:000478
media-data.csv:000479,"movie shawshank redemption, the 5 stars",[],"{""mediaType"":""movie"",""title"":""Shawshank Redemption, The"",""rating"":10,""favorite"":false,""timeOffset"":""PT0M""}",media-data.csv:000479
media-data.csv:000480,"film lust, caution (se, jie) 3.5 stars",[],"{""mediaType"":""movie"",""title"":""Lust, Caution (Se, jie)"",""rating"":7,""favorite"":false,""timeOffset"":""PT0M""}",media-data.csv:000480
media-data.csv:000481,movie stuart little 2 stars heart 20h ago,[],"{""mediaType"":""movie"",""title"":""Stuart Little"",""rating"":4,""favorite"":true,""timeOffset"":""-PT20H""}",media-data.csv:000481
media-data.csv:000482,"film lion king, the 6/10",[],"{""mediaType"":""movie"",""title"":""Lion King, The"",""rating"":6,""favorite"":false,""timeOffset"":""PT0M""}",media-data.csv:000482
media-data.csv:000483,film star trek v: the final frontier 6,[],"{""mediaType"":""movie"",""title"":""Star Trek V: The Final Frontier"",""rating"":6,""favorite"":false,""timeOffset"":""PT0M""}",media-data.csv:000483
media-data.csv:000484,watched dangerous liaisons 4 stars,[],"{""mediaType"":""movie"",""title"":""Dangerous Liaisons"",""rating"":8,""favorite"":false,""timeOffset"":""PT0M""}",media-data.csv:000484
media-data.csv:000485,film signs 4 stars,[],"{""mediaType"":""movie"",""title"":""Signs"",""rating"":8,""favorite"":false,""timeOffset"":""PT0M""}",media-data.csv:000485
media-data.csv:000486,watched real steel 3.5 stars 21 days ago,[],"{""mediaType"":""movie"",""title"":""Real Steel"",""rating"":7,""favorite"":false,""timeOffset"":""-P21D""}",media-data.csv:000486
media-data.csv:000487,film series 7: the contenders 3 stars 21d ago,[],"{""mediaType"":""movie"",""title"":""Series 7: The Contenders"",""rating"":6,""favorite"":false,""timeOffset"":""-P21D""}",media-data.csv:000487
media-data.csv:000488,watched house 5 stars,[],"{""mediaType"":""movie"",""title"":""House"",""rating"":10,""favorite"":false,""timeOffset"":""PT0M""}",media-data.csv:000488
media-data.csv:000489,saw national lampoon's van wilder 6 -2d,[],"{""mediaType"":""movie"",""title"":""National Lampoon's Van Wilder"",""rating"":6,""favorite"":false,""timeOffset"":""-P2D""}",media-data.csv:000489
media-data.csv:000490,film erin brockovich 8,[],"{""mediaType"":""movie"",""title"":""Erin Brockovich"",""rating"":8,""favorite"":false,""timeOffset"":""PT0M""}",media-data.csv:000490
media-data.csv:000491,film sabotage 3 stars,[],"{""mediaType"":""movie"",""title"":""Sabotage"",""rating"":6,""favorite"":false,""timeOffset"":""PT0M""}",media-data.csv:000491
media-data.csv:000492,saw home alone 3 stars,[],"{""mediaType"":""movie"",""title"":""Home Alone"",""rating"":6,""favorite"":false,""timeOffset"":""PT0M""}",media-data.csv:000492
media-data.csv:000493,film inception 4 stars,[],"{""mediaType"":""movie"",""title"":""Inception"",""rating"":8,""favorite"":false,""timeOffset"":""PT0M""}",media-data.csv:000493
media-data.csv:000494,watched iron man 3 4 stars,[],"{""mediaType"":""movie"",""title"":""Iron Man 3"",""rating"":8,""favorite"":false,""timeOffset"":""PT0M""}",media-data.csv:000494
media-data.csv:000495,"watched others, the 5 stars fav",[],"{""mediaType"":""movie"",""title"":""Others, The"",""rating"":10,""favorite"":true,""timeOffset"":""PT0M""}",media-data.csv:000495
media-data.csv:000496,watched die hard 2 4.5 stars -8d,[],"{""mediaType"":""movie"",""title"":""Die Hard 2"",""rating"":9,""favorite"":false,""timeOffset"":""-P8D""}",media-data.csv:000496
media-data.csv:000497,movie as good as it gets 8/10,[],"{""mediaType"":""movie"",""title"":""As Good as It Gets"",""rating"":8,""favorite"":false,""timeOffset"":""PT0M""}",media-data.csv:000497
media-data.csv:000498,movie to kill a mockingbird 4.5 stars,[],"{""mediaType"":""movie"",""title"":""To Kill a Mockingbird"",""rating"":9,""favorite"":false,""timeOffset"":""PT0M""}",media-data.csv:000498
media-data.csv:000499,movie far from home: the adventures of yellow dog 10 -13h,[],"{""mediaType"":""movie"",""title"":""Far From Home: The Adventures of Yellow Dog"",""rating"":10,""favorite"":false,""timeOffset"":""-PT13H""}",media-data.csv:000499
media-data.csv:000500,"film visitors, the (visiteurs, les) 10/10",[],"{""mediaType"":""movie"",""title"":""Visitors, The (Visiteurs, Les)"",""rating"":10,""favorite"":false,""timeOffset"":""PT0M""}",media-data.csv:000500
media-data.csv:000501,saw rosemary's baby 5 stars,[],"{""mediaType"":""movie"",""title"":""Rosemary's Baby"",""rating"":10,""favorite"":false,""timeOffset"":""PT0M""}",media-data.csv:000501
media-data.csv:000502,watched no man's land (2001) 5 stars 15h ago,[],"{""mediaType"":""movie"",""title"":""No Man's Land (2001)"",""rating"":10,""favorite"":false,""timeOffset"":""-PT15H""}",media-data.csv:000502
media-data.csv:000503,saw city of angels 3 stars -1h,[],"{""mediaType"":""movie"",""title"":""City of Angels"",""rating"":6,""favorite"":false,""timeOffset"":""-PT1H""}",media-data.csv:000503
media-data.csv:000504,watched kiss kiss bang bang 5 stars,[],"{""mediaType"":""movie"",""title"":""Kiss Kiss Bang Bang"",""rating"":10,""favorite"":false,""timeOffset"":""PT0M""}",media-data.csv:000504
media-data.csv:000505,"saw nutty professor, the (1963) 3 stars favourite -6d",[],"{""mediaType"":""movie"",""title"":""Nutty Professor, The (1963)"",""rating"":6,""favorite"":true,""timeOffset"":""-P6D""}",media-data.csv:000505
media-data.csv:000506,"film breakfast club, the 4 stars fav",[],"{""mediaType"":""movie"",""title"":""Breakfast Club, The"",""rating"":8,""favorite"":true,""timeOffset"":""PT0M""}",media-data.csv:000506
media-data.csv:000507,"movie spy who loved me, the 7/10 11d ago",[],"{""mediaType"":""movie"",""title"":""Spy Who Loved Me, The"",""rating"":7,""favorite"":false,""timeOffset"":""-P11D""}",media-data.csv:000507
media-data.csv:000508,"movie thomas crown affair, the (1968) 3.5 stars 24d ago",[],"{""mediaType"":""movie"",""title"":""Thomas Crown Affair, The (1968)"",""rating"":7,""favorite"":false,""timeOffset"":""-P24D""}",media-data.csv:000508
media-data.csv:000509,"watched crouching tiger, hidden dragon (wo hu cang long) 9",[],"{""mediaType"":""movie"",""title"":""Crouching Tiger, Hidden Dragon (Wo hu cang long)"",""rating"":9,""favorite"":false,""timeOffset"":""PT0M""}",media-data.csv:000509
media-data.csv:000510,"film assassination of jesse james by the coward robert ford, the 6/10 -21d",[],"{""mediaType"":""movie"",""title"":""Assassination of Jesse James by the Coward Robert Ford, The"",""rating"":6,""favorite"":false,""timeOffset"":""-P21D""}",media-data.csv:000510
media-data.csv:000511,watched entrapment 4/10 5 hours ago,[],"{""mediaType"":""movie"",""title"":""Entrapment"",""rating"":4,""favorite"":false,""timeOffset"":""-PT5H""}",media-data.csv:000511
media-data.csv:000512,saw hannibal 8/10,[],"{""mediaType"":""movie"",""title"":""Hannibal"",""rating"":8,""favorite"":false,""timeOffset"":""PT0M""}",media-data.csv:000512
media-data.csv:000513,movie lara croft tomb raider: the cradle of life 2.5 stars 25d ago,[],"{""mediaType"":""movie"",""title"":""Lara Croft Tomb Raider: The Cradle of Life"",""rating"":5,""favorite"":false,""timeOffset"":""-P25D""}",media-data.csv:000513
media-data.csv:000514,watched star wars: episode i - the phantom menace 10/10,[],"{""mediaType"":""movie"",""title"":""Star Wars: Episode I - The Phantom Menace"",""rating"":10,""favorite"":false,""timeOffset"":""PT0M""}",media-data.csv:000514
media-data.csv:000515,watched harley davidson and the marlboro man 6 5 hours ago,[],"{""mediaType"":""movie"",""title"":""Harley Davidson and the Marlboro Man"",""rating"":6,""favorite"":false,""timeOffset"":""-PT5H""}",media-data.csv:000515
media-data.csv:000516,film amityville: dollhouse 2 stars 10 days ago,[],"{""mediaType"":""movie"",""title"":""Amityville: Dollhouse"",""rating"":4,""favorite"":false,""timeOffset"":""-P10D""}",media-data.csv:000516
media-data.csv:000517,watched kill bill: vol. 2 10/10 23 days ago,[],"{""mediaType"":""movie"",""title"":""Kill Bill: Vol. 2"",""rating"":10,""favorite"":false,""timeOffset"":""-P23D""}",media-data.csv:000517
media-data.csv:000518,watched terminator 2: judgment day 3 stars favorite 3 days ago,[],"{""mediaType"":""movie"",""title"":""Terminator 2: Judgment Day"",""rating"":6,""favorite"":true,""timeOffset"":""-P3D""}",media-data.csv:000518
media-data.csv:000519,saw red 2 2 stars -11d,[],"{""mediaType"":""movie"",""title"":""Red 2"",""rating"":4,""favorite"":false,""timeOffset"":""-P11D""}",media-data.csv:000519
media-data.csv:000520,film wallace & gromit in the curse of the were-rabbit 3 1h ago,[],"{""mediaType"":""movie"",""title"":""Wallace & Gromit in The Curse of the Were-Rabbit"",""rating"":3,""favorite"":false,""timeOffset"":""-PT1H""}",media-data.csv:000520
media-data.csv:000521,"film producers, the (1968) 8/10",[],"{""mediaType"":""movie"",""title"":""Producers, The (1968)"",""rating"":8,""favorite"":false,""timeOffset"":""PT0M""}",media-data.csv:000521
media-data.csv:000522,movie sunshine cleaning 7,[],"{""mediaType"":""movie"",""title"":""Sunshine Cleaning"",""rating"":7,""favorite"":false,""timeOffset"":""PT0M""}",media-data.csv:000522
media-data.csv:000523,saw total recall (1990) 5/10 fav 17 days ago,[],"{""mediaType"":""movie"",""title"":""Total Recall (1990)"",""rating"":5,""favorite"":true,""timeOffset"":""-P17D""}",media-data.csv:000523
media-data.csv:000524,"movie 40-year-old virgin, the 8/10 favorite 28d ago",[],"{""mediaType"":""movie"",""title"":""40-Year-Old Virgin, The"",""rating"":8,""favorite"":true,""timeOffset"":""-P28D""}",media-data.csv:000524
media-data.csv:000525,film teknolust 4/10,[],"{""mediaType"":""movie"",""title"":""Teknolust"",""rating"":4,""favorite"":false,""timeOffset"":""PT0M""}",media-data.csv:000525
media-data.csv:000526,watched schindler's list 10,[],"{""mediaType"":""movie"",""title"":""Schindler's List"",""rating"":10,""favorite"":false,""timeOffset"":""PT0M""}",media-data.csv:000526
media-data.csv:000527,watched jurassic park 4,[],"{""mediaType"":""movie"",""title"":""Jurassic Park"",""rating"":4,""favorite"":false,""timeOffset"":""PT0M""}",media-data.csv:000527
media-data.csv:000528,watched james and the giant peach 1 star,[],"{""mediaType"":""movie"",""title"":""James and the Giant Peach"",""rating"":2,""favorite"":false,""timeOffset"":""PT0M""}",media-data.csv:000528
media-data.csv:000529,watched lost in translation 4 stars,[],"{""mediaType"":""movie"",""title"":""Lost in Translation"",""rating"":8,""favorite"":false,""timeOffset"":""PT0M""}",media-data.csv:000529
media-data.csv:000530,film die hard 4 stars 3d ago,[],"{""mediaType"":""movie"",""title"":""Die Hard"",""rating"":8,""favorite"":false,""timeOffset"":""-P3D""}",media-data.csv:000530
media-data.csv:000531,saw good will hunting 8/10,[],"{""mediaType"":""movie"",""title"":""Good Will Hunting"",""rating"":8,""favorite"":false,""timeOffset"":""PT0M""}",media-data.csv:000531
media-data.csv:000532,movie amadeus 7/10 -13h,[],"{""mediaType"":""movie"",""title"":""Amadeus"",""rating"":7,""favorite"":false,""timeOffset"":""-PT13H""}",media-data.csv:000532
media-data.csv:000533,film candy 8/10 -9d,[],"{""mediaType"":""movie"",""title"":""Candy"",""rating"":8,""favorite"":false,""timeOffset"":""-P9D""}",media-data.csv:000533
media-data.csv:000534,movie fargo 8/10,[],"{""mediaType"":""movie"",""title"":""Fargo"",""rating"":8,""favorite"":false,""timeOffset"":""PT0M""}",media-data.csv:000534
media-data.csv:000535,saw ghost dog: the way of the samurai 5 stars,[],"{""mediaType"":""movie"",""title"":""Ghost Dog: The Way of the Samurai"",""rating"":10,""favorite"":false,""timeOffset"":""PT0M""}",media-data.csv:000535
media-data.csv:000536,"movie fifth element, the 5 stars 12 days ago",[],"{""mediaType"":""movie"",""title"":""Fifth Element, The"",""rating"":10,""favorite"":false,""timeOffset"":""-P12D""}",media-data.csv:000536
media-data.csv:000537,saw goodfellas 4.5 stars -20h,[],"{""mediaType"":""movie"",""title"":""Goodfellas"",""rating"":9,""favorite"":false,""timeOffset"":""-PT20H""}",media-data.csv:000537
media-data.csv:000538,film westworld 6/10 -12h,[],"{""mediaType"":""movie"",""title"":""Westworld"",""rating"":6,""favorite"":false,""timeOffset"":""-PT12H""}",media-data.csv:000538
media-data.csv:000539,movie striptease 4,[],"{""mediaType"":""movie"",""title"":""Striptease"",""rating"":4,""favorite"":false,""timeOffset"":""PT0M""}",media-data.csv:000539
media-data.csv:000540,film fantastic beasts and where to find them 6/10 -15d,[],"{""mediaType"":""movie"",""title"":""Fantastic Beasts and Where to Find Them"",""rating"":6,""favorite"":false,""timeOffset"":""-P15D""}",media-data.csv:000540
media-data.csv:000541,watched 48 hrs. 4/10 fav,[],"{""mediaType"":""movie"",""title"":""48 Hrs."",""rating"":4,""favorite"":true,""timeOffset"":""PT0M""}",media-data.csv:000541
media-data.csv:000542,"movie road warrior, the (mad max 2) 4 stars",[],"{""mediaType"":""movie"",""title"":""Road Warrior, The (Mad Max 2)"",""rating"":8,""favorite"":false,""timeOffset"":""PT0M""}",media-data.csv:000542
media-data.csv:000543,movie shine 8,[],"{""mediaType"":""movie"",""title"":""Shine"",""rating"":8,""favorite"":false,""timeOffset"":""PT0M""}",media-data.csv:000543
media-data.csv:000544,movie red sonja 2.5 stars -13d,[],"{""mediaType"":""movie"",""title"":""Red Sonja"",""rating"":5,""favorite"":false,""timeOffset"":""-P13D""}",media-data.csv:000544
media-data.csv:000545,saw jumpin' jack flash 3 stars,[],"{""mediaType"":""movie"",""title"":""Jumpin' Jack Flash"",""rating"":6,""favorite"":false,""timeOffset"":""PT0M""}",media-data.csv:000545
media-data.csv:000546,film cast away 7/10 favorite 6h ago,[],"{""mediaType"":""movie"",""title"":""Cast Away"",""rating"":7,""favorite"":true,""timeOffset"":""-PT6H""}",media-data.csv:000546
media-data.csv:000547,"movie adventures of buckaroo banzai across the 8th dimension, the 5 stars -10d",[],"{""mediaType"":""movie"",""title"":""Adventures of Buckaroo Banzai Across the 8th Dimension, The"",""rating"":10,""favorite"":false,""timeOffset"":""-P10D""}",media-data.csv:000547
media-data.csv:000548,"saw girl next door, the (2004) 7 -10d",[],"{""mediaType"":""movie"",""title"":""Girl Next Door, The (2004)"",""rating"":7,""favorite"":false,""timeOffset"":""-P10D""}",media-data.csv:000548
media-data.csv:000549,movie titan a.e. 8 -1h,[],"{""mediaType"":""movie"",""title"":""Titan A.E."",""rating"":8,""favorite"":false,""timeOffset"":""-PT1H""}",media-data.csv:000549
media-data.csv:000550,"watched reader, the 3.5 stars favorite -14d",[],"{""mediaType"":""movie"",""title"":""Reader, The"",""rating"":7,""favorite"":true,""timeOffset"":""-P14D""}",media-data.csv:000550
media-data.csv:000551,watched blown away 8 15 days ago,[],"{""mediaType"":""movie"",""title"":""Blown Away"",""rating"":8,""favorite"":false,""timeOffset"":""-P15D""}",media-data.csv:000551
media-data.csv:000552,film pitch black 4 stars favourite,[],"{""mediaType"":""movie"",""title"":""Pitch Black"",""rating"":8,""favorite"":true,""timeOffset"":""PT0M""}",media-data.csv:000552
media-data.csv:000553,movie safe (2012) 8/10 11 hours ago,[],"{""mediaType"":""movie"",""title"":""Safe (2012)"",""rating"":8,""favorite"":false,""timeOffset"":""-PT11H""}",media-data.csv:000553
media-data.csv:000554,movie birdman: or (the unexpected virtue of ignorance) 9/10 6h ago,[],"{""mediaType"":""movie"",""title"":""Birdman: Or (The Unexpected Virtue of Ignorance)"",""rating"":9,""favorite"":false,""timeOffset"":""-PT6H""}",media-data.csv:000554
media-data.csv:000555,movie ¡three amigos! 5 stars,[],"{""mediaType"":""movie"",""title"":""\u00a1Three Amigos!"",""rating"":10,""favorite"":false,""timeOffset"":""PT0M""}",media-data.csv:000555
media-data.csv:000556,"watched adventures of priscilla, queen of the desert, the 6 heart",[],"{""mediaType"":""movie"",""title"":""Adventures of Priscilla, Queen of the Desert, The"",""rating"":6,""favorite"":true,""timeOffset"":""PT0M""}",media-data.csv:000556
media-data.csv:000557,"movie remains of the day, the 10",[],"{""mediaType"":""movie"",""title"":""Remains of the Day, The"",""rating"":10,""favorite"":false,""timeOffset"":""PT0M""}",media-data.csv:000557
media-data.csv:000558,film dirty dancing 4.5 stars favorite,[],"{""mediaType"":""movie"",""title"":""Dirty Dancing"",""rating"":9,""favorite"":true,""timeOffset"":""PT0M""}",media-data.csv:000558
media-data.csv:000559,film zero effect 8/10 14d ago,[],"{""mediaType"":""movie"",""title"":""Zero Effect"",""rating"":8,""favorite"":false,""timeOffset"":""-P14D""}",media-data.csv:000559
media-data.csv:000560,"saw help, the 4 stars",[],"{""mediaType"":""movie"",""title"":""Help, The"",""rating"":8,""favorite"":false,""timeOffset"":""PT0M""}",media-data.csv:000560
media-data.csv:000561,saw gandhi 6,[],"{""mediaType"":""movie"",""title"":""Gandhi"",""rating"":6,""favorite"":false,""timeOffset"":""PT0M""}",media-data.csv:000561
media-data.csv:000562,film only lovers left alive 10/10,[],"{""mediaType"":""movie"",""title"":""Only Lovers Left Alive"",""rating"":10,""favorite"":false,""timeOffset"":""PT0M""}",media-data.csv:000562
media-data.csv:000563,film sabrina (1995) 3 stars,[],"{""mediaType"":""movie"",""title"":""Sabrina (1995)"",""rating"":6,""favorite"":false,""timeOffset"":""PT0M""}",media-data.csv:000563
media-data.csv:000564,"film green mile, the 4 stars favourite",[],"{""mediaType"":""movie"",""title"":""Green Mile, The"",""rating"":8,""favorite"":true,""timeOffset"":""PT0M""}",media-data.csv:000564
media-data.csv:000565,"movie hurricane, the 3 stars",[],"{""mediaType"":""movie"",""title"":""Hurricane, The"",""rating"":6,""favorite"":false,""timeOffset"":""PT0M""}",media-data.csv:000565
media-data.csv:000566,watched monsters university 4 stars,[],"{""mediaType"":""movie"",""title"":""Monsters University"",""rating"":8,""favorite"":false,""timeOffset"":""PT0M""}",media-data.csv:000566
media-data.csv:000567,"watched da vinci code, the 6/10 6d ago",[],"{""mediaType"":""movie"",""title"":""Da Vinci Code, The"",""rating"":6,""favorite"":false,""timeOffset"":""-P6D""}",media-data.csv:000567
media-data.csv:000568,film road to perdition 8,[],"{""mediaType"":""movie"",""title"":""Road to Perdition"",""rating"":8,""favorite"":false,""timeOffset"":""PT0M""}",media-data.csv:000568
media-data.csv:000569,"movie producers, the (1968) 4.5 stars",[],"{""mediaType"":""movie"",""title"":""Producers, The (1968)"",""rating"":9,""favorite"":false,""timeOffset"":""PT0M""}",media-data.csv:000569
media-data.csv:000570,film state property 2 1.5 stars -26d,[],"{""mediaType"":""movie"",""title"":""State Property 2"",""rating"":3,""favorite"":false,""timeOffset"":""-P26D""}",media-data.csv:000570
media-data.csv:000571,saw blue crush 6,[],"{""mediaType"":""movie"",""title"":""Blue Crush"",""rating"":6,""favorite"":false,""timeOffset"":""PT0M""}",media-data.csv:000571
media-data.csv:000572,watched thirty-two short films about glenn gould 4 stars,[],"{""mediaType"":""movie"",""title"":""Thirty-Two Short Films About Glenn Gould"",""rating"":8,""favorite"":false,""timeOffset"":""PT0M""}",media-data.csv:000572
media-data.csv:000573,watched dumbo 7/10,[],"{""mediaType"":""movie"",""title"":""Dumbo"",""rating"":7,""favorite"":false,""timeOffset"":""PT0M""}",media-data.csv:000573
media-data.csv:000574,saw goldfinger 6 8 days ago,[],"{""mediaType"":""movie"",""title"":""Goldfinger"",""rating"":6,""favorite"":false,""timeOffset"":""-P8D""}",media-data.csv:000574
media-data.csv:000575,"film last king of scotland, the 10",[],"{""mediaType"":""movie"",""title"":""Last King of Scotland, The"",""rating"":10,""favorite"":false,""timeOffset"":""PT0M""}",media-data.csv:000575
media-data.csv:000576,"movie cell, the 7 favourite",[],"{""mediaType"":""movie"",""title"":""Cell, The"",""rating"":7,""favorite"":true,""timeOffset"":""PT0M""}",media-data.csv:000576
media-data.csv:000577,film monty python's the meaning of life 6 15d ago,[],"{""mediaType"":""movie"",""title"":""Monty Python's The Meaning of Life"",""rating"":6,""favorite"":false,""timeOffset"":""-P15D""}",media-data.csv:000577
media-data.csv:000578,movie there's something about mary 6 8d ago,[],"{""mediaType"":""movie"",""title"":""There's Something About Mary"",""rating"":6,""favorite"":false,""timeOffset"":""-P8D""}",media-data.csv:000578
media-data.csv:000579,saw dumbo 5 stars -1h,[],"{""mediaType"":""movie"",""title"":""Dumbo"",""rating"":10,""favorite"":false,""timeOffset"":""-PT1H""}",media-data.csv:000579
media-data.csv:000580,movie pocahontas 9,[],"{""mediaType"":""movie"",""title"":""Pocahontas"",""rating"":9,""favorite"":false,""timeOffset"":""PT0M""}",media-data.csv:000580
media-data.csv:000581,film 101 dalmatians 5/10,[],"{""mediaType"":""movie"",""title"":""101 Dalmatians"",""rating"":5,""favorite"":false,""timeOffset"":""PT0M""}",media-data.csv:000581
media-data.csv:000582,watched planet of the apes (1968) 5 stars 3d ago,[],"{""mediaType"":""movie"",""title"":""Planet of the Apes (1968)"",""rating"":10,""favorite"":false,""timeOffset"":""-P3D""}",media-data.csv:000582
media-data.csv:000583,movie four weddings and a funeral 5 18 days ago,[],"{""mediaType"":""movie"",""title"":""Four Weddings and a Funeral"",""rating"":5,""favorite"":false,""timeOffset"":""-P18D""}",media-data.csv:000583
media-data.csv:000584,film 2001: a space odyssey 8/10 21d ago,[],"{""mediaType"":""movie"",""title"":""2001: A Space Odyssey"",""rating"":8,""favorite"":false,""timeOffset"":""-P21D""}",media-data.csv:000584
media-data.csv:000585,saw cat ballou 6/10,[],"{""mediaType"":""movie"",""title"":""Cat Ballou"",""rating"":6,""favorite"":false,""timeOffset"":""PT0M""}",media-data.csv:000585
media-data.csv:000586,saw 12 years a slave 4.5 stars fav,[],"{""mediaType"":""movie"",""title"":""12 Years a Slave"",""rating"":9,""favorite"":true,""timeOffset"":""PT0M""}",media-data.csv:000586
media-data.csv:000587,movie x-men: the last stand 2.5 stars,[],"{""mediaType"":""movie"",""title"":""X-Men: The Last Stand"",""rating"":5,""favorite"":false,""timeOffset"":""PT0M""}",media-data.csv:000587
media-data.csv:000588,saw night at the museum 4 stars 22 hours ago,[],"{""mediaType"":""movie"",""title"":""Night at the Museum"",""rating"":8,""favorite"":false,""timeOffset"":""-PT22H""}",media-data.csv:000588
media-data.csv:000589,film bend it like beckham 2 stars,[],"{""mediaType"":""movie"",""title"":""Bend It Like Beckham"",""rating"":4,""favorite"":false,""timeOffset"":""PT0M""}",media-data.csv:000589
media-data.csv:000590,film leaving las vegas 2/10,[],"{""mediaType"":""movie"",""title"":""Leaving Las Vegas"",""rating"":2,""favorite"":false,""timeOffset"":""PT0M""}",media-data.csv:000590
media-data.csv:000591,"watched matrix revolutions, the 3.5 stars",[],"{""mediaType"":""movie"",""title"":""Matrix Revolutions, The"",""rating"":7,""favorite"":false,""timeOffset"":""PT0M""}",media-data.csv:000591
media-data.csv:000592,"saw notorious bettie page, the 6 13h ago",[],"{""mediaType"":""movie"",""title"":""Notorious Bettie Page, The"",""rating"":6,""favorite"":false,""timeOffset"":""-PT13H""}",media-data.csv:000592
media-data.csv:000593,movie cool runnings 6/10,[],"{""mediaType"":""movie"",""title"":""Cool Runnings"",""rating"":6,""favorite"":false,""timeOffset"":""PT0M""}",media-data.csv:000593
media-data.csv:000594,saw american beauty 8/10 fav 2 hours ago,[],"{""mediaType"":""movie"",""title"":""American Beauty"",""rating"":8,""favorite"":true,""timeOffset"":""-PT2H""}",media-data.csv:000594
media-data.csv:000595,watched lawrence of arabia 10/10,[],"{""mediaType"":""movie"",""title"":""Lawrence of Arabia"",""rating"":10,""favorite"":false,""timeOffset"":""PT0M""}",media-data.csv:000595
media-data.csv:000596,film sleepless in seattle 3 stars favorite,[],"{""mediaType"":""movie"",""title"":""Sleepless in Seattle"",""rating"":6,""favorite"":true,""timeOffset"":""PT0M""}",media-data.csv:000596
media-data.csv:000597,film easy a 4 stars 8 hours ago,[],"{""mediaType"":""movie"",""title"":""Easy A"",""rating"":8,""favorite"":false,""timeOffset"":""-PT8H""}",media-data.csv:000597
media-data.csv:000598,saw citizen ruth 3 stars,[],"{""mediaType"":""movie"",""title"":""Citizen Ruth"",""rating"":6,""favorite"":false,""timeOffset"":""PT0M""}",media-data.csv:000598
media-data.csv:000599,"movie people vs. larry flynt, the 4 stars fav",[],"{""mediaType"":""movie"",""title"":""People vs. Larry Flynt, The"",""rating"":8,""favorite"":true,""timeOffset"":""PT0M""}",media-data.csv:000599
media-data.csv:000600,saw encino man 4,[],"{""mediaType"":""movie"",""title"":""Encino Man"",""rating"":4,""favorite"":false,""timeOffset"":""PT0M""}",media-data.csv:000600
media-data.csv:000601,saw wet hot american summer 5 stars 29 days ago,[],"{""mediaType"":""movie"",""title"":""Wet Hot American Summer"",""rating"":10,""favorite"":false,""timeOffset"":""-P29D""}",media-data.csv:000601
media-data.csv:000602,"watched thomas crown affair, the (1999) 6",[],"{""mediaType"":""movie"",""title"":""Thomas Crown Affair, The (1999)"",""rating"":6,""favorite"":false,""timeOffset"":""PT0M""}",media-data.csv:000602
media-data.csv:000603,watched mamma mia! 2 stars,[],"{""mediaType"":""movie"",""title"":""Mamma Mia!"",""rating"":4,""favorite"":false,""timeOffset"":""PT0M""}",media-data.csv:000603
media-data.csv:000604,watched alien 5 stars,[],"{""mediaType"":""movie"",""title"":""Alien"",""rating"":10,""favorite"":false,""timeOffset"":""PT0M""}",media-data.csv:000604
media-data.csv:000605,watched limitless 6,[],"{""mediaType"":""movie"",""title"":""Limitless"",""rating"":6,""favorite"":false,""timeOffset"":""PT0M""}",media-data.csv:000605
media-data.csv:000606,watched sabrina (1995) 4 stars,[],"{""mediaType"":""movie"",""title"":""Sabrina (1995)"",""rating"":8,""favorite"":false,""timeOffset"":""PT0M""}",media-data.csv:000606
media-data.csv:000607,film wayne's world 6 14h ago,[],"{""mediaType"":""movie"",""title"":""Wayne's World"",""rating"":6,""favorite"":false,""timeOffset"":""-PT14H""}",media-data.csv:000607
media-data.csv:000608,movie deadpool 9 17 days ago,[],"{""mediaType"":""movie"",""title"":""Deadpool"",""rating"":9,""favorite"":false,""timeOffset"":""-P17D""}",media-data.csv:000608
media-data.csv:000609,"film first beautiful thing, the (la prima cosa bella) 8/10",[],"{""mediaType"":""movie"",""title"":""First Beautiful Thing, The (La prima cosa bella)"",""rating"":8,""favorite"":false,""timeOffset"":""PT0M""}",media-data.csv:000609
media-data.csv:000610,saw white men can't jump 3 stars,[],"{""mediaType"":""movie"",""title"":""White Men Can't Jump"",""rating"":6,""favorite"":false,""timeOffset"":""PT0M""}",media-data.csv:000610
media-data.csv:000611,watched swiss army man 4 stars 25 days ago,[],"{""mediaType"":""movie"",""title"":""Swiss Army Man"",""rating"":8,""favorite"":false,""timeOffset"":""-P25D""}",media-data.csv:000611
media-data.csv:000612,"watched simpsons: the longest daycare, the 9/10 9 days ago",[],"{""mediaType"":""movie"",""title"":""Simpsons: The Longest Daycare, The"",""rating"":9,""favorite"":false,""timeOffset"":""-P9D""}",media-data.csv:000612
media-data.csv:000613,watched six degrees of separation 6/10,[],"{""mediaType"":""movie"",""title"":""Six Degrees of Separation"",""rating"":6,""favorite"":false,""timeOffset"":""PT0M""}",media-data.csv:000613
media-data.csv:000614,watched hidden figures 8 -22h,[],"{""mediaType"":""movie"",""title"":""Hidden Figures"",""rating"":8,""favorite"":false,""timeOffset"":""-PT22H""}",media-data.csv:000614
media-data.csv:000615,watched big top pee-wee 2 stars,[],"{""mediaType"":""movie"",""title"":""Big Top Pee-Wee"",""rating"":4,""favorite"":false,""timeOffset"":""PT0M""}",media-data.csv:000615
media-data.csv:000616,saw rise of the planet of the apes 0.5 stars,[],"{""mediaType"":""movie"",""title"":""Rise of the Planet of the Apes"",""rating"":1,""favorite"":false,""timeOffset"":""PT0M""}",media-data.csv:000616
media-data.csv:000617,saw collateral 7/10 favorite,[],"{""mediaType"":""movie"",""title"":""Collateral"",""rating"":7,""favorite"":true,""timeOffset"":""PT0M""}",media-data.csv:000617
media-data.csv:000618,movie close range 3 stars 12d ago,[],"{""mediaType"":""movie"",""title"":""Close Range"",""rating"":6,""favorite"":false,""timeOffset"":""-P12D""}",media-data.csv:000618
media-data.csv:000619,"saw rocker, the 3/10",[],"{""mediaType"":""movie"",""title"":""Rocker, The"",""rating"":3,""favorite"":false,""timeOffset"":""PT0M""}",media-data.csv:000619
media-data.csv:000620,"saw beverly hillbillies, the 4 -12h",[],"{""mediaType"":""movie"",""title"":""Beverly Hillbillies, The"",""rating"":4,""favorite"":false,""timeOffset"":""-PT12H""}",media-data.csv:000620
media-data.csv:000621,film envy 6 -15d,[],"{""mediaType"":""movie"",""title"":""Envy"",""rating"":6,""favorite"":false,""timeOffset"":""-P15D""}",media-data.csv:000621
media-data.csv:000622,watched war of the worlds (2005) 4.5 stars,[],"{""mediaType"":""movie"",""title"":""War of the Worlds (2005)"",""rating"":9,""favorite"":false,""timeOffset"":""PT0M""}",media-data.csv:000622
media-data.csv:000623,saw home alone 2: lost in new york 2,[],"{""mediaType"":""movie"",""title"":""Home Alone 2: Lost in New York"",""rating"":2,""favorite"":false,""timeOffset"":""PT0M""}",media-data.csv:000623
media-data.csv:000624,movie coco 4/10 -26d,[],"{""mediaType"":""movie"",""title"":""Coco"",""rating"":4,""favorite"":false,""timeOffset"":""-P26D""}",media-data.csv:000624
media-data.csv:000625,watched hook 7/10,[],"{""mediaType"":""movie"",""title"":""Hook"",""rating"":7,""favorite"":false,""timeOffset"":""PT0M""}",media-data.csv:000625
media-data.csv:000626,film white man's burden 6,[],"{""mediaType"":""movie"",""title"":""White Man's Burden"",""rating"":6,""favorite"":false,""timeOffset"":""PT0M""}",media-data.csv:000626
media-data.csv:000627,watched die hard: with a vengeance 4 stars,[],"{""mediaType"":""movie"",""title"":""Die Hard: With a Vengeance"",""rating"":8,""favorite"":false,""timeOffset"":""PT0M""}",media-data.csv:000627
media-data.csv:000628,movie into the wild 3.5 stars,[],"{""mediaType"":""movie"",""title"":""Into the Wild"",""rating"":7,""favorite"":false,""timeOffset"":""PT0M""}",media-data.csv:000628
media-data.csv:000629,movie deep blue sea 4 stars,[],"{""mediaType"":""movie"",""title"":""Deep Blue Sea"",""rating"":8,""favorite"":false,""timeOffset"":""PT0M""}",media-data.csv:000629
media-data.csv:000630,"saw babysitter, the 6/10",[],"{""mediaType"":""movie"",""title"":""Babysitter, The"",""rating"":6,""favorite"":false,""timeOffset"":""PT0M""}",media-data.csv:000630
media-data.csv:000631,film django unchained 10/10,[],"{""mediaType"":""movie"",""title"":""Django Unchained"",""rating"":10,""favorite"":false,""timeOffset"":""PT0M""}",media-data.csv:000631
media-data.csv:000632,watched troll 2 1 9d ago,[],"{""mediaType"":""movie"",""title"":""Troll 2"",""rating"":1,""favorite"":false,""timeOffset"":""-P9D""}",media-data.csv:000632
media-data.csv:000633,movie 3:10 to yuma (2007) 10,[],"{""mediaType"":""movie"",""title"":""3:10 to Yuma (2007)"",""rating"":10,""favorite"":false,""timeOffset"":""PT0M""}",media-data.csv:000633
media-data.csv:000634,saw monty python's the meaning of life 5 stars,[],"{""mediaType"":""movie"",""title"":""Monty Python's The Meaning of Life"",""rating"":10,""favorite"":false,""timeOffset"":""PT0M""}",media-data.csv:000634
media-data.csv:000635,movie strictly ballroom 2 stars fav -4d,[],"{""mediaType"":""movie"",""title"":""Strictly Ballroom"",""rating"":4,""favorite"":true,""timeOffset"":""-P4D""}",media-data.csv:000635
media-data.csv:000636,watched teenage mutant ninja turtles iii 5/10,[],"{""mediaType"":""movie"",""title"":""Teenage Mutant Ninja Turtles III"",""rating"":5,""favorite"":false,""timeOffset"":""PT0M""}",media-data.csv:000636
media-data.csv:000637,film end of days 7,[],"{""mediaType"":""movie"",""title"":""End of Days"",""rating"":7,""favorite"":false,""timeOffset"":""PT0M""}",media-data.csv:000637
media-data.csv:000638,"movie mighty ducks, the 8",[],"{""mediaType"":""movie"",""title"":""Mighty Ducks, The"",""rating"":8,""favorite"":false,""timeOffset"":""PT0M""}",media-data.csv:000638
media-data.csv:000639,watched pi 7 fav,[],"{""mediaType"":""movie"",""title"":""Pi"",""rating"":7,""favorite"":true,""timeOffset"":""PT0M""}",media-data.csv:000639
media-data.csv:000640,saw jungle2jungle (a.k.a. jungle 2 jungle) 2 stars,[],"{""mediaType"":""movie"",""title"":""Jungle2Jungle (a.k.a. Jungle 2 Jungle)"",""rating"":4,""favorite"":false,""timeOffset"":""PT0M""}",media-data.csv:000640
media-data.csv:000641,"watched princess bride, the 8",[],"{""mediaType"":""movie"",""title"":""Princess Bride, The"",""rating"":8,""favorite"":false,""timeOffset"":""PT0M""}",media-data.csv:000641
media-data.csv:000642,"film quiet man, the 2 stars",[],"{""mediaType"":""movie"",""title"":""Quiet Man, The"",""rating"":4,""favorite"":false,""timeOffset"":""PT0M""}",media-data.csv:000642
media-data.csv:000643,"movie hunchback of notre dame, the (1996) 8/10",[],"{""mediaType"":""movie"",""title"":""Hunchback of Notre Dame, The (1996)"",""rating"":8,""favorite"":false,""timeOffset"":""PT0M""}",media-data.csv:000643
media-data.csv:000644,saw bones 1 star 6 days ago,[],"{""mediaType"":""movie"",""title"":""Bones"",""rating"":2,""favorite"":false,""timeOffset"":""-P6D""}",media-data.csv:000644
media-data.csv:000645,watched 8 1/2 (8½) 6/10,[],"{""mediaType"":""movie"",""title"":""8 1/2 (8\u00bd)"",""rating"":6,""favorite"":false,""timeOffset"":""PT0M""}",media-data.csv:000645
media-data.csv:000646,watched waking ned devine (a.k.a. waking ned) 8/10,[],"{""mediaType"":""movie"",""title"":""Waking Ned Devine (a.k.a. Waking Ned)"",""rating"":8,""favorite"":false,""timeOffset"":""PT0M""}",media-data.csv:000646
media-data.csv:000647,movie 28 days later 3.5 stars,[],"{""mediaType"":""movie"",""title"":""28 Days Later"",""rating"":7,""favorite"":false,""timeOffset"":""PT0M""}",media-data.csv:000647
media-data.csv:000648,"saw boys from brazil, the 3 stars",[],"{""mediaType"":""movie"",""title"":""Boys from Brazil, The"",""rating"":6,""favorite"":false,""timeOffset"":""PT0M""}",media-data.csv:000648
media-data.csv:000649,film waitress 3.5 stars favourite,[],"{""mediaType"":""movie"",""title"":""Waitress"",""rating"":7,""favorite"":true,""timeOffset"":""PT0M""}",media-data.csv:000649
media-data.csv:000650,movie cool hand luke 6 22h ago,[],"{""mediaType"":""movie"",""title"":""Cool Hand Luke"",""rating"":6,""favorite"":false,""timeOffset"":""-PT22H""}",media-data.csv:000650
media-data.csv:000651,film manhattan 7 -13d,[],"{""mediaType"":""movie"",""title"":""Manhattan"",""rating"":7,""favorite"":false,""timeOffset"":""-P13D""}",media-data.csv:000651
media-data.csv:000652,watched hocus pocus 6,[],"{""mediaType"":""movie"",""title"":""Hocus Pocus"",""rating"":6,""favorite"":false,""timeOffset"":""PT0M""}",media-data.csv:000652
media-data.csv:000653,"saw amelie (fabuleux destin d'amélie poulain, le) 10/10 -8h",[],"{""mediaType"":""movie"",""title"":""Amelie (Fabuleux destin d'Am\u00e9lie Poulain, Le)"",""rating"":10,""favorite"":false,""timeOffset"":""-PT8H""}",media-data.csv:000653
media-data.csv:000654,saw babe 10/10,[],"{""mediaType"":""movie"",""title"":""Babe"",""rating"":10,""favorite"":false,""timeOffset"":""PT0M""}",media-data.csv:000654
media-data.csv:000655,"saw mask, the 2",[],"{""mediaType"":""movie"",""title"":""Mask, The"",""rating"":2,""favorite"":false,""timeOffset"":""PT0M""}",media-data.csv:000655
media-data.csv:000656,"movie avengers, the (2012) 10/10",[],"{""mediaType"":""movie"",""title"":""Avengers, The (2012)"",""rating"":10,""favorite"":false,""timeOffset"":""PT0M""}",media-data.csv:000656
media-data.csv:000657,film ip man 2 0.5 stars,[],"{""mediaType"":""movie"",""title"":""Ip Man 2"",""rating"":1,""favorite"":false,""timeOffset"":""PT0M""}",media-data.csv:000657
media-data.csv:000658,"watched others, the 6 8d ago",[],"{""mediaType"":""movie"",""title"":""Others, The"",""rating"":6,""favorite"":false,""timeOffset"":""-P8D""}",media-data.csv:000658
media-data.csv:000659,film harold and kumar go to white castle 4 stars,[],"{""mediaType"":""movie"",""title"":""Harold and Kumar Go to White Castle"",""rating"":8,""favorite"":false,""timeOffset"":""PT0M""}",media-data.csv:000659
media-data.csv:000660,watched paperman 5 stars,[],"{""mediaType"":""movie"",""title"":""Paperman"",""rating"":10,""favorite"":false,""timeOffset"":""PT0M""}",media-data.csv:000660
media-data.csv:000661,movie snatch 6,[],"{""mediaType"":""movie"",""title"":""Snatch"",""rating"":6,""favorite"":false,""timeOffset"":""PT0M""}",media-data.csv:000661
media-data.csv:000662,film patch adams 8/10,[],"{""mediaType"":""movie"",""title"":""Patch Adams"",""rating"":8,""favorite"":false,""timeOffset"":""PT0M""}",media-data.csv:000662
media-data.csv:000663,saw men in black (a.k.a. mib) 7/10 -6h,[],"{""mediaType"":""movie"",""title"":""Men in Black (a.k.a. MIB)"",""rating"":7,""favorite"":false,""timeOffset"":""-PT6H""}",media-data.csv:000663
media-data.csv:000664,film cinderella (1950) 6 favorite,[],"{""mediaType"":""movie"",""title"":""Cinderella (1950)"",""rating"":6,""favorite"":true,""timeOffset"":""PT0M""}",media-data.csv:000664
media-data.csv:000665,"movie cable guy, the 1 -3d",[],"{""mediaType"":""movie"",""title"":""Cable Guy, The"",""rating"":1,""favorite"":false,""timeOffset"":""-P3D""}",media-data.csv:000665
media-data.csv:000666,"film silence of the lambs, the 4 stars",[],"{""mediaType"":""movie"",""title"":""Silence of the Lambs, The"",""rating"":8,""favorite"":false,""timeOffset"":""PT0M""}",media-data.csv:000666
media-data.csv:000667,"movie truman show, the 8",[],"{""mediaType"":""movie"",""title"":""Truman Show, The"",""rating"":8,""favorite"":false,""timeOffset"":""PT0M""}",media-data.csv:000667
media-data.csv:000668,"saw grand day out with wallace and gromit, a 8",[],"{""mediaType"":""movie"",""title"":""Grand Day Out with Wallace and Gromit, A"",""rating"":8,""favorite"":false,""timeOffset"":""PT0M""}",media-data.csv:000668
media-data.csv:000669,"movie 40-year-old virgin, the 10/10",[],"{""mediaType"":""movie"",""title"":""40-Year-Old Virgin, The"",""rating"":10,""favorite"":false,""timeOffset"":""PT0M""}",media-data.csv:000669
media-data.csv:000670,saw batman begins 8/10 8 hours ago,[],"{""mediaType"":""movie"",""title"":""Batman Begins"",""rating"":8,""favorite"":false,""timeOffset"":""-PT8H""}",media-data.csv:000670
media-data.csv:000671,saw showgirls 10 16 hours ago,[],"{""mediaType"":""movie"",""title"":""Showgirls"",""rating"":10,""favorite"":false,""timeOffset"":""-PT16H""}",media-data.csv:000671
media-data.csv:000672,film star trek vi: the undiscovered country 2 12 days ago,[],"{""mediaType"":""movie"",""title"":""Star Trek VI: The Undiscovered Country"",""rating"":2,""favorite"":false,""timeOffset"":""-P12D""}",media-data.csv:000672
media-data.csv:000673,watched embrace of the serpent 7/10 17d ago,[],"{""mediaType"":""movie"",""title"":""Embrace of the Serpent"",""rating"":7,""favorite"":false,""timeOffset"":""-P17D""}",media-data.csv:000673
media-data.csv:000674,watched godzilla (1998) 2 loved 15 days ago,[],"{""mediaType"":""movie"",""title"":""Godzilla (1998)"",""rating"":2,""favorite"":true,""timeOffset"":""-P15D""}",media-data.csv:000674
media-data.csv:000675,watched sicario 9,[],"{""mediaType"":""movie"",""title"":""Sicario"",""rating"":9,""favorite"":false,""timeOffset"":""PT0M""}",media-data.csv:000675
media-data.csv:000676,film rain man 6,[],"{""mediaType"":""movie"",""title"":""Rain Man"",""rating"":6,""favorite"":false,""timeOffset"":""PT0M""}",media-data.csv:000676
media-data.csv:000677,movie roman holiday 3 stars 27d ago,[],"{""mediaType"":""movie"",""title"":""Roman Holiday"",""rating"":6,""favorite"":false,""timeOffset"":""-P27D""}",media-data.csv:000677
media-data.csv:000678,film grease 4 stars,[],"{""mediaType"":""movie"",""title"":""Grease"",""rating"":8,""favorite"":false,""timeOffset"":""PT0M""}",media-data.csv:000678
media-data.csv:000679,movie harry potter and the order of the phoenix 3 stars,[],"{""mediaType"":""movie"",""title"":""Harry Potter and the Order of the Phoenix"",""rating"":6,""favorite"":false,""timeOffset"":""PT0M""}",media-data.csv:000679
media-data.csv:000680,movie legally blonde 7,[],"{""mediaType"":""movie"",""title"":""Legally Blonde"",""rating"":7,""favorite"":false,""timeOffset"":""PT0M""}",media-data.csv:000680
media-data.csv:000681,watched alien 8,[],"{""mediaType"":""movie"",""title"":""Alien"",""rating"":8,""favorite"":false,""timeOffset"":""PT0M""}",media-data.csv:000681
media-data.csv:000682,movie american history x 4 stars favorite -19h,[],"{""mediaType"":""movie"",""title"":""American History X"",""rating"":8,""favorite"":true,""timeOffset"":""-PT19H""}",media-data.csv:000682
media-data.csv:000683,watched the lego movie 5 stars 20d ago,[],"{""mediaType"":""movie"",""title"":""The Lego Movie"",""rating"":10,""favorite"":false,""timeOffset"":""-P20D""}",media-data.csv:000683
media-data.csv:000684,saw dances with wolves 2 stars,[],"{""mediaType"":""movie"",""title"":""Dances with Wolves"",""rating"":4,""favorite"":false,""timeOffset"":""PT0M""}",media-data.csv:000684
media-data.csv:000685,"movie animal, the 4/10 9 days ago",[],"{""mediaType"":""movie"",""title"":""Animal, The"",""rating"":4,""favorite"":false,""timeOffset"":""-P9D""}",media-data.csv:000685
media-data.csv:000686,saw boxing helena 1 star -21d,[],"{""mediaType"":""movie"",""title"":""Boxing Helena"",""rating"":2,""favorite"":false,""timeOffset"":""-P21D""}",media-data.csv:000686
media-data.csv:000687,film blackbeard's ghost 6 favourite,[],"{""mediaType"":""movie"",""title"":""Blackbeard's Ghost"",""rating"":6,""favorite"":true,""timeOffset"":""PT0M""}",media-data.csv:000687
media-data.csv:000688,film 22 jump street 4 stars,[],"{""mediaType"":""movie"",""title"":""22 Jump Street"",""rating"":8,""favorite"":false,""timeOffset"":""PT0M""}",media-data.csv:000688
media-data.csv:000689,watched aladdin 9/10 favourite,[],"{""mediaType"":""movie"",""title"":""Aladdin"",""rating"":9,""favorite"":true,""timeOffset"":""PT0M""}",media-data.csv:000689
media-data.csv:000690,film guess who 3/10 favourite -9h,[],"{""mediaType"":""movie"",""title"":""Guess Who"",""rating"":3,""favorite"":true,""timeOffset"":""-PT9H""}",media-data.csv:000690
media-data.csv:000691,movie ghost 4,[],"{""mediaType"":""movie"",""title"":""Ghost"",""rating"":4,""favorite"":false,""timeOffset"":""PT0M""}",media-data.csv:000691
media-data.csv:000692,watched mission: impossible ii 8,[],"{""mediaType"":""movie"",""title"":""Mission: Impossible II"",""rating"":8,""favorite"":false,""timeOffset"":""PT0M""}",media-data.csv:000692
media-data.csv:000693,saw midnight in paris 6/10 favorite,[],"{""mediaType"":""movie"",""title"":""Midnight in Paris"",""rating"":6,""favorite"":true,""timeOffset"":""PT0M""}",media-data.csv:000693
media-data.csv:000694,movie babel 6/10,[],"{""mediaType"":""movie"",""title"":""Babel"",""rating"":6,""favorite"":false,""timeOffset"":""PT0M""}",media-data.csv:000694
media-data.csv:000695,film lost highway 4/10,[],"{""mediaType"":""movie"",""title"":""Lost Highway"",""rating"":4,""favorite"":false,""timeOffset"":""PT0M""}",media-data.csv:000695
media-data.csv:000696,film boomerang 2 stars -5h,[],"{""mediaType"":""movie"",""title"":""Boomerang"",""rating"":4,""favorite"":false,""timeOffset"":""-PT5H""}",media-data.csv:000696
media-data.csv:000697,movie lost in la mancha 6/10,[],"{""mediaType"":""movie"",""title"":""Lost in La Mancha"",""rating"":6,""favorite"":false,""timeOffset"":""PT0M""}",media-data.csv:000697
media-data.csv:000698,saw star wars: episode i - the phantom menace 3 stars,[],"{""mediaType"":""movie"",""title"":""Star Wars: Episode I - The Phantom Menace"",""rating"":6,""favorite"":false,""timeOffset"":""PT0M""}",media-data.csv:000698
media-data.csv:000699,film multiplicity 3 stars,[],"{""mediaType"":""movie"",""title"":""Multiplicity"",""rating"":6,""favorite"":false,""timeOffset"":""PT0M""}",media-data.csv:000699
media-data.csv:000700,"film magnificent seven, the 3.5 stars",[],"{""mediaType"":""movie"",""title"":""Magnificent Seven, The"",""rating"":7,""favorite"":false,""timeOffset"":""PT0M""}",media-data.csv:000700
media-data.csv:000701,"watched family man, the 6/10 favourite",[],"{""mediaType"":""movie"",""title"":""Family Man, The"",""rating"":6,""favorite"":true,""timeOffset"":""PT0M""}",media-data.csv:000701
media-data.csv:000702,movie juno 8,[],"{""mediaType"":""movie"",""title"":""Juno"",""rating"":8,""favorite"":false,""timeOffset"":""PT0M""}",media-data.csv:000702
media-data.csv:000703,saw 101 dalmatians 6/10,[],"{""mediaType"":""movie"",""title"":""101 Dalmatians"",""rating"":6,""favorite"":false,""timeOffset"":""PT0M""}",media-data.csv:000703
media-data.csv:000704,saw l.a. confidential 4.5 stars,[],"{""mediaType"":""movie"",""title"":""L.A. Confidential"",""rating"":9,""favorite"":false,""timeOffset"":""PT0M""}",media-data.csv:000704
media-data.csv:000705,film scary movie 2 1/10 loved 8d ago,[],"{""mediaType"":""movie"",""title"":""Scary Movie 2"",""rating"":1,""favorite"":true,""timeOffset"":""-P8D""}",media-data.csv:000705
media-data.csv:000706,saw spider-man 2 4 stars heart 14 days ago,[],"{""mediaType"":""movie"",""title"":""Spider-Man 2"",""rating"":8,""favorite"":true,""timeOffset"":""-P14D""}",media-data.csv:000706
media-data.csv:000707,watched lord of war 2.5 stars,[],"{""mediaType"":""movie"",""title"":""Lord of War"",""rating"":5,""favorite"":false,""timeOffset"":""PT0M""}",media-data.csv:000707
media-data.csv:000708,"movie maltese falcon, the 5 stars",[],"{""mediaType"":""movie"",""title"":""Maltese Falcon, The"",""rating"":10,""favorite"":false,""timeOffset"":""PT0M""}",media-data.csv:000708
media-data.csv:000709,"saw perfect storm, the 4 stars 12h ago",[],"{""mediaType"":""movie"",""title"":""Perfect Storm, The"",""rating"":8,""favorite"":false,""timeOffset"":""-PT12H""}",media-data.csv:000709
media-data.csv:000710,watched better off dead... 10,[],"{""mediaType"":""movie"",""title"":""Better Off Dead..."",""rating"":10,""favorite"":false,""timeOffset"":""PT0M""}",media-data.csv:000710
media-data.csv:000711,movie for love of the game 4/10 -17h,[],"{""mediaType"":""movie"",""title"":""For Love of the Game"",""rating"":4,""favorite"":false,""timeOffset"":""-PT17H""}",media-data.csv:000711
media-data.csv:000712,"film cable guy, the 6/10",[],"{""mediaType"":""movie"",""title"":""Cable Guy, The"",""rating"":6,""favorite"":false,""timeOffset"":""PT0M""}",media-data.csv:000712
media-data.csv:000713,"saw out-of-towners, the 4 8h ago",[],"{""mediaType"":""movie"",""title"":""Out-of-Towners, The"",""rating"":4,""favorite"":false,""timeOffset"":""-PT8H""}",media-data.csv:000713
media-data.csv:000714,movie highlander 5 stars,[],"{""mediaType"":""movie"",""title"":""Highlander"",""rating"":10,""favorite"":false,""timeOffset"":""PT0M""}",media-data.csv:000714
media-data.csv:000715,watched bridesmaids 8/10,[],"{""mediaType"":""movie"",""title"":""Bridesmaids"",""rating"":8,""favorite"":false,""timeOffset"":""PT0M""}",media-data.csv:000715
media-data.csv:000716,film donnie brasco 7/10 5 days ago,[],"{""mediaType"":""movie"",""title"":""Donnie Brasco"",""rating"":7,""favorite"":false,""timeOffset"":""-P5D""}",media-data.csv:000716
media-data.csv:000717,movie jeepers creepers 3 stars,[],"{""mediaType"":""movie"",""title"":""Jeepers Creepers"",""rating"":6,""favorite"":false,""timeOffset"":""PT0M""}",media-data.csv:000717
media-data.csv:000718,saw manhattan 6 -21d,[],"{""mediaType"":""movie"",""title"":""Manhattan"",""rating"":6,""favorite"":false,""timeOffset"":""-P21D""}",media-data.csv:000718
media-data.csv:000719,film bone tomahawk 4.5 stars -20d,[],"{""mediaType"":""movie"",""title"":""Bone Tomahawk"",""rating"":9,""favorite"":false,""timeOffset"":""-P20D""}",media-data.csv:000719
media-data.csv:000720,saw in the name of the father 6/10 10 hours ago,[],"{""mediaType"":""movie"",""title"":""In the Name of the Father"",""rating"":6,""favorite"":false,""timeOffset"":""-PT10H""}",media-data.csv:000720
media-data.csv:000721,watched halloween (1978) 5 stars -15h,[],"{""mediaType"":""movie"",""title"":""Halloween (1978)"",""rating"":10,""favorite"":false,""timeOffset"":""-PT15H""}",media-data.csv:000721
media-data.csv:000722,watched jurassic park 5 stars 26d ago,[],"{""mediaType"":""movie"",""title"":""Jurassic Park"",""rating"":10,""favorite"":false,""timeOffset"":""-P26D""}",media-data.csv:000722
media-data.csv:000723,saw lost highway 1/10 17h ago,[],"{""mediaType"":""movie"",""title"":""Lost Highway"",""rating"":1,""favorite"":false,""timeOffset"":""-PT17H""}",media-data.csv:000723
media-data.csv:000724,saw get shorty 6 24 days ago,[],"{""mediaType"":""movie"",""title"":""Get Shorty"",""rating"":6,""favorite"":false,""timeOffset"":""-P24D""}",media-data.csv:000724
media-data.csv:000725,"watched grifters, the 5 stars loved",[],"{""mediaType"":""movie"",""title"":""Grifters, The"",""rating"":10,""favorite"":true,""timeOffset"":""PT0M""}",media-data.csv:000725
media-data.csv:000726,"film river runs through it, a 10 -7d",[],"{""mediaType"":""movie"",""title"":""River Runs Through It, A"",""rating"":10,""favorite"":false,""timeOffset"":""-P7D""}",media-data.csv:000726
media-data.csv:000727,watched babe 1 star 8 hours ago,[],"{""mediaType"":""movie"",""title"":""Babe"",""rating"":2,""favorite"":false,""timeOffset"":""-PT8H""}",media-data.csv:000727
media-data.csv:000728,watched road trip 7/10 6 days ago,[],"{""mediaType"":""movie"",""title"":""Road Trip"",""rating"":7,""favorite"":false,""timeOffset"":""-P6D""}",media-data.csv:000728
media-data.csv:000729,"saw birdcage, the 2 stars",[],"{""mediaType"":""movie"",""title"":""Birdcage, The"",""rating"":4,""favorite"":false,""timeOffset"":""PT0M""}",media-data.csv:000729
media-data.csv:000730,movie abbott and costello meet frankenstein 7 2 hours ago,[],"{""mediaType"":""movie"",""title"":""Abbott and Costello Meet Frankenstein"",""rating"":7,""favorite"":false,""timeOffset"":""-PT2H""}",media-data.csv:000730
media-data.csv:000731,movie my neighbor totoro (tonari no totoro) 5 stars favorite 10h ago,[],"{""mediaType"":""movie"",""title"":""My Neighbor Totoro (Tonari no Totoro)"",""rating"":10,""favorite"":true,""timeOffset"":""-PT10H""}",media-data.csv:000731
media-data.csv:000732,saw last man standing 6,[],"{""mediaType"":""movie"",""title"":""Last Man Standing"",""rating"":6,""favorite"":false,""timeOffset"":""PT0M""}",media-data.csv:000732
media-data.csv:000733,film bruce almighty 2 stars,[],"{""mediaType"":""movie"",""title"":""Bruce Almighty"",""rating"":4,""favorite"":false,""timeOffset"":""PT0M""}",media-data.csv:000733
media-data.csv:000734,saw stigmata 10/10,[],"{""mediaType"":""movie"",""title"":""Stigmata"",""rating"":10,""favorite"":false,""timeOffset"":""PT0M""}",media-data.csv:000734
media-data.csv:000735,film schindler's list 5 29d ago,[],"{""mediaType"":""movie"",""title"":""Schindler's List"",""rating"":5,""favorite"":false,""timeOffset"":""-P29D""}",media-data.csv:000735
media-data.csv:000736,"film knight's tale, a 6/10",[],"{""mediaType"":""movie"",""title"":""Knight's Tale, A"",""rating"":6,""favorite"":false,""timeOffset"":""PT0M""}",media-data.csv:000736
media-data.csv:000737,"movie talented mr. ripley, the 8",[],"{""mediaType"":""movie"",""title"":""Talented Mr. Ripley, The"",""rating"":8,""favorite"":false,""timeOffset"":""PT0M""}",media-data.csv:000737
media-data.csv:000738,movie snatch 10,[],"{""mediaType"":""movie"",""title"":""Snatch"",""rating"":10,""favorite"":false,""timeOffset"":""PT0M""}",media-data.csv:000738
media-data.csv:000739,"movie 40-year-old virgin, the 6 favorite",[],"{""mediaType"":""movie"",""title"":""40-Year-Old Virgin, The"",""rating"":6,""favorite"":true,""timeOffset"":""PT0M""}",media-data.csv:000739
media-data.csv:000740,movie on her majesty's secret service 4 stars fav 5 hours ago,[],"{""mediaType"":""movie"",""title"":""On Her Majesty's Secret Service"",""rating"":8,""favorite"":true,""timeOffset"":""-PT5H""}",media-data.csv:000740
media-data.csv:000741,"film limey, the 5 9h ago",[],"{""mediaType"":""movie"",""title"":""Limey, The"",""rating"":5,""favorite"":false,""timeOffset"":""-PT9H""}",media-data.csv:000741
media-data.csv:000742,movie enigma 5/10 favourite 30 days ago,[],"{""mediaType"":""movie"",""title"":""Enigma"",""rating"":5,""favorite"":true,""timeOffset"":""-P30D""}",media-data.csv:000742
media-data.csv:000743,movie lilo & stitch 4.5 stars -12h,[],"{""mediaType"":""movie"",""title"":""Lilo & Stitch"",""rating"":9,""favorite"":false,""timeOffset"":""-PT12H""}",media-data.csv:000743
media-data.csv:000744,watched o.j.: made in america 9/10 -13d,[],"{""mediaType"":""movie"",""title"":""O.J.: Made in America"",""rating"":9,""favorite"":false,""timeOffset"":""-P13D""}",media-data.csv:000744
media-data.csv:000745,"watched godfather: part ii, the 8 11d ago",[],"{""mediaType"":""movie"",""title"":""Godfather: Part II, The"",""rating"":8,""favorite"":false,""timeOffset"":""-P11D""}",media-data.csv:000745
media-data.csv:000746,saw prince of persia: the sands of time 4 stars 14h ago,[],"{""mediaType"":""movie"",""title"":""Prince of Persia: The Sands of Time"",""rating"":8,""favorite"":false,""timeOffset"":""-PT14H""}",media-data.csv:000746
media-data.csv:000747,"film downfall (untergang, der) 7/10 2h ago",[],"{""mediaType"":""movie"",""title"":""Downfall (Untergang, Der)"",""rating"":7,""favorite"":false,""timeOffset"":""-PT2H""}",media-data.csv:000747
media-data.csv:000748,movie death proof 3.5 stars 19 days ago,[],"{""mediaType"":""movie"",""title"":""Death Proof"",""rating"":7,""favorite"":false,""timeOffset"":""-P19D""}",media-data.csv:000748
media-data.csv:000749,watched spriggan (supurigan) 7,[],"{""mediaType"":""movie"",""title"":""Spriggan (Supurigan)"",""rating"":7,""favorite"":false,""timeOffset"":""PT0M""}",media-data.csv:000749
media-data.csv:000750,saw rocket singh: salesman of the year 4 stars,[],"{""mediaType"":""movie"",""title"":""Rocket Singh: Salesman of the Year"",""rating"":8,""favorite"":false,""timeOffset"":""PT0M""}",media-data.csv:000750
media-data.csv:000751,"movie firm, the (1993) 6/10",[],"{""mediaType"":""movie"",""title"":""Firm, The (1993)"",""rating"":6,""favorite"":false,""timeOffset"":""PT0M""}",media-data.csv:000751
media-data.csv:000752,film pearl harbor 7,[],"{""mediaType"":""movie"",""title"":""Pearl Harbor"",""rating"":7,""favorite"":false,""timeOffset"":""PT0M""}",media-data.csv:000752
media-data.csv:000753,film spanglish 2 stars heart,[],"{""mediaType"":""movie"",""title"":""Spanglish"",""rating"":4,""favorite"":true,""timeOffset"":""PT0M""}",media-data.csv:000753
media-data.csv:000754,film snow white and the seven dwarfs 10/10 fav 1h ago,[],"{""mediaType"":""movie"",""title"":""Snow White and the Seven Dwarfs"",""rating"":10,""favorite"":true,""timeOffset"":""-PT1H""}",media-data.csv:000754
media-data.csv:000755,watched sneakers 3 stars,[],"{""mediaType"":""movie"",""title"":""Sneakers"",""rating"":6,""favorite"":false,""timeOffset"":""PT0M""}",media-data.csv:000755
media-data.csv:000756,film f/x 3 stars -29d,[],"{""mediaType"":""movie"",""title"":""F/X"",""rating"":6,""favorite"":false,""timeOffset"":""-P29D""}",media-data.csv:000756
media-data.csv:000757,film ace ventura: when nature calls 7/10,[],"{""mediaType"":""movie"",""title"":""Ace Ventura: When Nature Calls"",""rating"":7,""favorite"":false,""timeOffset"":""PT0M""}",media-data.csv:000757
media-data.csv:000758,film the legend of tarzan 2 stars loved 21 days ago,[],"{""mediaType"":""movie"",""title"":""The Legend of Tarzan"",""rating"":4,""favorite"":true,""timeOffset"":""-P21D""}",media-data.csv:000758
media-data.csv:000759,movie godzilla (2014) 3.5 stars,[],"{""mediaType"":""movie"",""title"":""Godzilla (2014)"",""rating"":7,""favorite"":false,""timeOffset"":""PT0M""}",media-data.csv:000759
media-data.csv:000760,watched twelve monkeys (a.k.a. 12 monkeys) 10,[],"{""mediaType"":""movie"",""title"":""Twelve Monkeys (a.k.a. 12 Monkeys)"",""rating"":10,""favorite"":false,""timeOffset"":""PT0M""}",media-data.csv:000760
media-data.csv:000761,"movie ladykillers, the (2004) 0.5 stars",[],"{""mediaType"":""movie"",""title"":""Ladykillers, The (2004)"",""rating"":1,""favorite"":false,""timeOffset"":""PT0M""}",media-data.csv:000761
media-data.csv:000762,film thx 1138 9/10,[],"{""mediaType"":""movie"",""title"":""THX 1138"",""rating"":9,""favorite"":false,""timeOffset"":""PT0M""}",media-data.csv:000762
media-data.csv:000763,film bikini beach 1 star favourite -18h,[],"{""mediaType"":""movie"",""title"":""Bikini Beach"",""rating"":2,""favorite"":true,""timeOffset"":""-PT18H""}",media-data.csv:000763
media-data.csv:000764,saw star trek: first contact 6/10,[],"{""mediaType"":""movie"",""title"":""Star Trek: First Contact"",""rating"":6,""favorite"":false,""timeOffset"":""PT0M""}",media-data.csv:000764
media-data.csv:000765,watched monty python and the holy grail 2 stars 17 hours ago,[],"{""mediaType"":""movie"",""title"":""Monty Python and the Holy Grail"",""rating"":4,""favorite"":false,""timeOffset"":""-PT17H""}",media-data.csv:000765
media-data.csv:000766,saw star trek ii: the wrath of khan 10/10 4 hours ago,[],"{""mediaType"":""movie"",""title"":""Star Trek II: The Wrath of Khan"",""rating"":10,""favorite"":false,""timeOffset"":""-PT4H""}",media-data.csv:000766
media-data.csv:000767,saw final fantasy: the spirits within 4,[],"{""mediaType"":""movie"",""title"":""Final Fantasy: The Spirits Within"",""rating"":4,""favorite"":false,""timeOffset"":""PT0M""}",media-data.csv:000767
media-data.csv:000768,movie valerian and the city of a thousand planets 4,[],"{""mediaType"":""movie"",""title"":""Valerian and the City of a Thousand Planets"",""rating"":4,""favorite"":false,""timeOffset"":""PT0M""}",media-data.csv:000768
media-data.csv:000769,"saw changeling, the 2.5 stars favorite -19h",[],"{""mediaType"":""movie"",""title"":""Changeling, The"",""rating"":5,""favorite"":true,""timeOffset"":""-PT19H""}",media-data.csv:000769
media-data.csv:000770,film tiger raid 4,[],"{""mediaType"":""movie"",""title"":""Tiger Raid"",""rating"":4,""favorite"":false,""timeOffset"":""PT0M""}",media-data.csv:000770
media-data.csv:000771,watched children of men 1.5 stars 12 hours ago,[],"{""mediaType"":""movie"",""title"":""Children of Men"",""rating"":3,""favorite"":false,""timeOffset"":""-PT12H""}",media-data.csv:000771
media-data.csv:000772,movie dances with wolves 3.5 stars 15 days ago,[],"{""mediaType"":""movie"",""title"":""Dances with Wolves"",""rating"":7,""favorite"":false,""timeOffset"":""-P15D""}",media-data.csv:000772
media-data.csv:000773,film must love dogs 1/10,[],"{""mediaType"":""movie"",""title"":""Must Love Dogs"",""rating"":1,""favorite"":false,""timeOffset"":""PT0M""}",media-data.csv:000773
media-data.csv:000774,film twelve monkeys (a.k.a. 12 monkeys) 9/10 -14d,[],"{""mediaType"":""movie"",""title"":""Twelve Monkeys (a.k.a. 12 Monkeys)"",""rating"":9,""favorite"":false,""timeOffset"":""-P14D""}",media-data.csv:000774
media-data.csv:000775,watched somewhere in time 2 stars 23 days ago,[],"{""mediaType"":""movie"",""title"":""Somewhere in Time"",""rating"":4,""favorite"":false,""timeOffset"":""-P23D""}",media-data.csv:000775
media-data.csv:000776,movie vertigo 8/10 favourite -6h,[],"{""mediaType"":""movie"",""title"":""Vertigo"",""rating"":8,""favorite"":true,""timeOffset"":""-PT6H""}",media-data.csv:000776
media-data.csv:000777,watched batman forever 6/10 -23h,[],"{""mediaType"":""movie"",""title"":""Batman Forever"",""rating"":6,""favorite"":false,""timeOffset"":""-PT23H""}",media-data.csv:000777
media-data.csv:000778,film saving private ryan 10,[],"{""mediaType"":""movie"",""title"":""Saving Private Ryan"",""rating"":10,""favorite"":false,""timeOffset"":""PT0M""}",media-data.csv:000778
media-data.csv:000779,saw talk radio 6,[],"{""mediaType"":""movie"",""title"":""Talk Radio"",""rating"":6,""favorite"":false,""timeOffset"":""PT0M""}",media-data.csv:000779
media-data.csv:000780,movie bad girls 4,[],"{""mediaType"":""movie"",""title"":""Bad Girls"",""rating"":4,""favorite"":false,""timeOffset"":""PT0M""}",media-data.csv:000780
media-data.csv:000781,movie fled 2 stars 16 days ago,[],"{""mediaType"":""movie"",""title"":""Fled"",""rating"":4,""favorite"":false,""timeOffset"":""-P16D""}",media-data.csv:000781
media-data.csv:000782,"watched perez family, the 3 stars",[],"{""mediaType"":""movie"",""title"":""Perez Family, The"",""rating"":6,""favorite"":false,""timeOffset"":""PT0M""}",media-data.csv:000782
media-data.csv:000783,film laws of attraction 2/10,[],"{""mediaType"":""movie"",""title"":""Laws of Attraction"",""rating"":2,""favorite"":false,""timeOffset"":""PT0M""}",media-data.csv:000783
media-data.csv:000784,saw superman ii 4,[],"{""mediaType"":""movie"",""title"":""Superman II"",""rating"":4,""favorite"":false,""timeOffset"":""PT0M""}",media-data.csv:000784
media-data.csv:000785,movie chicago 8,[],"{""mediaType"":""movie"",""title"":""Chicago"",""rating"":8,""favorite"":false,""timeOffset"":""PT0M""}",media-data.csv:000785
media-data.csv:000786,saw kill bill: vol. 2 4 stars favourite,[],"{""mediaType"":""movie"",""title"":""Kill Bill: Vol. 2"",""rating"":8,""favorite"":true,""timeOffset"":""PT0M""}",media-data.csv:000786
media-data.csv:000787,"movie world's end, the 4 stars",[],"{""mediaType"":""movie"",""title"":""World's End, The"",""rating"":8,""favorite"":false,""timeOffset"":""PT0M""}",media-data.csv:000787
media-data.csv:000788,watched on the waterfront 9 fav,[],"{""mediaType"":""movie"",""title"":""On the Waterfront"",""rating"":9,""favorite"":true,""timeOffset"":""PT0M""}",media-data.csv:000788
media-data.csv:000789,movie hide and seek 2,[],"{""mediaType"":""movie"",""title"":""Hide and Seek"",""rating"":2,""favorite"":false,""timeOffset"":""PT0M""}",media-data.csv:000789
media-data.csv:000790,movie along came a spider 3 stars,[],"{""mediaType"":""movie"",""title"":""Along Came a Spider"",""rating"":6,""favorite"":false,""timeOffset"":""PT0M""}",media-data.csv:000790
media-data.csv:000791,movie my blue heaven 3 stars 2 days ago,[],"{""mediaType"":""movie"",""title"":""My Blue Heaven"",""rating"":6,""favorite"":false,""timeOffset"":""-P2D""}",media-data.csv:000791
media-data.csv:000792,saw garden state 2 stars,[],"{""mediaType"":""movie"",""title"":""Garden State"",""rating"":4,""favorite"":false,""timeOffset"":""PT0M""}",media-data.csv:000792
media-data.csv:000793,watched moulin rouge 10 favourite 23h ago,[],"{""mediaType"":""movie"",""title"":""Moulin Rouge"",""rating"":10,""favorite"":true,""timeOffset"":""-PT23H""}",media-data.csv:000793
media-data.csv:000794,film shakespeare in love 2/10,[],"{""mediaType"":""movie"",""title"":""Shakespeare in Love"",""rating"":2,""favorite"":false,""timeOffset"":""PT0M""}",media-data.csv:000794
media-data.csv:000795,film guess who's coming to dinner 5 stars,[],"{""mediaType"":""movie"",""title"":""Guess Who's Coming to Dinner"",""rating"":10,""favorite"":false,""timeOffset"":""PT0M""}",media-data.csv:000795
media-data.csv:000796,watched hairspray (1988) 3 stars -19d,[],"{""mediaType"":""movie"",""title"":""Hairspray (1988)"",""rating"":6,""favorite"":false,""timeOffset"":""-P19D""}",media-data.csv:000796
media-data.csv:000797,movie paul blart: mall cop 2 3.5 stars 7h ago,[],"{""mediaType"":""movie"",""title"":""Paul Blart: Mall Cop 2"",""rating"":7,""favorite"":false,""timeOffset"":""-PT7H""}",media-data.csv:000797
media-data.csv:000798,film drowning mona 4/10,[],"{""mediaType"":""movie"",""title"":""Drowning Mona"",""rating"":4,""favorite"":false,""timeOffset"":""PT0M""}",media-data.csv:000798
media-data.csv:000799,movie 3:10 to yuma (2007) 3 stars heart,[],"{""mediaType"":""movie"",""title"":""3:10 to Yuma (2007)"",""rating"":6,""favorite"":true,""timeOffset"":""PT0M""}",media-data.csv:000799
media-data.csv:000800,movie wayne's world 5/10,[],"{""mediaType"":""movie"",""title"":""Wayne's World"",""rating"":5,""favorite"":false,""timeOffset"":""PT0M""}",media-data.csv:000800
media-data.csv:000801,watched von ryan's express 3.5 stars,[],"{""mediaType"":""movie"",""title"":""Von Ryan's Express"",""rating"":7,""favorite"":false,""timeOffset"":""PT0M""}",media-data.csv:000801
media-data.csv:000802,watched enemy mine 9/10,[],"{""mediaType"":""movie"",""title"":""Enemy Mine"",""rating"":9,""favorite"":false,""timeOffset"":""PT0M""}",media-data.csv:000802
media-data.csv:000803,film ip man 2 7 favorite,[],"{""mediaType"":""movie"",""title"":""Ip Man 2"",""rating"":7,""favorite"":true,""timeOffset"":""PT0M""}",media-data.csv:000803
media-data.csv:000804,watched flatliners 5/10 heart -15d,[],"{""mediaType"":""movie"",""title"":""Flatliners"",""rating"":5,""favorite"":true,""timeOffset"":""-P15D""}",media-data.csv:000804
media-data.csv:000805,saw star trek: the motion picture 3 stars -12d,[],"{""mediaType"":""movie"",""title"":""Star Trek: The Motion Picture"",""rating"":6,""favorite"":false,""timeOffset"":""-P12D""}",media-data.csv:000805
media-data.csv:000806,film across the universe 6,[],"{""mediaType"":""movie"",""title"":""Across the Universe"",""rating"":6,""favorite"":false,""timeOffset"":""PT0M""}",media-data.csv:000806
media-data.csv:000807,saw gattaca 3.5 stars heart,[],"{""mediaType"":""movie"",""title"":""Gattaca"",""rating"":7,""favorite"":true,""timeOffset"":""PT0M""}",media-data.csv:000807
media-data.csv:000808,film mission: impossible 6 4 days ago,[],"{""mediaType"":""movie"",""title"":""Mission: Impossible"",""rating"":6,""favorite"":false,""timeOffset"":""-P4D""}",media-data.csv:000808
media-data.csv:000809,"movie treasure of the sierra madre, the 10 favorite -4h",[],"{""mediaType"":""movie"",""title"":""Treasure of the Sierra Madre, The"",""rating"":10,""favorite"":true,""timeOffset"":""-PT4H""}",media-data.csv:000809
media-data.csv:000810,saw king kong (1933) 10/10,[],"{""mediaType"":""movie"",""title"":""King Kong (1933)"",""rating"":10,""favorite"":false,""timeOffset"":""PT0M""}",media-data.csv:000810
media-data.csv:000811,saw night at the museum: secret of the tomb 7/10,[],"{""mediaType"":""movie"",""title"":""Night at the Museum: Secret of the Tomb"",""rating"":7,""favorite"":false,""timeOffset"":""PT0M""}",media-data.csv:000811
media-data.csv:000812,"movie i, robot 7 21d ago",[],"{""mediaType"":""movie"",""title"":""I, Robot"",""rating"":7,""favorite"":false,""timeOffset"":""-P21D""}",media-data.csv:000812
media-data.csv:000813,movie rumor has it... 3 stars,[],"{""mediaType"":""movie"",""title"":""Rumor Has It..."",""rating"":6,""favorite"":false,""timeOffset"":""PT0M""}",media-data.csv:000813
media-data.csv:000814,watched one flew over the cuckoo's nest 10,[],"{""mediaType"":""movie"",""title"":""One Flew Over the Cuckoo's Nest"",""rating"":10,""favorite"":false,""timeOffset"":""PT0M""}",media-data.csv:000814
media-data.csv:000815,watched boys don't cry 6/10,[],"{""mediaType"":""movie"",""title"":""Boys Don't Cry"",""rating"":6,""favorite"":false,""timeOffset"":""PT0M""}",media-data.csv:000815
media-data.csv:000816,film twister (1996) 1 star,[],"{""mediaType"":""movie"",""title"":""Twister (1996)"",""rating"":2,""favorite"":false,""timeOffset"":""PT0M""}",media-data.csv:000816
media-data.csv:000817,"movie legend of bagger vance, the 3.5 stars",[],"{""mediaType"":""movie"",""title"":""Legend of Bagger Vance, The"",""rating"":7,""favorite"":false,""timeOffset"":""PT0M""}",media-data.csv:000817
media-data.csv:000818,"film night at the opera, a 3.5 stars",[],"{""mediaType"":""movie"",""title"":""Night at the Opera, A"",""rating"":7,""favorite"":false,""timeOffset"":""PT0M""}",media-data.csv:000818
media-data.csv:000819,film requiem for a dream 4 stars,[],"{""mediaType"":""movie"",""title"":""Requiem for a Dream"",""rating"":8,""favorite"":false,""timeOffset"":""PT0M""}",media-data.csv:000819
media-data.csv:000820,movie frozen (2013) 7/10,[],"{""mediaType"":""movie"",""title"":""Frozen (2013)"",""rating"":7,""favorite"":false,""timeOffset"":""PT0M""}",media-data.csv:000820
media-data.csv:000821,"film man in the iron mask, the 8/10 22 days ago",[],"{""mediaType"":""movie"",""title"":""Man in the Iron Mask, The"",""rating"":8,""favorite"":false,""timeOffset"":""-P22D""}",media-data.csv:000821
media-data.csv:000822,film men in black ii (a.k.a. miib) (a.k.a. mib 2) 6 fav,[],"{""mediaType"":""movie"",""title"":""Men in Black II (a.k.a. MIIB) (a.k.a. MIB 2)"",""rating"":6,""favorite"":true,""timeOffset"":""PT0M""}",media-data.csv:000822
media-data.csv:000823,movie goldeneye 2 stars 9 hours ago,[],"{""mediaType"":""movie"",""title"":""GoldenEye"",""rating"":4,""favorite"":false,""timeOffset"":""-PT9H""}",media-data.csv:000823
media-data.csv:000824,film local hero 4 stars 20h ago,[],"{""mediaType"":""movie"",""title"":""Local Hero"",""rating"":8,""favorite"":false,""timeOffset"":""-PT20H""}",media-data.csv:000824
media-data.csv:000825,movie hot fuzz 4.5 stars,[],"{""mediaType"":""movie"",""title"":""Hot Fuzz"",""rating"":9,""favorite"":false,""timeOffset"":""PT0M""}",media-data.csv:000825
media-data.csv:000826,"movie wizard of oz, the 8 -6h",[],"{""mediaType"":""movie"",""title"":""Wizard of Oz, The"",""rating"":8,""favorite"":false,""timeOffset"":""-PT6H""}",media-data.csv:000826
media-data.csv:000827,"watched postman, the (postino, il) 8",[],"{""mediaType"":""movie"",""title"":""Postman, The (Postino, Il)"",""rating"":8,""favorite"":false,""timeOffset"":""PT0M""}",media-data.csv:000827
media-data.csv:000828,movie memoirs of a geisha 3.5 stars,[],"{""mediaType"":""movie"",""title"":""Memoirs of a Geisha"",""rating"":7,""favorite"":false,""timeOffset"":""PT0M""}",media-data.csv:000828
media-data.csv:000829,"movie horse whisperer, the 7 14 days ago",[],"{""mediaType"":""movie"",""title"":""Horse Whisperer, The"",""rating"":7,""favorite"":false,""timeOffset"":""-P14D""}",media-data.csv:000829
media-data.csv:000830,watched letters from iwo jima 7/10,[],"{""mediaType"":""movie"",""title"":""Letters from Iwo Jima"",""rating"":7,""favorite"":false,""timeOffset"":""PT0M""}",media-data.csv:000830
media-data.csv:000831,watched inception 5 stars -7d,[],"{""mediaType"":""movie"",""title"":""Inception"",""rating"":10,""favorite"":false,""timeOffset"":""-P7D""}",media-data.csv:000831
media-data.csv:000832,"watched lot like love, a 7",[],"{""mediaType"":""movie"",""title"":""Lot Like Love, A"",""rating"":7,""favorite"":false,""timeOffset"":""PT0M""}",media-data.csv:000832
media-data.csv:000833,film varsity blues 4/10,[],"{""mediaType"":""movie"",""title"":""Varsity Blues"",""rating"":4,""favorite"":false,""timeOffset"":""PT0M""}",media-data.csv:000833
media-data.csv:000834,watched willy wonka & the chocolate factory 4 stars,[],"{""mediaType"":""movie"",""title"":""Willy Wonka & the Chocolate Factory"",""rating"":8,""favorite"":false,""timeOffset"":""PT0M""}",media-data.csv:000834
media-data.csv:000835,saw sin city 4.5 stars -10h,[],"{""mediaType"":""movie"",""title"":""Sin City"",""rating"":9,""favorite"":false,""timeOffset"":""-PT10H""}",media-data.csv:000835
media-data.csv:000836,movie land before time iii: the time of the great giving 6 -13d,[],"{""mediaType"":""movie"",""title"":""Land Before Time III: The Time of the Great Giving"",""rating"":6,""favorite"":false,""timeOffset"":""-P13D""}",media-data.csv:000836
media-data.csv:000837,watched superman 5/10,[],"{""mediaType"":""movie"",""title"":""Superman"",""rating"":5,""favorite"":false,""timeOffset"":""PT0M""}",media-data.csv:000837
media-data.csv:000838,saw billy madison 4,[],"{""mediaType"":""movie"",""title"":""Billy Madison"",""rating"":4,""favorite"":false,""timeOffset"":""PT0M""}",media-data.csv:000838
media-data.csv:000839,film a silent voice 5 stars 19d ago,[],"{""mediaType"":""movie"",""title"":""A Silent Voice"",""rating"":10,""favorite"":false,""timeOffset"":""-P19D""}",media-data.csv:000839
media-data.csv:000840,movie bowfinger 2.5 stars,[],"{""mediaType"":""movie"",""title"":""Bowfinger"",""rating"":5,""favorite"":false,""timeOffset"":""PT0M""}",media-data.csv:000840
media-data.csv:000841,"watched league of their own, a 4 stars favorite",[],"{""mediaType"":""movie"",""title"":""League of Their Own, A"",""rating"":8,""favorite"":true,""timeOffset"":""PT0M""}",media-data.csv:000841
media-data.csv:000842,"saw amelie (fabuleux destin d'amélie poulain, le) 4.5 stars favorite",[],"{""mediaType"":""movie"",""title"":""Amelie (Fabuleux destin d'Am\u00e9lie Poulain, Le)"",""rating"":9,""favorite"":true,""timeOffset"":""PT0M""}",media-data.csv:000842
media-data.csv:000843,watched rosemary's baby 9/10 4 hours ago,[],"{""mediaType"":""movie"",""title"":""Rosemary's Baby"",""rating"":9,""favorite"":false,""timeOffset"":""-PT4H""}",media-data.csv:000843
media-data.csv:000844,watched leave it to beaver 2 stars favourite -20h,[],"{""mediaType"":""movie"",""title"":""Leave It to Beaver"",""rating"":4,""favorite"":true,""timeOffset"":""-PT20H""}",media-data.csv:000844
media-data.csv:000845,saw moneyball 4 stars 16h ago,[],"{""mediaType"":""movie"",""title"":""Moneyball"",""rating"":8,""favorite"":false,""timeOffset"":""-PT16H""}",media-data.csv:000845
media-data.csv:000846,film sin city 10/10,[],"{""mediaType"":""movie"",""title"":""Sin City"",""rating"":10,""favorite"":false,""timeOffset"":""PT0M""}",media-data.csv:000846
media-data.csv:000847,movie mrs. doubtfire 8/10 18d ago,[],"{""mediaType"":""movie"",""title"":""Mrs. Doubtfire"",""rating"":8,""favorite"":false,""timeOffset"":""-P18D""}",media-data.csv:000847
media-data.csv:000848,watched maelström 8 16h ago,[],"{""mediaType"":""movie"",""title"":""Maelstr\u00f6m"",""rating"":8,""favorite"":false,""timeOffset"":""-PT16H""}",media-data.csv:000848
media-data.csv:000849,movie rocky 10 favorite,[],"{""mediaType"":""movie"",""title"":""Rocky"",""rating"":10,""favorite"":true,""timeOffset"":""PT0M""}",media-data.csv:000849
media-data.csv:000850,film cliffhanger 3 stars fav 6 hours ago,[],"{""mediaType"":""movie"",""title"":""Cliffhanger"",""rating"":6,""favorite"":true,""timeOffset"":""-PT6H""}",media-data.csv:000850
media-data.csv:000851,movie total recall (1990) 10 loved,[],"{""mediaType"":""movie"",""title"":""Total Recall (1990)"",""rating"":10,""favorite"":true,""timeOffset"":""PT0M""}",media-data.csv:000851
media-data.csv:000852,saw taxi driver 5 stars heart 16 hours ago,[],"{""mediaType"":""movie"",""title"":""Taxi Driver"",""rating"":10,""favorite"":true,""timeOffset"":""-PT16H""}",media-data.csv:000852
media-data.csv:000853,"film sixth sense, the 5 stars 12d ago",[],"{""mediaType"":""movie"",""title"":""Sixth Sense, The"",""rating"":10,""favorite"":false,""timeOffset"":""-P12D""}",media-data.csv:000853
media-data.csv:000854,movie star trek: the motion picture 8 -4d,[],"{""mediaType"":""movie"",""title"":""Star Trek: The Motion Picture"",""rating"":8,""favorite"":false,""timeOffset"":""-P4D""}",media-data.csv:000854
media-data.csv:000855,film pulp fiction 8/10 loved,[],"{""mediaType"":""movie"",""title"":""Pulp Fiction"",""rating"":8,""favorite"":true,""timeOffset"":""PT0M""}",media-data.csv:000855
media-data.csv:000856,watched star wars: episode iv - a new hope 10,[],"{""mediaType"":""movie"",""title"":""Star Wars: Episode IV - A New Hope"",""rating"":10,""favorite"":false,""timeOffset"":""PT0M""}",media-data.csv:000856
media-data.csv:000857,movie good will hunting 3.5 stars favorite 16h ago,[],"{""mediaType"":""movie"",""title"":""Good Will Hunting"",""rating"":7,""favorite"":true,""timeOffset"":""-PT16H""}",media-data.csv:000857
media-data.csv:000858,movie pirates of the caribbean: on stranger tides 5 stars fav,[],"{""mediaType"":""movie"",""title"":""Pirates of the Caribbean: On Stranger Tides"",""rating"":10,""favorite"":true,""timeOffset"":""PT0M""}",media-data.csv:000858
media-data.csv:000859,watched searching for bobby fischer 6/10,[],"{""mediaType"":""movie"",""title"":""Searching for Bobby Fischer"",""rating"":6,""favorite"":false,""timeOffset"":""PT0M""}",media-data.csv:000859
media-data.csv:000860,watched jackie brown 8,[],"{""mediaType"":""movie"",""title"":""Jackie Brown"",""rating"":8,""favorite"":false,""timeOffset"":""PT0M""}",media-data.csv:000860
media-data.csv:000861,"watched color purple, the 8/10 20 days ago",[],"{""mediaType"":""movie"",""title"":""Color Purple, The"",""rating"":8,""favorite"":false,""timeOffset"":""-P20D""}",media-data.csv:000861
media-data.csv:000862,watched spotlight 8/10,[],"{""mediaType"":""movie"",""title"":""Spotlight"",""rating"":8,""favorite"":false,""timeOffset"":""PT0M""}",media-data.csv:000862
media-data.csv:000863,movie blow 3 stars,[],"{""mediaType"":""movie"",""title"":""Blow"",""rating"":6,""favorite"":false,""timeOffset"":""PT0M""}",media-data.csv:000863
media-data.csv:000864,saw back to the future part ii 3 stars,[],"{""mediaType"":""movie"",""title"":""Back to the Future Part II"",""rating"":6,""favorite"":false,""timeOffset"":""PT0M""}",media-data.csv:000864
media-data.csv:000865,movie blazing saddles 4 stars,[],"{""mediaType"":""movie"",""title"":""Blazing Saddles"",""rating"":8,""favorite"":false,""timeOffset"":""PT0M""}",media-data.csv:000865
media-data.csv:000866,movie austin powers: the spy who shagged me 6/10,[],"{""mediaType"":""movie"",""title"":""Austin Powers: The Spy Who Shagged Me"",""rating"":6,""favorite"":false,""timeOffset"":""PT0M""}",media-data.csv:000866
media-data.csv:000867,saw stir of echoes 8 26 days ago,[],"{""mediaType"":""movie"",""title"":""Stir of Echoes"",""rating"":8,""favorite"":false,""timeOffset"":""-P26D""}",media-data.csv:000867
media-data.csv:000868,watched chicken little 8/10,[],"{""mediaType"":""movie"",""title"":""Chicken Little"",""rating"":8,""favorite"":false,""timeOffset"":""PT0M""}",media-data.csv:000868
media-data.csv:000869,watched igby goes down 3/10 loved,[],"{""mediaType"":""movie"",""title"":""Igby Goes Down"",""rating"":3,""favorite"":true,""timeOffset"":""PT0M""}",media-data.csv:000869
media-data.csv:000870,saw oliver! 6,[],"{""mediaType"":""movie"",""title"":""Oliver!"",""rating"":6,""favorite"":false,""timeOffset"":""PT0M""}",media-data.csv:000870
media-data.csv:000871,saw unprecedented: the 2000 presidential election 7 fav 16h ago,[],"{""mediaType"":""movie"",""title"":""Unprecedented: The 2000 Presidential Election"",""rating"":7,""favorite"":true,""timeOffset"":""-PT16H""}",media-data.csv:000871
media-data.csv:000872,saw home alone 2: lost in new york 10,[],"{""mediaType"":""movie"",""title"":""Home Alone 2: Lost in New York"",""rating"":10,""favorite"":false,""timeOffset"":""PT0M""}",media-data.csv:000872
media-data.csv:000873,"saw last dragon, the 1 star",[],"{""mediaType"":""movie"",""title"":""Last Dragon, The"",""rating"":2,""favorite"":false,""timeOffset"":""PT0M""}",media-data.csv:000873
media-data.csv:000874,watched dangerous minds 4/10,[],"{""mediaType"":""movie"",""title"":""Dangerous Minds"",""rating"":4,""favorite"":false,""timeOffset"":""PT0M""}",media-data.csv:000874
media-data.csv:000875,"film godzilla, king of the monsters! (kaijû-ô gojira) 6/10",[],"{""mediaType"":""movie"",""title"":""Godzilla, King of the Monsters! (Kaij\u00fb-\u00f4 Gojira)"",""rating"":6,""favorite"":false,""timeOffset"":""PT0M""}",media-data.csv:000875
media-data.csv:000876,movie olympus has fallen 7/10,[],"{""mediaType"":""movie"",""title"":""Olympus Has Fallen"",""rating"":7,""favorite"":false,""timeOffset"":""PT0M""}",media-data.csv:000876
media-data.csv:000877,"film new world, the 3 stars",[],"{""mediaType"":""movie"",""title"":""New World, The"",""rating"":6,""favorite"":false,""timeOffset"":""PT0M""}",media-data.csv:000877
media-data.csv:000878,film saving private ryan 8 -20d,[],"{""mediaType"":""movie"",""title"":""Saving Private Ryan"",""rating"":8,""favorite"":false,""timeOffset"":""-P20D""}",media-data.csv:000878
media-data.csv:000879,film thursday 8/10 6h ago,[],"{""mediaType"":""movie"",""title"":""Thursday"",""rating"":8,""favorite"":false,""timeOffset"":""-PT6H""}",media-data.csv:000879
media-data.csv:000880,"watched blues brothers, the 10/10 3d ago",[],"{""mediaType"":""movie"",""title"":""Blues Brothers, The"",""rating"":10,""favorite"":false,""timeOffset"":""-P3D""}",media-data.csv:000880
media-data.csv:000881,watched heat 7/10,[],"{""mediaType"":""movie"",""title"":""Heat"",""rating"":7,""favorite"":false,""timeOffset"":""PT0M""}",media-data.csv:000881
media-data.csv:000882,saw robin hood (1973) 6 23d ago,[],"{""mediaType"":""movie"",""title"":""Robin Hood (1973)"",""rating"":6,""favorite"":false,""timeOffset"":""-P23D""}",media-data.csv:000882
media-data.csv:000883,film happy gilmore 4 stars,[],"{""mediaType"":""movie"",""title"":""Happy Gilmore"",""rating"":8,""favorite"":false,""timeOffset"":""PT0M""}",media-data.csv:000883
media-data.csv:000884,movie ghostbusters ii 8,[],"{""mediaType"":""movie"",""title"":""Ghostbusters II"",""rating"":8,""favorite"":false,""timeOffset"":""PT0M""}",media-data.csv:000884
media-data.csv:000885,film stan helsing 2/10 -25d,[],"{""mediaType"":""movie"",""title"":""Stan Helsing"",""rating"":2,""favorite"":false,""timeOffset"":""-P25D""}",media-data.csv:000885
media-data.csv:000886,movie desperado 10,[],"{""mediaType"":""movie"",""title"":""Desperado"",""rating"":10,""favorite"":false,""timeOffset"":""PT0M""}",media-data.csv:000886
media-data.csv:000887,watched 42nd street 10/10 loved,[],"{""mediaType"":""movie"",""title"":""42nd Street"",""rating"":10,""favorite"":true,""timeOffset"":""PT0M""}",media-data.csv:000887
media-data.csv:000888,"movie big lebowski, the 1 star 11h ago",[],"{""mediaType"":""movie"",""title"":""Big Lebowski, The"",""rating"":2,""favorite"":false,""timeOffset"":""-PT11H""}",media-data.csv:000888
media-data.csv:000889,movie far from heaven 2.5 stars,[],"{""mediaType"":""movie"",""title"":""Far from Heaven"",""rating"":5,""favorite"":false,""timeOffset"":""PT0M""}",media-data.csv:000889
media-data.csv:000890,movie following 3.5 stars,[],"{""mediaType"":""movie"",""title"":""Following"",""rating"":7,""favorite"":false,""timeOffset"":""PT0M""}",media-data.csv:000890
media-data.csv:000891,"movie big blue, the (grand bleu, le) 6/10 12d ago",[],"{""mediaType"":""movie"",""title"":""Big Blue, The (Grand bleu, Le)"",""rating"":6,""favorite"":false,""timeOffset"":""-P12D""}",media-data.csv:000891
media-data.csv:000892,film tremors ii: aftershocks 7 -22d,[],"{""mediaType"":""movie"",""title"":""Tremors II: Aftershocks"",""rating"":7,""favorite"":false,""timeOffset"":""-P22D""}",media-data.csv:000892
media-data.csv:000893,saw bridget jones: the edge of reason 6/10,[],"{""mediaType"":""movie"",""title"":""Bridget Jones: The Edge of Reason"",""rating"":6,""favorite"":false,""timeOffset"":""PT0M""}",media-data.csv:000893
media-data.csv:000894,"movie mummy, the (1999) 1",[],"{""mediaType"":""movie"",""title"":""Mummy, The (1999)"",""rating"":1,""favorite"":false,""timeOffset"":""PT0M""}",media-data.csv:000894
media-data.csv:000895,"movie graduate, the 3 stars 12 hours ago",[],"{""mediaType"":""movie"",""title"":""Graduate, The"",""rating"":6,""favorite"":false,""timeOffset"":""-PT12H""}",media-data.csv:000895
media-data.csv:000896,saw twelfth night 3 stars loved,[],"{""mediaType"":""movie"",""title"":""Twelfth Night"",""rating"":6,""favorite"":true,""timeOffset"":""PT0M""}",media-data.csv:000896
media-data.csv:000897,film red 6/10,[],"{""mediaType"":""movie"",""title"":""Red"",""rating"":6,""favorite"":false,""timeOffset"":""PT0M""}",media-data.csv:000897
media-data.csv:000898,film teenage mutant ninja turtles ii: the secret of the ooze 2,[],"{""mediaType"":""movie"",""title"":""Teenage Mutant Ninja Turtles II: The Secret of the Ooze"",""rating"":2,""favorite"":false,""timeOffset"":""PT0M""}",media-data.csv:000898
media-data.csv:000899,movie my favorite martian 6/10,[],"{""mediaType"":""movie"",""title"":""My Favorite Martian"",""rating"":6,""favorite"":false,""timeOffset"":""PT0M""}",media-data.csv:000899
media-data.csv:000900,saw animal crackers 4 stars,[],"{""mediaType"":""movie"",""title"":""Animal Crackers"",""rating"":8,""favorite"":false,""timeOffset"":""PT0M""}",media-data.csv:000900
media-data.csv:000901,movie bananas 7/10,[],"{""mediaType"":""movie"",""title"":""Bananas"",""rating"":7,""favorite"":false,""timeOffset"":""PT0M""}",media-data.csv:000901
media-data.csv:000902,saw ace ventura: pet detective 5 stars -1h,[],"{""mediaType"":""movie"",""title"":""Ace Ventura: Pet Detective"",""rating"":10,""favorite"":false,""timeOffset"":""-PT1H""}",media-data.csv:000902
media-data.csv:000903,movie yojimbo 4.5 stars favourite,[],"{""mediaType"":""movie"",""title"":""Yojimbo"",""rating"":9,""favorite"":true,""timeOffset"":""PT0M""}",media-data.csv:000903
media-data.csv:000904,movie midnight in paris 7/10,[],"{""mediaType"":""movie"",""title"":""Midnight in Paris"",""rating"":7,""favorite"":false,""timeOffset"":""PT0M""}",media-data.csv:000904
media-data.csv:000905,watched little shop of horrors 6 heart,[],"{""mediaType"":""movie"",""title"":""Little Shop of Horrors"",""rating"":6,""favorite"":true,""timeOffset"":""PT0M""}",media-data.csv:000905
media-data.csv:000906,film sunset blvd. (a.k.a. sunset boulevard) 5 stars,[],"{""mediaType"":""movie"",""title"":""Sunset Blvd. (a.k.a. Sunset Boulevard)"",""rating"":10,""favorite"":false,""timeOffset"":""PT0M""}",media-data.csv:000906
media-data.csv:000907,film mighty morphin power rangers: the movie 1 star,[],"{""mediaType"":""movie"",""title"":""Mighty Morphin Power Rangers: The Movie"",""rating"":2,""favorite"":false,""timeOffset"":""PT0M""}",media-data.csv:000907
media-data.csv:000908,watched team america: world police 3 stars favorite,[],"{""mediaType"":""movie"",""title"":""Team America: World Police"",""rating"":6,""favorite"":true,""timeOffset"":""PT0M""}",media-data.csv:000908
media-data.csv:000909,movie risky business 3.5 stars favourite,[],"{""mediaType"":""movie"",""title"":""Risky Business"",""rating"":7,""favorite"":true,""timeOffset"":""PT0M""}",media-data.csv:000909
media-data.csv:000910,"saw life aquatic with steve zissou, the 10",[],"{""mediaType"":""movie"",""title"":""Life Aquatic with Steve Zissou, The"",""rating"":10,""favorite"":false,""timeOffset"":""PT0M""}",media-data.csv:000910
media-data.csv:000911,film love actually 7 28d ago,[],"{""mediaType"":""movie"",""title"":""Love Actually"",""rating"":7,""favorite"":false,""timeOffset"":""-P28D""}",media-data.csv:000911
media-data.csv:000912,"watched book of eli, the 7",[],"{""mediaType"":""movie"",""title"":""Book of Eli, The"",""rating"":7,""favorite"":false,""timeOffset"":""PT0M""}",media-data.csv:000912
media-data.csv:000913,"watched paper, the 4 stars",[],"{""mediaType"":""movie"",""title"":""Paper, The"",""rating"":8,""favorite"":false,""timeOffset"":""PT0M""}",media-data.csv:000913
media-data.csv:000914,film back to the future 10/10,[],"{""mediaType"":""movie"",""title"":""Back to the Future"",""rating"":10,""favorite"":false,""timeOffset"":""PT0M""}",media-data.csv:000914
media-data.csv:000915,watched independence day (a.k.a. id4) 8/10,[],"{""mediaType"":""movie"",""title"":""Independence Day (a.k.a. ID4)"",""rating"":8,""favorite"":false,""timeOffset"":""PT0M""}",media-data.csv:000915
media-data.csv:000916,movie stargate 2 stars favourite,[],"{""mediaType"":""movie"",""title"":""Stargate"",""rating"":4,""favorite"":true,""timeOffset"":""PT0M""}",media-data.csv:000916
media-data.csv:000917,saw quiz show 6/10,[],"{""mediaType"":""movie"",""title"":""Quiz Show"",""rating"":6,""favorite"":false,""timeOffset"":""PT0M""}",media-data.csv:000917
media-data.csv:000918,"film godfather: part iii, the 8/10",[],"{""mediaType"":""movie"",""title"":""Godfather: Part III, The"",""rating"":8,""favorite"":false,""timeOffset"":""PT0M""}",media-data.csv:000918
media-data.csv:000919,"movie magdalene sisters, the 10/10 -8d",[],"{""mediaType"":""movie"",""title"":""Magdalene Sisters, The"",""rating"":10,""favorite"":false,""timeOffset"":""-P8D""}",media-data.csv:000919
media-data.csv:000920,watched notorious (1946) 8,[],"{""mediaType"":""movie"",""title"":""Notorious (1946)"",""rating"":8,""favorite"":false,""timeOffset"":""PT0M""}",media-data.csv:000920
media-data.csv:000921,saw x-men origins: wolverine 0.5 stars,[],"{""mediaType"":""movie"",""title"":""X-Men Origins: Wolverine"",""rating"":1,""favorite"":false,""timeOffset"":""PT0M""}",media-data.csv:000921
media-data.csv:000922,film faces of death 2 stars 9 days ago,[],"{""mediaType"":""movie"",""title"":""Faces of Death"",""rating"":4,""favorite"":false,""timeOffset"":""-P9D""}",media-data.csv:000922
media-data.csv:000923,movie up in the air 7,[],"{""mediaType"":""movie"",""title"":""Up in the Air"",""rating"":7,""favorite"":false,""timeOffset"":""PT0M""}",media-data.csv:000923
media-data.csv:000924,"film manchurian candidate, the (1962) 4 stars",[],"{""mediaType"":""movie"",""title"":""Manchurian Candidate, The (1962)"",""rating"":8,""favorite"":false,""timeOffset"":""PT0M""}",media-data.csv:000924
media-data.csv:000925,saw ed wood 5 stars,[],"{""mediaType"":""movie"",""title"":""Ed Wood"",""rating"":10,""favorite"":false,""timeOffset"":""PT0M""}",media-data.csv:000925
media-data.csv:000926,saw u.s. marshals 3 stars,[],"{""mediaType"":""movie"",""title"":""U.S. Marshals"",""rating"":6,""favorite"":false,""timeOffset"":""PT0M""}",media-data.csv:000926
media-data.csv:000927,watched catwoman 3 7h ago,[],"{""mediaType"":""movie"",""title"":""Catwoman"",""rating"":3,""favorite"":false,""timeOffset"":""-PT7H""}",media-data.csv:000927
media-data.csv:000928,movie tracers 2,[],"{""mediaType"":""movie"",""title"":""Tracers"",""rating"":2,""favorite"":false,""timeOffset"":""PT0M""}",media-data.csv:000928
media-data.csv:000929,saw austin powers in goldmember 4/10 16 hours ago,[],"{""mediaType"":""movie"",""title"":""Austin Powers in Goldmember"",""rating"":4,""favorite"":false,""timeOffset"":""-PT16H""}",media-data.csv:000929
media-data.csv:000930,saw stargate 4 stars fav,[],"{""mediaType"":""movie"",""title"":""Stargate"",""rating"":8,""favorite"":true,""timeOffset"":""PT0M""}",media-data.csv:000930
media-data.csv:000931,"watched great dictator, the 4.5 stars -11d",[],"{""mediaType"":""movie"",""title"":""Great Dictator, The"",""rating"":9,""favorite"":false,""timeOffset"":""-P11D""}",media-data.csv:000931
media-data.csv:000932,"watched birdcage, the 10 -18d",[],"{""mediaType"":""movie"",""title"":""Birdcage, The"",""rating"":10,""favorite"":false,""timeOffset"":""-P18D""}",media-data.csv:000932
media-data.csv:000933,watched turbo kid 8/10,[],"{""mediaType"":""movie"",""title"":""Turbo Kid"",""rating"":8,""favorite"":false,""timeOffset"":""PT0M""}",media-data.csv:000933
media-data.csv:000934,saw goldeneye 3.5 stars,[],"{""mediaType"":""movie"",""title"":""GoldenEye"",""rating"":7,""favorite"":false,""timeOffset"":""PT0M""}",media-data.csv:000934
media-data.csv:000935,movie bottle rocket 8/10 8 hours ago,[],"{""mediaType"":""movie"",""title"":""Bottle Rocket"",""rating"":8,""favorite"":false,""timeOffset"":""-PT8H""}",media-data.csv:000935
media-data.csv:000936,"watched hard day's night, a 10",[],"{""mediaType"":""movie"",""title"":""Hard Day's Night, A"",""rating"":10,""favorite"":false,""timeOffset"":""PT0M""}",media-data.csv:000936
media-data.csv:000937,"saw fugitive, the (1993) 4.5 stars",[],"{""mediaType"":""movie"",""title"":""Fugitive, The (1993)"",""rating"":9,""favorite"":false,""timeOffset"":""PT0M""}",media-data.csv:000937
media-data.csv:000938,watched orange county 3 stars favourite,[],"{""mediaType"":""movie"",""title"":""Orange County"",""rating"":6,""favorite"":true,""timeOffset"":""PT0M""}",media-data.csv:000938
media-data.csv:000939,watched toys 3 stars,[],"{""mediaType"":""movie"",""title"":""Toys"",""rating"":6,""favorite"":false,""timeOffset"":""PT0M""}",media-data.csv:000939
media-data.csv:000940,"movie godfather: part ii, the 10/10 19h ago",[],"{""mediaType"":""movie"",""title"":""Godfather: Part II, The"",""rating"":10,""favorite"":false,""timeOffset"":""-PT19H""}",media-data.csv:000940
media-data.csv:000941,"saw touch of zen, a (xia nu) 4.5 stars heart",[],"{""mediaType"":""movie"",""title"":""Touch of Zen, A (Xia nu)"",""rating"":9,""favorite"":true,""timeOffset"":""PT0M""}",media-data.csv:000941
media-data.csv:000942,"watched da vinci code, the 5/10",[],"{""mediaType"":""movie"",""title"":""Da Vinci Code, The"",""rating"":5,""favorite"":false,""timeOffset"":""PT0M""}",media-data.csv:000942
media-data.csv:000943,movie frost/nixon 4 stars,[],"{""mediaType"":""movie"",""title"":""Frost/Nixon"",""rating"":8,""favorite"":false,""timeOffset"":""PT0M""}",media-data.csv:000943
media-data.csv:000944,saw star trek v: the final frontier 8,[],"{""mediaType"":""movie"",""title"":""Star Trek V: The Final Frontier"",""rating"":8,""favorite"":false,""timeOffset"":""PT0M""}",media-data.csv:000944
media-data.csv:000945,movie about last night... 3 stars 20h ago,[],"{""mediaType"":""movie"",""title"":""About Last Night..."",""rating"":6,""favorite"":false,""timeOffset"":""-PT20H""}",media-data.csv:000945
media-data.csv:000946,saw rounders 2 stars -11h,[],"{""mediaType"":""movie"",""title"":""Rounders"",""rating"":4,""favorite"":false,""timeOffset"":""-PT11H""}",media-data.csv:000946
media-data.csv:000947,film bio-dome 7,[],"{""mediaType"":""movie"",""title"":""Bio-Dome"",""rating"":7,""favorite"":false,""timeOffset"":""PT0M""}",media-data.csv:000947
media-data.csv:000948,watched disclosure 6 8d ago,[],"{""mediaType"":""movie"",""title"":""Disclosure"",""rating"":6,""favorite"":false,""timeOffset"":""-P8D""}",media-data.csv:000948
media-data.csv:000949,movie in bruges 9/10,[],"{""mediaType"":""movie"",""title"":""In Bruges"",""rating"":9,""favorite"":false,""timeOffset"":""PT0M""}",media-data.csv:000949
media-data.csv:000950,novel all-of-a-kind family 5 stars,[],"{""mediaType"":""book"",""title"":""All-of-a-Kind Family"",""rating"":10,""favorite"":false,""timeOffset"":""PT0M""}",media-data.csv:000950
media-data.csv:000951,finished the memory keeper's daughter 3 stars,[],"{""mediaType"":""book"",""title"":""The Memory Keeper's Daughter"",""rating"":6,""favorite"":false,""timeOffset"":""PT0M""}",media-data.csv:000951
media-data.csv:000952,book hatchet 4 stars,[],"{""mediaType"":""book"",""title"":""Hatchet"",""rating"":8,""favorite"":false,""timeOffset"":""PT0M""}",media-data.csv:000952
media-data.csv:000953,book ella enchanted 3 stars,[],"{""mediaType"":""book"",""title"":""Ella Enchanted"",""rating"":6,""favorite"":false,""timeOffset"":""PT0M""}",media-data.csv:000953
media-data.csv:000954,novel the gunslinger 5 stars loved,[],"{""mediaType"":""book"",""title"":""The Gunslinger"",""rating"":10,""favorite"":true,""timeOffset"":""PT0M""}",media-data.csv:000954
media-data.csv:000955,read the brethren 3 stars,[],"{""mediaType"":""book"",""title"":""The Brethren"",""rating"":6,""favorite"":false,""timeOffset"":""PT0M""}",media-data.csv:000955
media-data.csv:000956,finished little house in the big woods 8,[],"{""mediaType"":""book"",""title"":""Little House in the Big Woods"",""rating"":8,""favorite"":false,""timeOffset"":""PT0M""}",media-data.csv:000956
media-data.csv:000957,read martin the warrior 5 stars,[],"{""mediaType"":""book"",""title"":""Martin the Warrior"",""rating"":10,""favorite"":false,""timeOffset"":""PT0M""}",media-data.csv:000957
media-data.csv:000958,finished the brief wondrous life of oscar wao 8/10,[],"{""mediaType"":""book"",""title"":""The Brief Wondrous Life of Oscar Wao"",""rating"":8,""favorite"":false,""timeOffset"":""PT0M""}",media-data.csv:000958
media-data.csv:000959,finished the kite runner 5 stars 2h ago,[],"{""mediaType"":""book"",""title"":""The Kite Runner"",""rating"":10,""favorite"":false,""timeOffset"":""-PT2H""}",media-data.csv:000959
media-data.csv:000960,novel a canticle for leibowitz 2 stars,[],"{""mediaType"":""book"",""title"":""A Canticle for Leibowitz"",""rating"":4,""favorite"":false,""timeOffset"":""PT0M""}",media-data.csv:000960
media-data.csv:000961,novel devil in winter 4 stars 17h ago,[],"{""mediaType"":""book"",""title"":""Devil in Winter"",""rating"":8,""favorite"":false,""timeOffset"":""-PT17H""}",media-data.csv:000961
media-data.csv:000962,read the hobbit 3 stars,[],"{""mediaType"":""book"",""title"":""The Hobbit"",""rating"":6,""favorite"":false,""timeOffset"":""PT0M""}",media-data.csv:000962
media-data.csv:000963,finished in the miso soup 8 loved,[],"{""mediaType"":""book"",""title"":""In the Miso Soup"",""rating"":8,""favorite"":true,""timeOffset"":""PT0M""}",media-data.csv:000963
media-data.csv:000964,finished the ocean at the end of the lane 8,[],"{""mediaType"":""book"",""title"":""The Ocean at the End of the Lane"",""rating"":8,""favorite"":false,""timeOffset"":""PT0M""}",media-data.csv:000964
media-data.csv:000965,novel the metamorphosis 4 stars -2h,[],"{""mediaType"":""book"",""title"":""The Metamorphosis"",""rating"":8,""favorite"":false,""timeOffset"":""-PT2H""}",media-data.csv:000965
media-data.csv:000966,"book will grayson, will grayson 6",[],"{""mediaType"":""book"",""title"":""Will Grayson, Will Grayson"",""rating"":6,""favorite"":false,""timeOffset"":""PT0M""}",media-data.csv:000966
media-data.csv:000967,book different seasons 5 stars,[],"{""mediaType"":""book"",""title"":""Different Seasons"",""rating"":10,""favorite"":false,""timeOffset"":""PT0M""}",media-data.csv:000967
media-data.csv:000968,read the book of laughter and forgetting 3 stars fav 14h ago,[],"{""mediaType"":""book"",""title"":""The Book of Laughter and Forgetting"",""rating"":6,""favorite"":true,""timeOffset"":""-PT14H""}",media-data.csv:000968
media-data.csv:000969,book the alchemist 5 stars fav,[],"{""mediaType"":""book"",""title"":""The Alchemist"",""rating"":10,""favorite"":true,""timeOffset"":""PT0M""}",media-data.csv:000969
media-data.csv:000970,read the merchant of death 6 4d ago,[],"{""mediaType"":""book"",""title"":""The Merchant of Death"",""rating"":6,""favorite"":false,""timeOffset"":""-P4D""}",media-data.csv:000970
media-data.csv:000971,book clockwork prince 4 stars,[],"{""mediaType"":""book"",""title"":""Clockwork Prince"",""rating"":8,""favorite"":false,""timeOffset"":""PT0M""}",media-data.csv:000971
media-data.csv:000972,book the harry potter collection 1-4 10/10,[],"{""mediaType"":""book"",""title"":""The Harry Potter Collection 1-4"",""rating"":10,""favorite"":false,""timeOffset"":""PT0M""}",media-data.csv:000972
media-data.csv:000973,novel the picture of dorian gray 6 6 hours ago,[],"{""mediaType"":""book"",""title"":""The Picture of Dorian Gray"",""rating"":6,""favorite"":false,""timeOffset"":""-PT6H""}",media-data.csv:000973
media-data.csv:000974,finished echo burning 4 stars 24d ago,[],"{""mediaType"":""book"",""title"":""Echo Burning"",""rating"":8,""favorite"":false,""timeOffset"":""-P24D""}",media-data.csv:000974
media-data.csv:000975,book love in the time of cholera 5 stars -15d,[],"{""mediaType"":""book"",""title"":""Love in the Time of Cholera"",""rating"":10,""favorite"":false,""timeOffset"":""-P15D""}",media-data.csv:000975
media-data.csv:000976,novel the lake house 5 stars,[],"{""mediaType"":""book"",""title"":""The Lake House"",""rating"":10,""favorite"":false,""timeOffset"":""PT0M""}",media-data.csv:000976
media-data.csv:000977,book it ends with us 4 stars,[],"{""mediaType"":""book"",""title"":""It Ends with Us"",""rating"":8,""favorite"":false,""timeOffset"":""PT0M""}",media-data.csv:000977
media-data.csv:000978,book the catcher in the rye 2 stars fav,[],"{""mediaType"":""book"",""title"":""The Catcher in the Rye"",""rating"":4,""favorite"":true,""timeOffset"":""PT0M""}",media-data.csv:000978
media-data.csv:000979,book delirium 3 stars,[],"{""mediaType"":""book"",""title"":""Delirium"",""rating"":6,""favorite"":false,""timeOffset"":""PT0M""}",media-data.csv:000979
media-data.csv:000980,finished twenty thousand leagues under the sea 10 3d ago,[],"{""mediaType"":""book"",""title"":""Twenty Thousand Leagues Under the Sea"",""rating"":10,""favorite"":false,""timeOffset"":""-P3D""}",media-data.csv:000980
media-data.csv:000981,novel swamplandia! 4,[],"{""mediaType"":""book"",""title"":""Swamplandia!"",""rating"":4,""favorite"":false,""timeOffset"":""PT0M""}",media-data.csv:000981
media-data.csv:000982,novel rome 10 -10h,[],"{""mediaType"":""book"",""title"":""Rome"",""rating"":10,""favorite"":false,""timeOffset"":""-PT10H""}",media-data.csv:000982
media-data.csv:000983,novel a long way down 10 23 days ago,[],"{""mediaType"":""book"",""title"":""A Long Way Down"",""rating"":10,""favorite"":false,""timeOffset"":""-P23D""}",media-data.csv:000983
media-data.csv:000984,book the hitchhiker's guide to the galaxy 10/10 6 days ago,[],"{""mediaType"":""book"",""title"":""The Hitchhiker's Guide to the Galaxy"",""rating"":10,""favorite"":false,""timeOffset"":""-P6D""}",media-data.csv:000984
media-data.csv:000985,novel curious george 10/10 -21d,[],"{""mediaType"":""book"",""title"":""Curious George"",""rating"":10,""favorite"":false,""timeOffset"":""-P21D""}",media-data.csv:000985
media-data.csv:000986,finished anna and the french kiss 4 stars 27 days ago,[],"{""mediaType"":""book"",""title"":""Anna and the French Kiss"",""rating"":8,""favorite"":false,""timeOffset"":""-P27D""}",media-data.csv:000986
media-data.csv:000987,book the house of the spirits 3 stars,[],"{""mediaType"":""book"",""title"":""The House of the Spirits"",""rating"":6,""favorite"":false,""timeOffset"":""PT0M""}",media-data.csv:000987
media-data.csv:000988,novel the book of life 5 stars favorite -23h,[],"{""mediaType"":""book"",""title"":""The Book of Life"",""rating"":10,""favorite"":true,""timeOffset"":""-PT23H""}",media-data.csv:000988
media-data.csv:000989,novel replay 10,[],"{""mediaType"":""book"",""title"":""Replay"",""rating"":10,""favorite"":false,""timeOffset"":""PT0M""}",media-data.csv:000989
media-data.csv:000990,read this is how you lose her 4 stars,[],"{""mediaType"":""book"",""title"":""This Is How You Lose Her"",""rating"":8,""favorite"":false,""timeOffset"":""PT0M""}",media-data.csv:000990
media-data.csv:000991,finished the saggy baggy elephant (a little golden book) 6 23 hours ago,[],"{""mediaType"":""book"",""title"":""The Saggy Baggy Elephant (A Little Golden Book)"",""rating"":6,""favorite"":false,""timeOffset"":""-PT23H""}",media-data.csv:000991
media-data.csv:000992,novel the communist manifesto 6/10 favorite,[],"{""mediaType"":""book"",""title"":""The Communist Manifesto"",""rating"":6,""favorite"":true,""timeOffset"":""PT0M""}",media-data.csv:000992
media-data.csv:000993,novel the testament 6/10,[],"{""mediaType"":""book"",""title"":""The Testament"",""rating"":6,""favorite"":false,""timeOffset"":""PT0M""}",media-data.csv:000993
media-data.csv:000994,novel the nightingale 10,[],"{""mediaType"":""book"",""title"":""The Nightingale"",""rating"":10,""favorite"":false,""timeOffset"":""PT0M""}",media-data.csv:000994
media-data.csv:000995,read descent 4 stars ye,[],"{""mediaType"":""book"",""title"":""Descent"",""rating"":8,""favorite"":false,""timeOffset"":""-P1D""}",media-data.csv:000995
media-data.csv:000996,book the air he breathes 10/10,[],"{""mediaType"":""book"",""title"":""The Air He Breathes"",""rating"":10,""favorite"":false,""timeOffset"":""PT0M""}",media-data.csv:000996
media-data.csv:000997,novel house of leaves 3 stars 17 hours ago,[],"{""mediaType"":""book"",""title"":""House of Leaves"",""rating"":6,""favorite"":false,""timeOffset"":""-PT17H""}",media-data.csv:000997
media-data.csv:000998,book the catcher in the rye 10/10,[],"{""mediaType"":""book"",""title"":""The Catcher in the Rye"",""rating"":10,""favorite"":false,""timeOffset"":""PT0M""}",media-data.csv:000998
media-data.csv:000999,book a game of thrones 4 stars,[],"{""mediaType"":""book"",""title"":""A Game of Thrones"",""rating"":8,""favorite"":false,""timeOffset"":""PT0M""}",media-data.csv:000999
media-data.csv:001000,book the dead-tossed waves 2 stars,[],"{""mediaType"":""book"",""title"":""The Dead-Tossed Waves"",""rating"":4,""favorite"":false,""timeOffset"":""PT0M""}",media-data.csv:001000
media-data.csv:001001,novel out of the silent planet 10/10 -6h,[],"{""mediaType"":""book"",""title"":""Out of the Silent Planet"",""rating"":10,""favorite"":false,""timeOffset"":""-PT6H""}",media-data.csv:001001
media-data.csv:001002,book the aeronaut's windlass 8 14d ago,[],"{""mediaType"":""book"",""title"":""The Aeronaut's Windlass"",""rating"":8,""favorite"":false,""timeOffset"":""-P14D""}",media-data.csv:001002
media-data.csv:001003,finished the new drawing on the right side of the brain 3 stars,[],"{""mediaType"":""book"",""title"":""The New Drawing on the Right Side of the Brain"",""rating"":6,""favorite"":false,""timeOffset"":""PT0M""}",media-data.csv:001003
media-data.csv:001004,finished my horizontal life: a collection of one-night stands 2 stars -1h,[],"{""mediaType"":""book"",""title"":""My Horizontal Life: A Collection of One-Night Stands"",""rating"":4,""favorite"":false,""timeOffset"":""-PT1H""}",media-data.csv:001004
media-data.csv:001005,novel no country for old men 8,[],"{""mediaType"":""book"",""title"":""No Country for Old Men"",""rating"":8,""favorite"":false,""timeOffset"":""PT0M""}",media-data.csv:001005
media-data.csv:001006,book slaughterhouse-five 10/10,[],"{""mediaType"":""book"",""title"":""Slaughterhouse-Five"",""rating"":10,""favorite"":false,""timeOffset"":""PT0M""}",media-data.csv:001006
media-data.csv:001007,read the night before christmas 10/10,[],"{""mediaType"":""book"",""title"":""The Night Before Christmas"",""rating"":10,""favorite"":false,""timeOffset"":""PT0M""}",media-data.csv:001007
media-data.csv:001008,finished harry potter and the goblet of fire 10/10 fav,[],"{""mediaType"":""book"",""title"":""Harry Potter and the Goblet of Fire"",""rating"":10,""favorite"":true,""timeOffset"":""PT0M""}",media-data.csv:001008
media-data.csv:001009,book dreaming of you 8/10,[],"{""mediaType"":""book"",""title"":""Dreaming of You"",""rating"":8,""favorite"":false,""timeOffset"":""PT0M""}",media-data.csv:001009
media-data.csv:001010,book the amityville horror 2 stars 15 days ago,[],"{""mediaType"":""book"",""title"":""The Amityville Horror"",""rating"":4,""favorite"":false,""timeOffset"":""-P15D""}",media-data.csv:001010
media-data.csv:001011,finished the lies of locke lamora 4 stars heart,[],"{""mediaType"":""book"",""title"":""The Lies of Locke Lamora"",""rating"":8,""favorite"":true,""timeOffset"":""PT0M""}",media-data.csv:001011
media-data.csv:001012,finished peter pan 8,[],"{""mediaType"":""book"",""title"":""Peter Pan"",""rating"":8,""favorite"":false,""timeOffset"":""PT0M""}",media-data.csv:001012
media-data.csv:001013,book circus of the damned 4 stars,[],"{""mediaType"":""book"",""title"":""Circus of the Damned"",""rating"":8,""favorite"":false,""timeOffset"":""PT0M""}",media-data.csv:001013
media-data.csv:001014,book the art of racing in the rain 5 stars,[],"{""mediaType"":""book"",""title"":""The Art of Racing in the Rain"",""rating"":10,""favorite"":false,""timeOffset"":""PT0M""}",media-data.csv:001014
media-data.csv:001015,novel mr. maybe 3 stars 21h ago,[],"{""mediaType"":""book"",""title"":""Mr. Maybe"",""rating"":6,""favorite"":false,""timeOffset"":""-PT21H""}",media-data.csv:001015
media-data.csv:001016,finished mistral's kiss 3 stars,[],"{""mediaType"":""book"",""title"":""Mistral's Kiss"",""rating"":6,""favorite"":false,""timeOffset"":""PT0M""}",media-data.csv:001016
media-data.csv:001017,finished gilead 3 stars,[],"{""mediaType"":""book"",""title"":""Gilead"",""rating"":6,""favorite"":false,""timeOffset"":""PT0M""}",media-data.csv:001017
media-data.csv:001018,finished secrets of the dragon sanctuary 4 stars,[],"{""mediaType"":""book"",""title"":""Secrets of the Dragon Sanctuary"",""rating"":8,""favorite"":false,""timeOffset"":""PT0M""}",media-data.csv:001018
media-data.csv:001019,read persuasion 8/10 -16h,[],"{""mediaType"":""book"",""title"":""Persuasion"",""rating"":8,""favorite"":false,""timeOffset"":""-PT16H""}",media-data.csv:001019
media-data.csv:001020,read the fellowship of the ring 10/10 -18h,[],"{""mediaType"":""book"",""title"":""The Fellowship of the Ring"",""rating"":10,""favorite"":false,""timeOffset"":""-PT18H""}",media-data.csv:001020
media-data.csv:001021,read be here now 3 stars 18 hours ago,[],"{""mediaType"":""book"",""title"":""Be Here Now"",""rating"":6,""favorite"":false,""timeOffset"":""-PT18H""}",media-data.csv:001021
media-data.csv:001022,book little women 4,[],"{""mediaType"":""book"",""title"":""Little Women"",""rating"":4,""favorite"":false,""timeOffset"":""PT0M""}",media-data.csv:001022
media-data.csv:001023,read existence 8/10,[],"{""mediaType"":""book"",""title"":""Existence"",""rating"":8,""favorite"":false,""timeOffset"":""PT0M""}",media-data.csv:001023
media-data.csv:001024,read the samurai's garden 2 fav -27d,[],"{""mediaType"":""book"",""title"":""The Samurai's Garden"",""rating"":2,""favorite"":true,""timeOffset"":""-P27D""}",media-data.csv:001024
media-data.csv:001025,finished waiting 3 stars,[],"{""mediaType"":""book"",""title"":""Waiting"",""rating"":6,""favorite"":false,""timeOffset"":""PT0M""}",media-data.csv:001025
media-data.csv:001026,read cold mountain 5 stars 11 days ago,[],"{""mediaType"":""book"",""title"":""Cold Mountain"",""rating"":10,""favorite"":false,""timeOffset"":""-P11D""}",media-data.csv:001026
media-data.csv:001027,finished dracula 10,[],"{""mediaType"":""book"",""title"":""Dracula"",""rating"":10,""favorite"":false,""timeOffset"":""PT0M""}",media-data.csv:001027
media-data.csv:001028,read duma key 8 21 days ago,[],"{""mediaType"":""book"",""title"":""Duma Key"",""rating"":8,""favorite"":false,""timeOffset"":""-P21D""}",media-data.csv:001028
media-data.csv:001029,read curious george 4 stars loved,[],"{""mediaType"":""book"",""title"":""Curious George"",""rating"":8,""favorite"":true,""timeOffset"":""PT0M""}",media-data.csv:001029
media-data.csv:001030,finished tithe 10/10,[],"{""mediaType"":""book"",""title"":""Tithe"",""rating"":10,""favorite"":false,""timeOffset"":""PT0M""}",media-data.csv:001030
media-data.csv:001031,novel the historian 5 stars,[],"{""mediaType"":""book"",""title"":""The Historian"",""rating"":10,""favorite"":false,""timeOffset"":""PT0M""}",media-data.csv:001031
media-data.csv:001032,read the giver 3 stars favorite,[],"{""mediaType"":""book"",""title"":""The Giver"",""rating"":6,""favorite"":true,""timeOffset"":""PT0M""}",media-data.csv:001032
media-data.csv:001033,book harry potter and the order of the phoenix 4 stars 22h ago,[],"{""mediaType"":""book"",""title"":""Harry Potter and the Order of the Phoenix"",""rating"":8,""favorite"":false,""timeOffset"":""-PT22H""}",media-data.csv:001033
media-data.csv:001034,book a heartbreaking work of staggering genius 6,[],"{""mediaType"":""book"",""title"":""A Heartbreaking Work of Staggering Genius"",""rating"":6,""favorite"":false,""timeOffset"":""PT0M""}",media-data.csv:001034
media-data.csv:001035,read if tomorrow comes 8/10 -30d,[],"{""mediaType"":""book"",""title"":""If Tomorrow Comes"",""rating"":8,""favorite"":false,""timeOffset"":""-P30D""}",media-data.csv:001035
media-data.csv:001036,book emma 4/10 loved 5 days ago,[],"{""mediaType"":""book"",""title"":""Emma"",""rating"":4,""favorite"":true,""timeOffset"":""-P5D""}",media-data.csv:001036
media-data.csv:001037,read utopia 6/10 -17h,[],"{""mediaType"":""book"",""title"":""Utopia"",""rating"":6,""favorite"":false,""timeOffset"":""-PT17H""}",media-data.csv:001037
media-data.csv:001038,read harry potter and the half-blood prince 10/10,[],"{""mediaType"":""book"",""title"":""Harry Potter and the Half-Blood Prince"",""rating"":10,""favorite"":false,""timeOffset"":""PT0M""}",media-data.csv:001038
media-data.csv:001039,finished the wasp factory 6 -19h,[],"{""mediaType"":""book"",""title"":""The Wasp Factory"",""rating"":6,""favorite"":false,""timeOffset"":""-PT19H""}",media-data.csv:001039
media-data.csv:001040,finished marley and me: life and love with the world's worst dog 4 stars,[],"{""mediaType"":""book"",""title"":""Marley and Me: Life and Love With the World's Worst Dog"",""rating"":8,""favorite"":false,""timeOffset"":""PT0M""}",media-data.csv:001040
media-data.csv:001041,book a game of thrones 10/10,[],"{""mediaType"":""book"",""title"":""A Game of Thrones"",""rating"":10,""favorite"":false,""timeOffset"":""PT0M""}",media-data.csv:001041
media-data.csv:001042,read eligible: a modern retelling of pride and prejudice 10,[],"{""mediaType"":""book"",""title"":""Eligible: A Modern Retelling of Pride and Prejudice"",""rating"":10,""favorite"":false,""timeOffset"":""PT0M""}",media-data.csv:001042
media-data.csv:001043,book jurassic park 4 stars,[],"{""mediaType"":""book"",""title"":""Jurassic Park"",""rating"":8,""favorite"":false,""timeOffset"":""PT0M""}",media-data.csv:001043
media-data.csv:001044,novel cat's cradle 4 favorite,[],"{""mediaType"":""book"",""title"":""Cat's Cradle"",""rating"":4,""favorite"":true,""timeOffset"":""PT0M""}",media-data.csv:001044
media-data.csv:001045,book fathers and sons 5 stars,[],"{""mediaType"":""book"",""title"":""Fathers and Sons"",""rating"":10,""favorite"":false,""timeOffset"":""PT0M""}",media-data.csv:001045
media-data.csv:001046,finished the fault in our stars 6,[],"{""mediaType"":""book"",""title"":""The Fault in Our Stars"",""rating"":6,""favorite"":false,""timeOffset"":""PT0M""}",media-data.csv:001046
media-data.csv:001047,finished night 4 stars,[],"{""mediaType"":""book"",""title"":""Night"",""rating"":8,""favorite"":false,""timeOffset"":""PT0M""}",media-data.csv:001047
media-data.csv:001048,novel the remnant 6/10 12 hours ago,[],"{""mediaType"":""book"",""title"":""The Remnant"",""rating"":6,""favorite"":false,""timeOffset"":""-PT12H""}",media-data.csv:001048
media-data.csv:001049,novel shoeless joe 4 stars 12 hours ago,[],"{""mediaType"":""book"",""title"":""Shoeless Joe"",""rating"":8,""favorite"":false,""timeOffset"":""-PT12H""}",media-data.csv:001049
media-data.csv:001050,book paper towns 2 stars,[],"{""mediaType"":""book"",""title"":""Paper Towns"",""rating"":4,""favorite"":false,""timeOffset"":""PT0M""}",media-data.csv:001050
media-data.csv:001051,book red queen 4 stars,[],"{""mediaType"":""book"",""title"":""Red Queen"",""rating"":8,""favorite"":false,""timeOffset"":""PT0M""}",media-data.csv:001051
media-data.csv:001052,read harry potter and the deathly hallows 6,[],"{""mediaType"":""book"",""title"":""Harry Potter and the Deathly Hallows"",""rating"":6,""favorite"":false,""timeOffset"":""PT0M""}",media-data.csv:001052
media-data.csv:001053,read little earthquakes 6 favourite,[],"{""mediaType"":""book"",""title"":""Little Earthquakes"",""rating"":6,""favorite"":true,""timeOffset"":""PT0M""}",media-data.csv:001053
media-data.csv:001054,book oliver twist 3 stars,[],"{""mediaType"":""book"",""title"":""Oliver Twist"",""rating"":6,""favorite"":false,""timeOffset"":""PT0M""}",media-data.csv:001054
media-data.csv:001055,finished sandry's book 10/10,[],"{""mediaType"":""book"",""title"":""Sandry's Book"",""rating"":10,""favorite"":false,""timeOffset"":""PT0M""}",media-data.csv:001055
media-data.csv:001056,book the terminal man 4 favourite,[],"{""mediaType"":""book"",""title"":""The Terminal Man"",""rating"":4,""favorite"":true,""timeOffset"":""PT0M""}",media-data.csv:001056
media-data.csv:001057,finished a walk in the woods 10,[],"{""mediaType"":""book"",""title"":""A Walk in the Woods"",""rating"":10,""favorite"":false,""timeOffset"":""PT0M""}",media-data.csv:001057
media-data.csv:001058,book the lost prince 6/10,[],"{""mediaType"":""book"",""title"":""The Lost Prince"",""rating"":6,""favorite"":false,""timeOffset"":""PT0M""}",media-data.csv:001058
media-data.csv:001059,read the girl on the train 4 21h ago,[],"{""mediaType"":""book"",""title"":""The Girl on the Train"",""rating"":4,""favorite"":false,""timeOffset"":""-PT21H""}",media-data.csv:001059
media-data.csv:001060,novel apollyon 5 stars favorite 30d ago,[],"{""mediaType"":""book"",""title"":""Apollyon"",""rating"":10,""favorite"":true,""timeOffset"":""-P30D""}",media-data.csv:001060
media-data.csv:001061,read lock and key 4/10 29 days ago,[],"{""mediaType"":""book"",""title"":""Lock and Key"",""rating"":4,""favorite"":false,""timeOffset"":""-P29D""}",media-data.csv:001061
media-data.csv:001062,read mattimeo 6/10,[],"{""mediaType"":""book"",""title"":""Mattimeo"",""rating"":6,""favorite"":false,""timeOffset"":""PT0M""}",media-data.csv:001062
media-data.csv:001063,novel hollow city 4 stars,[],"{""mediaType"":""book"",""title"":""Hollow City"",""rating"":8,""favorite"":false,""timeOffset"":""PT0M""}",media-data.csv:001063
media-data.csv:001064,finished cat among the pigeons 3 stars,[],"{""mediaType"":""book"",""title"":""Cat Among the Pigeons"",""rating"":6,""favorite"":false,""timeOffset"":""PT0M""}",media-data.csv:001064
media-data.csv:001065,finished the alchemist 6,[],"{""mediaType"":""book"",""title"":""The Alchemist"",""rating"":6,""favorite"":false,""timeOffset"":""PT0M""}",media-data.csv:001065
media-data.csv:001066,novel the shining 10/10,[],"{""mediaType"":""book"",""title"":""The Shining"",""rating"":10,""favorite"":false,""timeOffset"":""PT0M""}",media-data.csv:001066
media-data.csv:001067,"book y: the last man, vol. 7: paper dolls 4 stars fav",[],"{""mediaType"":""book"",""title"":""Y: The Last Man, Vol. 7: Paper Dolls"",""rating"":8,""favorite"":true,""timeOffset"":""PT0M""}",media-data.csv:001067
media-data.csv:001068,read the jungle 10/10,[],"{""mediaType"":""book"",""title"":""The Jungle"",""rating"":10,""favorite"":false,""timeOffset"":""PT0M""}",media-data.csv:001068
media-data.csv:001069,read unseen 8/10,[],"{""mediaType"":""book"",""title"":""Unseen"",""rating"":8,""favorite"":false,""timeOffset"":""PT0M""}",media-data.csv:001069
media-data.csv:001070,read catching fire 8,[],"{""mediaType"":""book"",""title"":""Catching Fire"",""rating"":8,""favorite"":false,""timeOffset"":""PT0M""}",media-data.csv:001070
media-data.csv:001071,book dune 6/10 favorite,[],"{""mediaType"":""book"",""title"":""Dune"",""rating"":6,""favorite"":true,""timeOffset"":""PT0M""}",media-data.csv:001071
media-data.csv:001072,read because of low 8 fav,[],"{""mediaType"":""book"",""title"":""Because of Low"",""rating"":8,""favorite"":true,""timeOffset"":""PT0M""}",media-data.csv:001072
media-data.csv:001073,read childhood's end 5 stars fav,[],"{""mediaType"":""book"",""title"":""Childhood's End"",""rating"":10,""favorite"":true,""timeOffset"":""PT0M""}",media-data.csv:001073
media-data.csv:001074,read the catcher in the rye 8,[],"{""mediaType"":""book"",""title"":""The Catcher in the Rye"",""rating"":8,""favorite"":false,""timeOffset"":""PT0M""}",media-data.csv:001074
media-data.csv:001075,read the great hunt 10/10 23d ago,[],"{""mediaType"":""book"",""title"":""The Great Hunt"",""rating"":10,""favorite"":false,""timeOffset"":""-P23D""}",media-data.csv:001075
media-data.csv:001076,book the diary of a young girl 3 stars,[],"{""mediaType"":""book"",""title"":""The Diary of a Young Girl"",""rating"":6,""favorite"":false,""timeOffset"":""PT0M""}",media-data.csv:001076
media-data.csv:001077,novel les misérables 5 stars,[],"{""mediaType"":""book"",""title"":""Les Mis\u00e9rables"",""rating"":10,""favorite"":false,""timeOffset"":""PT0M""}",media-data.csv:001077
media-data.csv:001078,book a morbid taste for bones 6/10,[],"{""mediaType"":""book"",""title"":""A Morbid Taste for Bones"",""rating"":6,""favorite"":false,""timeOffset"":""PT0M""}",media-data.csv:001078
media-data.csv:001079,finished franny and zooey 10 loved 20d ago,[],"{""mediaType"":""book"",""title"":""Franny and Zooey"",""rating"":10,""favorite"":true,""timeOffset"":""-P20D""}",media-data.csv:001079
media-data.csv:001080,finished before i go to sleep 10/10,[],"{""mediaType"":""book"",""title"":""Before I Go to Sleep"",""rating"":10,""favorite"":false,""timeOffset"":""PT0M""}",media-data.csv:001080
media-data.csv:001081,novel great expectations 5 stars,[],"{""mediaType"":""book"",""title"":""Great Expectations"",""rating"":10,""favorite"":false,""timeOffset"":""PT0M""}",media-data.csv:001081
media-data.csv:001082,book the girl with all the gifts 3 stars,[],"{""mediaType"":""book"",""title"":""The Girl with All the Gifts"",""rating"":6,""favorite"":false,""timeOffset"":""PT0M""}",media-data.csv:001082
media-data.csv:001083,novel 1st to die 6 loved,[],"{""mediaType"":""book"",""title"":""1st to Die"",""rating"":6,""favorite"":true,""timeOffset"":""PT0M""}",media-data.csv:001083
media-data.csv:001084,read shakespeare: the world as stage 4 stars,[],"{""mediaType"":""book"",""title"":""Shakespeare: The World as Stage"",""rating"":8,""favorite"":false,""timeOffset"":""PT0M""}",media-data.csv:001084
media-data.csv:001085,novel between the world and me 10 fav 15d ago,[],"{""mediaType"":""book"",""title"":""Between the World and Me"",""rating"":10,""favorite"":true,""timeOffset"":""-P15D""}",media-data.csv:001085
media-data.csv:001086,finished ugly love 5 stars,[],"{""mediaType"":""book"",""title"":""Ugly Love"",""rating"":10,""favorite"":false,""timeOffset"":""PT0M""}",media-data.csv:001086
media-data.csv:001087,finished the lorax 4 stars,[],"{""mediaType"":""book"",""title"":""The Lorax"",""rating"":8,""favorite"":false,""timeOffset"":""PT0M""}",media-data.csv:001087
media-data.csv:001088,book heart of darkness and the secret sharer 4 stars fav,[],"{""mediaType"":""book"",""title"":""Heart of Darkness and The Secret Sharer"",""rating"":8,""favorite"":true,""timeOffset"":""PT0M""}",media-data.csv:001088
media-data.csv:001089,read feet of clay 4 stars,[],"{""mediaType"":""book"",""title"":""Feet of Clay"",""rating"":8,""favorite"":false,""timeOffset"":""PT0M""}",media-data.csv:001089
media-data.csv:001090,finished the lost wife 8/10 -22h,[],"{""mediaType"":""book"",""title"":""The Lost Wife"",""rating"":8,""favorite"":false,""timeOffset"":""-PT22H""}",media-data.csv:001090
media-data.csv:001091,finished and then there were none 6/10 5d ago,[],"{""mediaType"":""book"",""title"":""And Then There Were None"",""rating"":6,""favorite"":false,""timeOffset"":""-P5D""}",media-data.csv:001091
media-data.csv:001092,read the queen of the damned 3 stars,[],"{""mediaType"":""book"",""title"":""The Queen of the Damned"",""rating"":6,""favorite"":false,""timeOffset"":""PT0M""}",media-data.csv:001092
media-data.csv:001093,finished neuromancer 3 stars,[],"{""mediaType"":""book"",""title"":""Neuromancer"",""rating"":6,""favorite"":false,""timeOffset"":""PT0M""}",media-data.csv:001093
media-data.csv:001094,read runaway 3 stars heart -25d,[],"{""mediaType"":""book"",""title"":""Runaway"",""rating"":6,""favorite"":true,""timeOffset"":""-P25D""}",media-data.csv:001094
media-data.csv:001095,book the hero with a thousand faces 6/10 heart,[],"{""mediaType"":""book"",""title"":""The Hero With a Thousand Faces"",""rating"":6,""favorite"":true,""timeOffset"":""PT0M""}",media-data.csv:001095
media-data.csv:001096,finished the kite runner 8/10 -16d,[],"{""mediaType"":""book"",""title"":""The Kite Runner"",""rating"":8,""favorite"":false,""timeOffset"":""-P16D""}",media-data.csv:001096
media-data.csv:001097,read the green mile 5 stars,[],"{""mediaType"":""book"",""title"":""The Green Mile"",""rating"":10,""favorite"":false,""timeOffset"":""PT0M""}",media-data.csv:001097
media-data.csv:001098,novel addicted 8 21 days ago,[],"{""mediaType"":""book"",""title"":""Addicted"",""rating"":8,""favorite"":false,""timeOffset"":""-P21D""}",media-data.csv:001098
media-data.csv:001099,finished atonement 5 stars,[],"{""mediaType"":""book"",""title"":""Atonement"",""rating"":10,""favorite"":false,""timeOffset"":""PT0M""}",media-data.csv:001099
media-data.csv:001100,book rebel angels 2 stars heart 10 days ago,[],"{""mediaType"":""book"",""title"":""Rebel Angels"",""rating"":4,""favorite"":true,""timeOffset"":""-P10D""}",media-data.csv:001100
media-data.csv:001101,finished gone girl 6/10 24d ago,[],"{""mediaType"":""book"",""title"":""Gone Girl"",""rating"":6,""favorite"":false,""timeOffset"":""-P24D""}",media-data.csv:001101
media-data.csv:001102,read a clash of kings 8 favorite,[],"{""mediaType"":""book"",""title"":""A Clash of Kings"",""rating"":8,""favorite"":true,""timeOffset"":""PT0M""}",media-data.csv:001102
media-data.csv:001103,finished northanger abbey 2 stars,[],"{""mediaType"":""book"",""title"":""Northanger Abbey"",""rating"":4,""favorite"":false,""timeOffset"":""PT0M""}",media-data.csv:001103
media-data.csv:001104,read the curious incident of the dog in the night-time 8/10,[],"{""mediaType"":""book"",""title"":""The Curious Incident of the Dog in the Night-Time"",""rating"":8,""favorite"":false,""timeOffset"":""PT0M""}",media-data.csv:001104
media-data.csv:001105,finished the eyre affair 10/10 fav,[],"{""mediaType"":""book"",""title"":""The Eyre Affair"",""rating"":10,""favorite"":true,""timeOffset"":""PT0M""}",media-data.csv:001105
media-data.csv:001106,finished winter moon 6/10,[],"{""mediaType"":""book"",""title"":""Winter Moon"",""rating"":6,""favorite"":false,""timeOffset"":""PT0M""}",media-data.csv:001106
media-data.csv:001107,novel enchanters' end game 4 stars,[],"{""mediaType"":""book"",""title"":""Enchanters' End Game"",""rating"":8,""favorite"":false,""timeOffset"":""PT0M""}",media-data.csv:001107
media-data.csv:001108,book the black stallion 8 loved,[],"{""mediaType"":""book"",""title"":""The Black Stallion"",""rating"":8,""favorite"":true,""timeOffset"":""PT0M""}",media-data.csv:001108
media-data.csv:001109,novel the piano teacher 4 stars,[],"{""mediaType"":""book"",""title"":""The Piano Teacher"",""rating"":8,""favorite"":false,""timeOffset"":""PT0M""}",media-data.csv:001109
media-data.csv:001110,read l.a. candy 6 -8h,[],"{""mediaType"":""book"",""title"":""L.A. Candy"",""rating"":6,""favorite"":false,""timeOffset"":""-PT8H""}",media-data.csv:001110
media-data.csv:001111,read the middlesteins 8,[],"{""mediaType"":""book"",""title"":""The Middlesteins"",""rating"":8,""favorite"":false,""timeOffset"":""PT0M""}",media-data.csv:001111
media-data.csv:001112,finished behind the scenes at the museum 5 stars favourite,[],"{""mediaType"":""book"",""title"":""Behind the Scenes at the Museum"",""rating"":10,""favorite"":true,""timeOffset"":""PT0M""}",media-data.csv:001112
media-data.csv:001113,book solaris 8/10,[],"{""mediaType"":""book"",""title"":""Solaris"",""rating"":8,""favorite"":false,""timeOffset"":""PT0M""}",media-data.csv:001113
media-data.csv:001114,novel friction 8,[],"{""mediaType"":""book"",""title"":""Friction"",""rating"":8,""favorite"":false,""timeOffset"":""PT0M""}",media-data.csv:001114
media-data.csv:001115,read wonder boys 8 24d ago,[],"{""mediaType"":""book"",""title"":""Wonder Boys"",""rating"":8,""favorite"":false,""timeOffset"":""-P24D""}",media-data.csv:001115
media-data.csv:001116,novel the golden compass 8/10 5 hours ago,[],"{""mediaType"":""book"",""title"":""The Golden Compass"",""rating"":8,""favorite"":false,""timeOffset"":""-PT5H""}",media-data.csv:001116
media-data.csv:001117,finished the princess and the goblin 10,[],"{""mediaType"":""book"",""title"":""The Princess and the Goblin"",""rating"":10,""favorite"":false,""timeOffset"":""PT0M""}",media-data.csv:001117
media-data.csv:001118,finished a thousand boy kisses 5 stars,[],"{""mediaType"":""book"",""title"":""A Thousand Boy Kisses"",""rating"":10,""favorite"":false,""timeOffset"":""PT0M""}",media-data.csv:001118
media-data.csv:001119,book the giver 5 stars 19 hours ago,[],"{""mediaType"":""book"",""title"":""The Giver"",""rating"":10,""favorite"":false,""timeOffset"":""-PT19H""}",media-data.csv:001119
media-data.csv:001120,book the circle 6 -9h,[],"{""mediaType"":""book"",""title"":""The Circle"",""rating"":6,""favorite"":false,""timeOffset"":""-PT9H""}",media-data.csv:001120
media-data.csv:001121,read monday mourning 3 stars,[],"{""mediaType"":""book"",""title"":""Monday Mourning"",""rating"":6,""favorite"":false,""timeOffset"":""PT0M""}",media-data.csv:001121
media-data.csv:001122,finished colorless tsukuru tazaki and his years of pilgrimage 4 stars,[],"{""mediaType"":""book"",""title"":""Colorless Tsukuru Tazaki and His Years of Pilgrimage"",""rating"":8,""favorite"":false,""timeOffset"":""PT0M""}",media-data.csv:001122
media-data.csv:001123,book the hitchhiker's guide to the galaxy 6 21 days ago,[],"{""mediaType"":""book"",""title"":""The Hitchhiker's Guide to the Galaxy"",""rating"":6,""favorite"":false,""timeOffset"":""-P21D""}",media-data.csv:001123
media-data.csv:001124,finished animal farm 8/10 heart,[],"{""mediaType"":""book"",""title"":""Animal Farm"",""rating"":8,""favorite"":true,""timeOffset"":""PT0M""}",media-data.csv:001124
media-data.csv:001125,finished the thorn birds 10,[],"{""mediaType"":""book"",""title"":""The Thorn Birds"",""rating"":10,""favorite"":false,""timeOffset"":""PT0M""}",media-data.csv:001125
media-data.csv:001126,finished prince caspian 5 stars loved,[],"{""mediaType"":""book"",""title"":""Prince Caspian"",""rating"":10,""favorite"":true,""timeOffset"":""PT0M""}",media-data.csv:001126
media-data.csv:001127,finished gone girl 8 fav 22 hours ago,[],"{""mediaType"":""book"",""title"":""Gone Girl"",""rating"":8,""favorite"":true,""timeOffset"":""-PT22H""}",media-data.csv:001127
media-data.csv:001128,read the diary of a young girl 4,[],"{""mediaType"":""book"",""title"":""The Diary of a Young Girl"",""rating"":4,""favorite"":false,""timeOffset"":""PT0M""}",media-data.csv:001128
media-data.csv:001129,novel shattered 1 star,[],"{""mediaType"":""book"",""title"":""Shattered"",""rating"":2,""favorite"":false,""timeOffset"":""PT0M""}",media-data.csv:001129
media-data.csv:001130,read red storm rising 8/10,[],"{""mediaType"":""book"",""title"":""Red Storm Rising"",""rating"":8,""favorite"":false,""timeOffset"":""PT0M""}",media-data.csv:001130
media-data.csv:001131,"novel in a dark, dark wood 2 stars 19d ago",[],"{""mediaType"":""book"",""title"":""In a Dark, Dark Wood"",""rating"":4,""favorite"":false,""timeOffset"":""-P19D""}",media-data.csv:001131
media-data.csv:001132,book i know this much is true 10 1 hour ago,[],"{""mediaType"":""book"",""title"":""I Know This Much Is True"",""rating"":10,""favorite"":false,""timeOffset"":""-PT1H""}",media-data.csv:001132
media-data.csv:001133,book the amber spyglass 4 stars favorite 16h ago,[],"{""mediaType"":""book"",""title"":""The Amber Spyglass"",""rating"":8,""favorite"":true,""timeOffset"":""-PT16H""}",media-data.csv:001133
media-data.csv:001134,book half the world 8,[],"{""mediaType"":""book"",""title"":""Half the World"",""rating"":8,""favorite"":false,""timeOffset"":""PT0M""}",media-data.csv:001134
media-data.csv:001135,book crash & burn 8 -2h,[],"{""mediaType"":""book"",""title"":""Crash & Burn"",""rating"":8,""favorite"":false,""timeOffset"":""-PT2H""}",media-data.csv:001135
media-data.csv:001136,novel the confession 4 stars -19h,[],"{""mediaType"":""book"",""title"":""The Confession"",""rating"":8,""favorite"":false,""timeOffset"":""-PT19H""}",media-data.csv:001136
media-data.csv:001137,book night film 3 stars 13 days ago,[],"{""mediaType"":""book"",""title"":""Night Film"",""rating"":6,""favorite"":false,""timeOffset"":""-P13D""}",media-data.csv:001137
media-data.csv:001138,finished the sicilian 5 stars 25 days ago,[],"{""mediaType"":""book"",""title"":""The Sicilian"",""rating"":10,""favorite"":false,""timeOffset"":""-P25D""}",media-data.csv:001138
media-data.csv:001139,book disgrace 5 stars,[],"{""mediaType"":""book"",""title"":""Disgrace"",""rating"":10,""favorite"":false,""timeOffset"":""PT0M""}",media-data.csv:001139
media-data.csv:001140,finished the truth seeker 8,[],"{""mediaType"":""book"",""title"":""The Truth Seeker"",""rating"":8,""favorite"":false,""timeOffset"":""PT0M""}",media-data.csv:001140
media-data.csv:001141,read the boston girl 8,[],"{""mediaType"":""book"",""title"":""The Boston Girl"",""rating"":8,""favorite"":false,""timeOffset"":""PT0M""}",media-data.csv:001141
media-data.csv:001142,finished up country 3 stars,[],"{""mediaType"":""book"",""title"":""Up Country"",""rating"":6,""favorite"":false,""timeOffset"":""PT0M""}",media-data.csv:001142
media-data.csv:001143,finished tell the wolves i'm home 4 stars,[],"{""mediaType"":""book"",""title"":""Tell the Wolves I'm Home"",""rating"":8,""favorite"":false,""timeOffset"":""PT0M""}",media-data.csv:001143
media-data.csv:001144,novel nw 1 star 27d ago,[],"{""mediaType"":""book"",""title"":""NW"",""rating"":2,""favorite"":false,""timeOffset"":""-P27D""}",media-data.csv:001144
media-data.csv:001145,finished tinkers 4/10,[],"{""mediaType"":""book"",""title"":""Tinkers"",""rating"":4,""favorite"":false,""timeOffset"":""PT0M""}",media-data.csv:001145
media-data.csv:001146,novel flowers for algernon 5 stars favourite 22 days ago,[],"{""mediaType"":""book"",""title"":""Flowers for Algernon"",""rating"":10,""favorite"":true,""timeOffset"":""-P22D""}",media-data.csv:001146
media-data.csv:001147,novel lover awakened 5 stars,[],"{""mediaType"":""book"",""title"":""Lover Awakened"",""rating"":10,""favorite"":false,""timeOffset"":""PT0M""}",media-data.csv:001147
media-data.csv:001148,read no country for old men 6/10 14 days ago,[],"{""mediaType"":""book"",""title"":""No Country for Old Men"",""rating"":6,""favorite"":false,""timeOffset"":""-P14D""}",media-data.csv:001148
media-data.csv:001149,read the great gatsby 4 stars,[],"{""mediaType"":""book"",""title"":""The Great Gatsby"",""rating"":8,""favorite"":false,""timeOffset"":""PT0M""}",media-data.csv:001149
media-data.csv:001150,novel the lovely bones 3 stars,[],"{""mediaType"":""book"",""title"":""The Lovely Bones"",""rating"":6,""favorite"":false,""timeOffset"":""PT0M""}",media-data.csv:001150
media-data.csv:001151,read undead and unwed 4 favourite,[],"{""mediaType"":""book"",""title"":""Undead and Unwed"",""rating"":4,""favorite"":true,""timeOffset"":""PT0M""}",media-data.csv:001151
media-data.csv:001152,finished magic study 8/10 21 days ago,[],"{""mediaType"":""book"",""title"":""Magic Study"",""rating"":8,""favorite"":false,""timeOffset"":""-P21D""}",media-data.csv:001152
media-data.csv:001153,read fifty shades of grey 3 stars,[],"{""mediaType"":""book"",""title"":""Fifty Shades of Grey"",""rating"":6,""favorite"":false,""timeOffset"":""PT0M""}",media-data.csv:001153
media-data.csv:001154,finished bridget jones: the edge of reason 6 7 days ago,[],"{""mediaType"":""book"",""title"":""Bridget Jones: The Edge of Reason"",""rating"":6,""favorite"":false,""timeOffset"":""-P7D""}",media-data.csv:001154
media-data.csv:001155,read the human stain 5 stars,[],"{""mediaType"":""book"",""title"":""The Human Stain"",""rating"":10,""favorite"":false,""timeOffset"":""PT0M""}",media-data.csv:001155
media-data.csv:001156,novel digital fortress 2 stars,[],"{""mediaType"":""book"",""title"":""Digital Fortress"",""rating"":4,""favorite"":false,""timeOffset"":""PT0M""}",media-data.csv:001156
media-data.csv:001157,novel the serpent's shadow 4 stars,[],"{""mediaType"":""book"",""title"":""The Serpent's Shadow"",""rating"":8,""favorite"":false,""timeOffset"":""PT0M""}",media-data.csv:001157
media-data.csv:001158,book state of fear 3 stars,[],"{""mediaType"":""book"",""title"":""State of Fear"",""rating"":6,""favorite"":false,""timeOffset"":""PT0M""}",media-data.csv:001158
media-data.csv:001159,novel grave peril 10 -11h,[],"{""mediaType"":""book"",""title"":""Grave Peril"",""rating"":10,""favorite"":false,""timeOffset"":""-PT11H""}",media-data.csv:001159
media-data.csv:001160,read the mephisto club 3 stars loved 12h ago,[],"{""mediaType"":""book"",""title"":""The Mephisto Club"",""rating"":6,""favorite"":true,""timeOffset"":""-PT12H""}",media-data.csv:001160
media-data.csv:001161,book a wind in the door 4 stars,[],"{""mediaType"":""book"",""title"":""A Wind in the Door"",""rating"":8,""favorite"":false,""timeOffset"":""PT0M""}",media-data.csv:001161
media-data.csv:001162,read sideways stories from wayside school 10,[],"{""mediaType"":""book"",""title"":""Sideways Stories from Wayside School"",""rating"":10,""favorite"":false,""timeOffset"":""PT0M""}",media-data.csv:001162
media-data.csv:001163,novel the wrath of mulgarath 10/10,[],"{""mediaType"":""book"",""title"":""The Wrath of Mulgarath"",""rating"":10,""favorite"":false,""timeOffset"":""PT0M""}",media-data.csv:001163
media-data.csv:001164,book the catcher in the rye 3 stars,[],"{""mediaType"":""book"",""title"":""The Catcher in the Rye"",""rating"":6,""favorite"":false,""timeOffset"":""PT0M""}",media-data.csv:001164
media-data.csv:001165,finished a wrinkle in time 5 stars,[],"{""mediaType"":""book"",""title"":""A Wrinkle in Time"",""rating"":10,""favorite"":false,""timeOffset"":""PT0M""}",media-data.csv:001165
media-data.csv:001166,"read fullmetal alchemist, vol. 1 10",[],"{""mediaType"":""book"",""title"":""Fullmetal Alchemist, Vol. 1"",""rating"":10,""favorite"":false,""timeOffset"":""PT0M""}",media-data.csv:001166
media-data.csv:001167,read wayward 5 stars 22 hours ago,[],"{""mediaType"":""book"",""title"":""Wayward"",""rating"":10,""favorite"":false,""timeOffset"":""-PT22H""}",media-data.csv:001167
media-data.csv:001168,novel harry potter: film wizardry 5 stars -23d,[],"{""mediaType"":""book"",""title"":""Harry Potter: Film Wizardry"",""rating"":10,""favorite"":false,""timeOffset"":""-P23D""}",media-data.csv:001168
media-data.csv:001169,read something blue 8/10 loved,[],"{""mediaType"":""book"",""title"":""Something Blue"",""rating"":8,""favorite"":true,""timeOffset"":""PT0M""}",media-data.csv:001169
media-data.csv:001170,book from here to eternity 5 stars favourite,[],"{""mediaType"":""book"",""title"":""From Here to Eternity"",""rating"":10,""favorite"":true,""timeOffset"":""PT0M""}",media-data.csv:001170
media-data.csv:001171,novel outlander 4 stars,[],"{""mediaType"":""book"",""title"":""Outlander"",""rating"":8,""favorite"":false,""timeOffset"":""PT0M""}",media-data.csv:001171
media-data.csv:001172,book faking it 3 stars,[],"{""mediaType"":""book"",""title"":""Faking It"",""rating"":6,""favorite"":false,""timeOffset"":""PT0M""}",media-data.csv:001172
media-data.csv:001173,book to kill a mockingbird 8,[],"{""mediaType"":""book"",""title"":""To Kill a Mockingbird"",""rating"":8,""favorite"":false,""timeOffset"":""PT0M""}",media-data.csv:001173
media-data.csv:001174,book the complete persepolis 10 fav,[],"{""mediaType"":""book"",""title"":""The Complete Persepolis"",""rating"":10,""favorite"":true,""timeOffset"":""PT0M""}",media-data.csv:001174
media-data.csv:001175,finished midnight in austenland 3 stars 27d ago,[],"{""mediaType"":""book"",""title"":""Midnight in Austenland"",""rating"":6,""favorite"":false,""timeOffset"":""-P27D""}",media-data.csv:001175
media-data.csv:001176,book sister carrie 8/10 13 hours ago,[],"{""mediaType"":""book"",""title"":""Sister Carrie"",""rating"":8,""favorite"":false,""timeOffset"":""-PT13H""}",media-data.csv:001176
media-data.csv:001177,novel the forgotten 10 26d ago,[],"{""mediaType"":""book"",""title"":""The Forgotten"",""rating"":10,""favorite"":false,""timeOffset"":""-P26D""}",media-data.csv:001177
media-data.csv:001178,novel the hunger games 10 -28d,[],"{""mediaType"":""book"",""title"":""The Hunger Games"",""rating"":10,""favorite"":false,""timeOffset"":""-P28D""}",media-data.csv:001178
media-data.csv:001179,"book ramona quimby, age 8 3 stars 18 days ago",[],"{""mediaType"":""book"",""title"":""Ramona Quimby, Age 8"",""rating"":6,""favorite"":false,""timeOffset"":""-P18D""}",media-data.csv:001179
media-data.csv:001180,book dune 4 stars,[],"{""mediaType"":""book"",""title"":""Dune"",""rating"":8,""favorite"":false,""timeOffset"":""PT0M""}",media-data.csv:001180
media-data.csv:001181,finished mockingjay 8/10,[],"{""mediaType"":""book"",""title"":""Mockingjay"",""rating"":8,""favorite"":false,""timeOffset"":""PT0M""}",media-data.csv:001181
media-data.csv:001182,read rules of civility 4 stars,[],"{""mediaType"":""book"",""title"":""Rules of Civility"",""rating"":8,""favorite"":false,""timeOffset"":""PT0M""}",media-data.csv:001182
media-data.csv:001183,novel the 5th wave 5 stars -11h,[],"{""mediaType"":""book"",""title"":""The 5th Wave"",""rating"":10,""favorite"":false,""timeOffset"":""-PT11H""}",media-data.csv:001183
media-data.csv:001184,book hallowe'en party 4 stars,[],"{""mediaType"":""book"",""title"":""Hallowe'en Party"",""rating"":8,""favorite"":false,""timeOffset"":""PT0M""}",media-data.csv:001184
media-data.csv:001185,book who moved my cheese? 2 stars heart 10 hours ago,[],"{""mediaType"":""book"",""title"":""Who Moved My Cheese?"",""rating"":4,""favorite"":true,""timeOffset"":""-PT10H""}",media-data.csv:001185
media-data.csv:001186,read go set a watchman 8 favorite,[],"{""mediaType"":""book"",""title"":""Go Set a Watchman"",""rating"":8,""favorite"":true,""timeOffset"":""PT0M""}",media-data.csv:001186
media-data.csv:001187,finished royal assassin 5 stars,[],"{""mediaType"":""book"",""title"":""Royal Assassin"",""rating"":10,""favorite"":false,""timeOffset"":""PT0M""}",media-data.csv:001187
media-data.csv:001188,finished the odyssey 4/10 heart,[],"{""mediaType"":""book"",""title"":""The Odyssey"",""rating"":4,""favorite"":true,""timeOffset"":""PT0M""}",media-data.csv:001188
media-data.csv:001189,book cape fear 3 stars 25 days ago,[],"{""mediaType"":""book"",""title"":""Cape Fear"",""rating"":6,""favorite"":false,""timeOffset"":""-P25D""}",media-data.csv:001189
media-data.csv:001190,read a prayer for owen meany 5 stars 29d ago,[],"{""mediaType"":""book"",""title"":""A Prayer for Owen Meany"",""rating"":10,""favorite"":false,""timeOffset"":""-P29D""}",media-data.csv:001190
media-data.csv:001191,book forever in blue: the fourth summer of the sisterhood 6,[],"{""mediaType"":""book"",""title"":""Forever in Blue: The Fourth Summer of the Sisterhood"",""rating"":6,""favorite"":false,""timeOffset"":""PT0M""}",media-data.csv:001191
media-data.csv:001192,novel the sun also rises 5 stars 11h ago,[],"{""mediaType"":""book"",""title"":""The Sun Also Rises"",""rating"":10,""favorite"":false,""timeOffset"":""-PT11H""}",media-data.csv:001192
media-data.csv:001193,finished nutshell 8/10,[],"{""mediaType"":""book"",""title"":""Nutshell"",""rating"":8,""favorite"":false,""timeOffset"":""PT0M""}",media-data.csv:001193
media-data.csv:001194,novel soul of the fire 6/10,[],"{""mediaType"":""book"",""title"":""Soul of the Fire"",""rating"":6,""favorite"":false,""timeOffset"":""PT0M""}",media-data.csv:001194
media-data.csv:001195,finished ڤيرتيجو 8,[],"{""mediaType"":""book"",""title"":""\u06a4\u064a\u0631\u062a\u064a\u062c\u0648"",""rating"":8,""favorite"":false,""timeOffset"":""PT0M""}",media-data.csv:001195
media-data.csv:001196,novel vampire academy 4/10 3d ago,[],"{""mediaType"":""book"",""title"":""Vampire Academy"",""rating"":4,""favorite"":false,""timeOffset"":""-P3D""}",media-data.csv:001196
media-data.csv:001197,read the crown tower 5 stars,[],"{""mediaType"":""book"",""title"":""The Crown Tower"",""rating"":10,""favorite"":false,""timeOffset"":""PT0M""}",media-data.csv:001197
media-data.csv:001198,book where she went 10/10 loved 15 days ago,[],"{""mediaType"":""book"",""title"":""Where She Went"",""rating"":10,""favorite"":true,""timeOffset"":""-P15D""}",media-data.csv:001198
media-data.csv:001199,novel an abundance of katherines 4 stars,[],"{""mediaType"":""book"",""title"":""An Abundance of Katherines"",""rating"":8,""favorite"":false,""timeOffset"":""PT0M""}",media-data.csv:001199
media-data.csv:001200,read preludes & nocturnes 8/10,[],"{""mediaType"":""book"",""title"":""Preludes & Nocturnes"",""rating"":8,""favorite"":false,""timeOffset"":""PT0M""}",media-data.csv:001200
media-data.csv:001201,finished the book of mormon: another testament of jesus christ 1 star,[],"{""mediaType"":""book"",""title"":""The Book of Mormon: Another Testament of Jesus Christ"",""rating"":2,""favorite"":false,""timeOffset"":""PT0M""}",media-data.csv:001201
media-data.csv:001202,novel the phantom tollbooth 10/10,[],"{""mediaType"":""book"",""title"":""The Phantom Tollbooth"",""rating"":10,""favorite"":false,""timeOffset"":""PT0M""}",media-data.csv:001202
media-data.csv:001203,book the crimson campaign 4 stars,[],"{""mediaType"":""book"",""title"":""The Crimson Campaign"",""rating"":8,""favorite"":false,""timeOffset"":""PT0M""}",media-data.csv:001203
media-data.csv:001204,read the darkest kiss 8 30 days ago,[],"{""mediaType"":""book"",""title"":""The Darkest Kiss"",""rating"":8,""favorite"":false,""timeOffset"":""-P30D""}",media-data.csv:001204
media-data.csv:001205,read the summons 2 stars 4 hours ago,[],"{""mediaType"":""book"",""title"":""The Summons"",""rating"":4,""favorite"":false,""timeOffset"":""-PT4H""}",media-data.csv:001205
media-data.csv:001206,"finished nana, vol. 1 10",[],"{""mediaType"":""book"",""title"":""Nana, Vol. 1"",""rating"":10,""favorite"":false,""timeOffset"":""PT0M""}",media-data.csv:001206
media-data.csv:001207,finished harry potter and the half-blood prince 3 stars 21h ago,[],"{""mediaType"":""book"",""title"":""Harry Potter and the Half-Blood Prince"",""rating"":6,""favorite"":false,""timeOffset"":""-PT21H""}",media-data.csv:001207
media-data.csv:001208,novel xenocide 2 stars 19h ago,[],"{""mediaType"":""book"",""title"":""Xenocide"",""rating"":4,""favorite"":false,""timeOffset"":""-PT19H""}",media-data.csv:001208
media-data.csv:001209,read the scarlet letter 4 stars heart,[],"{""mediaType"":""book"",""title"":""The Scarlet Letter"",""rating"":8,""favorite"":true,""timeOffset"":""PT0M""}",media-data.csv:001209
media-data.csv:001210,novel exodus 8 22d ago,[],"{""mediaType"":""book"",""title"":""Exodus"",""rating"":8,""favorite"":false,""timeOffset"":""-P22D""}",media-data.csv:001210
media-data.csv:001211,read down london road 3 stars 10 days ago,[],"{""mediaType"":""book"",""title"":""Down London Road"",""rating"":6,""favorite"":false,""timeOffset"":""-P10D""}",media-data.csv:001211
media-data.csv:001212,book a new earth: awakening to your life's purpose 4 stars,[],"{""mediaType"":""book"",""title"":""A New Earth: Awakening to Your Life's Purpose"",""rating"":8,""favorite"":false,""timeOffset"":""PT0M""}",media-data.csv:001212
media-data.csv:001213,finished petals on the wind 2 stars,[],"{""mediaType"":""book"",""title"":""Petals on the Wind"",""rating"":4,""favorite"":false,""timeOffset"":""PT0M""}",media-data.csv:001213
media-data.csv:001214,read sputnik sweetheart 4/10,[],"{""mediaType"":""book"",""title"":""Sputnik Sweetheart"",""rating"":4,""favorite"":false,""timeOffset"":""PT0M""}",media-data.csv:001214
media-data.csv:001215,novel the son of neptune 8,[],"{""mediaType"":""book"",""title"":""The Son of Neptune"",""rating"":8,""favorite"":false,""timeOffset"":""PT0M""}",media-data.csv:001215
media-data.csv:001216,book marvel 1602 4 stars favourite,[],"{""mediaType"":""book"",""title"":""Marvel 1602"",""rating"":8,""favorite"":true,""timeOffset"":""PT0M""}",media-data.csv:001216
media-data.csv:001217,novel fahrenheit 451 6,[],"{""mediaType"":""book"",""title"":""Fahrenheit 451"",""rating"":6,""favorite"":false,""timeOffset"":""PT0M""}",media-data.csv:001217
media-data.csv:001218,finished the body in the library 6/10,[],"{""mediaType"":""book"",""title"":""The Body in the Library"",""rating"":6,""favorite"":false,""timeOffset"":""PT0M""}",media-data.csv:001218
media-data.csv:001219,read world war z: an oral history of the zombie war 6,[],"{""mediaType"":""book"",""title"":""World War Z: An Oral History of the Zombie War"",""rating"":6,""favorite"":false,""timeOffset"":""PT0M""}",media-data.csv:001219
media-data.csv:001220,finished the titan's curse 8/10,[],"{""mediaType"":""book"",""title"":""The Titan's Curse"",""rating"":8,""favorite"":false,""timeOffset"":""PT0M""}",media-data.csv:001220
media-data.csv:001221,novel three to get deadly 3 stars 17 days ago,[],"{""mediaType"":""book"",""title"":""Three to Get Deadly"",""rating"":6,""favorite"":false,""timeOffset"":""-P17D""}",media-data.csv:001221
media-data.csv:001222,book inkdeath 6,[],"{""mediaType"":""book"",""title"":""Inkdeath"",""rating"":6,""favorite"":false,""timeOffset"":""PT0M""}",media-data.csv:001222
media-data.csv:001223,novel eclipse 8 2d ago,[],"{""mediaType"":""book"",""title"":""Eclipse"",""rating"":8,""favorite"":false,""timeOffset"":""-P2D""}",media-data.csv:001223
media-data.csv:001224,finished anne's house of dreams 6/10,[],"{""mediaType"":""book"",""title"":""Anne's House of Dreams"",""rating"":6,""favorite"":false,""timeOffset"":""PT0M""}",media-data.csv:001224
media-data.csv:001225,finished plain truth 4 stars,[],"{""mediaType"":""book"",""title"":""Plain Truth"",""rating"":8,""favorite"":false,""timeOffset"":""PT0M""}",media-data.csv:001225
media-data.csv:001226,read the secret garden 3 stars,[],"{""mediaType"":""book"",""title"":""The Secret Garden"",""rating"":6,""favorite"":false,""timeOffset"":""PT0M""}",media-data.csv:001226
media-data.csv:001227,novel the fault in our stars 10,[],"{""mediaType"":""book"",""title"":""The Fault in Our Stars"",""rating"":10,""favorite"":false,""timeOffset"":""PT0M""}",media-data.csv:001227
media-data.csv:001228,book snow falling on cedars 10,[],"{""mediaType"":""book"",""title"":""Snow Falling on Cedars"",""rating"":10,""favorite"":false,""timeOffset"":""PT0M""}",media-data.csv:001228
media-data.csv:001229,book night shift 8,[],"{""mediaType"":""book"",""title"":""Night Shift"",""rating"":8,""favorite"":false,""timeOffset"":""PT0M""}",media-data.csv:001229
media-data.csv:001230,finished brain on fire: my month of madness 2 stars,[],"{""mediaType"":""book"",""title"":""Brain on Fire: My Month of Madness"",""rating"":4,""favorite"":false,""timeOffset"":""PT0M""}",media-data.csv:001230
media-data.csv:001231,read island of the blue dolphins 8/10,[],"{""mediaType"":""book"",""title"":""Island of the Blue Dolphins"",""rating"":8,""favorite"":false,""timeOffset"":""PT0M""}",media-data.csv:001231
media-data.csv:001232,finished artemis fowl 10,[],"{""mediaType"":""book"",""title"":""Artemis Fowl"",""rating"":10,""favorite"":false,""timeOffset"":""PT0M""}",media-data.csv:001232
media-data.csv:001233,finished new moon 3 stars,[],"{""mediaType"":""book"",""title"":""New Moon"",""rating"":6,""favorite"":false,""timeOffset"":""PT0M""}",media-data.csv:001233
media-data.csv:001234,novel fang 3 stars,[],"{""mediaType"":""book"",""title"":""Fang"",""rating"":6,""favorite"":false,""timeOffset"":""PT0M""}",media-data.csv:001234
media-data.csv:001235,book things fall apart 8/10,[],"{""mediaType"":""book"",""title"":""Things Fall Apart"",""rating"":8,""favorite"":false,""timeOffset"":""PT0M""}",media-data.csv:001235
media-data.csv:001236,novel suzanne's diary for nicholas 2/10,[],"{""mediaType"":""book"",""title"":""Suzanne's Diary for Nicholas"",""rating"":2,""favorite"":false,""timeOffset"":""PT0M""}",media-data.csv:001236
media-data.csv:001237,"book the lion, the witch, and the wardrobe 6 -13h",[],"{""mediaType"":""book"",""title"":""The Lion, the Witch, and the Wardrobe"",""rating"":6,""favorite"":false,""timeOffset"":""-PT13H""}",media-data.csv:001237
media-data.csv:001238,novel the maze runner 5 stars,[],"{""mediaType"":""book"",""title"":""The Maze Runner"",""rating"":10,""favorite"":false,""timeOffset"":""PT0M""}",media-data.csv:001238
media-data.csv:001239,novel trigger warning: short fictions and disturbances 8,[],"{""mediaType"":""book"",""title"":""Trigger Warning: Short Fictions and Disturbances"",""rating"":8,""favorite"":false,""timeOffset"":""PT0M""}",media-data.csv:001239
media-data.csv:001240,read the other boleyn girl 10,[],"{""mediaType"":""book"",""title"":""The Other Boleyn Girl"",""rating"":10,""favorite"":false,""timeOffset"":""PT0M""}",media-data.csv:001240
media-data.csv:001241,read blockade billy 4 stars,[],"{""mediaType"":""book"",""title"":""Blockade Billy"",""rating"":8,""favorite"":false,""timeOffset"":""PT0M""}",media-data.csv:001241
media-data.csv:001242,finished the last battle 4 stars,[],"{""mediaType"":""book"",""title"":""The Last Battle"",""rating"":8,""favorite"":false,""timeOffset"":""PT0M""}",media-data.csv:001242
media-data.csv:001243,finished the girl who played with fire 5 stars favourite,[],"{""mediaType"":""book"",""title"":""The Girl Who Played with Fire"",""rating"":10,""favorite"":true,""timeOffset"":""PT0M""}",media-data.csv:001243
media-data.csv:001244,novel wolfsbane 4 stars -5h,[],"{""mediaType"":""book"",""title"":""Wolfsbane"",""rating"":8,""favorite"":false,""timeOffset"":""-PT5H""}",media-data.csv:001244
media-data.csv:001245,book the gunslinger 4 stars,[],"{""mediaType"":""book"",""title"":""The Gunslinger"",""rating"":8,""favorite"":false,""timeOffset"":""PT0M""}",media-data.csv:001245
media-data.csv:001246,novel the sweetness at the bottom of the pie 5 stars 13d ago,[],"{""mediaType"":""book"",""title"":""The Sweetness at the Bottom of the Pie"",""rating"":10,""favorite"":false,""timeOffset"":""-P13D""}",media-data.csv:001246
media-data.csv:001247,book immortality 5 stars,[],"{""mediaType"":""book"",""title"":""Immortality"",""rating"":10,""favorite"":false,""timeOffset"":""PT0M""}",media-data.csv:001247
media-data.csv:001248,novel the rise of nine 4 stars,[],"{""mediaType"":""book"",""title"":""The Rise of Nine"",""rating"":8,""favorite"":false,""timeOffset"":""PT0M""}",media-data.csv:001248
media-data.csv:001249,read the woman upstairs 3 stars,[],"{""mediaType"":""book"",""title"":""The Woman Upstairs"",""rating"":6,""favorite"":false,""timeOffset"":""PT0M""}",media-data.csv:001249
media-data.csv:001250,book why evolution is true 6 6 days ago,[],"{""mediaType"":""book"",""title"":""Why Evolution Is True"",""rating"":6,""favorite"":false,""timeOffset"":""-P6D""}",media-data.csv:001250
media-data.csv:001251,novel animal farm 5 stars,[],"{""mediaType"":""book"",""title"":""Animal Farm"",""rating"":10,""favorite"":false,""timeOffset"":""PT0M""}",media-data.csv:001251
media-data.csv:001252,"finished moo, baa, la la la! 10/10",[],"{""mediaType"":""book"",""title"":""Moo, Baa, La La La!"",""rating"":10,""favorite"":false,""timeOffset"":""PT0M""}",media-data.csv:001252
media-data.csv:001253,novel the burning room 3 stars 18d ago,[],"{""mediaType"":""book"",""title"":""The Burning Room"",""rating"":6,""favorite"":false,""timeOffset"":""-P18D""}",media-data.csv:001253
media-data.csv:001254,read bossypants 4 stars -22h,[],"{""mediaType"":""book"",""title"":""Bossypants"",""rating"":8,""favorite"":false,""timeOffset"":""-PT22H""}",media-data.csv:001254
media-data.csv:001255,read dandelion wine 8 4 days ago,[],"{""mediaType"":""book"",""title"":""Dandelion Wine"",""rating"":8,""favorite"":false,""timeOffset"":""-P4D""}",media-data.csv:001255
media-data.csv:001256,read the scrapbook of frankie pratt 8,[],"{""mediaType"":""book"",""title"":""The Scrapbook of Frankie Pratt"",""rating"":8,""favorite"":false,""timeOffset"":""PT0M""}",media-data.csv:001256
media-data.csv:001257,finished the witch of blackbird pond 10,[],"{""mediaType"":""book"",""title"":""The Witch of Blackbird Pond"",""rating"":10,""favorite"":false,""timeOffset"":""PT0M""}",media-data.csv:001257
media-data.csv:001258,read shadow and bone 8/10,[],"{""mediaType"":""book"",""title"":""Shadow and Bone"",""rating"":8,""favorite"":false,""timeOffset"":""PT0M""}",media-data.csv:001258
media-data.csv:001259,novel phantoms 3 stars heart,[],"{""mediaType"":""book"",""title"":""Phantoms"",""rating"":6,""favorite"":true,""timeOffset"":""PT0M""}",media-data.csv:001259
media-data.csv:001260,novel the empty chair 10,[],"{""mediaType"":""book"",""title"":""The Empty Chair"",""rating"":10,""favorite"":false,""timeOffset"":""PT0M""}",media-data.csv:001260
media-data.csv:001261,finished the name of the rose 6,[],"{""mediaType"":""book"",""title"":""The Name of the Rose"",""rating"":6,""favorite"":false,""timeOffset"":""PT0M""}",media-data.csv:001261
media-data.csv:001262,finished washington square 8 favorite,[],"{""mediaType"":""book"",""title"":""Washington Square"",""rating"":8,""favorite"":true,""timeOffset"":""PT0M""}",media-data.csv:001262
media-data.csv:001263,finished insomnia 8,[],"{""mediaType"":""book"",""title"":""Insomnia"",""rating"":8,""favorite"":false,""timeOffset"":""PT0M""}",media-data.csv:001263
media-data.csv:001264,novel schindler's list 5 stars,[],"{""mediaType"":""book"",""title"":""Schindler's List"",""rating"":10,""favorite"":false,""timeOffset"":""PT0M""}",media-data.csv:001264
media-data.csv:001265,finished one thousand gifts: a dare to live fully right where you are 2 stars,[],"{""mediaType"":""book"",""title"":""One Thousand Gifts: A Dare to Live Fully Right Where You Are"",""rating"":4,""favorite"":false,""timeOffset"":""PT0M""}",media-data.csv:001265
media-data.csv:001266,finished reaper's property 5 stars loved 2 days ago,[],"{""mediaType"":""book"",""title"":""Reaper's Property"",""rating"":10,""favorite"":true,""timeOffset"":""-P2D""}",media-data.csv:001266
media-data.csv:001267,novel the bfg 10,[],"{""mediaType"":""book"",""title"":""The BFG"",""rating"":10,""favorite"":false,""timeOffset"":""PT0M""}",media-data.csv:001267
media-data.csv:001268,book key of light 8/10,[],"{""mediaType"":""book"",""title"":""Key of Light"",""rating"":8,""favorite"":false,""timeOffset"":""PT0M""}",media-data.csv:001268
media-data.csv:001269,read down and out in paris and london 10/10,[],"{""mediaType"":""book"",""title"":""Down and Out in Paris and London"",""rating"":10,""favorite"":false,""timeOffset"":""PT0M""}",media-data.csv:001269
media-data.csv:001270,novel how to win friends and influence people 5 stars,[],"{""mediaType"":""book"",""title"":""How to Win Friends and Influence People"",""rating"":10,""favorite"":false,""timeOffset"":""PT0M""}",media-data.csv:001270
media-data.csv:001271,read under the dome 6/10,[],"{""mediaType"":""book"",""title"":""Under the Dome"",""rating"":6,""favorite"":false,""timeOffset"":""PT0M""}",media-data.csv:001271
media-data.csv:001272,read triptych 8 2 hours ago,[],"{""mediaType"":""book"",""title"":""Triptych"",""rating"":8,""favorite"":false,""timeOffset"":""-PT2H""}",media-data.csv:001272
media-data.csv:001273,book lord brocktree 4 stars,[],"{""mediaType"":""book"",""title"":""Lord Brocktree"",""rating"":8,""favorite"":false,""timeOffset"":""PT0M""}",media-data.csv:001273
media-data.csv:001274,read the lost hero 8/10 fav,[],"{""mediaType"":""book"",""title"":""The Lost Hero"",""rating"":8,""favorite"":true,""timeOffset"":""PT0M""}",media-data.csv:001274
media-data.csv:001275,read angels & demons 8/10 favourite,[],"{""mediaType"":""book"",""title"":""Angels & Demons"",""rating"":8,""favorite"":true,""timeOffset"":""PT0M""}",media-data.csv:001275
media-data.csv:001276,novel the sound and the fury 10/10 13 days ago,[],"{""mediaType"":""book"",""title"":""The Sound and the Fury"",""rating"":10,""favorite"":false,""timeOffset"":""-P13D""}",media-data.csv:001276
media-data.csv:001277,finished a tree grows in brooklyn 10 -11d,[],"{""mediaType"":""book"",""title"":""A Tree Grows in Brooklyn"",""rating"":10,""favorite"":false,""timeOffset"":""-P11D""}",media-data.csv:001277
media-data.csv:001278,book the legacy 10 favorite,[],"{""mediaType"":""book"",""title"":""The Legacy"",""rating"":10,""favorite"":true,""timeOffset"":""PT0M""}",media-data.csv:001278
media-data.csv:001279,read lord of the flies 5 stars fav,[],"{""mediaType"":""book"",""title"":""Lord of the Flies"",""rating"":10,""favorite"":true,""timeOffset"":""PT0M""}",media-data.csv:001279
media-data.csv:001280,read bridge of sighs 3 stars,[],"{""mediaType"":""book"",""title"":""Bridge of Sighs"",""rating"":6,""favorite"":false,""timeOffset"":""PT0M""}",media-data.csv:001280
media-data.csv:001281,finished a million little pieces 8 favorite,[],"{""mediaType"":""book"",""title"":""A Million Little Pieces"",""rating"":8,""favorite"":true,""timeOffset"":""PT0M""}",media-data.csv:001281
media-data.csv:001282,book the nanny diaries 4 stars 10 days ago,[],"{""mediaType"":""book"",""title"":""The Nanny Diaries"",""rating"":8,""favorite"":false,""timeOffset"":""-P10D""}",media-data.csv:001282
media-data.csv:001283,book daring to dream 5 stars loved,[],"{""mediaType"":""book"",""title"":""Daring to Dream"",""rating"":10,""favorite"":true,""timeOffset"":""PT0M""}",media-data.csv:001283
media-data.csv:001284,book the odyssey 10/10 -22d,[],"{""mediaType"":""book"",""title"":""The Odyssey"",""rating"":10,""favorite"":false,""timeOffset"":""-P22D""}",media-data.csv:001284
media-data.csv:001285,finished the prodigal daughter 3 stars,[],"{""mediaType"":""book"",""title"":""The Prodigal Daughter"",""rating"":6,""favorite"":false,""timeOffset"":""PT0M""}",media-data.csv:001285
media-data.csv:001286,novel daughter of the forest 3 stars 5 days ago,[],"{""mediaType"":""book"",""title"":""Daughter of the Forest"",""rating"":6,""favorite"":false,""timeOffset"":""-P5D""}",media-data.csv:001286
media-data.csv:001287,novel the heretic's daughter 6 21 hours ago,[],"{""mediaType"":""book"",""title"":""The Heretic's Daughter"",""rating"":6,""favorite"":false,""timeOffset"":""-PT21H""}",media-data.csv:001287
media-data.csv:001288,novel rosencrantz and guildenstern are dead 10,[],"{""mediaType"":""book"",""title"":""Rosencrantz and Guildenstern Are Dead"",""rating"":10,""favorite"":false,""timeOffset"":""PT0M""}",media-data.csv:001288
media-data.csv:001289,book a dirty job 8/10 20d ago,[],"{""mediaType"":""book"",""title"":""A Dirty Job"",""rating"":8,""favorite"":false,""timeOffset"":""-P20D""}",media-data.csv:001289
media-data.csv:001290,read because of winn-dixie 4 stars,[],"{""mediaType"":""book"",""title"":""Because of Winn-Dixie"",""rating"":8,""favorite"":false,""timeOffset"":""PT0M""}",media-data.csv:001290
media-data.csv:001291,finished brave new world 4 stars,[],"{""mediaType"":""book"",""title"":""Brave New World"",""rating"":8,""favorite"":false,""timeOffset"":""PT0M""}",media-data.csv:001291
media-data.csv:001292,finished the one and only ivan 5 stars,[],"{""mediaType"":""book"",""title"":""The One and Only Ivan"",""rating"":10,""favorite"":false,""timeOffset"":""PT0M""}",media-data.csv:001292
media-data.csv:001293,read the bell jar 2 stars,[],"{""mediaType"":""book"",""title"":""The Bell Jar"",""rating"":4,""favorite"":false,""timeOffset"":""PT0M""}",media-data.csv:001293
media-data.csv:001294,novel the good earth 4 stars,[],"{""mediaType"":""book"",""title"":""The Good Earth"",""rating"":8,""favorite"":false,""timeOffset"":""PT0M""}",media-data.csv:001294
media-data.csv:001295,read a thousand splendid suns 2 stars loved,[],"{""mediaType"":""book"",""title"":""A Thousand Splendid Suns"",""rating"":4,""favorite"":true,""timeOffset"":""PT0M""}",media-data.csv:001295
media-data.csv:001296,read the innocent man: murder and injustice in a small town 10 heart -5d,[],"{""mediaType"":""book"",""title"":""The Innocent Man: Murder and Injustice in a Small Town"",""rating"":10,""favorite"":true,""timeOffset"":""-P5D""}",media-data.csv:001296
media-data.csv:001297,book the sneetches and other stories 6,[],"{""mediaType"":""book"",""title"":""The Sneetches and Other Stories"",""rating"":6,""favorite"":false,""timeOffset"":""PT0M""}",media-data.csv:001297
media-data.csv:001298,book mockingjay 5 stars -12h,[],"{""mediaType"":""book"",""title"":""Mockingjay"",""rating"":10,""favorite"":false,""timeOffset"":""-PT12H""}",media-data.csv:001298
media-data.csv:001299,novel thirteen reasons why 5 stars -13h,[],"{""mediaType"":""book"",""title"":""Thirteen Reasons Why"",""rating"":10,""favorite"":false,""timeOffset"":""-PT13H""}",media-data.csv:001299
media-data.csv:001300,read all the light we cannot see 10/10,[],"{""mediaType"":""book"",""title"":""All the Light We Cannot See"",""rating"":10,""favorite"":false,""timeOffset"":""PT0M""}",media-data.csv:001300
media-data.csv:001301,book the witches 4 stars,[],"{""mediaType"":""book"",""title"":""The Witches"",""rating"":8,""favorite"":false,""timeOffset"":""PT0M""}",media-data.csv:001301
media-data.csv:001302,finished night mare 4 stars 20 hours ago,[],"{""mediaType"":""book"",""title"":""Night Mare"",""rating"":8,""favorite"":false,""timeOffset"":""-PT20H""}",media-data.csv:001302
media-data.csv:001303,finished danny the champion of the world 8/10 2 hours ago,[],"{""mediaType"":""book"",""title"":""Danny the Champion of the World"",""rating"":8,""favorite"":false,""timeOffset"":""-PT2H""}",media-data.csv:001303
media-data.csv:001304,novel m is for malice 10 6d ago,[],"{""mediaType"":""book"",""title"":""M is for Malice"",""rating"":10,""favorite"":false,""timeOffset"":""-P6D""}",media-data.csv:001304
media-data.csv:001305,finished about a boy 4 stars,[],"{""mediaType"":""book"",""title"":""About a Boy"",""rating"":8,""favorite"":false,""timeOffset"":""PT0M""}",media-data.csv:001305
media-data.csv:001306,book spells 8/10,[],"{""mediaType"":""book"",""title"":""Spells"",""rating"":8,""favorite"":false,""timeOffset"":""PT0M""}",media-data.csv:001306
media-data.csv:001307,novel the tale of despereaux 8,[],"{""mediaType"":""book"",""title"":""The Tale of Despereaux"",""rating"":8,""favorite"":false,""timeOffset"":""PT0M""}",media-data.csv:001307
media-data.csv:001308,read the art of war 4 stars loved,[],"{""mediaType"":""book"",""title"":""The Art of War"",""rating"":8,""favorite"":true,""timeOffset"":""PT0M""}",media-data.csv:001308
media-data.csv:001309,novel where the heart is 8,[],"{""mediaType"":""book"",""title"":""Where the Heart Is"",""rating"":8,""favorite"":false,""timeOffset"":""PT0M""}",media-data.csv:001309
media-data.csv:001310,read divine secrets of the ya-ya sisterhood 10,[],"{""mediaType"":""book"",""title"":""Divine Secrets of the Ya-Ya Sisterhood"",""rating"":10,""favorite"":false,""timeOffset"":""PT0M""}",media-data.csv:001310
media-data.csv:001311,book caddie woodlawn 10 -15h,[],"{""mediaType"":""book"",""title"":""Caddie Woodlawn"",""rating"":10,""favorite"":false,""timeOffset"":""-PT15H""}",media-data.csv:001311
media-data.csv:001312,finished holding the dream 8/10 12d ago,[],"{""mediaType"":""book"",""title"":""Holding the Dream"",""rating"":8,""favorite"":false,""timeOffset"":""-P12D""}",media-data.csv:001312
media-data.csv:001313,novel in a sunburned country 8/10 -5d,[],"{""mediaType"":""book"",""title"":""In a Sunburned Country"",""rating"":8,""favorite"":false,""timeOffset"":""-P5D""}",media-data.csv:001313
media-data.csv:001314,book lady windermere's fan 3 stars,[],"{""mediaType"":""book"",""title"":""Lady Windermere's Fan"",""rating"":6,""favorite"":false,""timeOffset"":""PT0M""}",media-data.csv:001314
media-data.csv:001315,book a land more kind than home 3 stars,[],"{""mediaType"":""book"",""title"":""A Land More Kind Than Home"",""rating"":6,""favorite"":false,""timeOffset"":""PT0M""}",media-data.csv:001315
media-data.csv:001316,novel marcelo in the real world 4 stars,[],"{""mediaType"":""book"",""title"":""Marcelo in the Real World"",""rating"":8,""favorite"":false,""timeOffset"":""PT0M""}",media-data.csv:001316
media-data.csv:001317,read about a boy 10,[],"{""mediaType"":""book"",""title"":""About a Boy"",""rating"":10,""favorite"":false,""timeOffset"":""PT0M""}",media-data.csv:001317
media-data.csv:001318,read holes 5 stars favourite,[],"{""mediaType"":""book"",""title"":""Holes"",""rating"":10,""favorite"":true,""timeOffset"":""PT0M""}",media-data.csv:001318
media-data.csv:001319,novel the nanny diaries 6 heart,[],"{""mediaType"":""book"",""title"":""The Nanny Diaries"",""rating"":6,""favorite"":true,""timeOffset"":""PT0M""}",media-data.csv:001319
media-data.csv:001320,finished best friends forever 4 stars loved,[],"{""mediaType"":""book"",""title"":""Best Friends Forever"",""rating"":8,""favorite"":true,""timeOffset"":""PT0M""}",media-data.csv:001320
media-data.csv:001321,read the bridges of madison county 1 star loved 17d ago,[],"{""mediaType"":""book"",""title"":""The Bridges of Madison County"",""rating"":2,""favorite"":true,""timeOffset"":""-P17D""}",media-data.csv:001321
media-data.csv:001322,book death masks 3 stars,[],"{""mediaType"":""book"",""title"":""Death Masks"",""rating"":6,""favorite"":false,""timeOffset"":""PT0M""}",media-data.csv:001322
media-data.csv:001323,novel a moveable feast 10 loved,[],"{""mediaType"":""book"",""title"":""A Moveable Feast"",""rating"":10,""favorite"":true,""timeOffset"":""PT0M""}",media-data.csv:001323
media-data.csv:001324,finished across the universe 8/10,[],"{""mediaType"":""book"",""title"":""Across the Universe"",""rating"":8,""favorite"":false,""timeOffset"":""PT0M""}",media-data.csv:001324
media-data.csv:001325,read lord of the flies 6,[],"{""mediaType"":""book"",""title"":""Lord of the Flies"",""rating"":6,""favorite"":false,""timeOffset"":""PT0M""}",media-data.csv:001325
media-data.csv:001326,finished harry potter and the prisoner of azkaban 8/10,[],"{""mediaType"":""book"",""title"":""Harry Potter and the Prisoner of Azkaban"",""rating"":8,""favorite"":false,""timeOffset"":""PT0M""}",media-data.csv:001326
media-data.csv:001327,finished the thief lord 3 stars 23d ago,[],"{""mediaType"":""book"",""title"":""The Thief Lord"",""rating"":6,""favorite"":false,""timeOffset"":""-P23D""}",media-data.csv:001327
media-data.csv:001328,read fairest 6/10 fav,[],"{""mediaType"":""book"",""title"":""Fairest"",""rating"":6,""favorite"":true,""timeOffset"":""PT0M""}",media-data.csv:001328
media-data.csv:001329,book the handmaid's tale 6/10,[],"{""mediaType"":""book"",""title"":""The Handmaid's Tale"",""rating"":6,""favorite"":false,""timeOffset"":""PT0M""}",media-data.csv:001329
media-data.csv:001330,finished unfinished tales of númenor and middle-earth 8 loved,[],"{""mediaType"":""book"",""title"":""Unfinished Tales of N\u00famenor and Middle-Earth"",""rating"":8,""favorite"":true,""timeOffset"":""PT0M""}",media-data.csv:001330
media-data.csv:001331,novel anne of green gables 10,[],"{""mediaType"":""book"",""title"":""Anne of Green Gables"",""rating"":10,""favorite"":false,""timeOffset"":""PT0M""}",media-data.csv:001331
media-data.csv:001332,novel reconstructing amelia 10/10 10 hours ago,[],"{""mediaType"":""book"",""title"":""Reconstructing Amelia"",""rating"":10,""favorite"":false,""timeOffset"":""-PT10H""}",media-data.csv:001332
media-data.csv:001333,book the glass palace 5 stars fav,[],"{""mediaType"":""book"",""title"":""The Glass Palace"",""rating"":10,""favorite"":true,""timeOffset"":""PT0M""}",media-data.csv:001333
media-data.csv:001334,read twilight 6 favorite -8d,[],"{""mediaType"":""book"",""title"":""Twilight"",""rating"":6,""favorite"":true,""timeOffset"":""-P8D""}",media-data.csv:001334
media-data.csv:001335,read interview with the vampire 5 stars,[],"{""mediaType"":""book"",""title"":""Interview with the Vampire"",""rating"":10,""favorite"":false,""timeOffset"":""PT0M""}",media-data.csv:001335
media-data.csv:001336,book all creatures great and small 5 stars,[],"{""mediaType"":""book"",""title"":""All Creatures Great and Small"",""rating"":10,""favorite"":false,""timeOffset"":""PT0M""}",media-data.csv:001336
media-data.csv:001337,finished beautiful chaos 10 favorite,[],"{""mediaType"":""book"",""title"":""Beautiful Chaos"",""rating"":10,""favorite"":true,""timeOffset"":""PT0M""}",media-data.csv:001337
media-data.csv:001338,novel the cuckoo's calling 4 stars,[],"{""mediaType"":""book"",""title"":""The Cuckoo's Calling"",""rating"":8,""favorite"":false,""timeOffset"":""PT0M""}",media-data.csv:001338
media-data.csv:001339,"book the other wes moore: one name, two fates 3 stars 3 days ago",[],"{""mediaType"":""book"",""title"":""The Other Wes Moore: One Name, Two Fates"",""rating"":6,""favorite"":false,""timeOffset"":""-P3D""}",media-data.csv:001339
media-data.csv:001340,read frankenstein 5 stars,[],"{""mediaType"":""book"",""title"":""Frankenstein"",""rating"":10,""favorite"":false,""timeOffset"":""PT0M""}",media-data.csv:001340
media-data.csv:001341,read running blind 8/10 -8d,[],"{""mediaType"":""book"",""title"":""Running Blind"",""rating"":8,""favorite"":false,""timeOffset"":""-P8D""}",media-data.csv:001341
media-data.csv:001342,"read come back, amelia bedelia 5 stars",[],"{""mediaType"":""book"",""title"":""Come Back, Amelia Bedelia"",""rating"":10,""favorite"":false,""timeOffset"":""PT0M""}",media-data.csv:001342
media-data.csv:001343,read operating instructions: a journal of my son's first year 10/10,[],"{""mediaType"":""book"",""title"":""Operating Instructions: A Journal of My Son's First Year"",""rating"":10,""favorite"":false,""timeOffset"":""PT0M""}",media-data.csv:001343
media-data.csv:001344,novel landline 6/10,[],"{""mediaType"":""book"",""title"":""Landline"",""rating"":6,""favorite"":false,""timeOffset"":""PT0M""}",media-data.csv:001344
media-data.csv:001345,novel the testament of mary 5 stars,[],"{""mediaType"":""book"",""title"":""The Testament of Mary"",""rating"":10,""favorite"":false,""timeOffset"":""PT0M""}",media-data.csv:001345
media-data.csv:001346,finished the sweet gum tree 4 stars fav,[],"{""mediaType"":""book"",""title"":""The Sweet Gum Tree"",""rating"":8,""favorite"":true,""timeOffset"":""PT0M""}",media-data.csv:001346
media-data.csv:001347,book anne of the island 10/10 favorite,[],"{""mediaType"":""book"",""title"":""Anne of the Island"",""rating"":10,""favorite"":true,""timeOffset"":""PT0M""}",media-data.csv:001347
media-data.csv:001348,novel gerald's game 1 star,[],"{""mediaType"":""book"",""title"":""Gerald's Game"",""rating"":2,""favorite"":false,""timeOffset"":""PT0M""}",media-data.csv:001348
media-data.csv:001349,book a redbird christmas 5 stars favourite,[],"{""mediaType"":""book"",""title"":""A Redbird Christmas"",""rating"":10,""favorite"":true,""timeOffset"":""PT0M""}",media-data.csv:001349
media-data.csv:001350,book the voice of the night 4 stars favorite,[],"{""mediaType"":""book"",""title"":""The Voice of the Night"",""rating"":8,""favorite"":true,""timeOffset"":""PT0M""}",media-data.csv:001350
media-data.csv:001351,finished sepulchre 10/10,[],"{""mediaType"":""book"",""title"":""Sepulchre"",""rating"":10,""favorite"":false,""timeOffset"":""PT0M""}",media-data.csv:001351
media-data.csv:001352,read 11 birthdays 10,[],"{""mediaType"":""book"",""title"":""11 Birthdays"",""rating"":10,""favorite"":false,""timeOffset"":""PT0M""}",media-data.csv:001352
media-data.csv:001353,read harry potter page to screen: the complete filmmaking journey 10/10 -25d,[],"{""mediaType"":""book"",""title"":""Harry Potter Page to Screen: The Complete Filmmaking Journey"",""rating"":10,""favorite"":false,""timeOffset"":""-P25D""}",media-data.csv:001353
media-data.csv:001354,book big little lies 8,[],"{""mediaType"":""book"",""title"":""Big Little Lies"",""rating"":8,""favorite"":false,""timeOffset"":""PT0M""}",media-data.csv:001354
media-data.csv:001355,read a storm of swords 10,[],"{""mediaType"":""book"",""title"":""A Storm of Swords"",""rating"":10,""favorite"":false,""timeOffset"":""PT0M""}",media-data.csv:001355
media-data.csv:001356,book green eggs and ham 8/10,[],"{""mediaType"":""book"",""title"":""Green Eggs and Ham"",""rating"":8,""favorite"":false,""timeOffset"":""PT0M""}",media-data.csv:001356
media-data.csv:001357,novel how to build a girl 6/10,[],"{""mediaType"":""book"",""title"":""How to Build a Girl"",""rating"":6,""favorite"":false,""timeOffset"":""PT0M""}",media-data.csv:001357
media-data.csv:001358,book fever pitch 8/10,[],"{""mediaType"":""book"",""title"":""Fever Pitch"",""rating"":8,""favorite"":false,""timeOffset"":""PT0M""}",media-data.csv:001358
media-data.csv:001359,book einstein: his life and universe 10,[],"{""mediaType"":""book"",""title"":""Einstein: His Life and Universe"",""rating"":10,""favorite"":false,""timeOffset"":""PT0M""}",media-data.csv:001359
media-data.csv:001360,finished eldest 2/10,[],"{""mediaType"":""book"",""title"":""Eldest"",""rating"":2,""favorite"":false,""timeOffset"":""PT0M""}",media-data.csv:001360
media-data.csv:001361,read oliver twist 4 stars -9d,[],"{""mediaType"":""book"",""title"":""Oliver Twist"",""rating"":8,""favorite"":false,""timeOffset"":""-P9D""}",media-data.csv:001361
media-data.csv:001362,novel white oleander 6 -11d,[],"{""mediaType"":""book"",""title"":""White Oleander"",""rating"":6,""favorite"":false,""timeOffset"":""-P11D""}",media-data.csv:001362
media-data.csv:001363,novel sidetracked 5 stars,[],"{""mediaType"":""book"",""title"":""Sidetracked"",""rating"":10,""favorite"":false,""timeOffset"":""PT0M""}",media-data.csv:001363
media-data.csv:001364,read the divine comedy 10/10 4d ago,[],"{""mediaType"":""book"",""title"":""The Divine Comedy"",""rating"":10,""favorite"":false,""timeOffset"":""-P4D""}",media-data.csv:001364
media-data.csv:001365,finished the cider house rules 8,[],"{""mediaType"":""book"",""title"":""The Cider House Rules"",""rating"":8,""favorite"":false,""timeOffset"":""PT0M""}",media-data.csv:001365
media-data.csv:001366,book the hitchhiker's guide to the galaxy 8 14 days ago,[],"{""mediaType"":""book"",""title"":""The Hitchhiker's Guide to the Galaxy"",""rating"":8,""favorite"":false,""timeOffset"":""-P14D""}",media-data.csv:001366
media-data.csv:001367,finished the subtle knife 8,[],"{""mediaType"":""book"",""title"":""The Subtle Knife"",""rating"":8,""favorite"":false,""timeOffset"":""PT0M""}",media-data.csv:001367
media-data.csv:001368,finished a new earth: awakening to your life's purpose 4/10 -18h,[],"{""mediaType"":""book"",""title"":""A New Earth: Awakening to Your Life's Purpose"",""rating"":4,""favorite"":false,""timeOffset"":""-PT18H""}",media-data.csv:001368
media-data.csv:001369,read the fellowship of the ring 8/10,[],"{""mediaType"":""book"",""title"":""The Fellowship of the Ring"",""rating"":8,""favorite"":false,""timeOffset"":""PT0M""}",media-data.csv:001369
media-data.csv:001370,finished prey 8/10,[],"{""mediaType"":""book"",""title"":""Prey"",""rating"":8,""favorite"":false,""timeOffset"":""PT0M""}",media-data.csv:001370
media-data.csv:001371,book the dead in their vaulted arches 3 stars,[],"{""mediaType"":""book"",""title"":""The Dead in Their Vaulted Arches"",""rating"":6,""favorite"":false,""timeOffset"":""PT0M""}",media-data.csv:001371
media-data.csv:001372,novel aftermath 3 stars favorite,[],"{""mediaType"":""book"",""title"":""Aftermath"",""rating"":6,""favorite"":true,""timeOffset"":""PT0M""}",media-data.csv:001372
media-data.csv:001373,book song of susannah 5 stars,[],"{""mediaType"":""book"",""title"":""Song of Susannah"",""rating"":10,""favorite"":false,""timeOffset"":""PT0M""}",media-data.csv:001373
media-data.csv:001374,finished the crown conspiracy 10/10,[],"{""mediaType"":""book"",""title"":""The Crown Conspiracy"",""rating"":10,""favorite"":false,""timeOffset"":""PT0M""}",media-data.csv:001374
media-data.csv:001375,"book river, cross my heart 3 stars 1h ago",[],"{""mediaType"":""book"",""title"":""River, Cross My Heart"",""rating"":6,""favorite"":false,""timeOffset"":""-PT1H""}",media-data.csv:001375
media-data.csv:001376,read the old man and the sea 3 stars 23h ago,[],"{""mediaType"":""book"",""title"":""The Old Man and the Sea"",""rating"":6,""favorite"":false,""timeOffset"":""-PT23H""}",media-data.csv:001376
media-data.csv:001377,read a faint cold fear 3 stars 5d ago,[],"{""mediaType"":""book"",""title"":""A Faint Cold Fear"",""rating"":6,""favorite"":false,""timeOffset"":""-P5D""}",media-data.csv:001377
media-data.csv:001378,book the gathering 2 stars loved,[],"{""mediaType"":""book"",""title"":""The Gathering"",""rating"":4,""favorite"":true,""timeOffset"":""PT0M""}",media-data.csv:001378
media-data.csv:001379,book the book thief 8 favourite,[],"{""mediaType"":""book"",""title"":""The Book Thief"",""rating"":8,""favorite"":true,""timeOffset"":""PT0M""}",media-data.csv:001379
media-data.csv:001380,read archangel's kiss 4 stars -3h,[],"{""mediaType"":""book"",""title"":""Archangel's Kiss"",""rating"":8,""favorite"":false,""timeOffset"":""-PT3H""}",media-data.csv:001380
media-data.csv:001381,finished the return of the king 10,[],"{""mediaType"":""book"",""title"":""The Return of the King"",""rating"":10,""favorite"":false,""timeOffset"":""PT0M""}",media-data.csv:001381
media-data.csv:001382,book blood rites 6 favourite 9 days ago,[],"{""mediaType"":""book"",""title"":""Blood Rites"",""rating"":6,""favorite"":true,""timeOffset"":""-P9D""}",media-data.csv:001382
media-data.csv:001383,novel all my puny sorrows 4 stars,[],"{""mediaType"":""book"",""title"":""All My Puny Sorrows"",""rating"":8,""favorite"":false,""timeOffset"":""PT0M""}",media-data.csv:001383
media-data.csv:001384,novel stiff: the curious lives of human cadavers 10/10 -7d,[],"{""mediaType"":""book"",""title"":""Stiff: The Curious Lives of Human Cadavers"",""rating"":10,""favorite"":false,""timeOffset"":""-P7D""}",media-data.csv:001384
media-data.csv:001385,book the kite runner 4 7 hours ago,[],"{""mediaType"":""book"",""title"":""The Kite Runner"",""rating"":4,""favorite"":false,""timeOffset"":""-PT7H""}",media-data.csv:001385
media-data.csv:001386,read east of eden 6/10,[],"{""mediaType"":""book"",""title"":""East of Eden"",""rating"":6,""favorite"":false,""timeOffset"":""PT0M""}",media-data.csv:001386
media-data.csv:001387,novel master and commander 10/10,[],"{""mediaType"":""book"",""title"":""Master and Commander"",""rating"":10,""favorite"":false,""timeOffset"":""PT0M""}",media-data.csv:001387
media-data.csv:001388,read the boleyn inheritance 4 stars,[],"{""mediaType"":""book"",""title"":""The Boleyn Inheritance"",""rating"":8,""favorite"":false,""timeOffset"":""PT0M""}",media-data.csv:001388
media-data.csv:001389,book the goose girl 8/10,[],"{""mediaType"":""book"",""title"":""The Goose Girl"",""rating"":8,""favorite"":false,""timeOffset"":""PT0M""}",media-data.csv:001389
media-data.csv:001390,novel the girl with the dragon tattoo 5 stars fav,[],"{""mediaType"":""book"",""title"":""The Girl with the Dragon Tattoo"",""rating"":10,""favorite"":true,""timeOffset"":""PT0M""}",media-data.csv:001390
media-data.csv:001391,read the pit and the pendulum 3 stars,[],"{""mediaType"":""book"",""title"":""The Pit and the Pendulum"",""rating"":6,""favorite"":false,""timeOffset"":""PT0M""}",media-data.csv:001391
media-data.csv:001392,finished the poisonwood bible 2/10 22d ago,[],"{""mediaType"":""book"",""title"":""The Poisonwood Bible"",""rating"":2,""favorite"":false,""timeOffset"":""-P22D""}",media-data.csv:001392
media-data.csv:001393,finished one for the money 4 stars,[],"{""mediaType"":""book"",""title"":""One for the Money"",""rating"":8,""favorite"":false,""timeOffset"":""PT0M""}",media-data.csv:001393
media-data.csv:001394,read wild: from lost to found on the pacific crest trail 4 26d ago,[],"{""mediaType"":""book"",""title"":""Wild: From Lost to Found on the Pacific Crest Trail"",""rating"":4,""favorite"":false,""timeOffset"":""-P26D""}",media-data.csv:001394
media-data.csv:001395,"finished where'd you go, bernadette 4 stars",[],"{""mediaType"":""book"",""title"":""Where'd You Go, Bernadette"",""rating"":8,""favorite"":false,""timeOffset"":""PT0M""}",media-data.csv:001395
media-data.csv:001396,read insurgent 3 stars -10d,[],"{""mediaType"":""book"",""title"":""Insurgent"",""rating"":6,""favorite"":false,""timeOffset"":""-P10D""}",media-data.csv:001396
media-data.csv:001397,novel a time to kill 4 stars -13h,[],"{""mediaType"":""book"",""title"":""A Time to Kill"",""rating"":8,""favorite"":false,""timeOffset"":""-PT13H""}",media-data.csv:001397
media-data.csv:001398,novel something rotten 4 stars favorite -4d,[],"{""mediaType"":""book"",""title"":""Something Rotten"",""rating"":8,""favorite"":true,""timeOffset"":""-P4D""}",media-data.csv:001398
media-data.csv:001399,"finished a christmas carol, the chimes and the cricket on the hearth 10/10",[],"{""mediaType"":""book"",""title"":""A Christmas Carol, The Chimes and The Cricket on the Hearth"",""rating"":10,""favorite"":false,""timeOffset"":""PT0M""}",media-data.csv:001399
media-data.csv:001400,read broken 10/10 16 days ago,[],"{""mediaType"":""book"",""title"":""Broken"",""rating"":10,""favorite"":false,""timeOffset"":""-P16D""}",media-data.csv:001400
media-data.csv:001401,novel betrayed 6,[],"{""mediaType"":""book"",""title"":""Betrayed"",""rating"":6,""favorite"":false,""timeOffset"":""PT0M""}",media-data.csv:001401
media-data.csv:001402,read the husband's secret 6/10,[],"{""mediaType"":""book"",""title"":""The Husband's Secret"",""rating"":6,""favorite"":false,""timeOffset"":""PT0M""}",media-data.csv:001402
media-data.csv:001403,novel flowers in the attic 4 stars,[],"{""mediaType"":""book"",""title"":""Flowers in the Attic"",""rating"":8,""favorite"":false,""timeOffset"":""PT0M""}",media-data.csv:001403
media-data.csv:001404,book the brethren 8/10 heart,[],"{""mediaType"":""book"",""title"":""The Brethren"",""rating"":8,""favorite"":true,""timeOffset"":""PT0M""}",media-data.csv:001404
media-data.csv:001405,book with the old breed: at peleliu and okinawa 5 stars,[],"{""mediaType"":""book"",""title"":""With the Old Breed: At Peleliu and Okinawa"",""rating"":10,""favorite"":false,""timeOffset"":""PT0M""}",media-data.csv:001405
media-data.csv:001406,book the berenstain bears go to school 10 loved,[],"{""mediaType"":""book"",""title"":""The Berenstain Bears Go to School"",""rating"":10,""favorite"":true,""timeOffset"":""PT0M""}",media-data.csv:001406
media-data.csv:001407,finished awakened 3 stars,[],"{""mediaType"":""book"",""title"":""Awakened"",""rating"":6,""favorite"":false,""timeOffset"":""PT0M""}",media-data.csv:001407
media-data.csv:001408,finished the host 6,[],"{""mediaType"":""book"",""title"":""The Host"",""rating"":6,""favorite"":false,""timeOffset"":""PT0M""}",media-data.csv:001408
media-data.csv:001409,book opal 4 stars 4d ago,[],"{""mediaType"":""book"",""title"":""Opal"",""rating"":8,""favorite"":false,""timeOffset"":""-P4D""}",media-data.csv:001409
media-data.csv:001410,finished the imitation of christ 6/10 favourite,[],"{""mediaType"":""book"",""title"":""The Imitation of Christ"",""rating"":6,""favorite"":true,""timeOffset"":""PT0M""}",media-data.csv:001410
media-data.csv:001411,novel island of the blue dolphins 5 stars 28 days ago,[],"{""mediaType"":""book"",""title"":""Island of the Blue Dolphins"",""rating"":10,""favorite"":false,""timeOffset"":""-P28D""}",media-data.csv:001411
media-data.csv:001412,read twilight: the complete illustrated movie companion 6/10 heart,[],"{""mediaType"":""book"",""title"":""Twilight: The Complete Illustrated Movie Companion"",""rating"":6,""favorite"":true,""timeOffset"":""PT0M""}",media-data.csv:001412
media-data.csv:001413,read رباعيات صلاح جاهين 8/10,[],"{""mediaType"":""book"",""title"":""\u0631\u0628\u0627\u0639\u064a\u0627\u062a \u0635\u0644\u0627\u062d \u062c\u0627\u0647\u064a\u0646"",""rating"":8,""favorite"":false,""timeOffset"":""PT0M""}",media-data.csv:001413
media-data.csv:001414,read harry potter and the chamber of secrets 6,[],"{""mediaType"":""book"",""title"":""Harry Potter and the Chamber of Secrets"",""rating"":6,""favorite"":false,""timeOffset"":""PT0M""}",media-data.csv:001414
media-data.csv:001415,read one foot in the grave 10,[],"{""mediaType"":""book"",""title"":""One Foot in the Grave"",""rating"":10,""favorite"":false,""timeOffset"":""PT0M""}",media-data.csv:001415
media-data.csv:001416,novel millions of cats 10,[],"{""mediaType"":""book"",""title"":""Millions of Cats"",""rating"":10,""favorite"":false,""timeOffset"":""PT0M""}",media-data.csv:001416
media-data.csv:001417,finished momo 10/10,[],"{""mediaType"":""book"",""title"":""Momo"",""rating"":10,""favorite"":false,""timeOffset"":""PT0M""}",media-data.csv:001417
media-data.csv:001418,book private 10/10,[],"{""mediaType"":""book"",""title"":""Private"",""rating"":10,""favorite"":false,""timeOffset"":""PT0M""}",media-data.csv:001418
media-data.csv:001419,book matched 10/10,[],"{""mediaType"":""book"",""title"":""Matched"",""rating"":10,""favorite"":false,""timeOffset"":""PT0M""}",media-data.csv:001419
media-data.csv:001420,novel the golden compass 4/10,[],"{""mediaType"":""book"",""title"":""The Golden Compass"",""rating"":4,""favorite"":false,""timeOffset"":""PT0M""}",media-data.csv:001420
media-data.csv:001421,novel the phantom tollbooth 8 -5d,[],"{""mediaType"":""book"",""title"":""The Phantom Tollbooth"",""rating"":8,""favorite"":false,""timeOffset"":""-P5D""}",media-data.csv:001421
media-data.csv:001422,book the virgin suicides 8/10 9 days ago,[],"{""mediaType"":""book"",""title"":""The Virgin Suicides"",""rating"":8,""favorite"":false,""timeOffset"":""-P9D""}",media-data.csv:001422
media-data.csv:001423,book firefly lane 5 stars,[],"{""mediaType"":""book"",""title"":""Firefly Lane"",""rating"":10,""favorite"":false,""timeOffset"":""PT0M""}",media-data.csv:001423
media-data.csv:001424,novel rebecca 4 stars,[],"{""mediaType"":""book"",""title"":""Rebecca"",""rating"":8,""favorite"":false,""timeOffset"":""PT0M""}",media-data.csv:001424
media-data.csv:001425,read the consolations of philosophy 10 -13h,[],"{""mediaType"":""book"",""title"":""The Consolations of Philosophy"",""rating"":10,""favorite"":false,""timeOffset"":""-PT13H""}",media-data.csv:001425
media-data.csv:001426,finished enchantment 10/10,[],"{""mediaType"":""book"",""title"":""Enchantment"",""rating"":10,""favorite"":false,""timeOffset"":""PT0M""}",media-data.csv:001426
media-data.csv:001427,novel fantastic beasts and where to find them 3 stars,[],"{""mediaType"":""book"",""title"":""Fantastic Beasts and Where to Find Them"",""rating"":6,""favorite"":false,""timeOffset"":""PT0M""}",media-data.csv:001427
media-data.csv:001428,read masquerade 3 stars,[],"{""mediaType"":""book"",""title"":""Masquerade"",""rating"":6,""favorite"":false,""timeOffset"":""PT0M""}",media-data.csv:001428
media-data.csv:001429,novel harry potter and the goblet of fire 4 stars,[],"{""mediaType"":""book"",""title"":""Harry Potter and the Goblet of Fire"",""rating"":8,""favorite"":false,""timeOffset"":""PT0M""}",media-data.csv:001429
media-data.csv:001430,book the undomestic goddess 6/10 20h ago,[],"{""mediaType"":""book"",""title"":""The Undomestic Goddess"",""rating"":6,""favorite"":false,""timeOffset"":""-PT20H""}",media-data.csv:001430
media-data.csv:001431,book the scarlet pimpernel 6/10,[],"{""mediaType"":""book"",""title"":""The Scarlet Pimpernel"",""rating"":6,""favorite"":false,""timeOffset"":""PT0M""}",media-data.csv:001431
media-data.csv:001432,novel one hundred years of solitude 8/10,[],"{""mediaType"":""book"",""title"":""One Hundred Years of Solitude"",""rating"":8,""favorite"":false,""timeOffset"":""PT0M""}",media-data.csv:001432
media-data.csv:001433,finished crime and punishment 4/10 -16h,[],"{""mediaType"":""book"",""title"":""Crime and Punishment"",""rating"":4,""favorite"":false,""timeOffset"":""-PT16H""}",media-data.csv:001433
media-data.csv:001434,read the naked and the dead 3 stars,[],"{""mediaType"":""book"",""title"":""The Naked and the Dead"",""rating"":6,""favorite"":false,""timeOffset"":""PT0M""}",media-data.csv:001434
media-data.csv:001435,novel the omnivore's dilemma: a natural history of four meals 8/10 favourite 4d ago,[],"{""mediaType"":""book"",""title"":""The Omnivore's Dilemma: A Natural History of Four Meals"",""rating"":8,""favorite"":true,""timeOffset"":""-P4D""}",media-data.csv:001435
media-data.csv:001436,book the scarlet letter 2 stars,[],"{""mediaType"":""book"",""title"":""The Scarlet Letter"",""rating"":4,""favorite"":false,""timeOffset"":""PT0M""}",media-data.csv:001436
media-data.csv:001437,book the fault in our stars 8,[],"{""mediaType"":""book"",""title"":""The Fault in Our Stars"",""rating"":8,""favorite"":false,""timeOffset"":""PT0M""}",media-data.csv:001437
media-data.csv:001438,"book where'd you go, bernadette 6/10 11 days ago",[],"{""mediaType"":""book"",""title"":""Where'd You Go, Bernadette"",""rating"":6,""favorite"":false,""timeOffset"":""-P11D""}",media-data.csv:001438
media-data.csv:001439,finished being nikki 6/10,[],"{""mediaType"":""book"",""title"":""Being Nikki"",""rating"":6,""favorite"":false,""timeOffset"":""PT0M""}",media-data.csv:001439
media-data.csv:001440,novel robinson crusoe 3 stars 12d ago,[],"{""mediaType"":""book"",""title"":""Robinson Crusoe"",""rating"":6,""favorite"":false,""timeOffset"":""-P12D""}",media-data.csv:001440
media-data.csv:001441,book nausea 8 fav,[],"{""mediaType"":""book"",""title"":""Nausea"",""rating"":8,""favorite"":true,""timeOffset"":""PT0M""}",media-data.csv:001441
media-data.csv:001442,read a connecticut yankee in king arthur's court 4 stars,[],"{""mediaType"":""book"",""title"":""A Connecticut Yankee in King Arthur's Court"",""rating"":8,""favorite"":false,""timeOffset"":""PT0M""}",media-data.csv:001442
media-data.csv:001443,book say goodbye 4 stars,[],"{""mediaType"":""book"",""title"":""Say Goodbye"",""rating"":8,""favorite"":false,""timeOffset"":""PT0M""}",media-data.csv:001443
media-data.csv:001444,novel outliers: the story of success 4 stars,[],"{""mediaType"":""book"",""title"":""Outliers: The Story of Success"",""rating"":8,""favorite"":false,""timeOffset"":""PT0M""}",media-data.csv:001444
media-data.csv:001445,book the ultimate hitchhiker's guide to the galaxy 10/10 heart,[],"{""mediaType"":""book"",""title"":""The Ultimate Hitchhiker's Guide to the Galaxy"",""rating"":10,""favorite"":true,""timeOffset"":""PT0M""}",media-data.csv:001445
media-data.csv:001446,read the other queen 8/10 favourite,[],"{""mediaType"":""book"",""title"":""The Other Queen"",""rating"":8,""favorite"":true,""timeOffset"":""PT0M""}",media-data.csv:001446
media-data.csv:001447,novel the princess bride 5 stars,[],"{""mediaType"":""book"",""title"":""The Princess Bride"",""rating"":10,""favorite"":false,""timeOffset"":""PT0M""}",media-data.csv:001447
media-data.csv:001448,novel the prince of tides 8,[],"{""mediaType"":""book"",""title"":""The Prince of Tides"",""rating"":8,""favorite"":false,""timeOffset"":""PT0M""}",media-data.csv:001448
media-data.csv:001449,book the drawing of the three 5 stars,[],"{""mediaType"":""book"",""title"":""The Drawing of the Three"",""rating"":10,""favorite"":false,""timeOffset"":""PT0M""}",media-data.csv:001449
media-data.csv:001450,book orphan train 4 stars favourite 12h ago,[],"{""mediaType"":""book"",""title"":""Orphan Train"",""rating"":8,""favorite"":true,""timeOffset"":""-PT12H""}",media-data.csv:001450
media-data.csv:001451,book dead until dark 6 loved 19d ago,[],"{""mediaType"":""book"",""title"":""Dead Until Dark"",""rating"":6,""favorite"":true,""timeOffset"":""-P19D""}",media-data.csv:001451
media-data.csv:001452,book the name of the wind 10/10 -7d,[],"{""mediaType"":""book"",""title"":""The Name of the Wind"",""rating"":10,""favorite"":false,""timeOffset"":""-P7D""}",media-data.csv:001452
media-data.csv:001453,finished dark places 4 stars,[],"{""mediaType"":""book"",""title"":""Dark Places"",""rating"":8,""favorite"":false,""timeOffset"":""PT0M""}",media-data.csv:001453
media-data.csv:001454,book motorcycle man 5 stars -25d,[],"{""mediaType"":""book"",""title"":""Motorcycle Man"",""rating"":10,""favorite"":false,""timeOffset"":""-P25D""}",media-data.csv:001454
media-data.csv:001455,book the one and only ivan 8,[],"{""mediaType"":""book"",""title"":""The One and Only Ivan"",""rating"":8,""favorite"":false,""timeOffset"":""PT0M""}",media-data.csv:001455
media-data.csv:001456,book wizard and glass 4,[],"{""mediaType"":""book"",""title"":""Wizard and Glass"",""rating"":4,""favorite"":false,""timeOffset"":""PT0M""}",media-data.csv:001456
media-data.csv:001457,book brother odd 6/10,[],"{""mediaType"":""book"",""title"":""Brother Odd"",""rating"":6,""favorite"":false,""timeOffset"":""PT0M""}",media-data.csv:001457
media-data.csv:001458,novel julius caesar 10/10 -25d,[],"{""mediaType"":""book"",""title"":""Julius Caesar"",""rating"":10,""favorite"":false,""timeOffset"":""-P25D""}",media-data.csv:001458
media-data.csv:001459,read one fifth avenue 3 stars,[],"{""mediaType"":""book"",""title"":""One Fifth Avenue"",""rating"":6,""favorite"":false,""timeOffset"":""PT0M""}",media-data.csv:001459
media-data.csv:001460,book the amazing adventures of kavalier & clay 5 stars 10h ago,[],"{""mediaType"":""book"",""title"":""The Amazing Adventures of Kavalier & Clay"",""rating"":10,""favorite"":false,""timeOffset"":""-PT10H""}",media-data.csv:001460
media-data.csv:001461,novel soul of the fire 8/10,[],"{""mediaType"":""book"",""title"":""Soul of the Fire"",""rating"":8,""favorite"":false,""timeOffset"":""PT0M""}",media-data.csv:001461
media-data.csv:001462,novel crossed 4 stars -21h,[],"{""mediaType"":""book"",""title"":""Crossed"",""rating"":8,""favorite"":false,""timeOffset"":""-PT21H""}",media-data.csv:001462
media-data.csv:001463,finished fast food nation: the dark side of the all-american meal 4 stars favourite 23d ago,[],"{""mediaType"":""book"",""title"":""Fast Food Nation: The Dark Side of the All-American Meal"",""rating"":8,""favorite"":true,""timeOffset"":""-P23D""}",media-data.csv:001463
media-data.csv:001464,novel outlander 6/10,[],"{""mediaType"":""book"",""title"":""Outlander"",""rating"":6,""favorite"":false,""timeOffset"":""PT0M""}",media-data.csv:001464
media-data.csv:001465,read happy accidents: a memoir 8/10 -3d,[],"{""mediaType"":""book"",""title"":""Happy Accidents: A Memoir"",""rating"":8,""favorite"":false,""timeOffset"":""-P3D""}",media-data.csv:001465
media-data.csv:001466,read shatter me 6/10,[],"{""mediaType"":""book"",""title"":""Shatter Me"",""rating"":6,""favorite"":false,""timeOffset"":""PT0M""}",media-data.csv:001466
media-data.csv:001467,novel how the grinch stole christmas! 4 stars heart,[],"{""mediaType"":""book"",""title"":""How the Grinch Stole Christmas!"",""rating"":8,""favorite"":true,""timeOffset"":""PT0M""}",media-data.csv:001467
media-data.csv:001468,novel the weird sisters 3 stars,[],"{""mediaType"":""book"",""title"":""The Weird Sisters"",""rating"":6,""favorite"":false,""timeOffset"":""PT0M""}",media-data.csv:001468
media-data.csv:001469,book the amazing adventures of kavalier & clay 6,[],"{""mediaType"":""book"",""title"":""The Amazing Adventures of Kavalier & Clay"",""rating"":6,""favorite"":false,""timeOffset"":""PT0M""}",media-data.csv:001469
media-data.csv:001470,book the bachman books 4 stars favourite,[],"{""mediaType"":""book"",""title"":""The Bachman Books"",""rating"":8,""favorite"":true,""timeOffset"":""PT0M""}",media-data.csv:001470
media-data.csv:001471,read mr. penumbra's 24-hour bookstore 10/10,[],"{""mediaType"":""book"",""title"":""Mr. Penumbra's 24-Hour Bookstore"",""rating"":10,""favorite"":false,""timeOffset"":""PT0M""}",media-data.csv:001471
media-data.csv:001472,novel of mice and men 3 stars,[],"{""mediaType"":""book"",""title"":""Of Mice and Men"",""rating"":6,""favorite"":false,""timeOffset"":""PT0M""}",media-data.csv:001472
media-data.csv:001473,book the bourne identity 4 stars 28d ago,[],"{""mediaType"":""book"",""title"":""The Bourne Identity"",""rating"":8,""favorite"":false,""timeOffset"":""-P28D""}",media-data.csv:001473
media-data.csv:001474,book ink exchange 6/10,[],"{""mediaType"":""book"",""title"":""Ink Exchange"",""rating"":6,""favorite"":false,""timeOffset"":""PT0M""}",media-data.csv:001474
media-data.csv:001475,book thus spoke zarathustra 6/10 -8d,[],"{""mediaType"":""book"",""title"":""Thus Spoke Zarathustra"",""rating"":6,""favorite"":false,""timeOffset"":""-P8D""}",media-data.csv:001475
media-data.csv:001476,read harry potter and the chamber of secrets 10/10 favourite -11h,[],"{""mediaType"":""book"",""title"":""Harry Potter and the Chamber of Secrets"",""rating"":10,""favorite"":true,""timeOffset"":""-PT11H""}",media-data.csv:001476
media-data.csv:001477,"finished moby-dick or, the whale 3 stars 4d ago",[],"{""mediaType"":""book"",""title"":""Moby-Dick or, The Whale"",""rating"":6,""favorite"":false,""timeOffset"":""-P4D""}",media-data.csv:001477
media-data.csv:001478,novel praying god's word: breaking free from spiritual strongholds 10 fav 1h ago,[],"{""mediaType"":""book"",""title"":""Praying God's Word: Breaking Free From Spiritual Strongholds"",""rating"":10,""favorite"":true,""timeOffset"":""-PT1H""}",media-data.csv:001478
media-data.csv:001479,finished one flew over the cuckoo's nest 5 stars,[],"{""mediaType"":""book"",""title"":""One Flew Over the Cuckoo's Nest"",""rating"":10,""favorite"":false,""timeOffset"":""PT0M""}",media-data.csv:001479
media-data.csv:001480,novel breaking dawn 3 stars 20 days ago,[],"{""mediaType"":""book"",""title"":""Breaking Dawn"",""rating"":6,""favorite"":false,""timeOffset"":""-P20D""}",media-data.csv:001480
media-data.csv:001481,book we'll always have summer 8 5 days ago,[],"{""mediaType"":""book"",""title"":""We'll Always Have Summer"",""rating"":8,""favorite"":false,""timeOffset"":""-P5D""}",media-data.csv:001481
media-data.csv:001482,read the light between oceans 5 stars,[],"{""mediaType"":""book"",""title"":""The Light Between Oceans"",""rating"":10,""favorite"":false,""timeOffset"":""PT0M""}",media-data.csv:001482
media-data.csv:001483,novel scar tissue 8/10,[],"{""mediaType"":""book"",""title"":""Scar Tissue"",""rating"":8,""favorite"":false,""timeOffset"":""PT0M""}",media-data.csv:001483
media-data.csv:001484,book the very hungry caterpillar board book 10 -8d,[],"{""mediaType"":""book"",""title"":""The Very Hungry Caterpillar Board Book"",""rating"":10,""favorite"":false,""timeOffset"":""-P8D""}",media-data.csv:001484
media-data.csv:001485,novel curious george takes a job 10,[],"{""mediaType"":""book"",""title"":""Curious George Takes a Job"",""rating"":10,""favorite"":false,""timeOffset"":""PT0M""}",media-data.csv:001485
media-data.csv:001486,read the bluest eye 6/10,[],"{""mediaType"":""book"",""title"":""The Bluest Eye"",""rating"":6,""favorite"":false,""timeOffset"":""PT0M""}",media-data.csv:001486
media-data.csv:001487,book stellaluna 8,[],"{""mediaType"":""book"",""title"":""Stellaluna"",""rating"":8,""favorite"":false,""timeOffset"":""PT0M""}",media-data.csv:001487
media-data.csv:001488,read the dragon reborn 3 stars,[],"{""mediaType"":""book"",""title"":""The Dragon Reborn"",""rating"":6,""favorite"":false,""timeOffset"":""PT0M""}",media-data.csv:001488
media-data.csv:001489,read mile high 3 stars,[],"{""mediaType"":""book"",""title"":""Mile High"",""rating"":6,""favorite"":false,""timeOffset"":""PT0M""}",media-data.csv:001489
media-data.csv:001490,read the age of innocence 4 stars 14 hours ago,[],"{""mediaType"":""book"",""title"":""The Age of Innocence"",""rating"":8,""favorite"":false,""timeOffset"":""-PT14H""}",media-data.csv:001490
media-data.csv:001491,read horton hears a who! 6/10 23h ago,[],"{""mediaType"":""book"",""title"":""Horton Hears a Who!"",""rating"":6,""favorite"":false,""timeOffset"":""-PT23H""}",media-data.csv:001491
media-data.csv:001492,read stargirl 3 stars -17d,[],"{""mediaType"":""book"",""title"":""Stargirl"",""rating"":6,""favorite"":false,""timeOffset"":""-P17D""}",media-data.csv:001492
media-data.csv:001493,novel the reader 6 -23h,[],"{""mediaType"":""book"",""title"":""The Reader"",""rating"":6,""favorite"":false,""timeOffset"":""-PT23H""}",media-data.csv:001493
media-data.csv:001494,novel knife of dreams 1 star 10d ago,[],"{""mediaType"":""book"",""title"":""Knife of Dreams"",""rating"":2,""favorite"":false,""timeOffset"":""-P10D""}",media-data.csv:001494
media-data.csv:001495,book lunar park 8/10 4h ago,[],"{""mediaType"":""book"",""title"":""Lunar Park"",""rating"":8,""favorite"":false,""timeOffset"":""-PT4H""}",media-data.csv:001495
media-data.csv:001496,novel jitterbug perfume 8 -23h,[],"{""mediaType"":""book"",""title"":""Jitterbug Perfume"",""rating"":8,""favorite"":false,""timeOffset"":""-PT23H""}",media-data.csv:001496
media-data.csv:001497,read owen 10 6d ago,[],"{""mediaType"":""book"",""title"":""Owen"",""rating"":10,""favorite"":false,""timeOffset"":""-P6D""}",media-data.csv:001497
media-data.csv:001498,book the silver star 10/10 heart -24d,[],"{""mediaType"":""book"",""title"":""The Silver Star"",""rating"":10,""favorite"":true,""timeOffset"":""-P24D""}",media-data.csv:001498
media-data.csv:001499,finished absolution gap 5 stars favorite,[],"{""mediaType"":""book"",""title"":""Absolution Gap"",""rating"":10,""favorite"":true,""timeOffset"":""PT0M""}",media-data.csv:001499
media-data.csv:001500,finished divergent 8 -22d,[],"{""mediaType"":""book"",""title"":""Divergent"",""rating"":8,""favorite"":false,""timeOffset"":""-P22D""}",media-data.csv:001500
media-data.csv:001501,read lady luck 5 stars,[],"{""mediaType"":""book"",""title"":""Lady Luck"",""rating"":10,""favorite"":false,""timeOffset"":""PT0M""}",media-data.csv:001501
media-data.csv:001502,novel murder must advertise 8,[],"{""mediaType"":""book"",""title"":""Murder Must Advertise"",""rating"":8,""favorite"":false,""timeOffset"":""PT0M""}",media-data.csv:001502
media-data.csv:001503,novel a scandal in bohemia 5 stars,[],"{""mediaType"":""book"",""title"":""A Scandal in Bohemia"",""rating"":10,""favorite"":false,""timeOffset"":""PT0M""}",media-data.csv:001503
media-data.csv:001504,novel night watch 3 stars,[],"{""mediaType"":""book"",""title"":""Night Watch"",""rating"":6,""favorite"":false,""timeOffset"":""PT0M""}",media-data.csv:001504
media-data.csv:001505,book shadow kiss 8/10,[],"{""mediaType"":""book"",""title"":""Shadow Kiss"",""rating"":8,""favorite"":false,""timeOffset"":""PT0M""}",media-data.csv:001505
media-data.csv:001506,book furiously happy: a funny book about horrible things 10/10,[],"{""mediaType"":""book"",""title"":""Furiously Happy: A Funny Book About Horrible Things"",""rating"":10,""favorite"":false,""timeOffset"":""PT0M""}",media-data.csv:001506
media-data.csv:001507,novel forever 8 favorite,[],"{""mediaType"":""book"",""title"":""Forever"",""rating"":8,""favorite"":true,""timeOffset"":""PT0M""}",media-data.csv:001507
media-data.csv:001508,read the subtle knife 5 stars,[],"{""mediaType"":""book"",""title"":""The Subtle Knife"",""rating"":10,""favorite"":false,""timeOffset"":""PT0M""}",media-data.csv:001508
media-data.csv:001509,read the help 8/10 15h ago,[],"{""mediaType"":""book"",""title"":""The Help"",""rating"":8,""favorite"":false,""timeOffset"":""-PT15H""}",media-data.csv:001509
media-data.csv:001510,novel the arctic incident 2 stars,[],"{""mediaType"":""book"",""title"":""The Arctic Incident"",""rating"":4,""favorite"":false,""timeOffset"":""PT0M""}",media-data.csv:001510
media-data.csv:001511,"book alexander and the terrible, horrible, no good, very bad day 10/10",[],"{""mediaType"":""book"",""title"":""Alexander and the Terrible, Horrible, No Good, Very Bad Day"",""rating"":10,""favorite"":false,""timeOffset"":""PT0M""}",media-data.csv:001511
media-data.csv:001512,read the cat in the hat 8/10,[],"{""mediaType"":""book"",""title"":""The Cat in the Hat"",""rating"":8,""favorite"":false,""timeOffset"":""PT0M""}",media-data.csv:001512
media-data.csv:001513,read pygmy 4 heart,[],"{""mediaType"":""book"",""title"":""Pygmy"",""rating"":4,""favorite"":true,""timeOffset"":""PT0M""}",media-data.csv:001513
media-data.csv:001514,novel the things they carried 3 stars,[],"{""mediaType"":""book"",""title"":""The Things They Carried"",""rating"":6,""favorite"":false,""timeOffset"":""PT0M""}",media-data.csv:001514
media-data.csv:001515,book the da vinci code 10,[],"{""mediaType"":""book"",""title"":""The Da Vinci Code"",""rating"":10,""favorite"":false,""timeOffset"":""PT0M""}",media-data.csv:001515
media-data.csv:001516,novel an anthropologist on mars: seven paradoxical tales 4 stars,[],"{""mediaType"":""book"",""title"":""An Anthropologist on Mars: Seven Paradoxical Tales"",""rating"":8,""favorite"":false,""timeOffset"":""PT0M""}",media-data.csv:001516
media-data.csv:001517,novel a christmas carol 3 stars 27 days ago,[],"{""mediaType"":""book"",""title"":""A Christmas Carol"",""rating"":6,""favorite"":false,""timeOffset"":""-P27D""}",media-data.csv:001517
media-data.csv:001518,finished city of bones 1 star 17 days ago,[],"{""mediaType"":""book"",""title"":""City of Bones"",""rating"":2,""favorite"":false,""timeOffset"":""-P17D""}",media-data.csv:001518
media-data.csv:001519,novel the other woman 8/10 -15h,[],"{""mediaType"":""book"",""title"":""The Other Woman"",""rating"":8,""favorite"":false,""timeOffset"":""-PT15H""}",media-data.csv:001519
media-data.csv:001520,book lenobia's vow 10 -4h,[],"{""mediaType"":""book"",""title"":""Lenobia's Vow"",""rating"":10,""favorite"":false,""timeOffset"":""-PT4H""}",media-data.csv:001520
media-data.csv:001521,read a clash of kings 3 stars,[],"{""mediaType"":""book"",""title"":""A Clash of Kings"",""rating"":6,""favorite"":false,""timeOffset"":""PT0M""}",media-data.csv:001521
media-data.csv:001522,read wuthering heights 3 stars,[],"{""mediaType"":""book"",""title"":""Wuthering Heights"",""rating"":6,""favorite"":false,""timeOffset"":""PT0M""}",media-data.csv:001522
media-data.csv:001523,read the sugar queen 8/10 11d ago,[],"{""mediaType"":""book"",""title"":""The Sugar Queen"",""rating"":8,""favorite"":false,""timeOffset"":""-P11D""}",media-data.csv:001523
media-data.csv:001524,read the stand 4 stars,[],"{""mediaType"":""book"",""title"":""The Stand"",""rating"":8,""favorite"":false,""timeOffset"":""PT0M""}",media-data.csv:001524
media-data.csv:001525,book norwegian wood 10/10,[],"{""mediaType"":""book"",""title"":""Norwegian Wood"",""rating"":10,""favorite"":false,""timeOffset"":""PT0M""}",media-data.csv:001525
media-data.csv:001526,novel the year of magical thinking 10,[],"{""mediaType"":""book"",""title"":""The Year of Magical Thinking"",""rating"":10,""favorite"":false,""timeOffset"":""PT0M""}",media-data.csv:001526
media-data.csv:001527,book fahrenheit 451 8 fav,[],"{""mediaType"":""book"",""title"":""Fahrenheit 451"",""rating"":8,""favorite"":true,""timeOffset"":""PT0M""}",media-data.csv:001527
media-data.csv:001528,novel ten big ones 8/10 7d ago,[],"{""mediaType"":""book"",""title"":""Ten Big Ones"",""rating"":8,""favorite"":false,""timeOffset"":""-P7D""}",media-data.csv:001528
media-data.csv:001529,finished gone tomorrow 4 stars,[],"{""mediaType"":""book"",""title"":""Gone Tomorrow"",""rating"":8,""favorite"":false,""timeOffset"":""PT0M""}",media-data.csv:001529
media-data.csv:001530,novel the metamorphosis 5 stars,[],"{""mediaType"":""book"",""title"":""The Metamorphosis"",""rating"":10,""favorite"":false,""timeOffset"":""PT0M""}",media-data.csv:001530
media-data.csv:001531,read naked 10/10,[],"{""mediaType"":""book"",""title"":""Naked"",""rating"":10,""favorite"":false,""timeOffset"":""PT0M""}",media-data.csv:001531
media-data.csv:001532,finished american gods 10 loved -18d,[],"{""mediaType"":""book"",""title"":""American Gods"",""rating"":10,""favorite"":true,""timeOffset"":""-P18D""}",media-data.csv:001532
media-data.csv:001533,finished a bear called paddington 10/10 1h ago,[],"{""mediaType"":""book"",""title"":""A Bear Called Paddington"",""rating"":10,""favorite"":false,""timeOffset"":""-PT1H""}",media-data.csv:001533
media-data.csv:001534,finished the children act 3 stars -2h,[],"{""mediaType"":""book"",""title"":""The Children Act"",""rating"":6,""favorite"":false,""timeOffset"":""-PT2H""}",media-data.csv:001534
media-data.csv:001535,book the bachman books 3 stars,[],"{""mediaType"":""book"",""title"":""The Bachman Books"",""rating"":6,""favorite"":false,""timeOffset"":""PT0M""}",media-data.csv:001535
media-data.csv:001536,book as you like it 2 stars -25d,[],"{""mediaType"":""book"",""title"":""As You Like It"",""rating"":4,""favorite"":false,""timeOffset"":""-P25D""}",media-data.csv:001536
media-data.csv:001537,read fingersmith 10/10 loved,[],"{""mediaType"":""book"",""title"":""Fingersmith"",""rating"":10,""favorite"":true,""timeOffset"":""PT0M""}",media-data.csv:001537
media-data.csv:001538,finished reason to breathe 6,[],"{""mediaType"":""book"",""title"":""Reason to Breathe"",""rating"":6,""favorite"":false,""timeOffset"":""PT0M""}",media-data.csv:001538
media-data.csv:001539,finished sharp objects 8/10,[],"{""mediaType"":""book"",""title"":""Sharp Objects"",""rating"":8,""favorite"":false,""timeOffset"":""PT0M""}",media-data.csv:001539
media-data.csv:001540,"book are you there god? it's me, margaret 3 stars",[],"{""mediaType"":""book"",""title"":""Are You There God? It's Me, Margaret"",""rating"":6,""favorite"":false,""timeOffset"":""PT0M""}",media-data.csv:001540
media-data.csv:001541,book the last olympian 8,[],"{""mediaType"":""book"",""title"":""The Last Olympian"",""rating"":8,""favorite"":false,""timeOffset"":""PT0M""}",media-data.csv:001541
media-data.csv:001542,read the railway children 10 17h ago,[],"{""mediaType"":""book"",""title"":""The Railway Children"",""rating"":10,""favorite"":false,""timeOffset"":""-PT17H""}",media-data.csv:001542
media-data.csv:001543,finished wizard's first rule 10/10,[],"{""mediaType"":""book"",""title"":""Wizard's First Rule"",""rating"":10,""favorite"":false,""timeOffset"":""PT0M""}",media-data.csv:001543
media-data.csv:001544,read spook: science tackles the afterlife 10,[],"{""mediaType"":""book"",""title"":""Spook: Science Tackles the Afterlife"",""rating"":10,""favorite"":false,""timeOffset"":""PT0M""}",media-data.csv:001544
media-data.csv:001545,finished consider the lobster and other essays 5 stars -26d,[],"{""mediaType"":""book"",""title"":""Consider the Lobster and Other Essays"",""rating"":10,""favorite"":false,""timeOffset"":""-P26D""}",media-data.csv:001545
media-data.csv:001546,finished me before you 3 stars,[],"{""mediaType"":""book"",""title"":""Me Before You"",""rating"":6,""favorite"":false,""timeOffset"":""PT0M""}",media-data.csv:001546
media-data.csv:001547,finished broken angels 10 2d ago,[],"{""mediaType"":""book"",""title"":""Broken Angels"",""rating"":10,""favorite"":false,""timeOffset"":""-P2D""}",media-data.csv:001547
media-data.csv:001548,book the blue sword 4 stars favourite,[],"{""mediaType"":""book"",""title"":""The Blue Sword"",""rating"":8,""favorite"":true,""timeOffset"":""PT0M""}",media-data.csv:001548
media-data.csv:001549,book watership down 5 stars -22h,[],"{""mediaType"":""book"",""title"":""Watership Down"",""rating"":10,""favorite"":false,""timeOffset"":""-PT22H""}",media-data.csv:001549
media-data.csv:001550,"finished girl, interrupted 6 29d ago",[],"{""mediaType"":""book"",""title"":""Girl, Interrupted"",""rating"":6,""favorite"":false,""timeOffset"":""-P29D""}",media-data.csv:001550
media-data.csv:001551,read poison study 8,[],"{""mediaType"":""book"",""title"":""Poison Study"",""rating"":8,""favorite"":false,""timeOffset"":""PT0M""}",media-data.csv:001551
media-data.csv:001552,read the book thief 4,[],"{""mediaType"":""book"",""title"":""The Book Thief"",""rating"":4,""favorite"":false,""timeOffset"":""PT0M""}",media-data.csv:001552
media-data.csv:001553,book the pillars of the earth 4 stars,[],"{""mediaType"":""book"",""title"":""The Pillars of the Earth"",""rating"":8,""favorite"":false,""timeOffset"":""PT0M""}",media-data.csv:001553
media-data.csv:001554,finished black house 4 stars 18 hours ago,[],"{""mediaType"":""book"",""title"":""Black House"",""rating"":8,""favorite"":false,""timeOffset"":""-PT18H""}",media-data.csv:001554
media-data.csv:001555,read the battle of the labyrinth 8,[],"{""mediaType"":""book"",""title"":""The Battle of the Labyrinth"",""rating"":8,""favorite"":false,""timeOffset"":""PT0M""}",media-data.csv:001555
media-data.csv:001556,finished a dog's purpose 4 stars,[],"{""mediaType"":""book"",""title"":""A Dog's Purpose"",""rating"":8,""favorite"":false,""timeOffset"":""PT0M""}",media-data.csv:001556
media-data.csv:001557,novel breaking dawn 4 -10h,[],"{""mediaType"":""book"",""title"":""Breaking Dawn"",""rating"":4,""favorite"":false,""timeOffset"":""-PT10H""}",media-data.csv:001557
media-data.csv:001558,novel gone girl 10/10,[],"{""mediaType"":""book"",""title"":""Gone Girl"",""rating"":10,""favorite"":false,""timeOffset"":""PT0M""}",media-data.csv:001558
media-data.csv:001559,finished evernight 4,[],"{""mediaType"":""book"",""title"":""Evernight"",""rating"":4,""favorite"":false,""timeOffset"":""PT0M""}",media-data.csv:001559
media-data.csv:001560,finished the unbearable lightness of being 3 stars,[],"{""mediaType"":""book"",""title"":""The Unbearable Lightness of Being"",""rating"":6,""favorite"":false,""timeOffset"":""PT0M""}",media-data.csv:001560
media-data.csv:001561,book empress orchid 5 stars -2d,[],"{""mediaType"":""book"",""title"":""Empress Orchid"",""rating"":10,""favorite"":false,""timeOffset"":""-P2D""}",media-data.csv:001561
media-data.csv:001562,finished olive kitteridge 5 stars,[],"{""mediaType"":""book"",""title"":""Olive Kitteridge"",""rating"":10,""favorite"":false,""timeOffset"":""PT0M""}",media-data.csv:001562
media-data.csv:001563,read lover eternal 10,[],"{""mediaType"":""book"",""title"":""Lover Eternal"",""rating"":10,""favorite"":false,""timeOffset"":""PT0M""}",media-data.csv:001563
media-data.csv:001564,read the glass menagerie 2 stars -24d,[],"{""mediaType"":""book"",""title"":""The Glass Menagerie"",""rating"":4,""favorite"":false,""timeOffset"":""-P24D""}",media-data.csv:001564
media-data.csv:001565,book lioness rampant 4 stars loved,[],"{""mediaType"":""book"",""title"":""Lioness Rampant"",""rating"":8,""favorite"":true,""timeOffset"":""PT0M""}",media-data.csv:001565
media-data.csv:001566,read dead reckoning 6 favourite,[],"{""mediaType"":""book"",""title"":""Dead Reckoning"",""rating"":6,""favorite"":true,""timeOffset"":""PT0M""}",media-data.csv:001566
media-data.csv:001567,book pushing the limits 4 stars heart,[],"{""mediaType"":""book"",""title"":""Pushing the Limits"",""rating"":8,""favorite"":true,""timeOffset"":""PT0M""}",media-data.csv:001567
media-data.csv:001568,book confessions of a shopaholic 3 stars,[],"{""mediaType"":""book"",""title"":""Confessions of a Shopaholic"",""rating"":6,""favorite"":false,""timeOffset"":""PT0M""}",media-data.csv:001568
media-data.csv:001569,finished the autobiography of malcolm x 8/10 fav 4d ago,[],"{""mediaType"":""book"",""title"":""The Autobiography of Malcolm X"",""rating"":8,""favorite"":true,""timeOffset"":""-P4D""}",media-data.csv:001569
media-data.csv:001570,novel under the banner of heaven: a story of violent faith 10 favourite,[],"{""mediaType"":""book"",""title"":""Under the Banner of Heaven: A Story of Violent Faith"",""rating"":10,""favorite"":true,""timeOffset"":""PT0M""}",media-data.csv:001570
media-data.csv:001571,book bel canto 8,[],"{""mediaType"":""book"",""title"":""Bel Canto"",""rating"":8,""favorite"":false,""timeOffset"":""PT0M""}",media-data.csv:001571
media-data.csv:001572,book wool 10/10,[],"{""mediaType"":""book"",""title"":""Wool"",""rating"":10,""favorite"":false,""timeOffset"":""PT0M""}",media-data.csv:001572
media-data.csv:001573,finished around the world in eighty days 4 stars,[],"{""mediaType"":""book"",""title"":""Around the World in Eighty Days"",""rating"":8,""favorite"":false,""timeOffset"":""PT0M""}",media-data.csv:001573
media-data.csv:001574,book the red tent 8/10,[],"{""mediaType"":""book"",""title"":""The Red Tent"",""rating"":8,""favorite"":false,""timeOffset"":""PT0M""}",media-data.csv:001574
media-data.csv:001575,read the bone garden 3 stars,[],"{""mediaType"":""book"",""title"":""The Bone Garden"",""rating"":6,""favorite"":false,""timeOffset"":""PT0M""}",media-data.csv:001575
media-data.csv:001576,book violets are blue 10 favorite,[],"{""mediaType"":""book"",""title"":""Violets Are Blue"",""rating"":10,""favorite"":true,""timeOffset"":""PT0M""}",media-data.csv:001576
media-data.csv:001577,novel matched 4 stars,[],"{""mediaType"":""book"",""title"":""Matched"",""rating"":8,""favorite"":false,""timeOffset"":""PT0M""}",media-data.csv:001577
media-data.csv:001578,novel avoiding responsibility 10/10 13 days ago,[],"{""mediaType"":""book"",""title"":""Avoiding Responsibility"",""rating"":10,""favorite"":false,""timeOffset"":""-P13D""}",media-data.csv:001578
media-data.csv:001579,finished talon 3 stars 2 hours ago,[],"{""mediaType"":""book"",""title"":""Talon"",""rating"":6,""favorite"":false,""timeOffset"":""-PT2H""}",media-data.csv:001579
media-data.csv:001580,read wild fire 8 10d ago,[],"{""mediaType"":""book"",""title"":""Wild Fire"",""rating"":8,""favorite"":false,""timeOffset"":""-P10D""}",media-data.csv:001580
media-data.csv:001581,book angels & demons 10/10 favorite,[],"{""mediaType"":""book"",""title"":""Angels & Demons"",""rating"":10,""favorite"":true,""timeOffset"":""PT0M""}",media-data.csv:001581
media-data.csv:001582,novel on her majesty's secret service 8/10,[],"{""mediaType"":""book"",""title"":""On Her Majesty's Secret Service"",""rating"":8,""favorite"":false,""timeOffset"":""PT0M""}",media-data.csv:001582
media-data.csv:001583,novel the moon and more 5 stars,[],"{""mediaType"":""book"",""title"":""The Moon and More"",""rating"":10,""favorite"":false,""timeOffset"":""PT0M""}",media-data.csv:001583
media-data.csv:001584,novel a discovery of witches 10/10 -23d,[],"{""mediaType"":""book"",""title"":""A Discovery of Witches"",""rating"":10,""favorite"":false,""timeOffset"":""-P23D""}",media-data.csv:001584
media-data.csv:001585,novel the hobbit 8/10 favorite 11 days ago,[],"{""mediaType"":""book"",""title"":""The Hobbit"",""rating"":8,""favorite"":true,""timeOffset"":""-P11D""}",media-data.csv:001585
media-data.csv:001586,read divine justice 8/10,[],"{""mediaType"":""book"",""title"":""Divine Justice"",""rating"":8,""favorite"":false,""timeOffset"":""PT0M""}",media-data.csv:001586
media-data.csv:001587,novel changes 8/10,[],"{""mediaType"":""book"",""title"":""Changes"",""rating"":8,""favorite"":false,""timeOffset"":""PT0M""}",media-data.csv:001587
media-data.csv:001588,novel the grapes of wrath 6,[],"{""mediaType"":""book"",""title"":""The Grapes of Wrath"",""rating"":6,""favorite"":false,""timeOffset"":""PT0M""}",media-data.csv:001588
media-data.csv:001589,book sideways stories from wayside school 3 stars,[],"{""mediaType"":""book"",""title"":""Sideways Stories from Wayside School"",""rating"":6,""favorite"":false,""timeOffset"":""PT0M""}",media-data.csv:001589
media-data.csv:001590,book easy 6 -14d,[],"{""mediaType"":""book"",""title"":""Easy"",""rating"":6,""favorite"":false,""timeOffset"":""-P14D""}",media-data.csv:001590
media-data.csv:001591,read the life of elizabeth i 2 stars fav,[],"{""mediaType"":""book"",""title"":""The Life of Elizabeth I"",""rating"":4,""favorite"":true,""timeOffset"":""PT0M""}",media-data.csv:001591
media-data.csv:001592,read the red badge of courage and selected short fiction 2 stars -19d,[],"{""mediaType"":""book"",""title"":""The Red Badge of Courage and Selected Short Fiction"",""rating"":4,""favorite"":false,""timeOffset"":""-P19D""}",media-data.csv:001592
media-data.csv:001593,book heart of the matter 6/10 -15h,[],"{""mediaType"":""book"",""title"":""Heart of the Matter"",""rating"":6,""favorite"":false,""timeOffset"":""-PT15H""}",media-data.csv:001593
media-data.csv:001594,novel delirium 2 stars,[],"{""mediaType"":""book"",""title"":""Delirium"",""rating"":4,""favorite"":false,""timeOffset"":""PT0M""}",media-data.csv:001594
media-data.csv:001595,book until i die 4 stars 20 hours ago,[],"{""mediaType"":""book"",""title"":""Until I Die"",""rating"":8,""favorite"":false,""timeOffset"":""-PT20H""}",media-data.csv:001595
media-data.csv:001596,finished who moved my cheese? 5 stars,[],"{""mediaType"":""book"",""title"":""Who Moved My Cheese?"",""rating"":10,""favorite"":false,""timeOffset"":""PT0M""}",media-data.csv:001596
media-data.csv:001597,novel rage of a demon king 6 fav 14 hours ago,[],"{""mediaType"":""book"",""title"":""Rage of a Demon King"",""rating"":6,""favorite"":true,""timeOffset"":""-PT14H""}",media-data.csv:001597
media-data.csv:001598,novel dead in the family 3 stars favourite -4d,[],"{""mediaType"":""book"",""title"":""Dead in the Family"",""rating"":6,""favorite"":true,""timeOffset"":""-P4D""}",media-data.csv:001598
media-data.csv:001599,read awakened 10/10,[],"{""mediaType"":""book"",""title"":""Awakened"",""rating"":10,""favorite"":false,""timeOffset"":""PT0M""}",media-data.csv:001599
media-data.csv:001600,read the shadow of the wind 5 stars,[],"{""mediaType"":""book"",""title"":""The Shadow of the Wind"",""rating"":10,""favorite"":false,""timeOffset"":""PT0M""}",media-data.csv:001600
media-data.csv:001601,book the good girl 3 stars,[],"{""mediaType"":""book"",""title"":""The Good Girl"",""rating"":6,""favorite"":false,""timeOffset"":""PT0M""}",media-data.csv:001601
media-data.csv:001602,novel the mermaids singing 3 stars,[],"{""mediaType"":""book"",""title"":""The Mermaids Singing"",""rating"":6,""favorite"":false,""timeOffset"":""PT0M""}",media-data.csv:001602
media-data.csv:001603,novel hatchet 3 stars,[],"{""mediaType"":""book"",""title"":""Hatchet"",""rating"":6,""favorite"":false,""timeOffset"":""PT0M""}",media-data.csv:001603
media-data.csv:001604,book pure 8/10,[],"{""mediaType"":""book"",""title"":""Pure"",""rating"":8,""favorite"":false,""timeOffset"":""PT0M""}",media-data.csv:001604
media-data.csv:001605,novel desecration 5 stars,[],"{""mediaType"":""book"",""title"":""Desecration"",""rating"":10,""favorite"":false,""timeOffset"":""PT0M""}",media-data.csv:001605
media-data.csv:001606,finished eleanor & park 5 stars,[],"{""mediaType"":""book"",""title"":""Eleanor & Park"",""rating"":10,""favorite"":false,""timeOffset"":""PT0M""}",media-data.csv:001606
media-data.csv:001607,book breaking dawn 8 1 hour ago,[],"{""mediaType"":""book"",""title"":""Breaking Dawn"",""rating"":8,""favorite"":false,""timeOffset"":""-PT1H""}",media-data.csv:001607
media-data.csv:001608,finished the summons 3 stars,[],"{""mediaType"":""book"",""title"":""The Summons"",""rating"":6,""favorite"":false,""timeOffset"":""PT0M""}",media-data.csv:001608
media-data.csv:001609,finished congo 8 -25d,[],"{""mediaType"":""book"",""title"":""Congo"",""rating"":8,""favorite"":false,""timeOffset"":""-P25D""}",media-data.csv:001609
media-data.csv:001610,novel into the wild 4 stars 9h ago,[],"{""mediaType"":""book"",""title"":""Into the Wild"",""rating"":8,""favorite"":false,""timeOffset"":""-PT9H""}",media-data.csv:001610
media-data.csv:001611,finished the lion king: a little golden book 4 stars favourite,[],"{""mediaType"":""book"",""title"":""The Lion King: A little Golden Book"",""rating"":8,""favorite"":true,""timeOffset"":""PT0M""}",media-data.csv:001611
media-data.csv:001612,finished going bovine 10,[],"{""mediaType"":""book"",""title"":""Going Bovine"",""rating"":10,""favorite"":false,""timeOffset"":""PT0M""}",media-data.csv:001612
media-data.csv:001613,read harry potter boxset 10/10 -29d,[],"{""mediaType"":""book"",""title"":""Harry Potter Boxset"",""rating"":10,""favorite"":false,""timeOffset"":""-P29D""}",media-data.csv:001613
media-data.csv:001614,finished the tales of beedle the bard 5 stars heart,[],"{""mediaType"":""book"",""title"":""The Tales of Beedle the Bard"",""rating"":10,""favorite"":true,""timeOffset"":""PT0M""}",media-data.csv:001614
media-data.csv:001615,read wishful drinking 2/10,[],"{""mediaType"":""book"",""title"":""Wishful Drinking"",""rating"":2,""favorite"":false,""timeOffset"":""PT0M""}",media-data.csv:001615
media-data.csv:001616,read black beauty 6,[],"{""mediaType"":""book"",""title"":""Black Beauty"",""rating"":6,""favorite"":false,""timeOffset"":""PT0M""}",media-data.csv:001616
media-data.csv:001617,novel l'écume des jours 3 stars,[],"{""mediaType"":""book"",""title"":""L'\u00c9cume des jours"",""rating"":6,""favorite"":false,""timeOffset"":""PT0M""}",media-data.csv:001617
media-data.csv:001618,novel the king 5 stars,[],"{""mediaType"":""book"",""title"":""The King"",""rating"":10,""favorite"":false,""timeOffset"":""PT0M""}",media-data.csv:001618
media-data.csv:001619,read jemima j 2 stars fav,[],"{""mediaType"":""book"",""title"":""Jemima J"",""rating"":4,""favorite"":true,""timeOffset"":""PT0M""}",media-data.csv:001619
media-data.csv:001620,novel homicidal psycho jungle cat: a calvin and hobbes collection 5 stars loved 4 days ago,[],"{""mediaType"":""book"",""title"":""Homicidal Psycho Jungle Cat: A Calvin and Hobbes Collection"",""rating"":10,""favorite"":true,""timeOffset"":""-P4D""}",media-data.csv:001620
media-data.csv:001621,read overruled 4 stars 23d ago,[],"{""mediaType"":""book"",""title"":""Overruled"",""rating"":8,""favorite"":false,""timeOffset"":""-P23D""}",media-data.csv:001621
media-data.csv:001622,read the diary of a young girl 8/10,[],"{""mediaType"":""book"",""title"":""The Diary of a Young Girl"",""rating"":8,""favorite"":false,""timeOffset"":""PT0M""}",media-data.csv:001622
media-data.csv:001623,finished harry potter and the half-blood prince 8/10,[],"{""mediaType"":""book"",""title"":""Harry Potter and the Half-Blood Prince"",""rating"":8,""favorite"":false,""timeOffset"":""PT0M""}",media-data.csv:001623
media-data.csv:001624,novel to kill a mockingbird 10/10 -11h,[],"{""mediaType"":""book"",""title"":""To Kill a Mockingbird"",""rating"":10,""favorite"":false,""timeOffset"":""-PT11H""}",media-data.csv:001624
media-data.csv:001625,read the red pyramid 8/10,[],"{""mediaType"":""book"",""title"":""The Red Pyramid"",""rating"":8,""favorite"":false,""timeOffset"":""PT0M""}",media-data.csv:001625
media-data.csv:001626,finished shadow's edge 3 stars 10 days ago,[],"{""mediaType"":""book"",""title"":""Shadow's Edge"",""rating"":6,""favorite"":false,""timeOffset"":""-P10D""}",media-data.csv:001626
media-data.csv:001627,book as i lay dying 4 stars -5h,[],"{""mediaType"":""book"",""title"":""As I Lay Dying"",""rating"":8,""favorite"":false,""timeOffset"":""-PT5H""}",media-data.csv:001627
media-data.csv:001628,book the tiger's wife 3 stars fav,[],"{""mediaType"":""book"",""title"":""The Tiger's Wife"",""rating"":6,""favorite"":true,""timeOffset"":""PT0M""}",media-data.csv:001628
media-data.csv:001629,finished divergent 10/10 heart -19h,[],"{""mediaType"":""book"",""title"":""Divergent"",""rating"":10,""favorite"":true,""timeOffset"":""-PT19H""}",media-data.csv:001629
media-data.csv:001630,novel ironside 10/10,[],"{""mediaType"":""book"",""title"":""Ironside"",""rating"":10,""favorite"":false,""timeOffset"":""PT0M""}",media-data.csv:001630
media-data.csv:001631,finished new moon 4,[],"{""mediaType"":""book"",""title"":""New Moon"",""rating"":4,""favorite"":false,""timeOffset"":""PT0M""}",media-data.csv:001631
media-data.csv:001632,novel a is for alibi 4 stars loved 23 days ago,[],"{""mediaType"":""book"",""title"":""A is for Alibi"",""rating"":8,""favorite"":true,""timeOffset"":""-P23D""}",media-data.csv:001632
media-data.csv:001633,novel bite me 8/10,[],"{""mediaType"":""book"",""title"":""Bite Me"",""rating"":8,""favorite"":false,""timeOffset"":""PT0M""}",media-data.csv:001633
media-data.csv:001634,finished percy jackson and the olympians boxed set 6 -12h,[],"{""mediaType"":""book"",""title"":""Percy Jackson and the Olympians Boxed Set"",""rating"":6,""favorite"":false,""timeOffset"":""-PT12H""}",media-data.csv:001634
media-data.csv:001635,"book eat, pray, love 2/10",[],"{""mediaType"":""book"",""title"":""Eat, Pray, Love"",""rating"":2,""favorite"":false,""timeOffset"":""PT0M""}",media-data.csv:001635
media-data.csv:001636,read the book thief 10/10,[],"{""mediaType"":""book"",""title"":""The Book Thief"",""rating"":10,""favorite"":false,""timeOffset"":""PT0M""}",media-data.csv:001636
media-data.csv:001637,book before i fall 3 stars -7h,[],"{""mediaType"":""book"",""title"":""Before I Fall"",""rating"":6,""favorite"":false,""timeOffset"":""-PT7H""}",media-data.csv:001637
media-data.csv:001638,book the perfect storm: a true story of men against the sea 6/10,[],"{""mediaType"":""book"",""title"":""The Perfect Storm: A True Story of Men Against the Sea"",""rating"":6,""favorite"":false,""timeOffset"":""PT0M""}",media-data.csv:001638
media-data.csv:001639,book pretty girls 4 stars -14h,[],"{""mediaType"":""book"",""title"":""Pretty Girls"",""rating"":8,""favorite"":false,""timeOffset"":""-PT14H""}",media-data.csv:001639
media-data.csv:001640,novel the devil's punchbowl 5 stars,[],"{""mediaType"":""book"",""title"":""The Devil's Punchbowl"",""rating"":10,""favorite"":false,""timeOffset"":""PT0M""}",media-data.csv:001640
media-data.csv:001641,finished atlas shrugged 2/10 15h ago,[],"{""mediaType"":""book"",""title"":""Atlas Shrugged"",""rating"":2,""favorite"":false,""timeOffset"":""-PT15H""}",media-data.csv:001641
media-data.csv:001642,book the strange case of dr. jekyll and mr. hyde 10/10 loved -9d,[],"{""mediaType"":""book"",""title"":""The Strange Case of Dr. Jekyll and Mr. Hyde"",""rating"":10,""favorite"":true,""timeOffset"":""-P9D""}",media-data.csv:001642
media-data.csv:001643,novel life after god 6,[],"{""mediaType"":""book"",""title"":""Life After God"",""rating"":6,""favorite"":false,""timeOffset"":""PT0M""}",media-data.csv:001643
media-data.csv:001644,read bambi 5 stars,[],"{""mediaType"":""book"",""title"":""Bambi"",""rating"":10,""favorite"":false,""timeOffset"":""PT0M""}",media-data.csv:001644
media-data.csv:001645,finished dragonlance chronicles 5 stars,[],"{""mediaType"":""book"",""title"":""Dragonlance Chronicles"",""rating"":10,""favorite"":false,""timeOffset"":""PT0M""}",media-data.csv:001645
media-data.csv:001646,novel flowers for algernon 6/10 -14h,[],"{""mediaType"":""book"",""title"":""Flowers for Algernon"",""rating"":6,""favorite"":false,""timeOffset"":""-PT14H""}",media-data.csv:001646
media-data.csv:001647,book eragon 10 20h ago,[],"{""mediaType"":""book"",""title"":""Eragon"",""rating"":10,""favorite"":false,""timeOffset"":""-PT20H""}",media-data.csv:001647
media-data.csv:001648,book made to stick: why some ideas survive and others die 4 stars 4 hours ago,[],"{""mediaType"":""book"",""title"":""Made to Stick: Why Some Ideas Survive and Others Die"",""rating"":8,""favorite"":false,""timeOffset"":""-PT4H""}",media-data.csv:001648
media-data.csv:001649,book shadow's edge 4 stars,[],"{""mediaType"":""book"",""title"":""Shadow's Edge"",""rating"":8,""favorite"":false,""timeOffset"":""PT0M""}",media-data.csv:001649
media-data.csv:001650,book hamlet 8/10,[],"{""mediaType"":""book"",""title"":""Hamlet"",""rating"":8,""favorite"":false,""timeOffset"":""PT0M""}",media-data.csv:001650
media-data.csv:001651,finished macbeth 4 stars,[],"{""mediaType"":""book"",""title"":""Macbeth"",""rating"":8,""favorite"":false,""timeOffset"":""PT0M""}",media-data.csv:001651
media-data.csv:001652,book the host 5 stars 16 hours ago,[],"{""mediaType"":""book"",""title"":""The Host"",""rating"":10,""favorite"":false,""timeOffset"":""-PT16H""}",media-data.csv:001652
media-data.csv:001653,finished the doors of perception & heaven and hell 8/10,[],"{""mediaType"":""book"",""title"":""The Doors of Perception & Heaven and Hell"",""rating"":8,""favorite"":false,""timeOffset"":""PT0M""}",media-data.csv:001653
media-data.csv:001654,finished the hotel new hampshire 5 stars heart,[],"{""mediaType"":""book"",""title"":""The Hotel New Hampshire"",""rating"":10,""favorite"":true,""timeOffset"":""PT0M""}",media-data.csv:001654
media-data.csv:001655,finished the girl who played with fire 3 stars 19 hours ago,[],"{""mediaType"":""book"",""title"":""The Girl Who Played with Fire"",""rating"":6,""favorite"":false,""timeOffset"":""-PT19H""}",media-data.csv:001655
media-data.csv:001656,read a kiss of shadows 5 stars,[],"{""mediaType"":""book"",""title"":""A Kiss of Shadows"",""rating"":10,""favorite"":false,""timeOffset"":""PT0M""}",media-data.csv:001656
media-data.csv:001657,novel the truth about forever 10 4 hours ago,[],"{""mediaType"":""book"",""title"":""The Truth About Forever"",""rating"":10,""favorite"":false,""timeOffset"":""-PT4H""}",media-data.csv:001657
media-data.csv:001658,novel throne of glass 5 stars,[],"{""mediaType"":""book"",""title"":""Throne of Glass"",""rating"":10,""favorite"":false,""timeOffset"":""PT0M""}",media-data.csv:001658
media-data.csv:001659,novel the time traveler's wife 5 stars,[],"{""mediaType"":""book"",""title"":""The Time Traveler's Wife"",""rating"":10,""favorite"":false,""timeOffset"":""PT0M""}",media-data.csv:001659
media-data.csv:001660,novel heir of fire 10 -22h,[],"{""mediaType"":""book"",""title"":""Heir of Fire"",""rating"":10,""favorite"":false,""timeOffset"":""-PT22H""}",media-data.csv:001660
media-data.csv:001661,finished charlotte's web 6,[],"{""mediaType"":""book"",""title"":""Charlotte's Web"",""rating"":6,""favorite"":false,""timeOffset"":""PT0M""}",media-data.csv:001661
media-data.csv:001662,read how to love 10,[],"{""mediaType"":""book"",""title"":""How to Love"",""rating"":10,""favorite"":false,""timeOffset"":""PT0M""}",media-data.csv:001662
media-data.csv:001663,read the mists of avalon 5 stars,[],"{""mediaType"":""book"",""title"":""The Mists of Avalon"",""rating"":10,""favorite"":false,""timeOffset"":""PT0M""}",media-data.csv:001663
media-data.csv:001664,novel the night circus 8/10 fav,[],"{""mediaType"":""book"",""title"":""The Night Circus"",""rating"":8,""favorite"":true,""timeOffset"":""PT0M""}",media-data.csv:001664
media-data.csv:001665,book the throne of fire 10,[],"{""mediaType"":""book"",""title"":""The Throne of Fire"",""rating"":10,""favorite"":false,""timeOffset"":""PT0M""}",media-data.csv:001665
media-data.csv:001666,book the road 8 heart,[],"{""mediaType"":""book"",""title"":""The Road"",""rating"":8,""favorite"":true,""timeOffset"":""PT0M""}",media-data.csv:001666
media-data.csv:001667,novel catching fire 6 6 hours ago,[],"{""mediaType"":""book"",""title"":""Catching Fire"",""rating"":6,""favorite"":false,""timeOffset"":""-PT6H""}",media-data.csv:001667
media-data.csv:001668,read the sapphire rose 8/10 -3h,[],"{""mediaType"":""book"",""title"":""The Sapphire Rose"",""rating"":8,""favorite"":false,""timeOffset"":""-PT3H""}",media-data.csv:001668
media-data.csv:001669,finished the hours 5 stars loved,[],"{""mediaType"":""book"",""title"":""The Hours"",""rating"":10,""favorite"":true,""timeOffset"":""PT0M""}",media-data.csv:001669
media-data.csv:001670,finished the bean trees 8/10 -12d,[],"{""mediaType"":""book"",""title"":""The Bean Trees"",""rating"":8,""favorite"":false,""timeOffset"":""-P12D""}",media-data.csv:001670
media-data.csv:001671,finished dune 10,[],"{""mediaType"":""book"",""title"":""Dune"",""rating"":10,""favorite"":false,""timeOffset"":""PT0M""}",media-data.csv:001671
media-data.csv:001672,read speak 10 -1d,[],"{""mediaType"":""book"",""title"":""Speak"",""rating"":10,""favorite"":false,""timeOffset"":""-P1D""}",media-data.csv:001672
media-data.csv:001673,finished jurassic park 4,[],"{""mediaType"":""book"",""title"":""Jurassic Park"",""rating"":4,""favorite"":false,""timeOffset"":""PT0M""}",media-data.csv:001673
media-data.csv:001674,finished the eyes of darkness 2 13 days ago,[],"{""mediaType"":""book"",""title"":""The Eyes of Darkness"",""rating"":2,""favorite"":false,""timeOffset"":""-P13D""}",media-data.csv:001674
media-data.csv:001675,novel charlotte's web 5 stars 22 days ago,[],"{""mediaType"":""book"",""title"":""Charlotte's Web"",""rating"":10,""favorite"":false,""timeOffset"":""-P22D""}",media-data.csv:001675
media-data.csv:001676,finished zero day 8,[],"{""mediaType"":""book"",""title"":""Zero Day"",""rating"":8,""favorite"":false,""timeOffset"":""PT0M""}",media-data.csv:001676
media-data.csv:001677,read nicholas nickleby 5 stars,[],"{""mediaType"":""book"",""title"":""Nicholas Nickleby"",""rating"":10,""favorite"":false,""timeOffset"":""PT0M""}",media-data.csv:001677
media-data.csv:001678,read timeline 4 stars,[],"{""mediaType"":""book"",""title"":""Timeline"",""rating"":8,""favorite"":false,""timeOffset"":""PT0M""}",media-data.csv:001678
media-data.csv:001679,book the shining 4 stars 6d ago,[],"{""mediaType"":""book"",""title"":""The Shining"",""rating"":8,""favorite"":false,""timeOffset"":""-P6D""}",media-data.csv:001679
media-data.csv:001680,novel the omen 4 stars -12d,[],"{""mediaType"":""book"",""title"":""The Omen"",""rating"":8,""favorite"":false,""timeOffset"":""-P12D""}",media-data.csv:001680
media-data.csv:001681,read the old man and the sea 8/10 2h ago,[],"{""mediaType"":""book"",""title"":""The Old Man and the Sea"",""rating"":8,""favorite"":false,""timeOffset"":""-PT2H""}",media-data.csv:001681
media-data.csv:001682,book the raven boys 4,[],"{""mediaType"":""book"",""title"":""The Raven Boys"",""rating"":4,""favorite"":false,""timeOffset"":""PT0M""}",media-data.csv:001682
media-data.csv:001683,read blubber 3 stars 17 hours ago,[],"{""mediaType"":""book"",""title"":""Blubber"",""rating"":6,""favorite"":false,""timeOffset"":""-PT17H""}",media-data.csv:001683
media-data.csv:001684,book bloodlines 10/10 27d ago,[],"{""mediaType"":""book"",""title"":""Bloodlines"",""rating"":10,""favorite"":false,""timeOffset"":""-P27D""}",media-data.csv:001684
media-data.csv:001685,read twilight 8/10,[],"{""mediaType"":""book"",""title"":""Twilight"",""rating"":8,""favorite"":false,""timeOffset"":""PT0M""}",media-data.csv:001685
media-data.csv:001686,book the fall of the house of usher and other tales 4 5 hours ago,[],"{""mediaType"":""book"",""title"":""The Fall of the House of Usher and Other Tales"",""rating"":4,""favorite"":false,""timeOffset"":""-PT5H""}",media-data.csv:001686
media-data.csv:001687,read eligible: a modern retelling of pride and prejudice 8/10 4 hours ago,[],"{""mediaType"":""book"",""title"":""Eligible: A Modern Retelling of Pride and Prejudice"",""rating"":8,""favorite"":false,""timeOffset"":""-PT4H""}",media-data.csv:001687
media-data.csv:001688,novel catching jordan 4 stars 8d ago,[],"{""mediaType"":""book"",""title"":""Catching Jordan"",""rating"":8,""favorite"":false,""timeOffset"":""-P8D""}",media-data.csv:001688
media-data.csv:001689,novel crime and punishment 4 stars,[],"{""mediaType"":""book"",""title"":""Crime and Punishment"",""rating"":8,""favorite"":false,""timeOffset"":""PT0M""}",media-data.csv:001689
media-data.csv:001690,book arcadia 10/10,[],"{""mediaType"":""book"",""title"":""Arcadia"",""rating"":10,""favorite"":false,""timeOffset"":""PT0M""}",media-data.csv:001690
media-data.csv:001691,book cold days 8/10,[],"{""mediaType"":""book"",""title"":""Cold Days"",""rating"":8,""favorite"":false,""timeOffset"":""PT0M""}",media-data.csv:001691
media-data.csv:001692,novel dandelion wine 10/10 -26d,[],"{""mediaType"":""book"",""title"":""Dandelion Wine"",""rating"":10,""favorite"":false,""timeOffset"":""-P26D""}",media-data.csv:001692
media-data.csv:001693,finished die trying 8/10,[],"{""mediaType"":""book"",""title"":""Die Trying"",""rating"":8,""favorite"":false,""timeOffset"":""PT0M""}",media-data.csv:001693
media-data.csv:001694,book the lightning thief 6/10,[],"{""mediaType"":""book"",""title"":""The Lightning Thief"",""rating"":6,""favorite"":false,""timeOffset"":""PT0M""}",media-data.csv:001694
media-data.csv:001695,novel the illustrated man 5 stars,[],"{""mediaType"":""book"",""title"":""The Illustrated Man"",""rating"":10,""favorite"":false,""timeOffset"":""PT0M""}",media-data.csv:001695
media-data.csv:001696,read eclipse 6 favourite 5h ago,[],"{""mediaType"":""book"",""title"":""Eclipse"",""rating"":6,""favorite"":true,""timeOffset"":""-PT5H""}",media-data.csv:001696
media-data.csv:001697,read fight club 4 stars -9h,[],"{""mediaType"":""book"",""title"":""Fight Club"",""rating"":8,""favorite"":false,""timeOffset"":""-PT9H""}",media-data.csv:001697
media-data.csv:001698,book nightfall 3 stars,[],"{""mediaType"":""book"",""title"":""Nightfall"",""rating"":6,""favorite"":false,""timeOffset"":""PT0M""}",media-data.csv:001698
media-data.csv:001699,finished the firm 6/10,[],"{""mediaType"":""book"",""title"":""The Firm"",""rating"":6,""favorite"":false,""timeOffset"":""PT0M""}",media-data.csv:001699
media-data.csv:001700,finished the wheel of darkness 8,[],"{""mediaType"":""book"",""title"":""The Wheel of Darkness"",""rating"":8,""favorite"":false,""timeOffset"":""PT0M""}",media-data.csv:001700
media-data.csv:001701,"novel a child called ""it"" 4/10 2h ago",[],"{""mediaType"":""book"",""title"":""A Child Called \""It\"""",""rating"":4,""favorite"":false,""timeOffset"":""-PT2H""}",media-data.csv:001701
media-data.csv:001702,finished the ersatz elevator 4 stars 19 days ago,[],"{""mediaType"":""book"",""title"":""The Ersatz Elevator"",""rating"":8,""favorite"":false,""timeOffset"":""-P19D""}",media-data.csv:001702
media-data.csv:001703,book the hero of ages 4 stars -17d,[],"{""mediaType"":""book"",""title"":""The Hero of Ages"",""rating"":8,""favorite"":false,""timeOffset"":""-P17D""}",media-data.csv:001703
media-data.csv:001704,book city of dragons 3 stars,[],"{""mediaType"":""book"",""title"":""City of Dragons"",""rating"":6,""favorite"":false,""timeOffset"":""PT0M""}",media-data.csv:001704
media-data.csv:001705,novel consider phlebas 8/10,[],"{""mediaType"":""book"",""title"":""Consider Phlebas"",""rating"":8,""favorite"":false,""timeOffset"":""PT0M""}",media-data.csv:001705
media-data.csv:001706,read the girl who played with fire 8/10,[],"{""mediaType"":""book"",""title"":""The Girl Who Played with Fire"",""rating"":8,""favorite"":false,""timeOffset"":""PT0M""}",media-data.csv:001706
media-data.csv:001707,read the giver 8 -17d,[],"{""mediaType"":""book"",""title"":""The Giver"",""rating"":8,""favorite"":false,""timeOffset"":""-P17D""}",media-data.csv:001707
media-data.csv:001708,read scarlet 5 stars,[],"{""mediaType"":""book"",""title"":""Scarlet"",""rating"":10,""favorite"":false,""timeOffset"":""PT0M""}",media-data.csv:001708
media-data.csv:001709,novel martin the warrior 8/10,[],"{""mediaType"":""book"",""title"":""Martin the Warrior"",""rating"":8,""favorite"":false,""timeOffset"":""PT0M""}",media-data.csv:001709
media-data.csv:001710,read the girl in the steel corset 3 stars fav yday,[],"{""mediaType"":""book"",""title"":""The Girl in the Steel Corset"",""rating"":6,""favorite"":true,""timeOffset"":""-P1D""}",media-data.csv:001710
media-data.csv:001711,novel skeleton crew 6 -22h,[],"{""mediaType"":""book"",""title"":""Skeleton Crew"",""rating"":6,""favorite"":false,""timeOffset"":""-PT22H""}",media-data.csv:001711
media-data.csv:001712,novel enchantment 6/10 heart,[],"{""mediaType"":""book"",""title"":""Enchantment"",""rating"":6,""favorite"":true,""timeOffset"":""PT0M""}",media-data.csv:001712
media-data.csv:001713,book reckless 8 20 hours ago,[],"{""mediaType"":""book"",""title"":""Reckless"",""rating"":8,""favorite"":false,""timeOffset"":""-PT20H""}",media-data.csv:001713
media-data.csv:001714,book this present darkness 8/10,[],"{""mediaType"":""book"",""title"":""This Present Darkness"",""rating"":8,""favorite"":false,""timeOffset"":""PT0M""}",media-data.csv:001714
media-data.csv:001715,read the wall of winnipeg and me 10 heart,[],"{""mediaType"":""book"",""title"":""The Wall of Winnipeg and Me"",""rating"":10,""favorite"":true,""timeOffset"":""PT0M""}",media-data.csv:001715
media-data.csv:001716,finished the magic of recluce 4 stars,[],"{""mediaType"":""book"",""title"":""The Magic of Recluce"",""rating"":8,""favorite"":false,""timeOffset"":""PT0M""}",media-data.csv:001716
media-data.csv:001717,novel the amazing adventures of kavalier & clay 8/10,[],"{""mediaType"":""book"",""title"":""The Amazing Adventures of Kavalier & Clay"",""rating"":8,""favorite"":false,""timeOffset"":""PT0M""}",media-data.csv:001717
media-data.csv:001718,finished northanger abbey 8 20h ago,[],"{""mediaType"":""book"",""title"":""Northanger Abbey"",""rating"":8,""favorite"":false,""timeOffset"":""-PT20H""}",media-data.csv:001718
media-data.csv:001719,book animalia 10 -2d,[],"{""mediaType"":""book"",""title"":""Animalia"",""rating"":10,""favorite"":false,""timeOffset"":""-P2D""}",media-data.csv:001719
media-data.csv:001720,read ramona and her mother 3 stars,[],"{""mediaType"":""book"",""title"":""Ramona and Her Mother"",""rating"":6,""favorite"":false,""timeOffset"":""PT0M""}",media-data.csv:001720
media-data.csv:001721,read pollyanna 6/10 16h ago,[],"{""mediaType"":""book"",""title"":""Pollyanna"",""rating"":6,""favorite"":false,""timeOffset"":""-PT16H""}",media-data.csv:001721
media-data.csv:001722,finished the fellowship of the ring 4/10,[],"{""mediaType"":""book"",""title"":""The Fellowship of the Ring"",""rating"":4,""favorite"":false,""timeOffset"":""PT0M""}",media-data.csv:001722
media-data.csv:001723,novel when will there be good news? 4 stars,[],"{""mediaType"":""book"",""title"":""When Will There Be Good News?"",""rating"":8,""favorite"":false,""timeOffset"":""PT0M""}",media-data.csv:001723
media-data.csv:001724,finished the murder house 6/10 heart 15h ago,[],"{""mediaType"":""book"",""title"":""The Murder House"",""rating"":6,""favorite"":true,""timeOffset"":""-PT15H""}",media-data.csv:001724
media-data.csv:001725,read dragonflight 5 stars,[],"{""mediaType"":""book"",""title"":""Dragonflight"",""rating"":10,""favorite"":false,""timeOffset"":""PT0M""}",media-data.csv:001725
media-data.csv:001726,novel bloodline 6/10,[],"{""mediaType"":""book"",""title"":""Bloodline"",""rating"":6,""favorite"":false,""timeOffset"":""PT0M""}",media-data.csv:001726
media-data.csv:001727,novel on death and dying 5 stars,[],"{""mediaType"":""book"",""title"":""On Death and Dying"",""rating"":10,""favorite"":false,""timeOffset"":""PT0M""}",media-data.csv:001727
media-data.csv:001728,finished handle with care 8/10 -27d,[],"{""mediaType"":""book"",""title"":""Handle with Care"",""rating"":8,""favorite"":false,""timeOffset"":""-P27D""}",media-data.csv:001728
media-data.csv:001729,novel the da vinci code 4 stars,[],"{""mediaType"":""book"",""title"":""The Da Vinci Code"",""rating"":8,""favorite"":false,""timeOffset"":""PT0M""}",media-data.csv:001729
media-data.csv:001730,read pretty girls 2 stars 5 hours ago,[],"{""mediaType"":""book"",""title"":""Pretty Girls"",""rating"":4,""favorite"":false,""timeOffset"":""-PT5H""}",media-data.csv:001730
media-data.csv:001731,book a clockwork orange 6/10 4 days ago,[],"{""mediaType"":""book"",""title"":""A Clockwork Orange"",""rating"":6,""favorite"":false,""timeOffset"":""-P4D""}",media-data.csv:001731
media-data.csv:001732,novel the adventures of huckleberry finn 1 star 19 hours ago,[],"{""mediaType"":""book"",""title"":""The Adventures of Huckleberry Finn"",""rating"":2,""favorite"":false,""timeOffset"":""-PT19H""}",media-data.csv:001732
media-data.csv:001733,read the house on mango street 3 stars 23 days ago,[],"{""mediaType"":""book"",""title"":""The House on Mango Street"",""rating"":6,""favorite"":false,""timeOffset"":""-P23D""}",media-data.csv:001733
media-data.csv:001734,read beach road 6 1h ago,[],"{""mediaType"":""book"",""title"":""Beach Road"",""rating"":6,""favorite"":false,""timeOffset"":""-PT1H""}",media-data.csv:001734
media-data.csv:001735,"book life, the universe and everything 8/10",[],"{""mediaType"":""book"",""title"":""Life, the Universe and Everything"",""rating"":8,""favorite"":false,""timeOffset"":""PT0M""}",media-data.csv:001735
media-data.csv:001736,read the dressmaker 3 stars,[],"{""mediaType"":""book"",""title"":""The Dressmaker"",""rating"":6,""favorite"":false,""timeOffset"":""PT0M""}",media-data.csv:001736
media-data.csv:001737,novel the twilight saga complete collection 2 stars -8h,[],"{""mediaType"":""book"",""title"":""The Twilight Saga Complete Collection"",""rating"":4,""favorite"":false,""timeOffset"":""-PT8H""}",media-data.csv:001737
media-data.csv:001738,read the appeal 6/10,[],"{""mediaType"":""book"",""title"":""The Appeal"",""rating"":6,""favorite"":false,""timeOffset"":""PT0M""}",media-data.csv:001738
media-data.csv:001739,book sense and sensibility 6/10,[],"{""mediaType"":""book"",""title"":""Sense and Sensibility"",""rating"":6,""favorite"":false,""timeOffset"":""PT0M""}",media-data.csv:001739
media-data.csv:001740,read rock me 4 27 days ago,[],"{""mediaType"":""book"",""title"":""Rock Me"",""rating"":4,""favorite"":false,""timeOffset"":""-P27D""}",media-data.csv:001740
media-data.csv:001741,novel mrs. frisby and the rats of nimh 6,[],"{""mediaType"":""book"",""title"":""Mrs. Frisby and the Rats of NIMH"",""rating"":6,""favorite"":false,""timeOffset"":""PT0M""}",media-data.csv:001741
media-data.csv:001742,read christine 6/10,[],"{""mediaType"":""book"",""title"":""Christine"",""rating"":6,""favorite"":false,""timeOffset"":""PT0M""}",media-data.csv:001742
media-data.csv:001743,"book men are from mars, women are from venus 4/10 -23h",[],"{""mediaType"":""book"",""title"":""Men Are from Mars, Women Are from Venus"",""rating"":4,""favorite"":false,""timeOffset"":""-PT23H""}",media-data.csv:001743
media-data.csv:001744,read the icebound land 8/10 favourite,[],"{""mediaType"":""book"",""title"":""The Icebound Land"",""rating"":8,""favorite"":true,""timeOffset"":""PT0M""}",media-data.csv:001744
media-data.csv:001745,read you don't have to say you love me 5 stars -15h,[],"{""mediaType"":""book"",""title"":""You Don't Have to Say You Love Me"",""rating"":10,""favorite"":false,""timeOffset"":""-PT15H""}",media-data.csv:001745
media-data.csv:001746,novel the crimson petal and the white 8/10 -11d,[],"{""mediaType"":""book"",""title"":""The Crimson Petal and the White"",""rating"":8,""favorite"":false,""timeOffset"":""-P11D""}",media-data.csv:001746
media-data.csv:001747,book سمفونی مردگان 6,[],"{""mediaType"":""book"",""title"":""\u0633\u0645\u0641\u0648\u0646\u06cc \u0645\u0631\u062f\u06af\u0627\u0646"",""rating"":6,""favorite"":false,""timeOffset"":""PT0M""}",media-data.csv:001747
media-data.csv:001748,novel the ring of solomon 8 -28d,[],"{""mediaType"":""book"",""title"":""The Ring of Solomon"",""rating"":8,""favorite"":false,""timeOffset"":""-P28D""}",media-data.csv:001748
media-data.csv:001749,finished the house at pooh corner 5 stars 16d ago,[],"{""mediaType"":""book"",""title"":""The House at Pooh Corner"",""rating"":10,""favorite"":false,""timeOffset"":""-P16D""}",media-data.csv:001749
media-data.csv:001750,novel amy & roger's epic detour 8,[],"{""mediaType"":""book"",""title"":""Amy & Roger's Epic Detour"",""rating"":8,""favorite"":false,""timeOffset"":""PT0M""}",media-data.csv:001750
media-data.csv:001751,read patriot games 8 15d ago,[],"{""mediaType"":""book"",""title"":""Patriot Games"",""rating"":8,""favorite"":false,""timeOffset"":""-P15D""}",media-data.csv:001751
media-data.csv:001752,read wedding night 3 stars,[],"{""mediaType"":""book"",""title"":""Wedding Night"",""rating"":6,""favorite"":false,""timeOffset"":""PT0M""}",media-data.csv:001752
media-data.csv:001753,novel the dragon keeper 10/10,[],"{""mediaType"":""book"",""title"":""The Dragon Keeper"",""rating"":10,""favorite"":false,""timeOffset"":""PT0M""}",media-data.csv:001753
media-data.csv:001754,"read i, robot 6/10 28 days ago",[],"{""mediaType"":""book"",""title"":""I, Robot"",""rating"":6,""favorite"":false,""timeOffset"":""-P28D""}",media-data.csv:001754
media-data.csv:001755,novel into the wild 10,[],"{""mediaType"":""book"",""title"":""Into the Wild"",""rating"":10,""favorite"":false,""timeOffset"":""PT0M""}",media-data.csv:001755
media-data.csv:001756,book kill shot 4 stars 2 days ago,[],"{""mediaType"":""book"",""title"":""Kill Shot"",""rating"":8,""favorite"":false,""timeOffset"":""-P2D""}",media-data.csv:001756
media-data.csv:001757,book don't let me go 3 stars,[],"{""mediaType"":""book"",""title"":""Don't Let Me Go"",""rating"":6,""favorite"":false,""timeOffset"":""PT0M""}",media-data.csv:001757
media-data.csv:001758,read something wicked this way comes 6 favorite,[],"{""mediaType"":""book"",""title"":""Something Wicked This Way Comes"",""rating"":6,""favorite"":true,""timeOffset"":""PT0M""}",media-data.csv:001758
media-data.csv:001759,novel siddhartha 10,[],"{""mediaType"":""book"",""title"":""Siddhartha"",""rating"":10,""favorite"":false,""timeOffset"":""PT0M""}",media-data.csv:001759
media-data.csv:001760,book cane river 10,[],"{""mediaType"":""book"",""title"":""Cane River"",""rating"":10,""favorite"":false,""timeOffset"":""PT0M""}",media-data.csv:001760
media-data.csv:001761,read ender's game 4 stars,[],"{""mediaType"":""book"",""title"":""Ender's Game"",""rating"":8,""favorite"":false,""timeOffset"":""PT0M""}",media-data.csv:001761
media-data.csv:001762,novel my sister's keeper 5 stars 19 days ago,[],"{""mediaType"":""book"",""title"":""My Sister's Keeper"",""rating"":10,""favorite"":false,""timeOffset"":""-P19D""}",media-data.csv:001762
media-data.csv:001763,read ready player one 3 stars -15h,[],"{""mediaType"":""book"",""title"":""Ready Player One"",""rating"":6,""favorite"":false,""timeOffset"":""-PT15H""}",media-data.csv:001763
media-data.csv:001764,novel wuthering heights 5 stars -13d,[],"{""mediaType"":""book"",""title"":""Wuthering Heights"",""rating"":10,""favorite"":false,""timeOffset"":""-P13D""}",media-data.csv:001764
media-data.csv:001765,read the hunger games 4 stars 11d ago,[],"{""mediaType"":""book"",""title"":""The Hunger Games"",""rating"":8,""favorite"":false,""timeOffset"":""-P11D""}",media-data.csv:001765
media-data.csv:001766,novel change of heart 4/10 favourite,[],"{""mediaType"":""book"",""title"":""Change of Heart"",""rating"":4,""favorite"":true,""timeOffset"":""PT0M""}",media-data.csv:001766
media-data.csv:001767,read the mating 5 stars -13h,[],"{""mediaType"":""book"",""title"":""The Mating"",""rating"":10,""favorite"":false,""timeOffset"":""-PT13H""}",media-data.csv:001767
media-data.csv:001768,novel kafka on the shore 10/10 favourite -15d,[],"{""mediaType"":""book"",""title"":""Kafka on the Shore"",""rating"":10,""favorite"":true,""timeOffset"":""-P15D""}",media-data.csv:001768
media-data.csv:001769,finished déjà dead 4 stars,[],"{""mediaType"":""book"",""title"":""D\u00e9j\u00e0 Dead"",""rating"":8,""favorite"":false,""timeOffset"":""PT0M""}",media-data.csv:001769
media-data.csv:001770,novel the corrections 4,[],"{""mediaType"":""book"",""title"":""The Corrections"",""rating"":4,""favorite"":false,""timeOffset"":""PT0M""}",media-data.csv:001770
media-data.csv:001771,read walden 3 stars,[],"{""mediaType"":""book"",""title"":""Walden"",""rating"":6,""favorite"":false,""timeOffset"":""PT0M""}",media-data.csv:001771
media-data.csv:001772,book the starter wife 3 stars,[],"{""mediaType"":""book"",""title"":""The Starter Wife"",""rating"":6,""favorite"":false,""timeOffset"":""PT0M""}",media-data.csv:001772
media-data.csv:001773,finished mrs. dalloway 4 stars favourite 13 days ago,[],"{""mediaType"":""book"",""title"":""Mrs. Dalloway"",""rating"":8,""favorite"":true,""timeOffset"":""-P13D""}",media-data.csv:001773
media-data.csv:001774,finished the 48 laws of power 10/10,[],"{""mediaType"":""book"",""title"":""The 48 Laws of Power"",""rating"":10,""favorite"":false,""timeOffset"":""PT0M""}",media-data.csv:001774
media-data.csv:001775,finished bridge to terabithia 10 favorite 2h ago,[],"{""mediaType"":""book"",""title"":""Bridge to Terabithia"",""rating"":10,""favorite"":true,""timeOffset"":""-PT2H""}",media-data.csv:001775
media-data.csv:001776,finished harry potter and the sorcerer's stone 3 stars 5h ago,[],"{""mediaType"":""book"",""title"":""Harry Potter and the Sorcerer's Stone"",""rating"":6,""favorite"":false,""timeOffset"":""-PT5H""}",media-data.csv:001776
media-data.csv:001777,read i am number four 3 stars,[],"{""mediaType"":""book"",""title"":""I Am Number Four"",""rating"":6,""favorite"":false,""timeOffset"":""PT0M""}",media-data.csv:001777
media-data.csv:001778,read beyond the highland mist 10/10,[],"{""mediaType"":""book"",""title"":""Beyond the Highland Mist"",""rating"":10,""favorite"":false,""timeOffset"":""PT0M""}",media-data.csv:001778
media-data.csv:001779,finished possession 8,[],"{""mediaType"":""book"",""title"":""Possession"",""rating"":8,""favorite"":false,""timeOffset"":""PT0M""}",media-data.csv:001779
media-data.csv:001780,read the blade itself 5 stars -16h,[],"{""mediaType"":""book"",""title"":""The Blade Itself"",""rating"":10,""favorite"":false,""timeOffset"":""-PT16H""}",media-data.csv:001780
media-data.csv:001781,read hero 10 9h ago,[],"{""mediaType"":""book"",""title"":""Hero"",""rating"":10,""favorite"":false,""timeOffset"":""-PT9H""}",media-data.csv:001781
media-data.csv:001782,finished water for elephants 4 stars,[],"{""mediaType"":""book"",""title"":""Water for Elephants"",""rating"":8,""favorite"":false,""timeOffset"":""PT0M""}",media-data.csv:001782
media-data.csv:001783,novel what she left behind 10/10 heart,[],"{""mediaType"":""book"",""title"":""What She Left Behind"",""rating"":10,""favorite"":true,""timeOffset"":""PT0M""}",media-data.csv:001783
media-data.csv:001784,read harry potter and the prisoner of azkaban 10 28 days ago,[],"{""mediaType"":""book"",""title"":""Harry Potter and the Prisoner of Azkaban"",""rating"":10,""favorite"":false,""timeOffset"":""-P28D""}",media-data.csv:001784
media-data.csv:001785,book a thousand splendid suns 6,[],"{""mediaType"":""book"",""title"":""A Thousand Splendid Suns"",""rating"":6,""favorite"":false,""timeOffset"":""PT0M""}",media-data.csv:001785
media-data.csv:001786,read a sand county almanac and sketches here and there 3 stars,[],"{""mediaType"":""book"",""title"":""A Sand County Almanac and Sketches Here and There"",""rating"":6,""favorite"":false,""timeOffset"":""PT0M""}",media-data.csv:001786
media-data.csv:001787,read into the still blue 5 stars,[],"{""mediaType"":""book"",""title"":""Into the Still Blue"",""rating"":10,""favorite"":false,""timeOffset"":""PT0M""}",media-data.csv:001787
media-data.csv:001788,finished the first four years 6,[],"{""mediaType"":""book"",""title"":""The First Four Years"",""rating"":6,""favorite"":false,""timeOffset"":""PT0M""}",media-data.csv:001788
media-data.csv:001789,read how the light gets in 10 -3h,[],"{""mediaType"":""book"",""title"":""How the Light Gets In"",""rating"":10,""favorite"":false,""timeOffset"":""-PT3H""}",media-data.csv:001789
media-data.csv:001790,finished attack of the deranged mutant killer monster snow goons 10,[],"{""mediaType"":""book"",""title"":""Attack of the Deranged Mutant Killer Monster Snow Goons"",""rating"":10,""favorite"":false,""timeOffset"":""PT0M""}",media-data.csv:001790
media-data.csv:001791,finished counting by 7s 10/10,[],"{""mediaType"":""book"",""title"":""Counting by 7s"",""rating"":10,""favorite"":false,""timeOffset"":""PT0M""}",media-data.csv:001791
media-data.csv:001792,finished orphan train 3 stars 21h ago,[],"{""mediaType"":""book"",""title"":""Orphan Train"",""rating"":6,""favorite"":false,""timeOffset"":""-PT21H""}",media-data.csv:001792
media-data.csv:001793,finished the gray wolf throne 5 stars -29d,[],"{""mediaType"":""book"",""title"":""The Gray Wolf Throne"",""rating"":10,""favorite"":false,""timeOffset"":""-P29D""}",media-data.csv:001793
media-data.csv:001794,book the poisonwood bible 4 stars,[],"{""mediaType"":""book"",""title"":""The Poisonwood Bible"",""rating"":8,""favorite"":false,""timeOffset"":""PT0M""}",media-data.csv:001794
media-data.csv:001795,finished one hundred years of solitude 6 6h ago,[],"{""mediaType"":""book"",""title"":""One Hundred Years of Solitude"",""rating"":6,""favorite"":false,""timeOffset"":""-PT6H""}",media-data.csv:001795
media-data.csv:001796,finished fear and loathing in las vegas 8/10,[],"{""mediaType"":""book"",""title"":""Fear and Loathing in Las Vegas"",""rating"":8,""favorite"":false,""timeOffset"":""PT0M""}",media-data.csv:001796
media-data.csv:001797,read city of ashes 4 stars 10 days ago,[],"{""mediaType"":""book"",""title"":""City of Ashes"",""rating"":8,""favorite"":false,""timeOffset"":""-P10D""}",media-data.csv:001797
media-data.csv:001798,novel a light in the attic 4 stars favorite,[],"{""mediaType"":""book"",""title"":""A Light in the Attic"",""rating"":8,""favorite"":true,""timeOffset"":""PT0M""}",media-data.csv:001798
media-data.csv:001799,book across the universe 1 star favourite,[],"{""mediaType"":""book"",""title"":""Across the Universe"",""rating"":2,""favorite"":true,""timeOffset"":""PT0M""}",media-data.csv:001799
media-data.csv:001800,read xenocide 5 stars,[],"{""mediaType"":""book"",""title"":""Xenocide"",""rating"":10,""favorite"":false,""timeOffset"":""PT0M""}",media-data.csv:001800
media-data.csv:001801,read the help 10,[],"{""mediaType"":""book"",""title"":""The Help"",""rating"":10,""favorite"":false,""timeOffset"":""PT0M""}",media-data.csv:001801
media-data.csv:001802,book 11/22/63 8/10 3 hours ago,[],"{""mediaType"":""book"",""title"":""11/22/63"",""rating"":8,""favorite"":false,""timeOffset"":""-PT3H""}",media-data.csv:001802
media-data.csv:001803,finished hell's corner 5 stars,[],"{""mediaType"":""book"",""title"":""Hell's Corner"",""rating"":10,""favorite"":false,""timeOffset"":""PT0M""}",media-data.csv:001803
media-data.csv:001804,novel the blessing way 5 stars,[],"{""mediaType"":""book"",""title"":""The Blessing Way"",""rating"":10,""favorite"":false,""timeOffset"":""PT0M""}",media-data.csv:001804
media-data.csv:001805,novel the red queen 8/10 5d ago,[],"{""mediaType"":""book"",""title"":""The Red Queen"",""rating"":8,""favorite"":false,""timeOffset"":""-P5D""}",media-data.csv:001805
media-data.csv:001806,book skeleton crew 10,[],"{""mediaType"":""book"",""title"":""Skeleton Crew"",""rating"":10,""favorite"":false,""timeOffset"":""PT0M""}",media-data.csv:001806
media-data.csv:001807,finished free four: tobias tells the divergent knife-throwing scene 6,[],"{""mediaType"":""book"",""title"":""Free Four: Tobias Tells the Divergent Knife-Throwing Scene"",""rating"":6,""favorite"":false,""timeOffset"":""PT0M""}",media-data.csv:001807
media-data.csv:001808,read angels & demons 2 stars,[],"{""mediaType"":""book"",""title"":""Angels & Demons"",""rating"":4,""favorite"":false,""timeOffset"":""PT0M""}",media-data.csv:001808
media-data.csv:001809,book candide 3 stars heart,[],"{""mediaType"":""book"",""title"":""Candide"",""rating"":6,""favorite"":true,""timeOffset"":""PT0M""}",media-data.csv:001809
media-data.csv:001810,book a fatal grace 5 stars,[],"{""mediaType"":""book"",""title"":""A Fatal Grace"",""rating"":10,""favorite"":false,""timeOffset"":""PT0M""}",media-data.csv:001810
media-data.csv:001811,finished a storm of swords 8/10 12 days ago,[],"{""mediaType"":""book"",""title"":""A Storm of Swords"",""rating"":8,""favorite"":false,""timeOffset"":""-P12D""}",media-data.csv:001811
media-data.csv:001812,finished rebel heart 10/10,[],"{""mediaType"":""book"",""title"":""Rebel Heart"",""rating"":10,""favorite"":false,""timeOffset"":""PT0M""}",media-data.csv:001812
media-data.csv:001813,finished ramona and her mother 10/10,[],"{""mediaType"":""book"",""title"":""Ramona and Her Mother"",""rating"":10,""favorite"":false,""timeOffset"":""PT0M""}",media-data.csv:001813
media-data.csv:001814,read go set a watchman 5 stars,[],"{""mediaType"":""book"",""title"":""Go Set a Watchman"",""rating"":10,""favorite"":false,""timeOffset"":""PT0M""}",media-data.csv:001814
media-data.csv:001815,finished the finding 6/10,[],"{""mediaType"":""book"",""title"":""The Finding"",""rating"":6,""favorite"":false,""timeOffset"":""PT0M""}",media-data.csv:001815
media-data.csv:001816,read the eyre affair 6 fav 10d ago,[],"{""mediaType"":""book"",""title"":""The Eyre Affair"",""rating"":6,""favorite"":true,""timeOffset"":""-P10D""}",media-data.csv:001816
media-data.csv:001817,read the art forger 4 stars,[],"{""mediaType"":""book"",""title"":""The Art Forger"",""rating"":8,""favorite"":false,""timeOffset"":""PT0M""}",media-data.csv:001817
media-data.csv:001818,finished broken 4 stars 21 hours ago,[],"{""mediaType"":""book"",""title"":""Broken"",""rating"":8,""favorite"":false,""timeOffset"":""-PT21H""}",media-data.csv:001818
media-data.csv:001819,book turn of mind 4 stars,[],"{""mediaType"":""book"",""title"":""Turn of Mind"",""rating"":8,""favorite"":false,""timeOffset"":""PT0M""}",media-data.csv:001819
media-data.csv:001820,book hinds' feet on high places 10/10 favorite 17d ago,[],"{""mediaType"":""book"",""title"":""Hinds' Feet on High Places"",""rating"":10,""favorite"":true,""timeOffset"":""-P17D""}",media-data.csv:001820
media-data.csv:001821,finished the great gatsby 6 5 hours ago,[],"{""mediaType"":""book"",""title"":""The Great Gatsby"",""rating"":6,""favorite"":false,""timeOffset"":""-PT5H""}",media-data.csv:001821
media-data.csv:001822,book upon the midnight clear 4 stars loved 20 hours ago,[],"{""mediaType"":""book"",""title"":""Upon the Midnight Clear"",""rating"":8,""favorite"":true,""timeOffset"":""-PT20H""}",media-data.csv:001822
media-data.csv:001823,read gifted hands: the ben carson story 6/10 26d ago,[],"{""mediaType"":""book"",""title"":""Gifted Hands: The Ben Carson Story"",""rating"":6,""favorite"":false,""timeOffset"":""-P26D""}",media-data.csv:001823
media-data.csv:001824,novel the house of hades 5 stars -6d,[],"{""mediaType"":""book"",""title"":""The House of Hades"",""rating"":10,""favorite"":false,""timeOffset"":""-P6D""}",media-data.csv:001824
media-data.csv:001825,read this song will save your life 6/10 13h ago,[],"{""mediaType"":""book"",""title"":""This Song Will Save Your Life"",""rating"":6,""favorite"":false,""timeOffset"":""-PT13H""}",media-data.csv:001825
media-data.csv:001826,book the borrowers 10/10 heart 5h ago,[],"{""mediaType"":""book"",""title"":""The Borrowers"",""rating"":10,""favorite"":true,""timeOffset"":""-PT5H""}",media-data.csv:001826
media-data.csv:001827,novel gone with the wind 8/10 favorite 5 days ago,[],"{""mediaType"":""book"",""title"":""Gone with the Wind"",""rating"":8,""favorite"":true,""timeOffset"":""-P5D""}",media-data.csv:001827
media-data.csv:001828,finished the curious incident of the dog in the night-time 5 stars,[],"{""mediaType"":""book"",""title"":""The Curious Incident of the Dog in the Night-Time"",""rating"":10,""favorite"":false,""timeOffset"":""PT0M""}",media-data.csv:001828
media-data.csv:001829,read angela's ashes 8 12d ago,[],"{""mediaType"":""book"",""title"":""Angela's Ashes"",""rating"":8,""favorite"":false,""timeOffset"":""-P12D""}",media-data.csv:001829
media-data.csv:001830,book lost light 3 stars -26d,[],"{""mediaType"":""book"",""title"":""Lost Light"",""rating"":6,""favorite"":false,""timeOffset"":""-P26D""}",media-data.csv:001830
media-data.csv:001831,novel the checklist manifesto: how to get things right 4 stars,[],"{""mediaType"":""book"",""title"":""The Checklist Manifesto: How to Get Things Right"",""rating"":8,""favorite"":false,""timeOffset"":""PT0M""}",media-data.csv:001831
media-data.csv:001832,novel tuesdays with morrie 3 stars 11h ago,[],"{""mediaType"":""book"",""title"":""Tuesdays with Morrie"",""rating"":6,""favorite"":false,""timeOffset"":""-PT11H""}",media-data.csv:001832
media-data.csv:001833,book pinocchio 5 stars,[],"{""mediaType"":""book"",""title"":""Pinocchio"",""rating"":10,""favorite"":false,""timeOffset"":""PT0M""}",media-data.csv:001833
media-data.csv:001834,book pretty little liars 3 stars 5d ago,[],"{""mediaType"":""book"",""title"":""Pretty Little Liars"",""rating"":6,""favorite"":false,""timeOffset"":""-P5D""}",media-data.csv:001834
media-data.csv:001835,finished the kite runner 3 stars -14d,[],"{""mediaType"":""book"",""title"":""The Kite Runner"",""rating"":6,""favorite"":false,""timeOffset"":""-P14D""}",media-data.csv:001835
media-data.csv:001836,book timequake 5 stars favourite -11h,[],"{""mediaType"":""book"",""title"":""Timequake"",""rating"":10,""favorite"":true,""timeOffset"":""-PT11H""}",media-data.csv:001836
media-data.csv:001837,read the importance of being earnest 8 favorite,[],"{""mediaType"":""book"",""title"":""The Importance of Being Earnest"",""rating"":8,""favorite"":true,""timeOffset"":""PT0M""}",media-data.csv:001837
media-data.csv:001838,novel revival 6/10 -7h,[],"{""mediaType"":""book"",""title"":""Revival"",""rating"":6,""favorite"":false,""timeOffset"":""-PT7H""}",media-data.csv:001838
media-data.csv:001839,finished stranger in a strange land 8,[],"{""mediaType"":""book"",""title"":""Stranger in a Strange Land"",""rating"":8,""favorite"":false,""timeOffset"":""PT0M""}",media-data.csv:001839
media-data.csv:001840,read dark gold 10/10,[],"{""mediaType"":""book"",""title"":""Dark Gold"",""rating"":10,""favorite"":false,""timeOffset"":""PT0M""}",media-data.csv:001840
media-data.csv:001841,read speaker for the dead 4 stars,[],"{""mediaType"":""book"",""title"":""Speaker for the Dead"",""rating"":8,""favorite"":false,""timeOffset"":""PT0M""}",media-data.csv:001841
media-data.csv:001842,finished books of blood: volume one 3 stars 25d ago,[],"{""mediaType"":""book"",""title"":""Books of Blood: Volume One"",""rating"":6,""favorite"":false,""timeOffset"":""-P25D""}",media-data.csv:001842
media-data.csv:001843,read 7th heaven 4,[],"{""mediaType"":""book"",""title"":""7th Heaven"",""rating"":4,""favorite"":false,""timeOffset"":""PT0M""}",media-data.csv:001843
media-data.csv:001844,read white oleander 5 stars,[],"{""mediaType"":""book"",""title"":""White Oleander"",""rating"":10,""favorite"":false,""timeOffset"":""PT0M""}",media-data.csv:001844
media-data.csv:001845,novel brave new world 6/10,[],"{""mediaType"":""book"",""title"":""Brave New World"",""rating"":6,""favorite"":false,""timeOffset"":""PT0M""}",media-data.csv:001845
media-data.csv:001846,read 'salem's lot 10 13 hours ago,[],"{""mediaType"":""book"",""title"":""'Salem's Lot"",""rating"":10,""favorite"":false,""timeOffset"":""-PT13H""}",media-data.csv:001846
media-data.csv:001847,finished in her shoes 3 stars,[],"{""mediaType"":""book"",""title"":""In Her Shoes"",""rating"":6,""favorite"":false,""timeOffset"":""PT0M""}",media-data.csv:001847
media-data.csv:001848,novel the lord of the rings: weapons and warfare 10,[],"{""mediaType"":""book"",""title"":""The Lord of the Rings: Weapons and Warfare"",""rating"":10,""favorite"":false,""timeOffset"":""PT0M""}",media-data.csv:001848
media-data.csv:001849,book choke 5 stars,[],"{""mediaType"":""book"",""title"":""Choke"",""rating"":10,""favorite"":false,""timeOffset"":""PT0M""}",media-data.csv:001849
media-data.csv:001850,book the call of the wild 10,[],"{""mediaType"":""book"",""title"":""The Call of the Wild"",""rating"":10,""favorite"":false,""timeOffset"":""PT0M""}",media-data.csv:001850
media-data.csv:001851,finished the beekeeper's apprentice 5 stars yday,[],"{""mediaType"":""book"",""title"":""The Beekeeper's Apprentice"",""rating"":10,""favorite"":false,""timeOffset"":""-P1D""}",media-data.csv:001851
media-data.csv:001852,read anne rice's the vampire lestat: a graphic novel 10/10,[],"{""mediaType"":""book"",""title"":""Anne Rice's The Vampire Lestat: A Graphic Novel"",""rating"":10,""favorite"":false,""timeOffset"":""PT0M""}",media-data.csv:001852
media-data.csv:001853,finished alice's adventures in wonderland & through the looking-glass 4 stars,[],"{""mediaType"":""book"",""title"":""Alice's Adventures in Wonderland & Through the Looking-Glass"",""rating"":8,""favorite"":false,""timeOffset"":""PT0M""}",media-data.csv:001853
media-data.csv:001854,book city of ashes 5 stars,[],"{""mediaType"":""book"",""title"":""City of Ashes"",""rating"":10,""favorite"":false,""timeOffset"":""PT0M""}",media-data.csv:001854
media-data.csv:001855,finished do androids dream of electric sheep? 8,[],"{""mediaType"":""book"",""title"":""Do Androids Dream of Electric Sheep?"",""rating"":8,""favorite"":false,""timeOffset"":""PT0M""}",media-data.csv:001855
media-data.csv:001856,finished the diviners 10/10,[],"{""mediaType"":""book"",""title"":""The Diviners"",""rating"":10,""favorite"":false,""timeOffset"":""PT0M""}",media-data.csv:001856
media-data.csv:001857,novel midnight's children 10,[],"{""mediaType"":""book"",""title"":""Midnight's Children"",""rating"":10,""favorite"":false,""timeOffset"":""PT0M""}",media-data.csv:001857
media-data.csv:001858,novel insurgent 5 stars 20 days ago,[],"{""mediaType"":""book"",""title"":""Insurgent"",""rating"":10,""favorite"":false,""timeOffset"":""-P20D""}",media-data.csv:001858
media-data.csv:001859,novel bookends 3 stars,[],"{""mediaType"":""book"",""title"":""Bookends"",""rating"":6,""favorite"":false,""timeOffset"":""PT0M""}",media-data.csv:001859
media-data.csv:001860,read cutting for stone 10 10h ago,[],"{""mediaType"":""book"",""title"":""Cutting for Stone"",""rating"":10,""favorite"":false,""timeOffset"":""-PT10H""}",media-data.csv:001860
media-data.csv:001861,novel p.s. i love you 4 stars,[],"{""mediaType"":""book"",""title"":""P.S. I Love You"",""rating"":8,""favorite"":false,""timeOffset"":""PT0M""}",media-data.csv:001861
media-data.csv:001862,read sideways stories from wayside school 4 stars fav -7d,[],"{""mediaType"":""book"",""title"":""Sideways Stories from Wayside School"",""rating"":8,""favorite"":true,""timeOffset"":""-P7D""}",media-data.csv:001862
media-data.csv:001863,novel while my sister sleeps 3 stars,[],"{""mediaType"":""book"",""title"":""While My Sister Sleeps"",""rating"":6,""favorite"":false,""timeOffset"":""PT0M""}",media-data.csv:001863
media-data.csv:001864,read alexander hamilton 4 stars,[],"{""mediaType"":""book"",""title"":""Alexander Hamilton"",""rating"":8,""favorite"":false,""timeOffset"":""PT0M""}",media-data.csv:001864
media-data.csv:001865,finished clockwork angel 10,[],"{""mediaType"":""book"",""title"":""Clockwork Angel"",""rating"":10,""favorite"":false,""timeOffset"":""PT0M""}",media-data.csv:001865
media-data.csv:001866,book city of ashes 3 stars heart,[],"{""mediaType"":""book"",""title"":""City of Ashes"",""rating"":6,""favorite"":true,""timeOffset"":""PT0M""}",media-data.csv:001866
media-data.csv:001867,book please ignore vera dietz 4 stars fav,[],"{""mediaType"":""book"",""title"":""Please Ignore Vera Dietz"",""rating"":8,""favorite"":true,""timeOffset"":""PT0M""}",media-data.csv:001867
media-data.csv:001868,book the notebook 2,[],"{""mediaType"":""book"",""title"":""The Notebook"",""rating"":2,""favorite"":false,""timeOffset"":""PT0M""}",media-data.csv:001868
media-data.csv:001869,finished the dead zone 5 stars,[],"{""mediaType"":""book"",""title"":""The Dead Zone"",""rating"":10,""favorite"":false,""timeOffset"":""PT0M""}",media-data.csv:001869
media-data.csv:001870,finished the sea of monsters 4 stars -16d,[],"{""mediaType"":""book"",""title"":""The Sea of Monsters"",""rating"":8,""favorite"":false,""timeOffset"":""-P16D""}",media-data.csv:001870
media-data.csv:001871,read julius caesar 2 favourite,[],"{""mediaType"":""book"",""title"":""Julius Caesar"",""rating"":2,""favorite"":true,""timeOffset"":""PT0M""}",media-data.csv:001871
media-data.csv:001872,novel fifty shades of grey 4 stars,[],"{""mediaType"":""book"",""title"":""Fifty Shades of Grey"",""rating"":8,""favorite"":false,""timeOffset"":""PT0M""}",media-data.csv:001872
media-data.csv:001873,novel the far pavilions 10/10 -7d,[],"{""mediaType"":""book"",""title"":""The Far Pavilions"",""rating"":10,""favorite"":false,""timeOffset"":""-P7D""}",media-data.csv:001873
media-data.csv:001874,book jonathan strange & mr norrell 4 stars,[],"{""mediaType"":""book"",""title"":""Jonathan Strange & Mr Norrell"",""rating"":8,""favorite"":false,""timeOffset"":""PT0M""}",media-data.csv:001874
media-data.csv:001875,read blue moon 5 stars 22 hours ago,[],"{""mediaType"":""book"",""title"":""Blue Moon"",""rating"":10,""favorite"":false,""timeOffset"":""-PT22H""}",media-data.csv:001875
media-data.csv:001876,book a million suns 3 stars favorite,[],"{""mediaType"":""book"",""title"":""A Million Suns"",""rating"":6,""favorite"":true,""timeOffset"":""PT0M""}",media-data.csv:001876
media-data.csv:001877,read the thirteenth tale 5 stars -18h,[],"{""mediaType"":""book"",""title"":""The Thirteenth Tale"",""rating"":10,""favorite"":false,""timeOffset"":""-PT18H""}",media-data.csv:001877
media-data.csv:001878,read the sword thief 2/10 loved,[],"{""mediaType"":""book"",""title"":""The Sword Thief"",""rating"":2,""favorite"":true,""timeOffset"":""PT0M""}",media-data.csv:001878
