id,input,context,expected,group_id
multi-food-data.csv:000001,15 gr raw english walnut halves + raspberries 150 grams ln -21d,[],"{""items"":[{""name"":""nuts, walnuts, english, halves, raw"",""quantity"":15,""unit"":""g"",""kcal"":102},{""name"":""raspberries, raw"",""quantity"":150,""unit"":""g"",""kcal"":77}],""totalKcal"":179,""mealType"":""late_night"",""timeOffset"":""-P21D""}",multi-food-data.csv:000001
multi-food-data.csv:000002,100 g raspberries + raw peanuts 30 grams breakfast 17d ago,[],"{""items"":[{""name"":""raspberries, raw"",""quantity"":100,""unit"":""g"",""kcal"":51},{""name"":""peanuts, raw"",""quantity"":30,""unit"":""g"",""kcal"":165}],""totalKcal"":216,""mealType"":""breakfast"",""timeOffset"":""-P17D""}",multi-food-data.csv:000002
multi-food-data.csv:000003,150 grams red delicious apple + 20g whole raw almonds late night,[],"{""items"":[{""name"":""apples, red delicious, with skin, raw"",""quantity"":150,""unit"":""g"",""kcal"":93},{""name"":""nuts, almonds, whole, raw"",""quantity"":20,""unit"":""g"",""kcal"":117}],""totalKcal"":210,""mealType"":""late_night"",""timeOffset"":""PT0M""}",multi-food-data.csv:000003
multi-food-data.csv:000004,ate 2 pieces cooked skinless boneless chicken breast + raw roma tomato 150 grams lunch,[],"{""items"":[{""name"":""chicken, broiler or fryers, breast, skinless, boneless, meat only, cooked, braised"",""quantity"":2,""unit"":""piece"",""kcal"":578},{""name"":""tomato, roma"",""quantity"":150,""unit"":""g"",""kcal"":28}],""totalKcal"":606,""mealType"":""lunch"",""timeOffset"":""PT0M""}",multi-food-data.csv:000004
multi-food-data.csv:000005,ate strawberries 150 grams + raw peanuts 15g snack 5h ago,[],"{""items"":[{""name"":""strawberries, raw"",""quantity"":150,""unit"":""g"",""kcal"":47},{""name"":""peanuts, raw"",""quantity"":15,""unit"":""g"",""kcal"":83}],""totalKcal"":130,""mealType"":""snack"",""timeOffset"":""-PT5H""}",multi-food-data.csv:000005
multi-food-data.csv:000006,ate 2% milk cup1 + raspberries g200 6h ago,[],"{""items"":[{""name"":""milk, reduced fat, fluid, 2% milkfat, with added vitamin a and vitamin d"",""quantity"":1,""unit"":""cup"",""kcal"":114},{""name"":""raspberries, raw"",""quantity"":200,""unit"":""g"",""kcal"":103}],""totalKcal"":217,""mealType"":""unknown"",""timeOffset"":""-PT6H""}",multi-food-data.csv:000006
multi-food-data.csv:000007,piece1 cooked skinless boneless chicken breast + raw romaine lettuce 150g dinner tmr,[],"{""items"":[{""name"":""chicken, broiler or fryers, breast, skinless, boneless, meat only, cooked, braised"",""quantity"":1,""unit"":""piece"",""kcal"":289},{""name"":""lettuce, romaine, green, raw"",""quantity"":150,""unit"":""g"",""kcal"":26}],""totalKcal"":315,""mealType"":""dinner"",""timeOffset"":""P1D""}",multi-food-data.csv:000007
multi-food-data.csv:000008,whole raw almonds g30 + 200 grams red delicious apple,[],"{""items"":[{""name"":""nuts, almonds, whole, raw"",""quantity"":30,""unit"":""g"",""kcal"":175},{""name"":""apples, red delicious, with skin, raw"",""quantity"":200,""unit"":""g"",""kcal"":124}],""totalKcal"":299,""mealType"":""unknown"",""timeOffset"":""PT0M""}",multi-food-data.csv:000008
multi-food-data.csv:000009,g100 raspberries + raw english walnut halves g20 bf 25d ago,[],"{""items"":[{""name"":""raspberries, raw"",""quantity"":100,""unit"":""g"",""kcal"":51},{""name"":""nuts, walnuts, english, halves, raw"",""quantity"":20,""unit"":""g"",""kcal"":136}],""totalKcal"":187,""mealType"":""breakfast"",""timeOffset"":""-P25D""}",multi-food-data.csv:000009
multi-food-data.csv:000010,ate blueberries 100 g + whole raw almonds g20 8h ago,[],"{""items"":[{""name"":""blueberries, raw"",""quantity"":100,""unit"":""g"",""kcal"":57},{""name"":""nuts, almonds, whole, raw"",""quantity"":20,""unit"":""g"",""kcal"":117}],""totalKcal"":174,""mealType"":""unknown"",""timeOffset"":""-PT8H""}",multi-food-data.csv:000010
multi-food-data.csv:000011,200 gr strawberries + whole raw almonds 20 g snack -21h,[],"{""items"":[{""name"":""strawberries, raw"",""quantity"":200,""unit"":""g"",""kcal"":62},{""name"":""nuts, almonds, whole, raw"",""quantity"":20,""unit"":""g"",""kcal"":117}],""totalKcal"":179,""mealType"":""snack"",""timeOffset"":""-PT21H""}",multi-food-data.csv:000011
multi-food-data.csv:000012,ate strawberries 200g + raw english walnut halves g20,[],"{""items"":[{""name"":""strawberries, raw"",""quantity"":200,""unit"":""g"",""kcal"":62},{""name"":""nuts, walnuts, english, halves, raw"",""quantity"":20,""unit"":""g"",""kcal"":136}],""totalKcal"":198,""mealType"":""unknown"",""timeOffset"":""PT0M""}",multi-food-data.csv:000012
multi-food-data.csv:000013,ate raw cucumber with peel 50 gr + 150 grams cooked meat-only chicken drumstick 4h ago,[],"{""items"":[{""name"":""cucumber, with peel, raw"",""quantity"":50,""unit"":""g"",""kcal"":7},{""name"":""chicken, broilers or fryers, drumstick, meat only, cooked, braised"",""quantity"":150,""unit"":""g"",""kcal"":234}],""totalKcal"":241,""mealType"":""unknown"",""timeOffset"":""-PT4H""}",multi-food-data.csv:000013
multi-food-data.csv:000014,2% milk cup1 + red delicious apple 100 grams -22h,[],"{""items"":[{""name"":""milk, reduced fat, fluid, 2% milkfat, with added vitamin a and vitamin d"",""quantity"":1,""unit"":""cup"",""kcal"":114},{""name"":""apples, red delicious, with skin, raw"",""quantity"":100,""unit"":""g"",""kcal"":62}],""totalKcal"":176,""mealType"":""unknown"",""timeOffset"":""-PT22H""}",multi-food-data.csv:000014
multi-food-data.csv:000015,blueberries 200 g + whole raw almonds 20 grams breakfast,[],"{""items"":[{""name"":""blueberries, raw"",""quantity"":200,""unit"":""g"",""kcal"":115},{""name"":""nuts, almonds, whole, raw"",""quantity"":20,""unit"":""g"",""kcal"":117}],""totalKcal"":232,""mealType"":""breakfast"",""timeOffset"":""PT0M""}",multi-food-data.csv:000015
multi-food-data.csv:000016,ate 100 g red delicious apple + raw english walnut halves 15g snack -2h,[],"{""items"":[{""name"":""apples, red delicious, with skin, raw"",""quantity"":100,""unit"":""g"",""kcal"":62},{""name"":""nuts, walnuts, english, halves, raw"",""quantity"":15,""unit"":""g"",""kcal"":102}],""totalKcal"":164,""mealType"":""snack"",""timeOffset"":""-PT2H""}",multi-food-data.csv:000016
multi-food-data.csv:000017,red delicious apple g100 + raw peanuts 20 g 172 cal snack,[],"{""items"":[{""name"":""apples, red delicious, with skin, raw"",""quantity"":100,""unit"":""g"",""kcal"":62},{""name"":""peanuts, raw"",""quantity"":20,""unit"":""g"",""kcal"":110}],""totalKcal"":172,""mealType"":""snack"",""timeOffset"":""PT0M""}",multi-food-data.csv:000017
multi-food-data.csv:000018,ate 100 grams red delicious apple + 20g raw english walnut halves late night,[],"{""items"":[{""name"":""apples, red delicious, with skin, raw"",""quantity"":100,""unit"":""g"",""kcal"":62},{""name"":""nuts, walnuts, english, halves, raw"",""quantity"":20,""unit"":""g"",""kcal"":136}],""totalKcal"":198,""mealType"":""late_night"",""timeOffset"":""PT0M""}",multi-food-data.csv:000018
multi-food-data.csv:000019,raspberries g150 + raw peanuts 15 g 3d ago,[],"{""items"":[{""name"":""raspberries, raw"",""quantity"":150,""unit"":""g"",""kcal"":77},{""name"":""peanuts, raw"",""quantity"":15,""unit"":""g"",""kcal"":83}],""totalKcal"":160,""mealType"":""unknown"",""timeOffset"":""-P3D""}",multi-food-data.csv:000019
multi-food-data.csv:000020,cooked skinless boneless chicken breast piece2 + raw cucumber with peel 50 g dinner 23d ago,[],"{""items"":[{""name"":""chicken, broiler or fryers, breast, skinless, boneless, meat only, cooked, braised"",""quantity"":2,""unit"":""piece"",""kcal"":578},{""name"":""cucumber, with peel, raw"",""quantity"":50,""unit"":""g"",""kcal"":7}],""totalKcal"":585,""mealType"":""dinner"",""timeOffset"":""-P23D""}",multi-food-data.csv:000020
multi-food-data.csv:000021,2% milk 2 cups + 150 grams red delicious apple snack,[],"{""items"":[{""name"":""milk, reduced fat, fluid, 2% milkfat, with added vitamin a and vitamin d"",""quantity"":2,""unit"":""cup"",""kcal"":227},{""name"":""apples, red delicious, with skin, raw"",""quantity"":150,""unit"":""g"",""kcal"":93}],""totalKcal"":320,""mealType"":""snack"",""timeOffset"":""PT0M""}",multi-food-data.csv:000021
multi-food-data.csv:000022,red delicious apple 150g + 15 grams whole raw almonds late night -7h,[],"{""items"":[{""name"":""apples, red delicious, with skin, raw"",""quantity"":150,""unit"":""g"",""kcal"":93},{""name"":""nuts, almonds, whole, raw"",""quantity"":15,""unit"":""g"",""kcal"":88}],""totalKcal"":181,""mealType"":""late_night"",""timeOffset"":""-PT7H""}",multi-food-data.csv:000022
multi-food-data.csv:000023,ate 200 gr raspberries + 1 cup whole milk snack 13h ago,[],"{""items"":[{""name"":""raspberries, raw"",""quantity"":200,""unit"":""g"",""kcal"":103},{""name"":""milk, whole, 3.25% milkfat, with added vitamin d"",""quantity"":1,""unit"":""cup"",""kcal"":137}],""totalKcal"":240,""mealType"":""snack"",""timeOffset"":""-PT13H""}",multi-food-data.csv:000023
multi-food-data.csv:000024,15 g raw english walnut halves + 200 gr strawberries ln 26d ago,[],"{""items"":[{""name"":""nuts, walnuts, english, halves, raw"",""quantity"":15,""unit"":""g"",""kcal"":102},{""name"":""strawberries, raw"",""quantity"":200,""unit"":""g"",""kcal"":62}],""totalKcal"":164,""mealType"":""late_night"",""timeOffset"":""-P26D""}",multi-food-data.csv:000024
multi-food-data.csv:000025,chinese fried rice without meat 1cup + sweet and sour pork 3 pieces lunch,[],"{""items"":[{""name"":""restaurant, chinese, fried rice, without meat"",""quantity"":1,""unit"":""cup"",""kcal"":231},{""name"":""restaurant, chinese, sweet and sour pork"",""quantity"":3,""unit"":""piece"",""kcal"":109}],""totalKcal"":340,""mealType"":""lunch"",""timeOffset"":""PT0M""}",multi-food-data.csv:000025
multi-food-data.csv:000026,1cup whole milk + 150 grams blueberries,[],"{""items"":[{""name"":""milk, whole, 3.25% milkfat, with added vitamin d"",""quantity"":1,""unit"":""cup"",""kcal"":137},{""name"":""blueberries, raw"",""quantity"":150,""unit"":""g"",""kcal"":86}],""totalKcal"":223,""mealType"":""unknown"",""timeOffset"":""PT0M""}",multi-food-data.csv:000026
multi-food-data.csv:000027,ate cooked meat-only chicken drumstick 200 grams + 100 gr raw romaine lettuce,[],"{""items"":[{""name"":""chicken, broilers or fryers, drumstick, meat only, cooked, braised"",""quantity"":200,""unit"":""g"",""kcal"":312},{""name"":""lettuce, romaine, green, raw"",""quantity"":100,""unit"":""g"",""kcal"":17}],""totalKcal"":329,""mealType"":""unknown"",""timeOffset"":""PT0M""}",multi-food-data.csv:000027
multi-food-data.csv:000028,raspberries g150 + whole raw almonds 15 grams,[],"{""items"":[{""name"":""raspberries, raw"",""quantity"":150,""unit"":""g"",""kcal"":77},{""name"":""nuts, almonds, whole, raw"",""quantity"":15,""unit"":""g"",""kcal"":88}],""totalKcal"":165,""mealType"":""unknown"",""timeOffset"":""PT0M""}",multi-food-data.csv:000028
multi-food-data.csv:000029,whole milk 1 cup + 150 gr strawberries snack,[],"{""items"":[{""name"":""milk, whole, 3.25% milkfat, with added vitamin d"",""quantity"":1,""unit"":""cup"",""kcal"":137},{""name"":""strawberries, raw"",""quantity"":150,""unit"":""g"",""kcal"":47}],""totalKcal"":184,""mealType"":""snack"",""timeOffset"":""PT0M""}",multi-food-data.csv:000029
multi-food-data.csv:000030,ate blueberries 150g + 15 g raw peanuts late night 17d ago,[],"{""items"":[{""name"":""blueberries, raw"",""quantity"":150,""unit"":""g"",""kcal"":86},{""name"":""peanuts, raw"",""quantity"":15,""unit"":""g"",""kcal"":83}],""totalKcal"":169,""mealType"":""late_night"",""timeOffset"":""-P17D""}",multi-food-data.csv:000030
multi-food-data.csv:000031,ate g150 cooked meat-only chicken drumstick + g150 raw romaine lettuce 260 cal dinner 24d ago,[],"{""items"":[{""name"":""chicken, broilers or fryers, drumstick, meat only, cooked, braised"",""quantity"":150,""unit"":""g"",""kcal"":234},{""name"":""lettuce, romaine, green, raw"",""quantity"":150,""unit"":""g"",""kcal"":26}],""totalKcal"":260,""mealType"":""dinner"",""timeOffset"":""-P24D""}",multi-food-data.csv:000031
multi-food-data.csv:000032,ate whole milk 1 cup + 100 gr raspberries 188 cal bf,[],"{""items"":[{""name"":""milk, whole, 3.25% milkfat, with added vitamin d"",""quantity"":1,""unit"":""cup"",""kcal"":137},{""name"":""raspberries, raw"",""quantity"":100,""unit"":""g"",""kcal"":51}],""totalKcal"":188,""mealType"":""breakfast"",""timeOffset"":""PT0M""}",multi-food-data.csv:000032
multi-food-data.csv:000033,g150 strawberries + raw english walnut halves 15 g snack 5h ago,[],"{""items"":[{""name"":""strawberries, raw"",""quantity"":150,""unit"":""g"",""kcal"":47},{""name"":""nuts, walnuts, english, halves, raw"",""quantity"":15,""unit"":""g"",""kcal"":102}],""totalKcal"":149,""mealType"":""snack"",""timeOffset"":""-PT5H""}",multi-food-data.csv:000033
multi-food-data.csv:000034,100g cooked meat-only chicken drumstick + 100 grams raw romaine lettuce -6d,[],"{""items"":[{""name"":""chicken, broilers or fryers, drumstick, meat only, cooked, braised"",""quantity"":100,""unit"":""g"",""kcal"":156},{""name"":""lettuce, romaine, green, raw"",""quantity"":100,""unit"":""g"",""kcal"":17}],""totalKcal"":173,""mealType"":""unknown"",""timeOffset"":""-P6D""}",multi-food-data.csv:000034
multi-food-data.csv:000035,ate raw peanuts 15g + 100 g red delicious apple 145 cal late night 19h ago,[],"{""items"":[{""name"":""peanuts, raw"",""quantity"":15,""unit"":""g"",""kcal"":83},{""name"":""apples, red delicious, with skin, raw"",""quantity"":100,""unit"":""g"",""kcal"":62}],""totalKcal"":145,""mealType"":""late_night"",""timeOffset"":""-PT19H""}",multi-food-data.csv:000035
multi-food-data.csv:000036,1piece cooked skinless boneless chicken breast + raw romaine lettuce 50 grams 298 cal dinner,[],"{""items"":[{""name"":""chicken, broiler or fryers, breast, skinless, boneless, meat only, cooked, braised"",""quantity"":1,""unit"":""piece"",""kcal"":289},{""name"":""lettuce, romaine, green, raw"",""quantity"":50,""unit"":""g"",""kcal"":9}],""totalKcal"":298,""mealType"":""dinner"",""timeOffset"":""PT0M""}",multi-food-data.csv:000036
multi-food-data.csv:000037,whole milk cup1 + 200 grams red delicious apple,[],"{""items"":[{""name"":""milk, whole, 3.25% milkfat, with added vitamin d"",""quantity"":1,""unit"":""cup"",""kcal"":137},{""name"":""apples, red delicious, with skin, raw"",""quantity"":200,""unit"":""g"",""kcal"":124}],""totalKcal"":261,""mealType"":""unknown"",""timeOffset"":""PT0M""}",multi-food-data.csv:000037
multi-food-data.csv:000038,raspberries g100 + whole milk 2 cups 23h ago,[],"{""items"":[{""name"":""raspberries, raw"",""quantity"":100,""unit"":""g"",""kcal"":51},{""name"":""milk, whole, 3.25% milkfat, with added vitamin d"",""quantity"":2,""unit"":""cup"",""kcal"":275}],""totalKcal"":326,""mealType"":""unknown"",""timeOffset"":""-PT23H""}",multi-food-data.csv:000038
multi-food-data.csv:000039,100 g raspberries + raw peanuts 15 g 7h ago,[],"{""items"":[{""name"":""raspberries, raw"",""quantity"":100,""unit"":""g"",""kcal"":51},{""name"":""peanuts, raw"",""quantity"":15,""unit"":""g"",""kcal"":83}],""totalKcal"":134,""mealType"":""unknown"",""timeOffset"":""-PT7H""}",multi-food-data.csv:000039
multi-food-data.csv:000040,ate 200 grams red delicious apple + raw english walnut halves 20 grams late night,[],"{""items"":[{""name"":""apples, red delicious, with skin, raw"",""quantity"":200,""unit"":""g"",""kcal"":124},{""name"":""nuts, walnuts, english, halves, raw"",""quantity"":20,""unit"":""g"",""kcal"":136}],""totalKcal"":260,""mealType"":""late_night"",""timeOffset"":""PT0M""}",multi-food-data.csv:000040
multi-food-data.csv:000041,200g red delicious apple + 20 gr raw peanuts bf 19d ago,[],"{""items"":[{""name"":""apples, red delicious, with skin, raw"",""quantity"":200,""unit"":""g"",""kcal"":124},{""name"":""peanuts, raw"",""quantity"":20,""unit"":""g"",""kcal"":110}],""totalKcal"":234,""mealType"":""breakfast"",""timeOffset"":""-P19D""}",multi-food-data.csv:000041
multi-food-data.csv:000042,2% milk cup2 + g100 raspberries snack 18d ago,[],"{""items"":[{""name"":""milk, reduced fat, fluid, 2% milkfat, with added vitamin a and vitamin d"",""quantity"":2,""unit"":""cup"",""kcal"":227},{""name"":""raspberries, raw"",""quantity"":100,""unit"":""g"",""kcal"":51}],""totalKcal"":278,""mealType"":""snack"",""timeOffset"":""-P18D""}",multi-food-data.csv:000042
multi-food-data.csv:000043,ate 1 cup whole milk + 100 g strawberries,[],"{""items"":[{""name"":""milk, whole, 3.25% milkfat, with added vitamin d"",""quantity"":1,""unit"":""cup"",""kcal"":137},{""name"":""strawberries, raw"",""quantity"":100,""unit"":""g"",""kcal"":31}],""totalKcal"":168,""mealType"":""unknown"",""timeOffset"":""PT0M""}",multi-food-data.csv:000043
multi-food-data.csv:000044,200 grams strawberries + raw peanuts 30 grams,[],"{""items"":[{""name"":""strawberries, raw"",""quantity"":200,""unit"":""g"",""kcal"":62},{""name"":""peanuts, raw"",""quantity"":30,""unit"":""g"",""kcal"":165}],""totalKcal"":227,""mealType"":""unknown"",""timeOffset"":""PT0M""}",multi-food-data.csv:000044
multi-food-data.csv:000045,ate 100 grams strawberries + 30 g raw english walnut halves snack,[],"{""items"":[{""name"":""strawberries, raw"",""quantity"":100,""unit"":""g"",""kcal"":31},{""name"":""nuts, walnuts, english, halves, raw"",""quantity"":30,""unit"":""g"",""kcal"":204}],""totalKcal"":235,""mealType"":""snack"",""timeOffset"":""PT0M""}",multi-food-data.csv:000045
multi-food-data.csv:000046,raw peanuts 15 grams + strawberries 100 gr snack,[],"{""items"":[{""name"":""peanuts, raw"",""quantity"":15,""unit"":""g"",""kcal"":83},{""name"":""strawberries, raw"",""quantity"":100,""unit"":""g"",""kcal"":31}],""totalKcal"":114,""mealType"":""snack"",""timeOffset"":""PT0M""}",multi-food-data.csv:000046
multi-food-data.csv:000047,50 g raw cucumber with peel + cooked meat-only chicken drumstick g100,[],"{""items"":[{""name"":""cucumber, with peel, raw"",""quantity"":50,""unit"":""g"",""kcal"":7},{""name"":""chicken, broilers or fryers, drumstick, meat only, cooked, braised"",""quantity"":100,""unit"":""g"",""kcal"":156}],""totalKcal"":163,""mealType"":""unknown"",""timeOffset"":""PT0M""}",multi-food-data.csv:000047
multi-food-data.csv:000048,cup2 2% milk + blueberries 200 gr 342kcal 2d ago,[],"{""items"":[{""name"":""milk, reduced fat, fluid, 2% milkfat, with added vitamin a and vitamin d"",""quantity"":2,""unit"":""cup"",""kcal"":227},{""name"":""blueberries, raw"",""quantity"":200,""unit"":""g"",""kcal"":115}],""totalKcal"":342,""mealType"":""unknown"",""timeOffset"":""-P2D""}",multi-food-data.csv:000048
multi-food-data.csv:000049,2piece cooked skinless boneless chicken breast + 150 grams raw cucumber with peel dinner,[],"{""items"":[{""name"":""chicken, broiler or fryers, breast, skinless, boneless, meat only, cooked, braised"",""quantity"":2,""unit"":""piece"",""kcal"":578},{""name"":""cucumber, with peel, raw"",""quantity"":150,""unit"":""g"",""kcal"":21}],""totalKcal"":599,""mealType"":""dinner"",""timeOffset"":""PT0M""}",multi-food-data.csv:000049
multi-food-data.csv:000050,ate g200 raspberries + 20g whole raw almonds bf,[],"{""items"":[{""name"":""raspberries, raw"",""quantity"":200,""unit"":""g"",""kcal"":103},{""name"":""nuts, almonds, whole, raw"",""quantity"":20,""unit"":""g"",""kcal"":117}],""totalKcal"":220,""mealType"":""breakfast"",""timeOffset"":""PT0M""}",multi-food-data.csv:000050
multi-food-data.csv:000051,strawberries 200 gr + raw english walnut halves 30 gr breakfast -8h,[],"{""items"":[{""name"":""strawberries, raw"",""quantity"":200,""unit"":""g"",""kcal"":62},{""name"":""nuts, walnuts, english, halves, raw"",""quantity"":30,""unit"":""g"",""kcal"":204}],""totalKcal"":266,""mealType"":""breakfast"",""timeOffset"":""-PT8H""}",multi-food-data.csv:000051
multi-food-data.csv:000052,2cup whole milk + blueberries g200 breakfast -1h,[],"{""items"":[{""name"":""milk, whole, 3.25% milkfat, with added vitamin d"",""quantity"":2,""unit"":""cup"",""kcal"":275},{""name"":""blueberries, raw"",""quantity"":200,""unit"":""g"",""kcal"":115}],""totalKcal"":390,""mealType"":""breakfast"",""timeOffset"":""-PT1H""}",multi-food-data.csv:000052
multi-food-data.csv:000053,150 grams raspberries + 20 grams whole raw almonds bf,[],"{""items"":[{""name"":""raspberries, raw"",""quantity"":150,""unit"":""g"",""kcal"":77},{""name"":""nuts, almonds, whole, raw"",""quantity"":20,""unit"":""g"",""kcal"":117}],""totalKcal"":194,""mealType"":""breakfast"",""timeOffset"":""PT0M""}",multi-food-data.csv:000053
multi-food-data.csv:000054,150 grams raspberries + whole raw almonds 30 g snack,[],"{""items"":[{""name"":""raspberries, raw"",""quantity"":150,""unit"":""g"",""kcal"":77},{""name"":""nuts, almonds, whole, raw"",""quantity"":30,""unit"":""g"",""kcal"":175}],""totalKcal"":252,""mealType"":""snack"",""timeOffset"":""PT0M""}",multi-food-data.csv:000054
multi-food-data.csv:000055,200 gr cooked meat-only chicken drumstick + 150 grams raw roma tomato,[],"{""items"":[{""name"":""chicken, broilers or fryers, drumstick, meat only, cooked, braised"",""quantity"":200,""unit"":""g"",""kcal"":312},{""name"":""tomato, roma"",""quantity"":150,""unit"":""g"",""kcal"":28}],""totalKcal"":340,""mealType"":""unknown"",""timeOffset"":""PT0M""}",multi-food-data.csv:000055
multi-food-data.csv:000056,ate cooked meat-only chicken drumstick 100 gr + 150 grams raw roma tomato 184 cal dinner -20h,[],"{""items"":[{""name"":""chicken, broilers or fryers, drumstick, meat only, cooked, braised"",""quantity"":100,""unit"":""g"",""kcal"":156},{""name"":""tomato, roma"",""quantity"":150,""unit"":""g"",""kcal"":28}],""totalKcal"":184,""mealType"":""dinner"",""timeOffset"":""-PT20H""}",multi-food-data.csv:000056
multi-food-data.csv:000057,1cup whole milk + g100 blueberries snack,[],"{""items"":[{""name"":""milk, whole, 3.25% milkfat, with added vitamin d"",""quantity"":1,""unit"":""cup"",""kcal"":137},{""name"":""blueberries, raw"",""quantity"":100,""unit"":""g"",""kcal"":57}],""totalKcal"":194,""mealType"":""snack"",""timeOffset"":""PT0M""}",multi-food-data.csv:000057
multi-food-data.csv:000058,100 gr red delicious apple + whole raw almonds g30,[],"{""items"":[{""name"":""apples, red delicious, with skin, raw"",""quantity"":100,""unit"":""g"",""kcal"":62},{""name"":""nuts, almonds, whole, raw"",""quantity"":30,""unit"":""g"",""kcal"":175}],""totalKcal"":237,""mealType"":""unknown"",""timeOffset"":""PT0M""}",multi-food-data.csv:000058
multi-food-data.csv:000059,1cup whole milk + 200 gr strawberries kcal199 snack,[],"{""items"":[{""name"":""milk, whole, 3.25% milkfat, with added vitamin d"",""quantity"":1,""unit"":""cup"",""kcal"":137},{""name"":""strawberries, raw"",""quantity"":200,""unit"":""g"",""kcal"":62}],""totalKcal"":199,""mealType"":""snack"",""timeOffset"":""PT0M""}",multi-food-data.csv:000059
multi-food-data.csv:000060,ate 200g red delicious apple + whole raw almonds 15g late night,[],"{""items"":[{""name"":""apples, red delicious, with skin, raw"",""quantity"":200,""unit"":""g"",""kcal"":124},{""name"":""nuts, almonds, whole, raw"",""quantity"":15,""unit"":""g"",""kcal"":88}],""totalKcal"":212,""mealType"":""late_night"",""timeOffset"":""PT0M""}",multi-food-data.csv:000060
multi-food-data.csv:000061,raw english walnut halves 20 g + strawberries 150 gr -19h,[],"{""items"":[{""name"":""nuts, walnuts, english, halves, raw"",""quantity"":20,""unit"":""g"",""kcal"":136},{""name"":""strawberries, raw"",""quantity"":150,""unit"":""g"",""kcal"":47}],""totalKcal"":183,""mealType"":""unknown"",""timeOffset"":""-PT19H""}",multi-food-data.csv:000061
multi-food-data.csv:000062,strawberries 100 g + whole raw almonds 20 grams ln 5h ago,[],"{""items"":[{""name"":""strawberries, raw"",""quantity"":100,""unit"":""g"",""kcal"":31},{""name"":""nuts, almonds, whole, raw"",""quantity"":20,""unit"":""g"",""kcal"":117}],""totalKcal"":148,""mealType"":""late_night"",""timeOffset"":""-PT5H""}",multi-food-data.csv:000062
multi-food-data.csv:000063,200g strawberries + g15 whole raw almonds late night 11d ago,[],"{""items"":[{""name"":""strawberries, raw"",""quantity"":200,""unit"":""g"",""kcal"":62},{""name"":""nuts, almonds, whole, raw"",""quantity"":15,""unit"":""g"",""kcal"":88}],""totalKcal"":150,""mealType"":""late_night"",""timeOffset"":""-P11D""}",multi-food-data.csv:000063
multi-food-data.csv:000064,strawberries g100 + g30 raw peanuts late night 3h ago,[],"{""items"":[{""name"":""strawberries, raw"",""quantity"":100,""unit"":""g"",""kcal"":31},{""name"":""peanuts, raw"",""quantity"":30,""unit"":""g"",""kcal"":165}],""totalKcal"":196,""mealType"":""late_night"",""timeOffset"":""-PT3H""}",multi-food-data.csv:000064
multi-food-data.csv:000065,blueberries 100g + raw peanuts g20 late night -11d,[],"{""items"":[{""name"":""blueberries, raw"",""quantity"":100,""unit"":""g"",""kcal"":57},{""name"":""peanuts, raw"",""quantity"":20,""unit"":""g"",""kcal"":110}],""totalKcal"":167,""mealType"":""late_night"",""timeOffset"":""-P11D""}",multi-food-data.csv:000065
multi-food-data.csv:000066,g100 blueberries + 15 gr raw english walnut halves kcal159 12h ago,[],"{""items"":[{""name"":""blueberries, raw"",""quantity"":100,""unit"":""g"",""kcal"":57},{""name"":""nuts, walnuts, english, halves, raw"",""quantity"":15,""unit"":""g"",""kcal"":102}],""totalKcal"":159,""mealType"":""unknown"",""timeOffset"":""-PT12H""}",multi-food-data.csv:000066
multi-food-data.csv:000067,raw cucumber with peel g100 + cooked skinless boneless chicken breast 1piece lunch,[],"{""items"":[{""name"":""cucumber, with peel, raw"",""quantity"":100,""unit"":""g"",""kcal"":14},{""name"":""chicken, broiler or fryers, breast, skinless, boneless, meat only, cooked, braised"",""quantity"":1,""unit"":""piece"",""kcal"":289}],""totalKcal"":303,""mealType"":""lunch"",""timeOffset"":""PT0M""}",multi-food-data.csv:000067
multi-food-data.csv:000068,ate raspberries 100 g + raw english walnut halves 15 grams kcal153 ln -7h,[],"{""items"":[{""name"":""raspberries, raw"",""quantity"":100,""unit"":""g"",""kcal"":51},{""name"":""nuts, walnuts, english, halves, raw"",""quantity"":15,""unit"":""g"",""kcal"":102}],""totalKcal"":153,""mealType"":""late_night"",""timeOffset"":""-PT7H""}",multi-food-data.csv:000068
multi-food-data.csv:000069,20 g raw peanuts + 150 g blueberries snack,[],"{""items"":[{""name"":""peanuts, raw"",""quantity"":20,""unit"":""g"",""kcal"":110},{""name"":""blueberries, raw"",""quantity"":150,""unit"":""g"",""kcal"":86}],""totalKcal"":196,""mealType"":""snack"",""timeOffset"":""PT0M""}",multi-food-data.csv:000069
multi-food-data.csv:000070,whole raw almonds 30 g + g200 blueberries -22h,[],"{""items"":[{""name"":""nuts, almonds, whole, raw"",""quantity"":30,""unit"":""g"",""kcal"":175},{""name"":""blueberries, raw"",""quantity"":200,""unit"":""g"",""kcal"":115}],""totalKcal"":290,""mealType"":""unknown"",""timeOffset"":""-PT22H""}",multi-food-data.csv:000070
multi-food-data.csv:000071,red delicious apple 100 grams + 20 gr whole raw almonds 179 cal late night 3h ago,[],"{""items"":[{""name"":""apples, red delicious, with skin, raw"",""quantity"":100,""unit"":""g"",""kcal"":62},{""name"":""nuts, almonds, whole, raw"",""quantity"":20,""unit"":""g"",""kcal"":117}],""totalKcal"":179,""mealType"":""late_night"",""timeOffset"":""-PT3H""}",multi-food-data.csv:000071
multi-food-data.csv:000072,2 cups 2% milk + red delicious apple 100 gr bf,[],"{""items"":[{""name"":""milk, reduced fat, fluid, 2% milkfat, with added vitamin a and vitamin d"",""quantity"":2,""unit"":""cup"",""kcal"":227},{""name"":""apples, red delicious, with skin, raw"",""quantity"":100,""unit"":""g"",""kcal"":62}],""totalKcal"":289,""mealType"":""breakfast"",""timeOffset"":""PT0M""}",multi-food-data.csv:000072
multi-food-data.csv:000073,1 cup whole milk + red delicious apple 150 g -28d,[],"{""items"":[{""name"":""milk, whole, 3.25% milkfat, with added vitamin d"",""quantity"":1,""unit"":""cup"",""kcal"":137},{""name"":""apples, red delicious, with skin, raw"",""quantity"":150,""unit"":""g"",""kcal"":93}],""totalKcal"":230,""mealType"":""unknown"",""timeOffset"":""-P28D""}",multi-food-data.csv:000073
multi-food-data.csv:000074,whole milk cup2 + g200 raspberries bf,[],"{""items"":[{""name"":""milk, whole, 3.25% milkfat, with added vitamin d"",""quantity"":2,""unit"":""cup"",""kcal"":275},{""name"":""raspberries, raw"",""quantity"":200,""unit"":""g"",""kcal"":103}],""totalKcal"":378,""mealType"":""breakfast"",""timeOffset"":""PT0M""}",multi-food-data.csv:000074
multi-food-data.csv:000075,g150 blueberries + g15 whole raw almonds,[],"{""items"":[{""name"":""blueberries, raw"",""quantity"":150,""unit"":""g"",""kcal"":86},{""name"":""nuts, almonds, whole, raw"",""quantity"":15,""unit"":""g"",""kcal"":88}],""totalKcal"":174,""mealType"":""unknown"",""timeOffset"":""PT0M""}",multi-food-data.csv:000075
multi-food-data.csv:000076,30 gr whole raw almonds + 100 g strawberries,[],"{""items"":[{""name"":""nuts, almonds, whole, raw"",""quantity"":30,""unit"":""g"",""kcal"":175},{""name"":""strawberries, raw"",""quantity"":100,""unit"":""g"",""kcal"":31}],""totalKcal"":206,""mealType"":""unknown"",""timeOffset"":""PT0M""}",multi-food-data.csv:000076
multi-food-data.csv:000077,ate raw cucumber with peel 50 g + 1piece cooked skinless boneless chicken breast lunch -15h,[],"{""items"":[{""name"":""cucumber, with peel, raw"",""quantity"":50,""unit"":""g"",""kcal"":7},{""name"":""chicken, broiler or fryers, breast, skinless, boneless, meat only, cooked, braised"",""quantity"":1,""unit"":""piece"",""kcal"":289}],""totalKcal"":296,""mealType"":""lunch"",""timeOffset"":""-PT15H""}",multi-food-data.csv:000077
multi-food-data.csv:000078,ate cooked meat-only chicken drumstick 200 grams + raw cucumber with peel g50 -15h,[],"{""items"":[{""name"":""chicken, broilers or fryers, drumstick, meat only, cooked, braised"",""quantity"":200,""unit"":""g"",""kcal"":312},{""name"":""cucumber, with peel, raw"",""quantity"":50,""unit"":""g"",""kcal"":7}],""totalKcal"":319,""mealType"":""unknown"",""timeOffset"":""-PT15H""}",multi-food-data.csv:000078
multi-food-data.csv:000079,ate g200 red delicious apple + raw peanuts 15 g breakfast,[],"{""items"":[{""name"":""apples, red delicious, with skin, raw"",""quantity"":200,""unit"":""g"",""kcal"":124},{""name"":""peanuts, raw"",""quantity"":15,""unit"":""g"",""kcal"":83}],""totalKcal"":207,""mealType"":""breakfast"",""timeOffset"":""PT0M""}",multi-food-data.csv:000079
multi-food-data.csv:000080,ate cooked meat-only chicken drumstick 150 gr + 100 grams raw roma tomato dinner,[],"{""items"":[{""name"":""chicken, broilers or fryers, drumstick, meat only, cooked, braised"",""quantity"":150,""unit"":""g"",""kcal"":234},{""name"":""tomato, roma"",""quantity"":100,""unit"":""g"",""kcal"":19}],""totalKcal"":253,""mealType"":""dinner"",""timeOffset"":""PT0M""}",multi-food-data.csv:000080
multi-food-data.csv:000081,cooked skinless boneless chicken breast 1piece + 150 gr raw roma tomato 317 cal,[],"{""items"":[{""name"":""chicken, broiler or fryers, breast, skinless, boneless, meat only, cooked, braised"",""quantity"":1,""unit"":""piece"",""kcal"":289},{""name"":""tomato, roma"",""quantity"":150,""unit"":""g"",""kcal"":28}],""totalKcal"":317,""mealType"":""unknown"",""timeOffset"":""PT0M""}",multi-food-data.csv:000081
multi-food-data.csv:000082,200 grams cooked meat-only chicken drumstick + raw romaine lettuce 50 g kcal321 12h ago,[],"{""items"":[{""name"":""chicken, broilers or fryers, drumstick, meat only, cooked, braised"",""quantity"":200,""unit"":""g"",""kcal"":312},{""name"":""lettuce, romaine, green, raw"",""quantity"":50,""unit"":""g"",""kcal"":9}],""totalKcal"":321,""mealType"":""unknown"",""timeOffset"":""-PT12H""}",multi-food-data.csv:000082
multi-food-data.csv:000083,red delicious apple 150g + 30 g raw english walnut halves 297 cal breakfast,[],"{""items"":[{""name"":""apples, red delicious, with skin, raw"",""quantity"":150,""unit"":""g"",""kcal"":93},{""name"":""nuts, walnuts, english, halves, raw"",""quantity"":30,""unit"":""g"",""kcal"":204}],""totalKcal"":297,""mealType"":""breakfast"",""timeOffset"":""PT0M""}",multi-food-data.csv:000083
multi-food-data.csv:000084,ate 100 g cooked meat-only chicken drumstick + g100 raw cucumber with peel dinner,[],"{""items"":[{""name"":""chicken, broilers or fryers, drumstick, meat only, cooked, braised"",""quantity"":100,""unit"":""g"",""kcal"":156},{""name"":""cucumber, with peel, raw"",""quantity"":100,""unit"":""g"",""kcal"":14}],""totalKcal"":170,""mealType"":""dinner"",""timeOffset"":""PT0M""}",multi-food-data.csv:000084
multi-food-data.csv:000085,150 grams raspberries + 30 g raw peanuts -7h,[],"{""items"":[{""name"":""raspberries, raw"",""quantity"":150,""unit"":""g"",""kcal"":77},{""name"":""peanuts, raw"",""quantity"":30,""unit"":""g"",""kcal"":165}],""totalKcal"":242,""mealType"":""unknown"",""timeOffset"":""-PT7H""}",multi-food-data.csv:000085
multi-food-data.csv:000086,red delicious apple g150 + 30 grams whole raw almonds snack -8d,[],"{""items"":[{""name"":""apples, red delicious, with skin, raw"",""quantity"":150,""unit"":""g"",""kcal"":93},{""name"":""nuts, almonds, whole, raw"",""quantity"":30,""unit"":""g"",""kcal"":175}],""totalKcal"":268,""mealType"":""snack"",""timeOffset"":""-P8D""}",multi-food-data.csv:000086
multi-food-data.csv:000087,sweet and sour pork piece6 + chinese fried rice without meat 1cup,[],"{""items"":[{""name"":""restaurant, chinese, sweet and sour pork"",""quantity"":6,""unit"":""piece"",""kcal"":217},{""name"":""restaurant, chinese, fried rice, without meat"",""quantity"":1,""unit"":""cup"",""kcal"":231}],""totalKcal"":448,""mealType"":""unknown"",""timeOffset"":""PT0M""}",multi-food-data.csv:000087
multi-food-data.csv:000088,200 grams raspberries + raw peanuts 15 grams 24d ago,[],"{""items"":[{""name"":""raspberries, raw"",""quantity"":200,""unit"":""g"",""kcal"":103},{""name"":""peanuts, raw"",""quantity"":15,""unit"":""g"",""kcal"":83}],""totalKcal"":186,""mealType"":""unknown"",""timeOffset"":""-P24D""}",multi-food-data.csv:000088
multi-food-data.csv:000089,red delicious apple 200 gr + raw english walnut halves 30 grams,[],"{""items"":[{""name"":""apples, red delicious, with skin, raw"",""quantity"":200,""unit"":""g"",""kcal"":124},{""name"":""nuts, walnuts, english, halves, raw"",""quantity"":30,""unit"":""g"",""kcal"":204}],""totalKcal"":328,""mealType"":""unknown"",""timeOffset"":""PT0M""}",multi-food-data.csv:000089
multi-food-data.csv:000090,raw cucumber with peel g100 + 150 gr cooked meat-only chicken drumstick -10h,[],"{""items"":[{""name"":""cucumber, with peel, raw"",""quantity"":100,""unit"":""g"",""kcal"":14},{""name"":""chicken, broilers or fryers, drumstick, meat only, cooked, braised"",""quantity"":150,""unit"":""g"",""kcal"":234}],""totalKcal"":248,""mealType"":""unknown"",""timeOffset"":""-PT10H""}",multi-food-data.csv:000090
multi-food-data.csv:000091,g200 blueberries + raw peanuts 15 gr snack,[],"{""items"":[{""name"":""blueberries, raw"",""quantity"":200,""unit"":""g"",""kcal"":115},{""name"":""peanuts, raw"",""quantity"":15,""unit"":""g"",""kcal"":83}],""totalKcal"":198,""mealType"":""snack"",""timeOffset"":""PT0M""}",multi-food-data.csv:000091
multi-food-data.csv:000092,150g red delicious apple + raw english walnut halves 20 g -5h,[],"{""items"":[{""name"":""apples, red delicious, with skin, raw"",""quantity"":150,""unit"":""g"",""kcal"":93},{""name"":""nuts, walnuts, english, halves, raw"",""quantity"":20,""unit"":""g"",""kcal"":136}],""totalKcal"":229,""mealType"":""unknown"",""timeOffset"":""-PT5H""}",multi-food-data.csv:000092
multi-food-data.csv:000093,2% milk 2cup + 150g raspberries 304 cal,[],"{""items"":[{""name"":""milk, reduced fat, fluid, 2% milkfat, with added vitamin a and vitamin d"",""quantity"":2,""unit"":""cup"",""kcal"":227},{""name"":""raspberries, raw"",""quantity"":150,""unit"":""g"",""kcal"":77}],""totalKcal"":304,""mealType"":""unknown"",""timeOffset"":""PT0M""}",multi-food-data.csv:000093
multi-food-data.csv:000094,raw english walnut halves 20 g + g100 blueberries 193kcal,[],"{""items"":[{""name"":""nuts, walnuts, english, halves, raw"",""quantity"":20,""unit"":""g"",""kcal"":136},{""name"":""blueberries, raw"",""quantity"":100,""unit"":""g"",""kcal"":57}],""totalKcal"":193,""mealType"":""unknown"",""timeOffset"":""PT0M""}",multi-food-data.csv:000094
multi-food-data.csv:000095,cooked meat-only chicken drumstick 200 grams + g150 raw romaine lettuce dinner,[],"{""items"":[{""name"":""chicken, broilers or fryers, drumstick, meat only, cooked, braised"",""quantity"":200,""unit"":""g"",""kcal"":312},{""name"":""lettuce, romaine, green, raw"",""quantity"":150,""unit"":""g"",""kcal"":26}],""totalKcal"":338,""mealType"":""dinner"",""timeOffset"":""PT0M""}",multi-food-data.csv:000095
multi-food-data.csv:000096,ate cooked skinless boneless chicken breast 2 pieces + raw cucumber with peel 100 gr dinner,[],"{""items"":[{""name"":""chicken, broiler or fryers, breast, skinless, boneless, meat only, cooked, braised"",""quantity"":2,""unit"":""piece"",""kcal"":578},{""name"":""cucumber, with peel, raw"",""quantity"":100,""unit"":""g"",""kcal"":14}],""totalKcal"":592,""mealType"":""dinner"",""timeOffset"":""PT0M""}",multi-food-data.csv:000096
multi-food-data.csv:000097,g100 raspberries + raw english walnut halves 30 g 255kcal,[],"{""items"":[{""name"":""raspberries, raw"",""quantity"":100,""unit"":""g"",""kcal"":51},{""name"":""nuts, walnuts, english, halves, raw"",""quantity"":30,""unit"":""g"",""kcal"":204}],""totalKcal"":255,""mealType"":""unknown"",""timeOffset"":""PT0M""}",multi-food-data.csv:000097
multi-food-data.csv:000098,ate red delicious apple 100g + raw english walnut halves 30 grams snack 14d ago,[],"{""items"":[{""name"":""apples, red delicious, with skin, raw"",""quantity"":100,""unit"":""g"",""kcal"":62},{""name"":""nuts, walnuts, english, halves, raw"",""quantity"":30,""unit"":""g"",""kcal"":204}],""totalKcal"":266,""mealType"":""snack"",""timeOffset"":""-P14D""}",multi-food-data.csv:000098
multi-food-data.csv:000099,ate raw roma tomato 100 grams + 2 pieces cooked skinless boneless chicken breast,[],"{""items"":[{""name"":""tomato, roma"",""quantity"":100,""unit"":""g"",""kcal"":19},{""name"":""chicken, broiler or fryers, breast, skinless, boneless, meat only, cooked, braised"",""quantity"":2,""unit"":""piece"",""kcal"":578}],""totalKcal"":597,""mealType"":""unknown"",""timeOffset"":""PT0M""}",multi-food-data.csv:000099
multi-food-data.csv:000100,ate g150 blueberries + 30 g raw peanuts breakfast,[],"{""items"":[{""name"":""blueberries, raw"",""quantity"":150,""unit"":""g"",""kcal"":86},{""name"":""peanuts, raw"",""quantity"":30,""unit"":""g"",""kcal"":165}],""totalKcal"":251,""mealType"":""breakfast"",""timeOffset"":""PT0M""}",multi-food-data.csv:000100
multi-food-data.csv:000101,150 gr raspberries + g20 raw english walnut halves kcal213 22h ago,[],"{""items"":[{""name"":""raspberries, raw"",""quantity"":150,""unit"":""g"",""kcal"":77},{""name"":""nuts, walnuts, english, halves, raw"",""quantity"":20,""unit"":""g"",""kcal"":136}],""totalKcal"":213,""mealType"":""unknown"",""timeOffset"":""-PT22H""}",multi-food-data.csv:000101
multi-food-data.csv:000102,blueberries 100 grams + whole raw almonds 30 g snack 24d ago,[],"{""items"":[{""name"":""blueberries, raw"",""quantity"":100,""unit"":""g"",""kcal"":57},{""name"":""nuts, almonds, whole, raw"",""quantity"":30,""unit"":""g"",""kcal"":175}],""totalKcal"":232,""mealType"":""snack"",""timeOffset"":""-P24D""}",multi-food-data.csv:000102
multi-food-data.csv:000103,cup1 2% milk + strawberries 100 grams,[],"{""items"":[{""name"":""milk, reduced fat, fluid, 2% milkfat, with added vitamin a and vitamin d"",""quantity"":1,""unit"":""cup"",""kcal"":114},{""name"":""strawberries, raw"",""quantity"":100,""unit"":""g"",""kcal"":31}],""totalKcal"":145,""mealType"":""unknown"",""timeOffset"":""PT0M""}",multi-food-data.csv:000103
multi-food-data.csv:000104,whole milk 2cup + raspberries g150 14h ago,[],"{""items"":[{""name"":""milk, whole, 3.25% milkfat, with added vitamin d"",""quantity"":2,""unit"":""cup"",""kcal"":275},{""name"":""raspberries, raw"",""quantity"":150,""unit"":""g"",""kcal"":77}],""totalKcal"":352,""mealType"":""unknown"",""timeOffset"":""-PT14H""}",multi-food-data.csv:000104
multi-food-data.csv:000105,ate 100 grams red delicious apple + whole raw almonds 15 grams kcal150 -25d,[],"{""items"":[{""name"":""apples, red delicious, with skin, raw"",""quantity"":100,""unit"":""g"",""kcal"":62},{""name"":""nuts, almonds, whole, raw"",""quantity"":15,""unit"":""g"",""kcal"":88}],""totalKcal"":150,""mealType"":""unknown"",""timeOffset"":""-P25D""}",multi-food-data.csv:000105
multi-food-data.csv:000106,raw english walnut halves g20 + 150 grams blueberries late night -24d,[],"{""items"":[{""name"":""nuts, walnuts, english, halves, raw"",""quantity"":20,""unit"":""g"",""kcal"":136},{""name"":""blueberries, raw"",""quantity"":150,""unit"":""g"",""kcal"":86}],""totalKcal"":222,""mealType"":""late_night"",""timeOffset"":""-P24D""}",multi-food-data.csv:000106
multi-food-data.csv:000107,150 gr strawberries + 30g raw peanuts ln -21h,[],"{""items"":[{""name"":""strawberries, raw"",""quantity"":150,""unit"":""g"",""kcal"":47},{""name"":""peanuts, raw"",""quantity"":30,""unit"":""g"",""kcal"":165}],""totalKcal"":212,""mealType"":""late_night"",""timeOffset"":""-PT21H""}",multi-food-data.csv:000107
multi-food-data.csv:000108,ate g100 raw romaine lettuce + 1piece cooked skinless boneless chicken breast 306kcal dinner 12d ago,[],"{""items"":[{""name"":""lettuce, romaine, green, raw"",""quantity"":100,""unit"":""g"",""kcal"":17},{""name"":""chicken, broiler or fryers, breast, skinless, boneless, meat only, cooked, braised"",""quantity"":1,""unit"":""piece"",""kcal"":289}],""totalKcal"":306,""mealType"":""dinner"",""timeOffset"":""-P12D""}",multi-food-data.csv:000108
multi-food-data.csv:000109,1 cup 2% milk + blueberries 150 gr breakfast,[],"{""items"":[{""name"":""milk, reduced fat, fluid, 2% milkfat, with added vitamin a and vitamin d"",""quantity"":1,""unit"":""cup"",""kcal"":114},{""name"":""blueberries, raw"",""quantity"":150,""unit"":""g"",""kcal"":86}],""totalKcal"":200,""mealType"":""breakfast"",""timeOffset"":""PT0M""}",multi-food-data.csv:000109
multi-food-data.csv:000110,strawberries g150 + whole raw almonds g30 222kcal bf,[],"{""items"":[{""name"":""strawberries, raw"",""quantity"":150,""unit"":""g"",""kcal"":47},{""name"":""nuts, almonds, whole, raw"",""quantity"":30,""unit"":""g"",""kcal"":175}],""totalKcal"":222,""mealType"":""breakfast"",""timeOffset"":""PT0M""}",multi-food-data.csv:000110
multi-food-data.csv:000111,100 grams strawberries + raw english walnut halves g15 breakfast,[],"{""items"":[{""name"":""strawberries, raw"",""quantity"":100,""unit"":""g"",""kcal"":31},{""name"":""nuts, walnuts, english, halves, raw"",""quantity"":15,""unit"":""g"",""kcal"":102}],""totalKcal"":133,""mealType"":""breakfast"",""timeOffset"":""PT0M""}",multi-food-data.csv:000111
multi-food-data.csv:000112,ate raw english walnut halves 30 gr + 150 grams strawberries -4h,[],"{""items"":[{""name"":""nuts, walnuts, english, halves, raw"",""quantity"":30,""unit"":""g"",""kcal"":204},{""name"":""strawberries, raw"",""quantity"":150,""unit"":""g"",""kcal"":47}],""totalKcal"":251,""mealType"":""unknown"",""timeOffset"":""-PT4H""}",multi-food-data.csv:000112
multi-food-data.csv:000113,200 g blueberries + 20g raw english walnut halves late night 15d ago,[],"{""items"":[{""name"":""blueberries, raw"",""quantity"":200,""unit"":""g"",""kcal"":115},{""name"":""nuts, walnuts, english, halves, raw"",""quantity"":20,""unit"":""g"",""kcal"":136}],""totalKcal"":251,""mealType"":""late_night"",""timeOffset"":""-P15D""}",multi-food-data.csv:000113
multi-food-data.csv:000114,ate blueberries 150 grams + 15 gr raw english walnut halves,[],"{""items"":[{""name"":""blueberries, raw"",""quantity"":150,""unit"":""g"",""kcal"":86},{""name"":""nuts, walnuts, english, halves, raw"",""quantity"":15,""unit"":""g"",""kcal"":102}],""totalKcal"":188,""mealType"":""unknown"",""timeOffset"":""PT0M""}",multi-food-data.csv:000114
multi-food-data.csv:000115,100 grams strawberries + 2cup 2% milk breakfast 4h ago,[],"{""items"":[{""name"":""strawberries, raw"",""quantity"":100,""unit"":""g"",""kcal"":31},{""name"":""milk, reduced fat, fluid, 2% milkfat, with added vitamin a and vitamin d"",""quantity"":2,""unit"":""cup"",""kcal"":227}],""totalKcal"":258,""mealType"":""breakfast"",""timeOffset"":""-PT4H""}",multi-food-data.csv:000115
multi-food-data.csv:000116,ate 200 grams red delicious apple + 20 grams whole raw almonds -3h,[],"{""items"":[{""name"":""apples, red delicious, with skin, raw"",""quantity"":200,""unit"":""g"",""kcal"":124},{""name"":""nuts, almonds, whole, raw"",""quantity"":20,""unit"":""g"",""kcal"":117}],""totalKcal"":241,""mealType"":""unknown"",""timeOffset"":""-PT3H""}",multi-food-data.csv:000116
multi-food-data.csv:000117,blueberries 100 grams + 30 g raw peanuts -3h,[],"{""items"":[{""name"":""blueberries, raw"",""quantity"":100,""unit"":""g"",""kcal"":57},{""name"":""peanuts, raw"",""quantity"":30,""unit"":""g"",""kcal"":165}],""totalKcal"":222,""mealType"":""unknown"",""timeOffset"":""-PT3H""}",multi-food-data.csv:000117
multi-food-data.csv:000118,ate 200 grams raspberries + whole raw almonds 15g 8h ago,[],"{""items"":[{""name"":""raspberries, raw"",""quantity"":200,""unit"":""g"",""kcal"":103},{""name"":""nuts, almonds, whole, raw"",""quantity"":15,""unit"":""g"",""kcal"":88}],""totalKcal"":191,""mealType"":""unknown"",""timeOffset"":""-PT8H""}",multi-food-data.csv:000118
multi-food-data.csv:000119,100 g blueberries + g15 whole raw almonds snack -5h,[],"{""items"":[{""name"":""blueberries, raw"",""quantity"":100,""unit"":""g"",""kcal"":57},{""name"":""nuts, almonds, whole, raw"",""quantity"":15,""unit"":""g"",""kcal"":88}],""totalKcal"":145,""mealType"":""snack"",""timeOffset"":""-PT5H""}",multi-food-data.csv:000119
multi-food-data.csv:000120,200 grams strawberries + 20g raw peanuts 172kcal,[],"{""items"":[{""name"":""strawberries, raw"",""quantity"":200,""unit"":""g"",""kcal"":62},{""name"":""peanuts, raw"",""quantity"":20,""unit"":""g"",""kcal"":110}],""totalKcal"":172,""mealType"":""unknown"",""timeOffset"":""PT0M""}",multi-food-data.csv:000120
multi-food-data.csv:000121,ate 15g raw english walnut halves + 150 gr red delicious apple late night,[],"{""items"":[{""name"":""nuts, walnuts, english, halves, raw"",""quantity"":15,""unit"":""g"",""kcal"":102},{""name"":""apples, red delicious, with skin, raw"",""quantity"":150,""unit"":""g"",""kcal"":93}],""totalKcal"":195,""mealType"":""late_night"",""timeOffset"":""PT0M""}",multi-food-data.csv:000121
multi-food-data.csv:000122,blueberries 200g + raw english walnut halves 30 g ln,[],"{""items"":[{""name"":""blueberries, raw"",""quantity"":200,""unit"":""g"",""kcal"":115},{""name"":""nuts, walnuts, english, halves, raw"",""quantity"":30,""unit"":""g"",""kcal"":204}],""totalKcal"":319,""mealType"":""late_night"",""timeOffset"":""PT0M""}",multi-food-data.csv:000122
multi-food-data.csv:000123,2% milk cup1 + raspberries 150 grams breakfast,[],"{""items"":[{""name"":""milk, reduced fat, fluid, 2% milkfat, with added vitamin a and vitamin d"",""quantity"":1,""unit"":""cup"",""kcal"":114},{""name"":""raspberries, raw"",""quantity"":150,""unit"":""g"",""kcal"":77}],""totalKcal"":191,""mealType"":""breakfast"",""timeOffset"":""PT0M""}",multi-food-data.csv:000123
multi-food-data.csv:000124,2% milk 2 cups + blueberries g100 snack -16h,[],"{""items"":[{""name"":""milk, reduced fat, fluid, 2% milkfat, with added vitamin a and vitamin d"",""quantity"":2,""unit"":""cup"",""kcal"":227},{""name"":""blueberries, raw"",""quantity"":100,""unit"":""g"",""kcal"":57}],""totalKcal"":284,""mealType"":""snack"",""timeOffset"":""-PT16H""}",multi-food-data.csv:000124
multi-food-data.csv:000125,ate 2% milk 1 cup + g200 strawberries,[],"{""items"":[{""name"":""milk, reduced fat, fluid, 2% milkfat, with added vitamin a and vitamin d"",""quantity"":1,""unit"":""cup"",""kcal"":114},{""name"":""strawberries, raw"",""quantity"":200,""unit"":""g"",""kcal"":62}],""totalKcal"":176,""mealType"":""unknown"",""timeOffset"":""PT0M""}",multi-food-data.csv:000125
multi-food-data.csv:000126,whole milk 2 cups + 200g red delicious apple kcal399,[],"{""items"":[{""name"":""milk, whole, 3.25% milkfat, with added vitamin d"",""quantity"":2,""unit"":""cup"",""kcal"":275},{""name"":""apples, red delicious, with skin, raw"",""quantity"":200,""unit"":""g"",""kcal"":124}],""totalKcal"":399,""mealType"":""unknown"",""timeOffset"":""PT0M""}",multi-food-data.csv:000126
multi-food-data.csv:000127,150 g cooked meat-only chicken drumstick + raw romaine lettuce g50 dinner -15d,[],"{""items"":[{""name"":""chicken, broilers or fryers, drumstick, meat only, cooked, braised"",""quantity"":150,""unit"":""g"",""kcal"":234},{""name"":""lettuce, romaine, green, raw"",""quantity"":50,""unit"":""g"",""kcal"":9}],""totalKcal"":243,""mealType"":""dinner"",""timeOffset"":""-P15D""}",multi-food-data.csv:000127
multi-food-data.csv:000128,raspberries 150 g + g20 raw peanuts,[],"{""items"":[{""name"":""raspberries, raw"",""quantity"":150,""unit"":""g"",""kcal"":77},{""name"":""peanuts, raw"",""quantity"":20,""unit"":""g"",""kcal"":110}],""totalKcal"":187,""mealType"":""unknown"",""timeOffset"":""PT0M""}",multi-food-data.csv:000128
multi-food-data.csv:000129,100 grams raspberries + whole raw almonds g30 29d ago,[],"{""items"":[{""name"":""raspberries, raw"",""quantity"":100,""unit"":""g"",""kcal"":51},{""name"":""nuts, almonds, whole, raw"",""quantity"":30,""unit"":""g"",""kcal"":175}],""totalKcal"":226,""mealType"":""unknown"",""timeOffset"":""-P29D""}",multi-food-data.csv:000129
multi-food-data.csv:000130,200 grams raspberries + 30 grams raw peanuts 268 cal,[],"{""items"":[{""name"":""raspberries, raw"",""quantity"":200,""unit"":""g"",""kcal"":103},{""name"":""peanuts, raw"",""quantity"":30,""unit"":""g"",""kcal"":165}],""totalKcal"":268,""mealType"":""unknown"",""timeOffset"":""PT0M""}",multi-food-data.csv:000130
multi-food-data.csv:000131,ate 200 g blueberries + raw peanuts 20 gr 225kcal,[],"{""items"":[{""name"":""blueberries, raw"",""quantity"":200,""unit"":""g"",""kcal"":115},{""name"":""peanuts, raw"",""quantity"":20,""unit"":""g"",""kcal"":110}],""totalKcal"":225,""mealType"":""unknown"",""timeOffset"":""PT0M""}",multi-food-data.csv:000131
multi-food-data.csv:000132,raspberries 150 gr + raw english walnut halves 30 g ln 20h ago,[],"{""items"":[{""name"":""raspberries, raw"",""quantity"":150,""unit"":""g"",""kcal"":77},{""name"":""nuts, walnuts, english, halves, raw"",""quantity"":30,""unit"":""g"",""kcal"":204}],""totalKcal"":281,""mealType"":""late_night"",""timeOffset"":""-PT20H""}",multi-food-data.csv:000132
multi-food-data.csv:000133,ate cooked meat-only chicken drumstick 100g + raw cucumber with peel 150g lunch -25d,[],"{""items"":[{""name"":""chicken, broilers or fryers, drumstick, meat only, cooked, braised"",""quantity"":100,""unit"":""g"",""kcal"":156},{""name"":""cucumber, with peel, raw"",""quantity"":150,""unit"":""g"",""kcal"":21}],""totalKcal"":177,""mealType"":""lunch"",""timeOffset"":""-P25D""}",multi-food-data.csv:000133
multi-food-data.csv:000134,ate red delicious apple 100 grams + whole milk 2cup snack,[],"{""items"":[{""name"":""apples, red delicious, with skin, raw"",""quantity"":100,""unit"":""g"",""kcal"":62},{""name"":""milk, whole, 3.25% milkfat, with added vitamin d"",""quantity"":2,""unit"":""cup"",""kcal"":275}],""totalKcal"":337,""mealType"":""snack"",""timeOffset"":""PT0M""}",multi-food-data.csv:000134
multi-food-data.csv:000135,ate 2 pieces cooked skinless boneless chicken breast + raw roma tomato 50g -7h,[],"{""items"":[{""name"":""chicken, broiler or fryers, breast, skinless, boneless, meat only, cooked, braised"",""quantity"":2,""unit"":""piece"",""kcal"":578},{""name"":""tomato, roma"",""quantity"":50,""unit"":""g"",""kcal"":9}],""totalKcal"":587,""mealType"":""unknown"",""timeOffset"":""-PT7H""}",multi-food-data.csv:000135
multi-food-data.csv:000136,200 grams raspberries + g30 whole raw almonds,[],"{""items"":[{""name"":""raspberries, raw"",""quantity"":200,""unit"":""g"",""kcal"":103},{""name"":""nuts, almonds, whole, raw"",""quantity"":30,""unit"":""g"",""kcal"":175}],""totalKcal"":278,""mealType"":""unknown"",""timeOffset"":""PT0M""}",multi-food-data.csv:000136
multi-food-data.csv:000137,ate red delicious apple 150g + 15 grams raw peanuts breakfast,[],"{""items"":[{""name"":""apples, red delicious, with skin, raw"",""quantity"":150,""unit"":""g"",""kcal"":93},{""name"":""peanuts, raw"",""quantity"":15,""unit"":""g"",""kcal"":83}],""totalKcal"":176,""mealType"":""breakfast"",""timeOffset"":""PT0M""}",multi-food-data.csv:000137
multi-food-data.csv:000138,blueberries 150 gr + 30 gr raw english walnut halves,[],"{""items"":[{""name"":""blueberries, raw"",""quantity"":150,""unit"":""g"",""kcal"":86},{""name"":""nuts, walnuts, english, halves, raw"",""quantity"":30,""unit"":""g"",""kcal"":204}],""totalKcal"":290,""mealType"":""unknown"",""timeOffset"":""PT0M""}",multi-food-data.csv:000138
multi-food-data.csv:000139,strawberries 200 g + 15 gr raw peanuts late night 4h ago,[],"{""items"":[{""name"":""strawberries, raw"",""quantity"":200,""unit"":""g"",""kcal"":62},{""name"":""peanuts, raw"",""quantity"":15,""unit"":""g"",""kcal"":83}],""totalKcal"":145,""mealType"":""late_night"",""timeOffset"":""-PT4H""}",multi-food-data.csv:000139
multi-food-data.csv:000140,ate whole milk cup2 + g150 blueberries 11h ago,[],"{""items"":[{""name"":""milk, whole, 3.25% milkfat, with added vitamin d"",""quantity"":2,""unit"":""cup"",""kcal"":275},{""name"":""blueberries, raw"",""quantity"":150,""unit"":""g"",""kcal"":86}],""totalKcal"":361,""mealType"":""unknown"",""timeOffset"":""-PT11H""}",multi-food-data.csv:000140
multi-food-data.csv:000141,piece2 cooked skinless boneless chicken breast + raw romaine lettuce 50g 587 cal lunch,[],"{""items"":[{""name"":""chicken, broiler or fryers, breast, skinless, boneless, meat only, cooked, braised"",""quantity"":2,""unit"":""piece"",""kcal"":578},{""name"":""lettuce, romaine, green, raw"",""quantity"":50,""unit"":""g"",""kcal"":9}],""totalKcal"":587,""mealType"":""lunch"",""timeOffset"":""PT0M""}",multi-food-data.csv:000141
multi-food-data.csv:000142,1piece cooked skinless boneless chicken breast + 150g raw cucumber with peel lunch -8d,[],"{""items"":[{""name"":""chicken, broiler or fryers, breast, skinless, boneless, meat only, cooked, braised"",""quantity"":1,""unit"":""piece"",""kcal"":289},{""name"":""cucumber, with peel, raw"",""quantity"":150,""unit"":""g"",""kcal"":21}],""totalKcal"":310,""mealType"":""lunch"",""timeOffset"":""-P8D""}",multi-food-data.csv:000142
multi-food-data.csv:000143,ate 150g strawberries + 20 grams whole raw almonds late night -13h,[],"{""items"":[{""name"":""strawberries, raw"",""quantity"":150,""unit"":""g"",""kcal"":47},{""name"":""nuts, almonds, whole, raw"",""quantity"":20,""unit"":""g"",""kcal"":117}],""totalKcal"":164,""mealType"":""late_night"",""timeOffset"":""-PT13H""}",multi-food-data.csv:000143
multi-food-data.csv:000144,150g strawberries + 15 grams whole raw almonds late night 23d ago,[],"{""items"":[{""name"":""strawberries, raw"",""quantity"":150,""unit"":""g"",""kcal"":47},{""name"":""nuts, almonds, whole, raw"",""quantity"":15,""unit"":""g"",""kcal"":88}],""totalKcal"":135,""mealType"":""late_night"",""timeOffset"":""-P23D""}",multi-food-data.csv:000144
multi-food-data.csv:000145,150 g cooked meat-only chicken drumstick + g150 raw roma tomato dinner -15h,[],"{""items"":[{""name"":""chicken, broilers or fryers, drumstick, meat only, cooked, braised"",""quantity"":150,""unit"":""g"",""kcal"":234},{""name"":""tomato, roma"",""quantity"":150,""unit"":""g"",""kcal"":28}],""totalKcal"":262,""mealType"":""dinner"",""timeOffset"":""-PT15H""}",multi-food-data.csv:000145
multi-food-data.csv:000146,2cup whole milk + blueberries 100 gr snack,[],"{""items"":[{""name"":""milk, whole, 3.25% milkfat, with added vitamin d"",""quantity"":2,""unit"":""cup"",""kcal"":275},{""name"":""blueberries, raw"",""quantity"":100,""unit"":""g"",""kcal"":57}],""totalKcal"":332,""mealType"":""snack"",""timeOffset"":""PT0M""}",multi-food-data.csv:000146
multi-food-data.csv:000147,g100 cooked meat-only chicken drumstick + g50 raw romaine lettuce dinner,[],"{""items"":[{""name"":""chicken, broilers or fryers, drumstick, meat only, cooked, braised"",""quantity"":100,""unit"":""g"",""kcal"":156},{""name"":""lettuce, romaine, green, raw"",""quantity"":50,""unit"":""g"",""kcal"":9}],""totalKcal"":165,""mealType"":""dinner"",""timeOffset"":""PT0M""}",multi-food-data.csv:000147
multi-food-data.csv:000148,1 cup 2% milk + raspberries 100g bf,[],"{""items"":[{""name"":""milk, reduced fat, fluid, 2% milkfat, with added vitamin a and vitamin d"",""quantity"":1,""unit"":""cup"",""kcal"":114},{""name"":""raspberries, raw"",""quantity"":100,""unit"":""g"",""kcal"":51}],""totalKcal"":165,""mealType"":""breakfast"",""timeOffset"":""PT0M""}",multi-food-data.csv:000148
multi-food-data.csv:000149,strawberries 100 g + 15g whole raw almonds bf -2h,[],"{""items"":[{""name"":""strawberries, raw"",""quantity"":100,""unit"":""g"",""kcal"":31},{""name"":""nuts, almonds, whole, raw"",""quantity"":15,""unit"":""g"",""kcal"":88}],""totalKcal"":119,""mealType"":""breakfast"",""timeOffset"":""-PT2H""}",multi-food-data.csv:000149
multi-food-data.csv:000150,ate 150 g strawberries + raw peanuts 20 grams,[],"{""items"":[{""name"":""strawberries, raw"",""quantity"":150,""unit"":""g"",""kcal"":47},{""name"":""peanuts, raw"",""quantity"":20,""unit"":""g"",""kcal"":110}],""totalKcal"":157,""mealType"":""unknown"",""timeOffset"":""PT0M""}",multi-food-data.csv:000150
multi-food-data.csv:000151,100 g raspberries + whole raw almonds g15 snack,[],"{""items"":[{""name"":""raspberries, raw"",""quantity"":100,""unit"":""g"",""kcal"":51},{""name"":""nuts, almonds, whole, raw"",""quantity"":15,""unit"":""g"",""kcal"":88}],""totalKcal"":139,""mealType"":""snack"",""timeOffset"":""PT0M""}",multi-food-data.csv:000151
multi-food-data.csv:000152,ate red delicious apple 100g + raw peanuts g30 ln,[],"{""items"":[{""name"":""apples, red delicious, with skin, raw"",""quantity"":100,""unit"":""g"",""kcal"":62},{""name"":""peanuts, raw"",""quantity"":30,""unit"":""g"",""kcal"":165}],""totalKcal"":227,""mealType"":""late_night"",""timeOffset"":""PT0M""}",multi-food-data.csv:000152
multi-food-data.csv:000153,cup1 2% milk + 100g blueberries,[],"{""items"":[{""name"":""milk, reduced fat, fluid, 2% milkfat, with added vitamin a and vitamin d"",""quantity"":1,""unit"":""cup"",""kcal"":114},{""name"":""blueberries, raw"",""quantity"":100,""unit"":""g"",""kcal"":57}],""totalKcal"":171,""mealType"":""unknown"",""timeOffset"":""PT0M""}",multi-food-data.csv:000153
multi-food-data.csv:000154,ate whole milk 1 cup + 150 grams raspberries,[],"{""items"":[{""name"":""milk, whole, 3.25% milkfat, with added vitamin d"",""quantity"":1,""unit"":""cup"",""kcal"":137},{""name"":""raspberries, raw"",""quantity"":150,""unit"":""g"",""kcal"":77}],""totalKcal"":214,""mealType"":""unknown"",""timeOffset"":""PT0M""}",multi-food-data.csv:000154
multi-food-data.csv:000155,ate 100 g strawberries + 20g raw peanuts kcal141 ln,[],"{""items"":[{""name"":""strawberries, raw"",""quantity"":100,""unit"":""g"",""kcal"":31},{""name"":""peanuts, raw"",""quantity"":20,""unit"":""g"",""kcal"":110}],""totalKcal"":141,""mealType"":""late_night"",""timeOffset"":""PT0M""}",multi-food-data.csv:000155
multi-food-data.csv:000156,strawberries g100 + raw english walnut halves 20 grams,[],"{""items"":[{""name"":""strawberries, raw"",""quantity"":100,""unit"":""g"",""kcal"":31},{""name"":""nuts, walnuts, english, halves, raw"",""quantity"":20,""unit"":""g"",""kcal"":136}],""totalKcal"":167,""mealType"":""unknown"",""timeOffset"":""PT0M""}",multi-food-data.csv:000156
multi-food-data.csv:000157,ate cooked meat-only chicken drumstick 100 grams + g100 raw roma tomato,[],"{""items"":[{""name"":""chicken, broilers or fryers, drumstick, meat only, cooked, braised"",""quantity"":100,""unit"":""g"",""kcal"":156},{""name"":""tomato, roma"",""quantity"":100,""unit"":""g"",""kcal"":19}],""totalKcal"":175,""mealType"":""unknown"",""timeOffset"":""PT0M""}",multi-food-data.csv:000157
multi-food-data.csv:000158,100g blueberries + 30 gr raw english walnut halves 261kcal snack,[],"{""items"":[{""name"":""blueberries, raw"",""quantity"":100,""unit"":""g"",""kcal"":57},{""name"":""nuts, walnuts, english, halves, raw"",""quantity"":30,""unit"":""g"",""kcal"":204}],""totalKcal"":261,""mealType"":""snack"",""timeOffset"":""PT0M""}",multi-food-data.csv:000158
multi-food-data.csv:000159,blueberries g100 + raw peanuts g15 snack -14d,[],"{""items"":[{""name"":""blueberries, raw"",""quantity"":100,""unit"":""g"",""kcal"":57},{""name"":""peanuts, raw"",""quantity"":15,""unit"":""g"",""kcal"":83}],""totalKcal"":140,""mealType"":""snack"",""timeOffset"":""-P14D""}",multi-food-data.csv:000159
multi-food-data.csv:000160,200g raspberries + 30 grams raw english walnut halves bf,[],"{""items"":[{""name"":""raspberries, raw"",""quantity"":200,""unit"":""g"",""kcal"":103},{""name"":""nuts, walnuts, english, halves, raw"",""quantity"":30,""unit"":""g"",""kcal"":204}],""totalKcal"":307,""mealType"":""breakfast"",""timeOffset"":""PT0M""}",multi-food-data.csv:000160
multi-food-data.csv:000161,ate blueberries 200g + 30 grams raw peanuts ln 11d ago,[],"{""items"":[{""name"":""blueberries, raw"",""quantity"":200,""unit"":""g"",""kcal"":115},{""name"":""peanuts, raw"",""quantity"":30,""unit"":""g"",""kcal"":165}],""totalKcal"":280,""mealType"":""late_night"",""timeOffset"":""-P11D""}",multi-food-data.csv:000161
multi-food-data.csv:000162,ate blueberries 200g + whole raw almonds 15 grams late night,[],"{""items"":[{""name"":""blueberries, raw"",""quantity"":200,""unit"":""g"",""kcal"":115},{""name"":""nuts, almonds, whole, raw"",""quantity"":15,""unit"":""g"",""kcal"":88}],""totalKcal"":203,""mealType"":""late_night"",""timeOffset"":""PT0M""}",multi-food-data.csv:000162
multi-food-data.csv:000163,2% milk 2cup + strawberries 200 gr bf tmr,[],"{""items"":[{""name"":""milk, reduced fat, fluid, 2% milkfat, with added vitamin a and vitamin d"",""quantity"":2,""unit"":""cup"",""kcal"":227},{""name"":""strawberries, raw"",""quantity"":200,""unit"":""g"",""kcal"":62}],""totalKcal"":289,""mealType"":""breakfast"",""timeOffset"":""P1D""}",multi-food-data.csv:000163
multi-food-data.csv:000164,200g strawberries + whole raw almonds 30 grams late night,[],"{""items"":[{""name"":""strawberries, raw"",""quantity"":200,""unit"":""g"",""kcal"":62},{""name"":""nuts, almonds, whole, raw"",""quantity"":30,""unit"":""g"",""kcal"":175}],""totalKcal"":237,""mealType"":""late_night"",""timeOffset"":""PT0M""}",multi-food-data.csv:000164
multi-food-data.csv:000165,red delicious apple g200 + 30g raw peanuts,[],"{""items"":[{""name"":""apples, red delicious, with skin, raw"",""quantity"":200,""unit"":""g"",""kcal"":124},{""name"":""peanuts, raw"",""quantity"":30,""unit"":""g"",""kcal"":165}],""totalKcal"":289,""mealType"":""unknown"",""timeOffset"":""PT0M""}",multi-food-data.csv:000165
multi-food-data.csv:000166,cooked meat-only chicken drumstick 150 g + 50g raw roma tomato lunch 1h ago,[],"{""items"":[{""name"":""chicken, broilers or fryers, drumstick, meat only, cooked, braised"",""quantity"":150,""unit"":""g"",""kcal"":234},{""name"":""tomato, roma"",""quantity"":50,""unit"":""g"",""kcal"":9}],""totalKcal"":243,""mealType"":""lunch"",""timeOffset"":""-PT1H""}",multi-food-data.csv:000166
multi-food-data.csv:000167,ate g150 blueberries + cup2 2% milk,[],"{""items"":[{""name"":""blueberries, raw"",""quantity"":150,""unit"":""g"",""kcal"":86},{""name"":""milk, reduced fat, fluid, 2% milkfat, with added vitamin a and vitamin d"",""quantity"":2,""unit"":""cup"",""kcal"":227}],""totalKcal"":313,""mealType"":""unknown"",""timeOffset"":""PT0M""}",multi-food-data.csv:000167
multi-food-data.csv:000168,200g cooked meat-only chicken drumstick + 150 grams raw cucumber with peel -14d,[],"{""items"":[{""name"":""chicken, broilers or fryers, drumstick, meat only, cooked, braised"",""quantity"":200,""unit"":""g"",""kcal"":312},{""name"":""cucumber, with peel, raw"",""quantity"":150,""unit"":""g"",""kcal"":21}],""totalKcal"":333,""mealType"":""unknown"",""timeOffset"":""-P14D""}",multi-food-data.csv:000168
multi-food-data.csv:000169,g150 blueberries + 20 grams whole raw almonds breakfast 23h ago,[],"{""items"":[{""name"":""blueberries, raw"",""quantity"":150,""unit"":""g"",""kcal"":86},{""name"":""nuts, almonds, whole, raw"",""quantity"":20,""unit"":""g"",""kcal"":117}],""totalKcal"":203,""mealType"":""breakfast"",""timeOffset"":""-PT23H""}",multi-food-data.csv:000169
multi-food-data.csv:000170,raw cucumber with peel 150 gr + cooked meat-only chicken drumstick 150 g -9d,[],"{""items"":[{""name"":""cucumber, with peel, raw"",""quantity"":150,""unit"":""g"",""kcal"":21},{""name"":""chicken, broilers or fryers, drumstick, meat only, cooked, braised"",""quantity"":150,""unit"":""g"",""kcal"":234}],""totalKcal"":255,""mealType"":""unknown"",""timeOffset"":""-P9D""}",multi-food-data.csv:000170
multi-food-data.csv:000171,ate 200g raspberries + 20 grams raw peanuts,[],"{""items"":[{""name"":""raspberries, raw"",""quantity"":200,""unit"":""g"",""kcal"":103},{""name"":""peanuts, raw"",""quantity"":20,""unit"":""g"",""kcal"":110}],""totalKcal"":213,""mealType"":""unknown"",""timeOffset"":""PT0M""}",multi-food-data.csv:000171
multi-food-data.csv:000172,1cup 2% milk + red delicious apple 200 grams breakfast,[],"{""items"":[{""name"":""milk, reduced fat, fluid, 2% milkfat, with added vitamin a and vitamin d"",""quantity"":1,""unit"":""cup"",""kcal"":114},{""name"":""apples, red delicious, with skin, raw"",""quantity"":200,""unit"":""g"",""kcal"":124}],""totalKcal"":238,""mealType"":""breakfast"",""timeOffset"":""PT0M""}",multi-food-data.csv:000172
multi-food-data.csv:000173,cup2 2% milk + 150g strawberries bf -12h,[],"{""items"":[{""name"":""milk, reduced fat, fluid, 2% milkfat, with added vitamin a and vitamin d"",""quantity"":2,""unit"":""cup"",""kcal"":227},{""name"":""strawberries, raw"",""quantity"":150,""unit"":""g"",""kcal"":47}],""totalKcal"":274,""mealType"":""breakfast"",""timeOffset"":""-PT12H""}",multi-food-data.csv:000173
multi-food-data.csv:000174,whole milk 1 cup + red delicious apple 100g snack,[],"{""items"":[{""name"":""milk, whole, 3.25% milkfat, with added vitamin d"",""quantity"":1,""unit"":""cup"",""kcal"":137},{""name"":""apples, red delicious, with skin, raw"",""quantity"":100,""unit"":""g"",""kcal"":62}],""totalKcal"":199,""mealType"":""snack"",""timeOffset"":""PT0M""}",multi-food-data.csv:000174
multi-food-data.csv:000175,sweet and sour pork piece3 + chinese fried rice without meat cup2,[],"{""items"":[{""name"":""restaurant, chinese, sweet and sour pork"",""quantity"":3,""unit"":""piece"",""kcal"":109},{""name"":""restaurant, chinese, fried rice, without meat"",""quantity"":2,""unit"":""cup"",""kcal"":463}],""totalKcal"":572,""mealType"":""unknown"",""timeOffset"":""PT0M""}",multi-food-data.csv:000175
multi-food-data.csv:000176,whole milk 2cup + strawberries g150 snack,[],"{""items"":[{""name"":""milk, whole, 3.25% milkfat, with added vitamin d"",""quantity"":2,""unit"":""cup"",""kcal"":275},{""name"":""strawberries, raw"",""quantity"":150,""unit"":""g"",""kcal"":47}],""totalKcal"":322,""mealType"":""snack"",""timeOffset"":""PT0M""}",multi-food-data.csv:000176
multi-food-data.csv:000177,cooked skinless boneless chicken breast piece2 + raw romaine lettuce 100g dinner -22h,[],"{""items"":[{""name"":""chicken, broiler or fryers, breast, skinless, boneless, meat only, cooked, braised"",""quantity"":2,""unit"":""piece"",""kcal"":578},{""name"":""lettuce, romaine, green, raw"",""quantity"":100,""unit"":""g"",""kcal"":17}],""totalKcal"":595,""mealType"":""dinner"",""timeOffset"":""-PT22H""}",multi-food-data.csv:000177
multi-food-data.csv:000178,2 cups 2% milk + 200g raspberries +1d,[],"{""items"":[{""name"":""milk, reduced fat, fluid, 2% milkfat, with added vitamin a and vitamin d"",""quantity"":2,""unit"":""cup"",""kcal"":227},{""name"":""raspberries, raw"",""quantity"":200,""unit"":""g"",""kcal"":103}],""totalKcal"":330,""mealType"":""unknown"",""timeOffset"":""P1D""}",multi-food-data.csv:000178
multi-food-data.csv:000179,cup2 whole milk + red delicious apple 150 grams 368 cal snack,[],"{""items"":[{""name"":""milk, whole, 3.25% milkfat, with added vitamin d"",""quantity"":2,""unit"":""cup"",""kcal"":275},{""name"":""apples, red delicious, with skin, raw"",""quantity"":150,""unit"":""g"",""kcal"":93}],""totalKcal"":368,""mealType"":""snack"",""timeOffset"":""PT0M""}",multi-food-data.csv:000179
multi-food-data.csv:000180,2% milk cup2 + red delicious apple 200g 2d ago,[],"{""items"":[{""name"":""milk, reduced fat, fluid, 2% milkfat, with added vitamin a and vitamin d"",""quantity"":2,""unit"":""cup"",""kcal"":227},{""name"":""apples, red delicious, with skin, raw"",""quantity"":200,""unit"":""g"",""kcal"":124}],""totalKcal"":351,""mealType"":""unknown"",""timeOffset"":""-P2D""}",multi-food-data.csv:000180
multi-food-data.csv:000181,1cup 2% milk + 150 grams strawberries,[],"{""items"":[{""name"":""milk, reduced fat, fluid, 2% milkfat, with added vitamin a and vitamin d"",""quantity"":1,""unit"":""cup"",""kcal"":114},{""name"":""strawberries, raw"",""quantity"":150,""unit"":""g"",""kcal"":47}],""totalKcal"":161,""mealType"":""unknown"",""timeOffset"":""PT0M""}",multi-food-data.csv:000181
multi-food-data.csv:000182,piece2 cooked skinless boneless chicken breast + raw romaine lettuce 150 gr lunch 11h ago,[],"{""items"":[{""name"":""chicken, broiler or fryers, breast, skinless, boneless, meat only, cooked, braised"",""quantity"":2,""unit"":""piece"",""kcal"":578},{""name"":""lettuce, romaine, green, raw"",""quantity"":150,""unit"":""g"",""kcal"":26}],""totalKcal"":604,""mealType"":""lunch"",""timeOffset"":""-PT11H""}",multi-food-data.csv:000182
multi-food-data.csv:000183,cooked meat-only chicken drumstick g100 + raw romaine lettuce 150 g -18d,[],"{""items"":[{""name"":""chicken, broilers or fryers, drumstick, meat only, cooked, braised"",""quantity"":100,""unit"":""g"",""kcal"":156},{""name"":""lettuce, romaine, green, raw"",""quantity"":150,""unit"":""g"",""kcal"":26}],""totalKcal"":182,""mealType"":""unknown"",""timeOffset"":""-P18D""}",multi-food-data.csv:000183
multi-food-data.csv:000184,150g red delicious apple + raw peanuts 30g 6d ago,[],"{""items"":[{""name"":""apples, red delicious, with skin, raw"",""quantity"":150,""unit"":""g"",""kcal"":93},{""name"":""peanuts, raw"",""quantity"":30,""unit"":""g"",""kcal"":165}],""totalKcal"":258,""mealType"":""unknown"",""timeOffset"":""-P6D""}",multi-food-data.csv:000184
multi-food-data.csv:000185,150 grams blueberries + whole raw almonds g30 bf,[],"{""items"":[{""name"":""blueberries, raw"",""quantity"":150,""unit"":""g"",""kcal"":86},{""name"":""nuts, almonds, whole, raw"",""quantity"":30,""unit"":""g"",""kcal"":175}],""totalKcal"":261,""mealType"":""breakfast"",""timeOffset"":""PT0M""}",multi-food-data.csv:000185
multi-food-data.csv:000186,ate 200 grams raspberries + 20 g raw english walnut halves 239kcal late night -9h,[],"{""items"":[{""name"":""raspberries, raw"",""quantity"":200,""unit"":""g"",""kcal"":103},{""name"":""nuts, walnuts, english, halves, raw"",""quantity"":20,""unit"":""g"",""kcal"":136}],""totalKcal"":239,""mealType"":""late_night"",""timeOffset"":""-PT9H""}",multi-food-data.csv:000186
multi-food-data.csv:000187,piece1 cooked skinless boneless chicken breast + raw roma tomato 50g lunch,[],"{""items"":[{""name"":""chicken, broiler or fryers, breast, skinless, boneless, meat only, cooked, braised"",""quantity"":1,""unit"":""piece"",""kcal"":289},{""name"":""tomato, roma"",""quantity"":50,""unit"":""g"",""kcal"":9}],""totalKcal"":298,""mealType"":""lunch"",""timeOffset"":""PT0M""}",multi-food-data.csv:000187
multi-food-data.csv:000188,cooked meat-only chicken drumstick 200g + 50 g raw roma tomato +1d,[],"{""items"":[{""name"":""chicken, broilers or fryers, drumstick, meat only, cooked, braised"",""quantity"":200,""unit"":""g"",""kcal"":312},{""name"":""tomato, roma"",""quantity"":50,""unit"":""g"",""kcal"":9}],""totalKcal"":321,""mealType"":""unknown"",""timeOffset"":""P1D""}",multi-food-data.csv:000188
multi-food-data.csv:000189,2% milk 1 cup + blueberries 200 gr breakfast,[],"{""items"":[{""name"":""milk, reduced fat, fluid, 2% milkfat, with added vitamin a and vitamin d"",""quantity"":1,""unit"":""cup"",""kcal"":114},{""name"":""blueberries, raw"",""quantity"":200,""unit"":""g"",""kcal"":115}],""totalKcal"":229,""mealType"":""breakfast"",""timeOffset"":""PT0M""}",multi-food-data.csv:000189
multi-food-data.csv:000190,200 g blueberries + cup1 whole milk 30d ago,[],"{""items"":[{""name"":""blueberries, raw"",""quantity"":200,""unit"":""g"",""kcal"":115},{""name"":""milk, whole, 3.25% milkfat, with added vitamin d"",""quantity"":1,""unit"":""cup"",""kcal"":137}],""totalKcal"":252,""mealType"":""unknown"",""timeOffset"":""-P30D""}",multi-food-data.csv:000190
multi-food-data.csv:000191,raw english walnut halves g15 + blueberries g200 snack,[],"{""items"":[{""name"":""nuts, walnuts, english, halves, raw"",""quantity"":15,""unit"":""g"",""kcal"":102},{""name"":""blueberries, raw"",""quantity"":200,""unit"":""g"",""kcal"":115}],""totalKcal"":217,""mealType"":""snack"",""timeOffset"":""PT0M""}",multi-food-data.csv:000191
multi-food-data.csv:000192,whole milk 2 cups + strawberries 200 g bf -14h,[],"{""items"":[{""name"":""milk, whole, 3.25% milkfat, with added vitamin d"",""quantity"":2,""unit"":""cup"",""kcal"":275},{""name"":""strawberries, raw"",""quantity"":200,""unit"":""g"",""kcal"":62}],""totalKcal"":337,""mealType"":""breakfast"",""timeOffset"":""-PT14H""}",multi-food-data.csv:000192
multi-food-data.csv:000193,red delicious apple 150 gr + raw peanuts g20 ln,[],"{""items"":[{""name"":""apples, red delicious, with skin, raw"",""quantity"":150,""unit"":""g"",""kcal"":93},{""name"":""peanuts, raw"",""quantity"":20,""unit"":""g"",""kcal"":110}],""totalKcal"":203,""mealType"":""late_night"",""timeOffset"":""PT0M""}",multi-food-data.csv:000193
multi-food-data.csv:000194,cooked meat-only chicken drumstick 200 gr + raw roma tomato 100g -29d,[],"{""items"":[{""name"":""chicken, broilers or fryers, drumstick, meat only, cooked, braised"",""quantity"":200,""unit"":""g"",""kcal"":312},{""name"":""tomato, roma"",""quantity"":100,""unit"":""g"",""kcal"":19}],""totalKcal"":331,""mealType"":""unknown"",""timeOffset"":""-P29D""}",multi-food-data.csv:000194
multi-food-data.csv:000195,200 g raspberries + raw english walnut halves 15 gr +1d,[],"{""items"":[{""name"":""raspberries, raw"",""quantity"":200,""unit"":""g"",""kcal"":103},{""name"":""nuts, walnuts, english, halves, raw"",""quantity"":15,""unit"":""g"",""kcal"":102}],""totalKcal"":205,""mealType"":""unknown"",""timeOffset"":""P1D""}",multi-food-data.csv:000195
multi-food-data.csv:000196,ate raspberries g100 + 20 gr whole raw almonds breakfast -15h,[],"{""items"":[{""name"":""raspberries, raw"",""quantity"":100,""unit"":""g"",""kcal"":51},{""name"":""nuts, almonds, whole, raw"",""quantity"":20,""unit"":""g"",""kcal"":117}],""totalKcal"":168,""mealType"":""breakfast"",""timeOffset"":""-PT15H""}",multi-food-data.csv:000196
multi-food-data.csv:000197,cooked skinless boneless chicken breast piece1 + 100 g raw roma tomato dinner,[],"{""items"":[{""name"":""chicken, broiler or fryers, breast, skinless, boneless, meat only, cooked, braised"",""quantity"":1,""unit"":""piece"",""kcal"":289},{""name"":""tomato, roma"",""quantity"":100,""unit"":""g"",""kcal"":19}],""totalKcal"":308,""mealType"":""dinner"",""timeOffset"":""PT0M""}",multi-food-data.csv:000197
multi-food-data.csv:000198,ate cooked meat-only chicken drumstick 100 grams + raw roma tomato g50,[],"{""items"":[{""name"":""chicken, broilers or fryers, drumstick, meat only, cooked, braised"",""quantity"":100,""unit"":""g"",""kcal"":156},{""name"":""tomato, roma"",""quantity"":50,""unit"":""g"",""kcal"":9}],""totalKcal"":165,""mealType"":""unknown"",""timeOffset"":""PT0M""}",multi-food-data.csv:000198
multi-food-data.csv:000199,g200 red delicious apple + 15 gr raw english walnut halves late night tomorrow,[],"{""items"":[{""name"":""apples, red delicious, with skin, raw"",""quantity"":200,""unit"":""g"",""kcal"":124},{""name"":""nuts, walnuts, english, halves, raw"",""quantity"":15,""unit"":""g"",""kcal"":102}],""totalKcal"":226,""mealType"":""late_night"",""timeOffset"":""P1D""}",multi-food-data.csv:000199
multi-food-data.csv:000200,ate 1cup 2% milk + red delicious apple 150 grams breakfast -9h,[],"{""items"":[{""name"":""milk, reduced fat, fluid, 2% milkfat, with added vitamin a and vitamin d"",""quantity"":1,""unit"":""cup"",""kcal"":114},{""name"":""apples, red delicious, with skin, raw"",""quantity"":150,""unit"":""g"",""kcal"":93}],""totalKcal"":207,""mealType"":""breakfast"",""timeOffset"":""-PT9H""}",multi-food-data.csv:000200
multi-food-data.csv:000201,ate 200g cooked meat-only chicken drumstick + 100 gr raw cucumber with peel lunch 7d ago,[],"{""items"":[{""name"":""chicken, broilers or fryers, drumstick, meat only, cooked, braised"",""quantity"":200,""unit"":""g"",""kcal"":312},{""name"":""cucumber, with peel, raw"",""quantity"":100,""unit"":""g"",""kcal"":14}],""totalKcal"":326,""mealType"":""lunch"",""timeOffset"":""-P7D""}",multi-food-data.csv:000201
multi-food-data.csv:000202,ate 2 cups whole milk + strawberries 100 g breakfast 9h ago,[],"{""items"":[{""name"":""milk, whole, 3.25% milkfat, with added vitamin d"",""quantity"":2,""unit"":""cup"",""kcal"":275},{""name"":""strawberries, raw"",""quantity"":100,""unit"":""g"",""kcal"":31}],""totalKcal"":306,""mealType"":""breakfast"",""timeOffset"":""-PT9H""}",multi-food-data.csv:000202
multi-food-data.csv:000203,6 pieces sweet and sour pork + 2 cups chinese fried rice without meat 22h ago,[],"{""items"":[{""name"":""restaurant, chinese, sweet and sour pork"",""quantity"":6,""unit"":""piece"",""kcal"":217},{""name"":""restaurant, chinese, fried rice, without meat"",""quantity"":2,""unit"":""cup"",""kcal"":463}],""totalKcal"":680,""mealType"":""unknown"",""timeOffset"":""-PT22H""}",multi-food-data.csv:000203
multi-food-data.csv:000204,raspberries 100 gr + 20 grams raw peanuts,[],"{""items"":[{""name"":""raspberries, raw"",""quantity"":100,""unit"":""g"",""kcal"":51},{""name"":""peanuts, raw"",""quantity"":20,""unit"":""g"",""kcal"":110}],""totalKcal"":161,""mealType"":""unknown"",""timeOffset"":""PT0M""}",multi-food-data.csv:000204
multi-food-data.csv:000205,ate cooked meat-only chicken drumstick 150 gr + 100g raw romaine lettuce dinner,[],"{""items"":[{""name"":""chicken, broilers or fryers, drumstick, meat only, cooked, braised"",""quantity"":150,""unit"":""g"",""kcal"":234},{""name"":""lettuce, romaine, green, raw"",""quantity"":100,""unit"":""g"",""kcal"":17}],""totalKcal"":251,""mealType"":""dinner"",""timeOffset"":""PT0M""}",multi-food-data.csv:000205
multi-food-data.csv:000206,g150 raspberries + g15 raw english walnut halves,[],"{""items"":[{""name"":""raspberries, raw"",""quantity"":150,""unit"":""g"",""kcal"":77},{""name"":""nuts, walnuts, english, halves, raw"",""quantity"":15,""unit"":""g"",""kcal"":102}],""totalKcal"":179,""mealType"":""unknown"",""timeOffset"":""PT0M""}",multi-food-data.csv:000206
multi-food-data.csv:000207,ate 100 gr raspberries + raw peanuts 30 grams late night,[],"{""items"":[{""name"":""raspberries, raw"",""quantity"":100,""unit"":""g"",""kcal"":51},{""name"":""peanuts, raw"",""quantity"":30,""unit"":""g"",""kcal"":165}],""totalKcal"":216,""mealType"":""late_night"",""timeOffset"":""PT0M""}",multi-food-data.csv:000207
multi-food-data.csv:000208,ate red delicious apple 150 gr + 20 grams whole raw almonds snack,[],"{""items"":[{""name"":""apples, red delicious, with skin, raw"",""quantity"":150,""unit"":""g"",""kcal"":93},{""name"":""nuts, almonds, whole, raw"",""quantity"":20,""unit"":""g"",""kcal"":117}],""totalKcal"":210,""mealType"":""snack"",""timeOffset"":""PT0M""}",multi-food-data.csv:000208
multi-food-data.csv:000209,cooked skinless boneless chicken breast 2piece + 150 grams raw roma tomato dinner,[],"{""items"":[{""name"":""chicken, broiler or fryers, breast, skinless, boneless, meat only, cooked, braised"",""quantity"":2,""unit"":""piece"",""kcal"":578},{""name"":""tomato, roma"",""quantity"":150,""unit"":""g"",""kcal"":28}],""totalKcal"":606,""mealType"":""dinner"",""timeOffset"":""PT0M""}",multi-food-data.csv:000209
multi-food-data.csv:000210,ate g150 strawberries + 15 g raw peanuts snack,[],"{""items"":[{""name"":""strawberries, raw"",""quantity"":150,""unit"":""g"",""kcal"":47},{""name"":""peanuts, raw"",""quantity"":15,""unit"":""g"",""kcal"":83}],""totalKcal"":130,""mealType"":""snack"",""timeOffset"":""PT0M""}",multi-food-data.csv:000210
multi-food-data.csv:000211,ate 2% milk cup1 + raspberries 200g bf,[],"{""items"":[{""name"":""milk, reduced fat, fluid, 2% milkfat, with added vitamin a and vitamin d"",""quantity"":1,""unit"":""cup"",""kcal"":114},{""name"":""raspberries, raw"",""quantity"":200,""unit"":""g"",""kcal"":103}],""totalKcal"":217,""mealType"":""breakfast"",""timeOffset"":""PT0M""}",multi-food-data.csv:000211
multi-food-data.csv:000212,cooked skinless boneless chicken breast 1 piece + 150 g raw romaine lettuce lunch -22h,[],"{""items"":[{""name"":""chicken, broiler or fryers, breast, skinless, boneless, meat only, cooked, braised"",""quantity"":1,""unit"":""piece"",""kcal"":289},{""name"":""lettuce, romaine, green, raw"",""quantity"":150,""unit"":""g"",""kcal"":26}],""totalKcal"":315,""mealType"":""lunch"",""timeOffset"":""-PT22H""}",multi-food-data.csv:000212
multi-food-data.csv:000213,red delicious apple g200 + whole raw almonds 30 grams 12h ago,[],"{""items"":[{""name"":""apples, red delicious, with skin, raw"",""quantity"":200,""unit"":""g"",""kcal"":124},{""name"":""nuts, almonds, whole, raw"",""quantity"":30,""unit"":""g"",""kcal"":175}],""totalKcal"":299,""mealType"":""unknown"",""timeOffset"":""-PT12H""}",multi-food-data.csv:000213
multi-food-data.csv:000214,100g raspberries + raw english walnut halves 20g +1d,[],"{""items"":[{""name"":""raspberries, raw"",""quantity"":100,""unit"":""g"",""kcal"":51},{""name"":""nuts, walnuts, english, halves, raw"",""quantity"":20,""unit"":""g"",""kcal"":136}],""totalKcal"":187,""mealType"":""unknown"",""timeOffset"":""P1D""}",multi-food-data.csv:000214
multi-food-data.csv:000215,ate 100 g blueberries + whole raw almonds g20,[],"{""items"":[{""name"":""blueberries, raw"",""quantity"":100,""unit"":""g"",""kcal"":57},{""name"":""nuts, almonds, whole, raw"",""quantity"":20,""unit"":""g"",""kcal"":117}],""totalKcal"":174,""mealType"":""unknown"",""timeOffset"":""PT0M""}",multi-food-data.csv:000215
multi-food-data.csv:000216,strawberries 200 gr + whole raw almonds 20g bf 2h ago,[],"{""items"":[{""name"":""strawberries, raw"",""quantity"":200,""unit"":""g"",""kcal"":62},{""name"":""nuts, almonds, whole, raw"",""quantity"":20,""unit"":""g"",""kcal"":117}],""totalKcal"":179,""mealType"":""breakfast"",""timeOffset"":""-PT2H""}",multi-food-data.csv:000216
multi-food-data.csv:000217,strawberries 200 grams + g20 raw english walnut halves bf 23d ago,[],"{""items"":[{""name"":""strawberries, raw"",""quantity"":200,""unit"":""g"",""kcal"":62},{""name"":""nuts, walnuts, english, halves, raw"",""quantity"":20,""unit"":""g"",""kcal"":136}],""totalKcal"":198,""mealType"":""breakfast"",""timeOffset"":""-P23D""}",multi-food-data.csv:000217
multi-food-data.csv:000218,150 g cooked meat-only chicken drumstick + 50g raw cucumber with peel 241 cal lunch,[],"{""items"":[{""name"":""chicken, broilers or fryers, drumstick, meat only, cooked, braised"",""quantity"":150,""unit"":""g"",""kcal"":234},{""name"":""cucumber, with peel, raw"",""quantity"":50,""unit"":""g"",""kcal"":7}],""totalKcal"":241,""mealType"":""lunch"",""timeOffset"":""PT0M""}",multi-food-data.csv:000218
multi-food-data.csv:000219,1cup 2% milk + 100 g red delicious apple tomorrow,[],"{""items"":[{""name"":""milk, reduced fat, fluid, 2% milkfat, with added vitamin a and vitamin d"",""quantity"":1,""unit"":""cup"",""kcal"":114},{""name"":""apples, red delicious, with skin, raw"",""quantity"":100,""unit"":""g"",""kcal"":62}],""totalKcal"":176,""mealType"":""unknown"",""timeOffset"":""P1D""}",multi-food-data.csv:000219
multi-food-data.csv:000220,200 grams blueberries + 20 grams whole raw almonds breakfast 19h ago,[],"{""items"":[{""name"":""blueberries, raw"",""quantity"":200,""unit"":""g"",""kcal"":115},{""name"":""nuts, almonds, whole, raw"",""quantity"":20,""unit"":""g"",""kcal"":117}],""totalKcal"":232,""mealType"":""breakfast"",""timeOffset"":""-PT19H""}",multi-food-data.csv:000220
multi-food-data.csv:000221,g100 red delicious apple + 15g raw english walnut halves -18d,[],"{""items"":[{""name"":""apples, red delicious, with skin, raw"",""quantity"":100,""unit"":""g"",""kcal"":62},{""name"":""nuts, walnuts, english, halves, raw"",""quantity"":15,""unit"":""g"",""kcal"":102}],""totalKcal"":164,""mealType"":""unknown"",""timeOffset"":""-P18D""}",multi-food-data.csv:000221
multi-food-data.csv:000222,ate 100g red delicious apple + raw peanuts 20 gr snack,[],"{""items"":[{""name"":""apples, red delicious, with skin, raw"",""quantity"":100,""unit"":""g"",""kcal"":62},{""name"":""peanuts, raw"",""quantity"":20,""unit"":""g"",""kcal"":110}],""totalKcal"":172,""mealType"":""snack"",""timeOffset"":""PT0M""}",multi-food-data.csv:000222
multi-food-data.csv:000223,red delicious apple 100 g + raw english walnut halves g20 snack,[],"{""items"":[{""name"":""apples, red delicious, with skin, raw"",""quantity"":100,""unit"":""g"",""kcal"":62},{""name"":""nuts, walnuts, english, halves, raw"",""quantity"":20,""unit"":""g"",""kcal"":136}],""totalKcal"":198,""mealType"":""snack"",""timeOffset"":""PT0M""}",multi-food-data.csv:000223
multi-food-data.csv:000224,raspberries 150 g + 15 gr raw peanuts breakfast,[],"{""items"":[{""name"":""raspberries, raw"",""quantity"":150,""unit"":""g"",""kcal"":77},{""name"":""peanuts, raw"",""quantity"":15,""unit"":""g"",""kcal"":83}],""totalKcal"":160,""mealType"":""breakfast"",""timeOffset"":""PT0M""}",multi-food-data.csv:000224
multi-food-data.csv:000225,cooked skinless boneless chicken breast piece2 + 50g raw cucumber with peel dinner,[],"{""items"":[{""name"":""chicken, broiler or fryers, breast, skinless, boneless, meat only, cooked, braised"",""quantity"":2,""unit"":""piece"",""kcal"":578},{""name"":""cucumber, with peel, raw"",""quantity"":50,""unit"":""g"",""kcal"":7}],""totalKcal"":585,""mealType"":""dinner"",""timeOffset"":""PT0M""}",multi-food-data.csv:000225
multi-food-data.csv:000226,2% milk cup2 + red delicious apple 150 gr bf 20h ago,[],"{""items"":[{""name"":""milk, reduced fat, fluid, 2% milkfat, with added vitamin a and vitamin d"",""quantity"":2,""unit"":""cup"",""kcal"":227},{""name"":""apples, red delicious, with skin, raw"",""quantity"":150,""unit"":""g"",""kcal"":93}],""totalKcal"":320,""mealType"":""breakfast"",""timeOffset"":""-PT20H""}",multi-food-data.csv:000226
multi-food-data.csv:000227,ate red delicious apple 150g + 15g whole raw almonds late night,[],"{""items"":[{""name"":""apples, red delicious, with skin, raw"",""quantity"":150,""unit"":""g"",""kcal"":93},{""name"":""nuts, almonds, whole, raw"",""quantity"":15,""unit"":""g"",""kcal"":88}],""totalKcal"":181,""mealType"":""late_night"",""timeOffset"":""PT0M""}",multi-food-data.csv:000227
multi-food-data.csv:000228,cup1 whole milk + raspberries 200 grams breakfast,[],"{""items"":[{""name"":""milk, whole, 3.25% milkfat, with added vitamin d"",""quantity"":1,""unit"":""cup"",""kcal"":137},{""name"":""raspberries, raw"",""quantity"":200,""unit"":""g"",""kcal"":103}],""totalKcal"":240,""mealType"":""breakfast"",""timeOffset"":""PT0M""}",multi-food-data.csv:000228
multi-food-data.csv:000229,200 grams strawberries + raw english walnut halves 15g -11d,[],"{""items"":[{""name"":""strawberries, raw"",""quantity"":200,""unit"":""g"",""kcal"":62},{""name"":""nuts, walnuts, english, halves, raw"",""quantity"":15,""unit"":""g"",""kcal"":102}],""totalKcal"":164,""mealType"":""unknown"",""timeOffset"":""-P11D""}",multi-food-data.csv:000229
multi-food-data.csv:000230,chinese fried rice without meat 1 cup + sweet and sour pork piece3 340kcal,[],"{""items"":[{""name"":""restaurant, chinese, fried rice, without meat"",""quantity"":1,""unit"":""cup"",""kcal"":231},{""name"":""restaurant, chinese, sweet and sour pork"",""quantity"":3,""unit"":""piece"",""kcal"":109}],""totalKcal"":340,""mealType"":""unknown"",""timeOffset"":""PT0M""}",multi-food-data.csv:000230
multi-food-data.csv:000231,1cup whole milk + 150 gr blueberries bf,[],"{""items"":[{""name"":""milk, whole, 3.25% milkfat, with added vitamin d"",""quantity"":1,""unit"":""cup"",""kcal"":137},{""name"":""blueberries, raw"",""quantity"":150,""unit"":""g"",""kcal"":86}],""totalKcal"":223,""mealType"":""breakfast"",""timeOffset"":""PT0M""}",multi-food-data.csv:000231
multi-food-data.csv:000232,cooked meat-only chicken drumstick 200 grams + 100 grams raw romaine lettuce lunch,[],"{""items"":[{""name"":""chicken, broilers or fryers, drumstick, meat only, cooked, braised"",""quantity"":200,""unit"":""g"",""kcal"":312},{""name"":""lettuce, romaine, green, raw"",""quantity"":100,""unit"":""g"",""kcal"":17}],""totalKcal"":329,""mealType"":""lunch"",""timeOffset"":""PT0M""}",multi-food-data.csv:000232
multi-food-data.csv:000233,15 g whole raw almonds + 150 gr raspberries late night -1d,[],"{""items"":[{""name"":""nuts, almonds, whole, raw"",""quantity"":15,""unit"":""g"",""kcal"":88},{""name"":""raspberries, raw"",""quantity"":150,""unit"":""g"",""kcal"":77}],""totalKcal"":165,""mealType"":""late_night"",""timeOffset"":""-P1D""}",multi-food-data.csv:000233
multi-food-data.csv:000234,whole milk 1 cup + 150 gr strawberries breakfast 23h ago,[],"{""items"":[{""name"":""milk, whole, 3.25% milkfat, with added vitamin d"",""quantity"":1,""unit"":""cup"",""kcal"":137},{""name"":""strawberries, raw"",""quantity"":150,""unit"":""g"",""kcal"":47}],""totalKcal"":184,""mealType"":""breakfast"",""timeOffset"":""-PT23H""}",multi-food-data.csv:000234
multi-food-data.csv:000235,blueberries 150 grams + raw peanuts 15 grams 169 cal snack,[],"{""items"":[{""name"":""blueberries, raw"",""quantity"":150,""unit"":""g"",""kcal"":86},{""name"":""peanuts, raw"",""quantity"":15,""unit"":""g"",""kcal"":83}],""totalKcal"":169,""mealType"":""snack"",""timeOffset"":""PT0M""}",multi-food-data.csv:000235
multi-food-data.csv:000236,ate 150 grams cooked meat-only chicken drumstick + raw romaine lettuce 150 grams,[],"{""items"":[{""name"":""chicken, broilers or fryers, drumstick, meat only, cooked, braised"",""quantity"":150,""unit"":""g"",""kcal"":234},{""name"":""lettuce, romaine, green, raw"",""quantity"":150,""unit"":""g"",""kcal"":26}],""totalKcal"":260,""mealType"":""unknown"",""timeOffset"":""PT0M""}",multi-food-data.csv:000236
multi-food-data.csv:000237,100g raspberries + whole milk 1cup snack,[],"{""items"":[{""name"":""raspberries, raw"",""quantity"":100,""unit"":""g"",""kcal"":51},{""name"":""milk, whole, 3.25% milkfat, with added vitamin d"",""quantity"":1,""unit"":""cup"",""kcal"":137}],""totalKcal"":188,""mealType"":""snack"",""timeOffset"":""PT0M""}",multi-food-data.csv:000237
multi-food-data.csv:000238,strawberries 150g + g15 raw english walnut halves,[],"{""items"":[{""name"":""strawberries, raw"",""quantity"":150,""unit"":""g"",""kcal"":47},{""name"":""nuts, walnuts, english, halves, raw"",""quantity"":15,""unit"":""g"",""kcal"":102}],""totalKcal"":149,""mealType"":""unknown"",""timeOffset"":""PT0M""}",multi-food-data.csv:000238
multi-food-data.csv:000239,raw romaine lettuce 100 g + cooked meat-only chicken drumstick g100 lunch -3d,[],"{""items"":[{""name"":""lettuce, romaine, green, raw"",""quantity"":100,""unit"":""g"",""kcal"":17},{""name"":""chicken, broilers or fryers, drumstick, meat only, cooked, braised"",""quantity"":100,""unit"":""g"",""kcal"":156}],""totalKcal"":173,""mealType"":""lunch"",""timeOffset"":""-P3D""}",multi-food-data.csv:000239
multi-food-data.csv:000240,100 g red delicious apple + g15 raw peanuts,[],"{""items"":[{""name"":""apples, red delicious, with skin, raw"",""quantity"":100,""unit"":""g"",""kcal"":62},{""name"":""peanuts, raw"",""quantity"":15,""unit"":""g"",""kcal"":83}],""totalKcal"":145,""mealType"":""unknown"",""timeOffset"":""PT0M""}",multi-food-data.csv:000240
multi-food-data.csv:000241,cooked skinless boneless chicken breast piece1 + 50 gr raw romaine lettuce lunch 1h ago,[],"{""items"":[{""name"":""chicken, broiler or fryers, breast, skinless, boneless, meat only, cooked, braised"",""quantity"":1,""unit"":""piece"",""kcal"":289},{""name"":""lettuce, romaine, green, raw"",""quantity"":50,""unit"":""g"",""kcal"":9}],""totalKcal"":298,""mealType"":""lunch"",""timeOffset"":""-PT1H""}",multi-food-data.csv:000241
multi-food-data.csv:000242,1cup whole milk + red delicious apple g200,[],"{""items"":[{""name"":""milk, whole, 3.25% milkfat, with added vitamin d"",""quantity"":1,""unit"":""cup"",""kcal"":137},{""name"":""apples, red delicious, with skin, raw"",""quantity"":200,""unit"":""g"",""kcal"":124}],""totalKcal"":261,""mealType"":""unknown"",""timeOffset"":""PT0M""}",multi-food-data.csv:000242
multi-food-data.csv:000243,whole milk cup2 + raspberries 100g breakfast 8h ago,[],"{""items"":[{""name"":""milk, whole, 3.25% milkfat, with added vitamin d"",""quantity"":2,""unit"":""cup"",""kcal"":275},{""name"":""raspberries, raw"",""quantity"":100,""unit"":""g"",""kcal"":51}],""totalKcal"":326,""mealType"":""breakfast"",""timeOffset"":""-PT8H""}",multi-food-data.csv:000243
multi-food-data.csv:000244,raspberries 100 gr + g15 raw peanuts ln,[],"{""items"":[{""name"":""raspberries, raw"",""quantity"":100,""unit"":""g"",""kcal"":51},{""name"":""peanuts, raw"",""quantity"":15,""unit"":""g"",""kcal"":83}],""totalKcal"":134,""mealType"":""late_night"",""timeOffset"":""PT0M""}",multi-food-data.csv:000244
multi-food-data.csv:000245,200 grams red delicious apple + 20 grams raw english walnut halves 260 cal snack +1d,[],"{""items"":[{""name"":""apples, red delicious, with skin, raw"",""quantity"":200,""unit"":""g"",""kcal"":124},{""name"":""nuts, walnuts, english, halves, raw"",""quantity"":20,""unit"":""g"",""kcal"":136}],""totalKcal"":260,""mealType"":""snack"",""timeOffset"":""P1D""}",multi-food-data.csv:000245
multi-food-data.csv:000246,20 grams raw peanuts + 200g red delicious apple -15h,[],"{""items"":[{""name"":""peanuts, raw"",""quantity"":20,""unit"":""g"",""kcal"":110},{""name"":""apples, red delicious, with skin, raw"",""quantity"":200,""unit"":""g"",""kcal"":124}],""totalKcal"":234,""mealType"":""unknown"",""timeOffset"":""-PT15H""}",multi-food-data.csv:000246
multi-food-data.csv:000247,ate cup2 2% milk + g100 raspberries snack,[],"{""items"":[{""name"":""milk, reduced fat, fluid, 2% milkfat, with added vitamin a and vitamin d"",""quantity"":2,""unit"":""cup"",""kcal"":227},{""name"":""raspberries, raw"",""quantity"":100,""unit"":""g"",""kcal"":51}],""totalKcal"":278,""mealType"":""snack"",""timeOffset"":""PT0M""}",multi-food-data.csv:000247
multi-food-data.csv:000248,1 cup whole milk + strawberries g100,[],"{""items"":[{""name"":""milk, whole, 3.25% milkfat, with added vitamin d"",""quantity"":1,""unit"":""cup"",""kcal"":137},{""name"":""strawberries, raw"",""quantity"":100,""unit"":""g"",""kcal"":31}],""totalKcal"":168,""mealType"":""unknown"",""timeOffset"":""PT0M""}",multi-food-data.csv:000248
multi-food-data.csv:000249,ate strawberries 200g + 30g raw peanuts ln -19h,[],"{""items"":[{""name"":""strawberries, raw"",""quantity"":200,""unit"":""g"",""kcal"":62},{""name"":""peanuts, raw"",""quantity"":30,""unit"":""g"",""kcal"":165}],""totalKcal"":227,""mealType"":""late_night"",""timeOffset"":""-PT19H""}",multi-food-data.csv:000249
multi-food-data.csv:000250,ate 100 g strawberries + 30 gr raw english walnut halves ln,[],"{""items"":[{""name"":""strawberries, raw"",""quantity"":100,""unit"":""g"",""kcal"":31},{""name"":""nuts, walnuts, english, halves, raw"",""quantity"":30,""unit"":""g"",""kcal"":204}],""totalKcal"":235,""mealType"":""late_night"",""timeOffset"":""PT0M""}",multi-food-data.csv:000250
multi-food-data.csv:000251,strawberries g100 + 15 gr raw peanuts snack 23h ago,[],"{""items"":[{""name"":""strawberries, raw"",""quantity"":100,""unit"":""g"",""kcal"":31},{""name"":""peanuts, raw"",""quantity"":15,""unit"":""g"",""kcal"":83}],""totalKcal"":114,""mealType"":""snack"",""timeOffset"":""-PT23H""}",multi-food-data.csv:000251
multi-food-data.csv:000252,ate 100 gr cooked meat-only chicken drumstick + 50 gr raw cucumber with peel -28d,[],"{""items"":[{""name"":""chicken, broilers or fryers, drumstick, meat only, cooked, braised"",""quantity"":100,""unit"":""g"",""kcal"":156},{""name"":""cucumber, with peel, raw"",""quantity"":50,""unit"":""g"",""kcal"":7}],""totalKcal"":163,""mealType"":""unknown"",""timeOffset"":""-P28D""}",multi-food-data.csv:000252
multi-food-data.csv:000253,ate 2% milk 2 cups + blueberries 200 g,[],"{""items"":[{""name"":""milk, reduced fat, fluid, 2% milkfat, with added vitamin a and vitamin d"",""quantity"":2,""unit"":""cup"",""kcal"":227},{""name"":""blueberries, raw"",""quantity"":200,""unit"":""g"",""kcal"":115}],""totalKcal"":342,""mealType"":""unknown"",""timeOffset"":""PT0M""}",multi-food-data.csv:000253
multi-food-data.csv:000254,cooked skinless boneless chicken breast piece2 + g150 raw cucumber with peel lunch 17h ago,[],"{""items"":[{""name"":""chicken, broiler or fryers, breast, skinless, boneless, meat only, cooked, braised"",""quantity"":2,""unit"":""piece"",""kcal"":578},{""name"":""cucumber, with peel, raw"",""quantity"":150,""unit"":""g"",""kcal"":21}],""totalKcal"":599,""mealType"":""lunch"",""timeOffset"":""-PT17H""}",multi-food-data.csv:000254
multi-food-data.csv:000255,200 gr raspberries + 20 g whole raw almonds snack tmr,[],"{""items"":[{""name"":""raspberries, raw"",""quantity"":200,""unit"":""g"",""kcal"":103},{""name"":""nuts, almonds, whole, raw"",""quantity"":20,""unit"":""g"",""kcal"":117}],""totalKcal"":220,""mealType"":""snack"",""timeOffset"":""P1D""}",multi-food-data.csv:000255
multi-food-data.csv:000256,ate 30g raw english walnut halves + strawberries g200 snack,[],"{""items"":[{""name"":""nuts, walnuts, english, halves, raw"",""quantity"":30,""unit"":""g"",""kcal"":204},{""name"":""strawberries, raw"",""quantity"":200,""unit"":""g"",""kcal"":62}],""totalKcal"":266,""mealType"":""snack"",""timeOffset"":""PT0M""}",multi-food-data.csv:000256
multi-food-data.csv:000257,2 cups whole milk + 200 g blueberries -22h,[],"{""items"":[{""name"":""milk, whole, 3.25% milkfat, with added vitamin d"",""quantity"":2,""unit"":""cup"",""kcal"":275},{""name"":""blueberries, raw"",""quantity"":200,""unit"":""g"",""kcal"":115}],""totalKcal"":390,""mealType"":""unknown"",""timeOffset"":""-PT22H""}",multi-food-data.csv:000257
multi-food-data.csv:000258,150 grams raspberries + whole raw almonds 20 grams breakfast -3h,[],"{""items"":[{""name"":""raspberries, raw"",""quantity"":150,""unit"":""g"",""kcal"":77},{""name"":""nuts, almonds, whole, raw"",""quantity"":20,""unit"":""g"",""kcal"":117}],""totalKcal"":194,""mealType"":""breakfast"",""timeOffset"":""-PT3H""}",multi-food-data.csv:000258
multi-food-data.csv:000259,g150 raspberries + 30 gr whole raw almonds,[],"{""items"":[{""name"":""raspberries, raw"",""quantity"":150,""unit"":""g"",""kcal"":77},{""name"":""nuts, almonds, whole, raw"",""quantity"":30,""unit"":""g"",""kcal"":175}],""totalKcal"":252,""mealType"":""unknown"",""timeOffset"":""PT0M""}",multi-food-data.csv:000259
multi-food-data.csv:000260,cooked meat-only chicken drumstick 200g + raw roma tomato 150g dinner,[],"{""items"":[{""name"":""chicken, broilers or fryers, drumstick, meat only, cooked, braised"",""quantity"":200,""unit"":""g"",""kcal"":312},{""name"":""tomato, roma"",""quantity"":150,""unit"":""g"",""kcal"":28}],""totalKcal"":340,""mealType"":""dinner"",""timeOffset"":""PT0M""}",multi-food-data.csv:000260
multi-food-data.csv:000261,100 grams cooked meat-only chicken drumstick + 150 g raw roma tomato 16h ago,[],"{""items"":[{""name"":""chicken, broilers or fryers, drumstick, meat only, cooked, braised"",""quantity"":100,""unit"":""g"",""kcal"":156},{""name"":""tomato, roma"",""quantity"":150,""unit"":""g"",""kcal"":28}],""totalKcal"":184,""mealType"":""unknown"",""timeOffset"":""-PT16H""}",multi-food-data.csv:000261
multi-food-data.csv:000262,ate 1cup whole milk + 100 grams blueberries 194 cal,[],"{""items"":[{""name"":""milk, whole, 3.25% milkfat, with added vitamin d"",""quantity"":1,""unit"":""cup"",""kcal"":137},{""name"":""blueberries, raw"",""quantity"":100,""unit"":""g"",""kcal"":57}],""totalKcal"":194,""mealType"":""unknown"",""timeOffset"":""PT0M""}",multi-food-data.csv:000262
multi-food-data.csv:000263,ate red delicious apple 100 grams + 30 gr whole raw almonds snack -14d,[],"{""items"":[{""name"":""apples, red delicious, with skin, raw"",""quantity"":100,""unit"":""g"",""kcal"":62},{""name"":""nuts, almonds, whole, raw"",""quantity"":30,""unit"":""g"",""kcal"":175}],""totalKcal"":237,""mealType"":""snack"",""timeOffset"":""-P14D""}",multi-food-data.csv:000263
multi-food-data.csv:000264,ate 200 grams strawberries + cup1 whole milk kcal199 snack 10h ago,[],"{""items"":[{""name"":""strawberries, raw"",""quantity"":200,""unit"":""g"",""kcal"":62},{""name"":""milk, whole, 3.25% milkfat, with added vitamin d"",""quantity"":1,""unit"":""cup"",""kcal"":137}],""totalKcal"":199,""mealType"":""snack"",""timeOffset"":""-PT10H""}",multi-food-data.csv:000264
multi-food-data.csv:000265,200 grams red delicious apple + 15 gr whole raw almonds bf -20h,[],"{""items"":[{""name"":""apples, red delicious, with skin, raw"",""quantity"":200,""unit"":""g"",""kcal"":124},{""name"":""nuts, almonds, whole, raw"",""quantity"":15,""unit"":""g"",""kcal"":88}],""totalKcal"":212,""mealType"":""breakfast"",""timeOffset"":""-PT20H""}",multi-food-data.csv:000265
multi-food-data.csv:000266,strawberries 150 g + raw english walnut halves 20 g late night,[],"{""items"":[{""name"":""strawberries, raw"",""quantity"":150,""unit"":""g"",""kcal"":47},{""name"":""nuts, walnuts, english, halves, raw"",""quantity"":20,""unit"":""g"",""kcal"":136}],""totalKcal"":183,""mealType"":""late_night"",""timeOffset"":""PT0M""}",multi-food-data.csv:000266
multi-food-data.csv:000267,strawberries 100 grams + 20 grams whole raw almonds,[],"{""items"":[{""name"":""strawberries, raw"",""quantity"":100,""unit"":""g"",""kcal"":31},{""name"":""nuts, almonds, whole, raw"",""quantity"":20,""unit"":""g"",""kcal"":117}],""totalKcal"":148,""mealType"":""unknown"",""timeOffset"":""PT0M""}",multi-food-data.csv:000267
multi-food-data.csv:000268,ate 200 gr strawberries + whole raw almonds 15 gr late night,[],"{""items"":[{""name"":""strawberries, raw"",""quantity"":200,""unit"":""g"",""kcal"":62},{""name"":""nuts, almonds, whole, raw"",""quantity"":15,""unit"":""g"",""kcal"":88}],""totalKcal"":150,""mealType"":""late_night"",""timeOffset"":""PT0M""}",multi-food-data.csv:000268
multi-food-data.csv:000269,strawberries 100 grams + raw peanuts g30 196 cal,[],"{""items"":[{""name"":""strawberries, raw"",""quantity"":100,""unit"":""g"",""kcal"":31},{""name"":""peanuts, raw"",""quantity"":30,""unit"":""g"",""kcal"":165}],""totalKcal"":196,""mealType"":""unknown"",""timeOffset"":""PT0M""}",multi-food-data.csv:000269
multi-food-data.csv:000270,100 gr blueberries + raw peanuts 20 grams,[],"{""items"":[{""name"":""blueberries, raw"",""quantity"":100,""unit"":""g"",""kcal"":57},{""name"":""peanuts, raw"",""quantity"":20,""unit"":""g"",""kcal"":110}],""totalKcal"":167,""mealType"":""unknown"",""timeOffset"":""PT0M""}",multi-food-data.csv:000270
multi-food-data.csv:000271,blueberries 100g + 15 g raw english walnut halves -24d,[],"{""items"":[{""name"":""blueberries, raw"",""quantity"":100,""unit"":""g"",""kcal"":57},{""name"":""nuts, walnuts, english, halves, raw"",""quantity"":15,""unit"":""g"",""kcal"":102}],""totalKcal"":159,""mealType"":""unknown"",""timeOffset"":""-P24D""}",multi-food-data.csv:000271
multi-food-data.csv:000272,1piece cooked skinless boneless chicken breast + 100 grams raw cucumber with peel tmr,[],"{""items"":[{""name"":""chicken, broiler or fryers, breast, skinless, boneless, meat only, cooked, braised"",""quantity"":1,""unit"":""piece"",""kcal"":289},{""name"":""cucumber, with peel, raw"",""quantity"":100,""unit"":""g"",""kcal"":14}],""totalKcal"":303,""mealType"":""unknown"",""timeOffset"":""P1D""}",multi-food-data.csv:000272
multi-food-data.csv:000273,ate raspberries 100g + g15 raw english walnut halves snack 10h ago,[],"{""items"":[{""name"":""raspberries, raw"",""quantity"":100,""unit"":""g"",""kcal"":51},{""name"":""nuts, walnuts, english, halves, raw"",""quantity"":15,""unit"":""g"",""kcal"":102}],""totalKcal"":153,""mealType"":""snack"",""timeOffset"":""-PT10H""}",multi-food-data.csv:000273
multi-food-data.csv:000274,blueberries 150 grams + raw peanuts 20 gr +1d,[],"{""items"":[{""name"":""blueberries, raw"",""quantity"":150,""unit"":""g"",""kcal"":86},{""name"":""peanuts, raw"",""quantity"":20,""unit"":""g"",""kcal"":110}],""totalKcal"":196,""mealType"":""unknown"",""timeOffset"":""P1D""}",multi-food-data.csv:000274
multi-food-data.csv:000275,200 gr blueberries + whole raw almonds 30 gr,[],"{""items"":[{""name"":""blueberries, raw"",""quantity"":200,""unit"":""g"",""kcal"":115},{""name"":""nuts, almonds, whole, raw"",""quantity"":30,""unit"":""g"",""kcal"":175}],""totalKcal"":290,""mealType"":""unknown"",""timeOffset"":""PT0M""}",multi-food-data.csv:000275
multi-food-data.csv:000276,100 grams red delicious apple + whole raw almonds 20 gr 179kcal 29d ago,[],"{""items"":[{""name"":""apples, red delicious, with skin, raw"",""quantity"":100,""unit"":""g"",""kcal"":62},{""name"":""nuts, almonds, whole, raw"",""quantity"":20,""unit"":""g"",""kcal"":117}],""totalKcal"":179,""mealType"":""unknown"",""timeOffset"":""-P29D""}",multi-food-data.csv:000276
multi-food-data.csv:000277,2% milk 2 cups + g100 red delicious apple,[],"{""items"":[{""name"":""milk, reduced fat, fluid, 2% milkfat, with added vitamin a and vitamin d"",""quantity"":2,""unit"":""cup"",""kcal"":227},{""name"":""apples, red delicious, with skin, raw"",""quantity"":100,""unit"":""g"",""kcal"":62}],""totalKcal"":289,""mealType"":""unknown"",""timeOffset"":""PT0M""}",multi-food-data.csv:000277
multi-food-data.csv:000278,cup1 whole milk + 150 gr red delicious apple -22h,[],"{""items"":[{""name"":""milk, whole, 3.25% milkfat, with added vitamin d"",""quantity"":1,""unit"":""cup"",""kcal"":137},{""name"":""apples, red delicious, with skin, raw"",""quantity"":150,""unit"":""g"",""kcal"":93}],""totalKcal"":230,""mealType"":""unknown"",""timeOffset"":""-PT22H""}",multi-food-data.csv:000278
multi-food-data.csv:000279,whole milk 2 cups + g200 raspberries breakfast,[],"{""items"":[{""name"":""milk, whole, 3.25% milkfat, with added vitamin d"",""quantity"":2,""unit"":""cup"",""kcal"":275},{""name"":""raspberries, raw"",""quantity"":200,""unit"":""g"",""kcal"":103}],""totalKcal"":378,""mealType"":""breakfast"",""timeOffset"":""PT0M""}",multi-food-data.csv:000279
multi-food-data.csv:000280,ate 150 g blueberries + 15 grams whole raw almonds bf,[],"{""items"":[{""name"":""blueberries, raw"",""quantity"":150,""unit"":""g"",""kcal"":86},{""name"":""nuts, almonds, whole, raw"",""quantity"":15,""unit"":""g"",""kcal"":88}],""totalKcal"":174,""mealType"":""breakfast"",""timeOffset"":""PT0M""}",multi-food-data.csv:000280
multi-food-data.csv:000281,100 grams strawberries + whole raw almonds 30 g,[],"{""items"":[{""name"":""strawberries, raw"",""quantity"":100,""unit"":""g"",""kcal"":31},{""name"":""nuts, almonds, whole, raw"",""quantity"":30,""unit"":""g"",""kcal"":175}],""totalKcal"":206,""mealType"":""unknown"",""timeOffset"":""PT0M""}",multi-food-data.csv:000281
multi-food-data.csv:000282,cooked skinless boneless chicken breast piece1 + raw cucumber with peel 50 grams tomorrow,[],"{""items"":[{""name"":""chicken, broiler or fryers, breast, skinless, boneless, meat only, cooked, braised"",""quantity"":1,""unit"":""piece"",""kcal"":289},{""name"":""cucumber, with peel, raw"",""quantity"":50,""unit"":""g"",""kcal"":7}],""totalKcal"":296,""mealType"":""unknown"",""timeOffset"":""P1D""}",multi-food-data.csv:000282
multi-food-data.csv:000283,g50 raw cucumber with peel + cooked meat-only chicken drumstick 200 gr dinner -7d,[],"{""items"":[{""name"":""cucumber, with peel, raw"",""quantity"":50,""unit"":""g"",""kcal"":7},{""name"":""chicken, broilers or fryers, drumstick, meat only, cooked, braised"",""quantity"":200,""unit"":""g"",""kcal"":312}],""totalKcal"":319,""mealType"":""dinner"",""timeOffset"":""-P7D""}",multi-food-data.csv:000283
multi-food-data.csv:000284,ate red delicious apple 200 gr + raw peanuts 15 gr,[],"{""items"":[{""name"":""apples, red delicious, with skin, raw"",""quantity"":200,""unit"":""g"",""kcal"":124},{""name"":""peanuts, raw"",""quantity"":15,""unit"":""g"",""kcal"":83}],""totalKcal"":207,""mealType"":""unknown"",""timeOffset"":""PT0M""}",multi-food-data.csv:000284
multi-food-data.csv:000285,cooked meat-only chicken drumstick 150 g + raw roma tomato 100 grams,[],"{""items"":[{""name"":""chicken, broilers or fryers, drumstick, meat only, cooked, braised"",""quantity"":150,""unit"":""g"",""kcal"":234},{""name"":""tomato, roma"",""quantity"":100,""unit"":""g"",""kcal"":19}],""totalKcal"":253,""mealType"":""unknown"",""timeOffset"":""PT0M""}",multi-food-data.csv:000285
multi-food-data.csv:000286,cooked skinless boneless chicken breast piece1 + raw roma tomato 150 g kcal317,[],"{""items"":[{""name"":""chicken, broiler or fryers, breast, skinless, boneless, meat only, cooked, braised"",""quantity"":1,""unit"":""piece"",""kcal"":289},{""name"":""tomato, roma"",""quantity"":150,""unit"":""g"",""kcal"":28}],""totalKcal"":317,""mealType"":""unknown"",""timeOffset"":""PT0M""}",multi-food-data.csv:000286
multi-food-data.csv:000287,g50 raw romaine lettuce + 200 grams cooked meat-only chicken drumstick lunch 14d ago,[],"{""items"":[{""name"":""lettuce, romaine, green, raw"",""quantity"":50,""unit"":""g"",""kcal"":9},{""name"":""chicken, broilers or fryers, drumstick, meat only, cooked, braised"",""quantity"":200,""unit"":""g"",""kcal"":312}],""totalKcal"":321,""mealType"":""lunch"",""timeOffset"":""-P14D""}",multi-food-data.csv:000287
multi-food-data.csv:000288,red delicious apple 150 g + g30 raw english walnut halves kcal297 breakfast 14d ago,[],"{""items"":[{""name"":""apples, red delicious, with skin, raw"",""quantity"":150,""unit"":""g"",""kcal"":93},{""name"":""nuts, walnuts, english, halves, raw"",""quantity"":30,""unit"":""g"",""kcal"":204}],""totalKcal"":297,""mealType"":""breakfast"",""timeOffset"":""-P14D""}",multi-food-data.csv:000288
multi-food-data.csv:000289,ate cooked meat-only chicken drumstick 100 grams + 100 gr raw cucumber with peel dinner 20h ago,[],"{""items"":[{""name"":""chicken, broilers or fryers, drumstick, meat only, cooked, braised"",""quantity"":100,""unit"":""g"",""kcal"":156},{""name"":""cucumber, with peel, raw"",""quantity"":100,""unit"":""g"",""kcal"":14}],""totalKcal"":170,""mealType"":""dinner"",""timeOffset"":""-PT20H""}",multi-food-data.csv:000289
multi-food-data.csv:000290,150 grams raspberries + 30 g raw peanuts ln -12h,[],"{""items"":[{""name"":""raspberries, raw"",""quantity"":150,""unit"":""g"",""kcal"":77},{""name"":""peanuts, raw"",""quantity"":30,""unit"":""g"",""kcal"":165}],""totalKcal"":242,""mealType"":""late_night"",""timeOffset"":""-PT12H""}",multi-food-data.csv:000290
multi-food-data.csv:000291,red delicious apple 150 grams + whole raw almonds g30 268 cal bf +1d,[],"{""items"":[{""name"":""apples, red delicious, with skin, raw"",""quantity"":150,""unit"":""g"",""kcal"":93},{""name"":""nuts, almonds, whole, raw"",""quantity"":30,""unit"":""g"",""kcal"":175}],""totalKcal"":268,""mealType"":""breakfast"",""timeOffset"":""P1D""}",multi-food-data.csv:000291
multi-food-data.csv:000292,chinese fried rice without meat 1cup + sweet and sour pork 6piece 24d ago,[],"{""items"":[{""name"":""restaurant, chinese, fried rice, without meat"",""quantity"":1,""unit"":""cup"",""kcal"":231},{""name"":""restaurant, chinese, sweet and sour pork"",""quantity"":6,""unit"":""piece"",""kcal"":217}],""totalKcal"":448,""mealType"":""unknown"",""timeOffset"":""-P24D""}",multi-food-data.csv:000292
multi-food-data.csv:000293,raspberries 200g + raw peanuts 15 grams -21d,[],"{""items"":[{""name"":""raspberries, raw"",""quantity"":200,""unit"":""g"",""kcal"":103},{""name"":""peanuts, raw"",""quantity"":15,""unit"":""g"",""kcal"":83}],""totalKcal"":186,""mealType"":""unknown"",""timeOffset"":""-P21D""}",multi-food-data.csv:000293
multi-food-data.csv:000294,red delicious apple 200 gr + raw english walnut halves 30 grams snack,[],"{""items"":[{""name"":""apples, red delicious, with skin, raw"",""quantity"":200,""unit"":""g"",""kcal"":124},{""name"":""nuts, walnuts, english, halves, raw"",""quantity"":30,""unit"":""g"",""kcal"":204}],""totalKcal"":328,""mealType"":""snack"",""timeOffset"":""PT0M""}",multi-food-data.csv:000294
multi-food-data.csv:000295,ate 150g cooked meat-only chicken drumstick + 100 g raw cucumber with peel dinner -7h,[],"{""items"":[{""name"":""chicken, broilers or fryers, drumstick, meat only, cooked, braised"",""quantity"":150,""unit"":""g"",""kcal"":234},{""name"":""cucumber, with peel, raw"",""quantity"":100,""unit"":""g"",""kcal"":14}],""totalKcal"":248,""mealType"":""dinner"",""timeOffset"":""-PT7H""}",multi-food-data.csv:000295
multi-food-data.csv:000296,ate 200g blueberries + raw peanuts 15 g snack,[],"{""items"":[{""name"":""blueberries, raw"",""quantity"":200,""unit"":""g"",""kcal"":115},{""name"":""peanuts, raw"",""quantity"":15,""unit"":""g"",""kcal"":83}],""totalKcal"":198,""mealType"":""snack"",""timeOffset"":""PT0M""}",multi-food-data.csv:000296
multi-food-data.csv:000297,red delicious apple 150 g + raw english walnut halves 20g snack,[],"{""items"":[{""name"":""apples, red delicious, with skin, raw"",""quantity"":150,""unit"":""g"",""kcal"":93},{""name"":""nuts, walnuts, english, halves, raw"",""quantity"":20,""unit"":""g"",""kcal"":136}],""totalKcal"":229,""mealType"":""snack"",""timeOffset"":""PT0M""}",multi-food-data.csv:000297
multi-food-data.csv:000298,ate 2% milk 2 cups + raspberries 150 gr -22d,[],"{""items"":[{""name"":""milk, reduced fat, fluid, 2% milkfat, with added vitamin a and vitamin d"",""quantity"":2,""unit"":""cup"",""kcal"":227},{""name"":""raspberries, raw"",""quantity"":150,""unit"":""g"",""kcal"":77}],""totalKcal"":304,""mealType"":""unknown"",""timeOffset"":""-P22D""}",multi-food-data.csv:000298
multi-food-data.csv:000299,100 g blueberries + 20 gr raw english walnut halves 22d ago,[],"{""items"":[{""name"":""blueberries, raw"",""quantity"":100,""unit"":""g"",""kcal"":57},{""name"":""nuts, walnuts, english, halves, raw"",""quantity"":20,""unit"":""g"",""kcal"":136}],""totalKcal"":193,""mealType"":""unknown"",""timeOffset"":""-P22D""}",multi-food-data.csv:000299
multi-food-data.csv:000300,cooked meat-only chicken drumstick 200 grams + 150 g raw romaine lettuce lunch -16h,[],"{""items"":[{""name"":""chicken, broilers or fryers, drumstick, meat only, cooked, braised"",""quantity"":200,""unit"":""g"",""kcal"":312},{""name"":""lettuce, romaine, green, raw"",""quantity"":150,""unit"":""g"",""kcal"":26}],""totalKcal"":338,""mealType"":""lunch"",""timeOffset"":""-PT16H""}",multi-food-data.csv:000300
multi-food-data.csv:000301,cooked skinless boneless chicken breast 2piece + 100g raw cucumber with peel dinner tmr,[],"{""items"":[{""name"":""chicken, broiler or fryers, breast, skinless, boneless, meat only, cooked, braised"",""quantity"":2,""unit"":""piece"",""kcal"":578},{""name"":""cucumber, with peel, raw"",""quantity"":100,""unit"":""g"",""kcal"":14}],""totalKcal"":592,""mealType"":""dinner"",""timeOffset"":""P1D""}",multi-food-data.csv:000301
multi-food-data.csv:000302,raspberries 100g + raw english walnut halves 30g 255kcal snack tomorrow,[],"{""items"":[{""name"":""raspberries, raw"",""quantity"":100,""unit"":""g"",""kcal"":51},{""name"":""nuts, walnuts, english, halves, raw"",""quantity"":30,""unit"":""g"",""kcal"":204}],""totalKcal"":255,""mealType"":""snack"",""timeOffset"":""P1D""}",multi-food-data.csv:000302
multi-food-data.csv:000303,100g red delicious apple + raw english walnut halves g30 266kcal snack 20h ago,[],"{""items"":[{""name"":""apples, red delicious, with skin, raw"",""quantity"":100,""unit"":""g"",""kcal"":62},{""name"":""nuts, walnuts, english, halves, raw"",""quantity"":30,""unit"":""g"",""kcal"":204}],""totalKcal"":266,""mealType"":""snack"",""timeOffset"":""-PT20H""}",multi-food-data.csv:000303
multi-food-data.csv:000304,100 gr raw roma tomato + cooked skinless boneless chicken breast 2piece dinner,[],"{""items"":[{""name"":""tomato, roma"",""quantity"":100,""unit"":""g"",""kcal"":19},{""name"":""chicken, broiler or fryers, breast, skinless, boneless, meat only, cooked, braised"",""quantity"":2,""unit"":""piece"",""kcal"":578}],""totalKcal"":597,""mealType"":""dinner"",""timeOffset"":""PT0M""}",multi-food-data.csv:000304
multi-food-data.csv:000305,150 gr blueberries + raw peanuts g30 251kcal bf,[],"{""items"":[{""name"":""blueberries, raw"",""quantity"":150,""unit"":""g"",""kcal"":86},{""name"":""peanuts, raw"",""quantity"":30,""unit"":""g"",""kcal"":165}],""totalKcal"":251,""mealType"":""breakfast"",""timeOffset"":""PT0M""}",multi-food-data.csv:000305
multi-food-data.csv:000306,raspberries 150g + raw english walnut halves 20 gr breakfast,[],"{""items"":[{""name"":""raspberries, raw"",""quantity"":150,""unit"":""g"",""kcal"":77},{""name"":""nuts, walnuts, english, halves, raw"",""quantity"":20,""unit"":""g"",""kcal"":136}],""totalKcal"":213,""mealType"":""breakfast"",""timeOffset"":""PT0M""}",multi-food-data.csv:000306
multi-food-data.csv:000307,ate blueberries 100 g + 30 grams whole raw almonds breakfast -29d,[],"{""items"":[{""name"":""blueberries, raw"",""quantity"":100,""unit"":""g"",""kcal"":57},{""name"":""nuts, almonds, whole, raw"",""quantity"":30,""unit"":""g"",""kcal"":175}],""totalKcal"":232,""mealType"":""breakfast"",""timeOffset"":""-P29D""}",multi-food-data.csv:000307
multi-food-data.csv:000308,2% milk cup1 + strawberries 100 grams snack 19d ago,[],"{""items"":[{""name"":""milk, reduced fat, fluid, 2% milkfat, with added vitamin a and vitamin d"",""quantity"":1,""unit"":""cup"",""kcal"":114},{""name"":""strawberries, raw"",""quantity"":100,""unit"":""g"",""kcal"":31}],""totalKcal"":145,""mealType"":""snack"",""timeOffset"":""-P19D""}",multi-food-data.csv:000308
multi-food-data.csv:000309,raspberries 150 grams + 2 cups whole milk 352 cal snack,[],"{""items"":[{""name"":""raspberries, raw"",""quantity"":150,""unit"":""g"",""kcal"":77},{""name"":""milk, whole, 3.25% milkfat, with added vitamin d"",""quantity"":2,""unit"":""cup"",""kcal"":275}],""totalKcal"":352,""mealType"":""snack"",""timeOffset"":""PT0M""}",multi-food-data.csv:000309
multi-food-data.csv:000310,red delicious apple 100 g + whole raw almonds 15 gr snack,[],"{""items"":[{""name"":""apples, red delicious, with skin, raw"",""quantity"":100,""unit"":""g"",""kcal"":62},{""name"":""nuts, almonds, whole, raw"",""quantity"":15,""unit"":""g"",""kcal"":88}],""totalKcal"":150,""mealType"":""snack"",""timeOffset"":""PT0M""}",multi-food-data.csv:000310
multi-food-data.csv:000311,ate blueberries 150 grams + raw english walnut halves 20 g snack,[],"{""items"":[{""name"":""blueberries, raw"",""quantity"":150,""unit"":""g"",""kcal"":86},{""name"":""nuts, walnuts, english, halves, raw"",""quantity"":20,""unit"":""g"",""kcal"":136}],""totalKcal"":222,""mealType"":""snack"",""timeOffset"":""PT0M""}",multi-food-data.csv:000311
multi-food-data.csv:000312,ate g150 strawberries + raw peanuts 30 gr ln -28d,[],"{""items"":[{""name"":""strawberries, raw"",""quantity"":150,""unit"":""g"",""kcal"":47},{""name"":""peanuts, raw"",""quantity"":30,""unit"":""g"",""kcal"":165}],""totalKcal"":212,""mealType"":""late_night"",""timeOffset"":""-P28D""}",multi-food-data.csv:000312
multi-food-data.csv:000313,cooked skinless boneless chicken breast 1piece + raw romaine lettuce 100 g lunch,[],"{""items"":[{""name"":""chicken, broiler or fryers, breast, skinless, boneless, meat only, cooked, braised"",""quantity"":1,""unit"":""piece"",""kcal"":289},{""name"":""lettuce, romaine, green, raw"",""quantity"":100,""unit"":""g"",""kcal"":17}],""totalKcal"":306,""mealType"":""lunch"",""timeOffset"":""PT0M""}",multi-food-data.csv:000313
multi-food-data.csv:000314,1 cup 2% milk + 150g blueberries snack 23h ago,[],"{""items"":[{""name"":""milk, reduced fat, fluid, 2% milkfat, with added vitamin a and vitamin d"",""quantity"":1,""unit"":""cup"",""kcal"":114},{""name"":""blueberries, raw"",""quantity"":150,""unit"":""g"",""kcal"":86}],""totalKcal"":200,""mealType"":""snack"",""timeOffset"":""-PT23H""}",multi-food-data.csv:000314
multi-food-data.csv:000315,strawberries g150 + whole raw almonds 30 gr kcal222,[],"{""items"":[{""name"":""strawberries, raw"",""quantity"":150,""unit"":""g"",""kcal"":47},{""name"":""nuts, almonds, whole, raw"",""quantity"":30,""unit"":""g"",""kcal"":175}],""totalKcal"":222,""mealType"":""unknown"",""timeOffset"":""PT0M""}",multi-food-data.csv:000315
multi-food-data.csv:000316,100 grams strawberries + raw english walnut halves 15 g snack,[],"{""items"":[{""name"":""strawberries, raw"",""quantity"":100,""unit"":""g"",""kcal"":31},{""name"":""nuts, walnuts, english, halves, raw"",""quantity"":15,""unit"":""g"",""kcal"":102}],""totalKcal"":133,""mealType"":""snack"",""timeOffset"":""PT0M""}",multi-food-data.csv:000316
multi-food-data.csv:000317,150 g strawberries + 30 grams raw english walnut halves 251 cal ln 23d ago,[],"{""items"":[{""name"":""strawberries, raw"",""quantity"":150,""unit"":""g"",""kcal"":47},{""name"":""nuts, walnuts, english, halves, raw"",""quantity"":30,""unit"":""g"",""kcal"":204}],""totalKcal"":251,""mealType"":""late_night"",""timeOffset"":""-P23D""}",multi-food-data.csv:000317
multi-food-data.csv:000318,200 gr blueberries + g20 raw english walnut halves snack -23d,[],"{""items"":[{""name"":""blueberries, raw"",""quantity"":200,""unit"":""g"",""kcal"":115},{""name"":""nuts, walnuts, english, halves, raw"",""quantity"":20,""unit"":""g"",""kcal"":136}],""totalKcal"":251,""mealType"":""snack"",""timeOffset"":""-P23D""}",multi-food-data.csv:000318
multi-food-data.csv:000319,150 grams blueberries + raw english walnut halves 15 gr -14h,[],"{""items"":[{""name"":""blueberries, raw"",""quantity"":150,""unit"":""g"",""kcal"":86},{""name"":""nuts, walnuts, english, halves, raw"",""quantity"":15,""unit"":""g"",""kcal"":102}],""totalKcal"":188,""mealType"":""unknown"",""timeOffset"":""-PT14H""}",multi-food-data.csv:000319
multi-food-data.csv:000320,2% milk cup2 + strawberries g100 snack -22h,[],"{""items"":[{""name"":""milk, reduced fat, fluid, 2% milkfat, with added vitamin a and vitamin d"",""quantity"":2,""unit"":""cup"",""kcal"":227},{""name"":""strawberries, raw"",""quantity"":100,""unit"":""g"",""kcal"":31}],""totalKcal"":258,""mealType"":""snack"",""timeOffset"":""-PT22H""}",multi-food-data.csv:000320
multi-food-data.csv:000321,red delicious apple 200g + 20 grams whole raw almonds 241kcal snack,[],"{""items"":[{""name"":""apples, red delicious, with skin, raw"",""quantity"":200,""unit"":""g"",""kcal"":124},{""name"":""nuts, almonds, whole, raw"",""quantity"":20,""unit"":""g"",""kcal"":117}],""totalKcal"":241,""mealType"":""snack"",""timeOffset"":""PT0M""}",multi-food-data.csv:000321
multi-food-data.csv:000322,ate blueberries g100 + raw peanuts 30 g late night,[],"{""items"":[{""name"":""blueberries, raw"",""quantity"":100,""unit"":""g"",""kcal"":57},{""name"":""peanuts, raw"",""quantity"":30,""unit"":""g"",""kcal"":165}],""totalKcal"":222,""mealType"":""late_night"",""timeOffset"":""PT0M""}",multi-food-data.csv:000322
multi-food-data.csv:000323,raspberries 200g + 15 gr whole raw almonds late night,[],"{""items"":[{""name"":""raspberries, raw"",""quantity"":200,""unit"":""g"",""kcal"":103},{""name"":""nuts, almonds, whole, raw"",""quantity"":15,""unit"":""g"",""kcal"":88}],""totalKcal"":191,""mealType"":""late_night"",""timeOffset"":""PT0M""}",multi-food-data.csv:000323
multi-food-data.csv:000324,blueberries 100 gr + whole raw almonds 15 grams snack,[],"{""items"":[{""name"":""blueberries, raw"",""quantity"":100,""unit"":""g"",""kcal"":57},{""name"":""nuts, almonds, whole, raw"",""quantity"":15,""unit"":""g"",""kcal"":88}],""totalKcal"":145,""mealType"":""snack"",""timeOffset"":""PT0M""}",multi-food-data.csv:000324
multi-food-data.csv:000325,ate strawberries 200 gr + 20 gr raw peanuts kcal172 -20d,[],"{""items"":[{""name"":""strawberries, raw"",""quantity"":200,""unit"":""g"",""kcal"":62},{""name"":""peanuts, raw"",""quantity"":20,""unit"":""g"",""kcal"":110}],""totalKcal"":172,""mealType"":""unknown"",""timeOffset"":""-P20D""}",multi-food-data.csv:000325
multi-food-data.csv:000326,15 g raw english walnut halves + 150 grams red delicious apple,[],"{""items"":[{""name"":""nuts, walnuts, english, halves, raw"",""quantity"":15,""unit"":""g"",""kcal"":102},{""name"":""apples, red delicious, with skin, raw"",""quantity"":150,""unit"":""g"",""kcal"":93}],""totalKcal"":195,""mealType"":""unknown"",""timeOffset"":""PT0M""}",multi-food-data.csv:000326
multi-food-data.csv:000327,ate 200 grams blueberries + g30 raw english walnut halves,[],"{""items"":[{""name"":""blueberries, raw"",""quantity"":200,""unit"":""g"",""kcal"":115},{""name"":""nuts, walnuts, english, halves, raw"",""quantity"":30,""unit"":""g"",""kcal"":204}],""totalKcal"":319,""mealType"":""unknown"",""timeOffset"":""PT0M""}",multi-food-data.csv:000327
multi-food-data.csv:000328,raspberries 150 gr + 2% milk 1 cup 191kcal snack -19d,[],"{""items"":[{""name"":""raspberries, raw"",""quantity"":150,""unit"":""g"",""kcal"":77},{""name"":""milk, reduced fat, fluid, 2% milkfat, with added vitamin a and vitamin d"",""quantity"":1,""unit"":""cup"",""kcal"":114}],""totalKcal"":191,""mealType"":""snack"",""timeOffset"":""-P19D""}",multi-food-data.csv:000328
multi-food-data.csv:000329,blueberries 100 grams + 2% milk cup2 snack -16d,[],"{""items"":[{""name"":""blueberries, raw"",""quantity"":100,""unit"":""g"",""kcal"":57},{""name"":""milk, reduced fat, fluid, 2% milkfat, with added vitamin a and vitamin d"",""quantity"":2,""unit"":""cup"",""kcal"":227}],""totalKcal"":284,""mealType"":""snack"",""timeOffset"":""-P16D""}",multi-food-data.csv:000329
multi-food-data.csv:000330,1 cup 2% milk + strawberries 200g snack,[],"{""items"":[{""name"":""milk, reduced fat, fluid, 2% milkfat, with added vitamin a and vitamin d"",""quantity"":1,""unit"":""cup"",""kcal"":114},{""name"":""strawberries, raw"",""quantity"":200,""unit"":""g"",""kcal"":62}],""totalKcal"":176,""mealType"":""snack"",""timeOffset"":""PT0M""}",multi-food-data.csv:000330
multi-food-data.csv:000331,cup2 whole milk + red delicious apple 200 grams 399 cal,[],"{""items"":[{""name"":""milk, whole, 3.25% milkfat, with added vitamin d"",""quantity"":2,""unit"":""cup"",""kcal"":275},{""name"":""apples, red delicious, with skin, raw"",""quantity"":200,""unit"":""g"",""kcal"":124}],""totalKcal"":399,""mealType"":""unknown"",""timeOffset"":""PT0M""}",multi-food-data.csv:000331
multi-food-data.csv:000332,cooked meat-only chicken drumstick 150g + raw romaine lettuce 50 gr,[],"{""items"":[{""name"":""chicken, broilers or fryers, drumstick, meat only, cooked, braised"",""quantity"":150,""unit"":""g"",""kcal"":234},{""name"":""lettuce, romaine, green, raw"",""quantity"":50,""unit"":""g"",""kcal"":9}],""totalKcal"":243,""mealType"":""unknown"",""timeOffset"":""PT0M""}",multi-food-data.csv:000332
multi-food-data.csv:000333,150 g raspberries + raw peanuts 20 gr 22d ago,[],"{""items"":[{""name"":""raspberries, raw"",""quantity"":150,""unit"":""g"",""kcal"":77},{""name"":""peanuts, raw"",""quantity"":20,""unit"":""g"",""kcal"":110}],""totalKcal"":187,""mealType"":""unknown"",""timeOffset"":""-P22D""}",multi-food-data.csv:000333
multi-food-data.csv:000334,100 gr raspberries + 30 grams whole raw almonds -23d,[],"{""items"":[{""name"":""raspberries, raw"",""quantity"":100,""unit"":""g"",""kcal"":51},{""name"":""nuts, almonds, whole, raw"",""quantity"":30,""unit"":""g"",""kcal"":175}],""totalKcal"":226,""mealType"":""unknown"",""timeOffset"":""-P23D""}",multi-food-data.csv:000334
multi-food-data.csv:000335,raspberries 200 grams + raw peanuts 30g,[],"{""items"":[{""name"":""raspberries, raw"",""quantity"":200,""unit"":""g"",""kcal"":103},{""name"":""peanuts, raw"",""quantity"":30,""unit"":""g"",""kcal"":165}],""totalKcal"":268,""mealType"":""unknown"",""timeOffset"":""PT0M""}",multi-food-data.csv:000335
multi-food-data.csv:000336,200 g blueberries + raw peanuts 20 gr snack,[],"{""items"":[{""name"":""blueberries, raw"",""quantity"":200,""unit"":""g"",""kcal"":115},{""name"":""peanuts, raw"",""quantity"":20,""unit"":""g"",""kcal"":110}],""totalKcal"":225,""mealType"":""snack"",""timeOffset"":""PT0M""}",multi-food-data.csv:000336
multi-food-data.csv:000337,ate 150 gr raspberries + raw english walnut halves 30 grams 10h ago,[],"{""items"":[{""name"":""raspberries, raw"",""quantity"":150,""unit"":""g"",""kcal"":77},{""name"":""nuts, walnuts, english, halves, raw"",""quantity"":30,""unit"":""g"",""kcal"":204}],""totalKcal"":281,""mealType"":""unknown"",""timeOffset"":""-PT10H""}",multi-food-data.csv:000337
multi-food-data.csv:000338,cooked meat-only chicken drumstick g100 + raw cucumber with peel 150 grams dinner 8d ago,[],"{""items"":[{""name"":""chicken, broilers or fryers, drumstick, meat only, cooked, braised"",""quantity"":100,""unit"":""g"",""kcal"":156},{""name"":""cucumber, with peel, raw"",""quantity"":150,""unit"":""g"",""kcal"":21}],""totalKcal"":177,""mealType"":""dinner"",""timeOffset"":""-P8D""}",multi-food-data.csv:000338
multi-food-data.csv:000339,ate 2 cups whole milk + red delicious apple g100,[],"{""items"":[{""name"":""milk, whole, 3.25% milkfat, with added vitamin d"",""quantity"":2,""unit"":""cup"",""kcal"":275},{""name"":""apples, red delicious, with skin, raw"",""quantity"":100,""unit"":""g"",""kcal"":62}],""totalKcal"":337,""mealType"":""unknown"",""timeOffset"":""PT0M""}",multi-food-data.csv:000339
multi-food-data.csv:000340,2piece cooked skinless boneless chicken breast + raw roma tomato 50 g 587kcal dinner 30d ago,[],"{""items"":[{""name"":""chicken, broiler or fryers, breast, skinless, boneless, meat only, cooked, braised"",""quantity"":2,""unit"":""piece"",""kcal"":578},{""name"":""tomato, roma"",""quantity"":50,""unit"":""g"",""kcal"":9}],""totalKcal"":587,""mealType"":""dinner"",""timeOffset"":""-P30D""}",multi-food-data.csv:000340
multi-food-data.csv:000341,200 gr raspberries + 30g whole raw almonds,[],"{""items"":[{""name"":""raspberries, raw"",""quantity"":200,""unit"":""g"",""kcal"":103},{""name"":""nuts, almonds, whole, raw"",""quantity"":30,""unit"":""g"",""kcal"":175}],""totalKcal"":278,""mealType"":""unknown"",""timeOffset"":""PT0M""}",multi-food-data.csv:000341
multi-food-data.csv:000342,ate 15 g raw peanuts + g150 red delicious apple late night,[],"{""items"":[{""name"":""peanuts, raw"",""quantity"":15,""unit"":""g"",""kcal"":83},{""name"":""apples, red delicious, with skin, raw"",""quantity"":150,""unit"":""g"",""kcal"":93}],""totalKcal"":176,""mealType"":""late_night"",""timeOffset"":""PT0M""}",multi-food-data.csv:000342
multi-food-data.csv:000343,150 gr blueberries + raw english walnut halves 30 g bf 13d ago,[],"{""items"":[{""name"":""blueberries, raw"",""quantity"":150,""unit"":""g"",""kcal"":86},{""name"":""nuts, walnuts, english, halves, raw"",""quantity"":30,""unit"":""g"",""kcal"":204}],""totalKcal"":290,""mealType"":""breakfast"",""timeOffset"":""-P13D""}",multi-food-data.csv:000343
multi-food-data.csv:000344,strawberries 200 grams + 15 gr raw peanuts,[],"{""items"":[{""name"":""strawberries, raw"",""quantity"":200,""unit"":""g"",""kcal"":62},{""name"":""peanuts, raw"",""quantity"":15,""unit"":""g"",""kcal"":83}],""totalKcal"":145,""mealType"":""unknown"",""timeOffset"":""PT0M""}",multi-food-data.csv:000344
multi-food-data.csv:000345,2cup whole milk + g150 blueberries bf,[],"{""items"":[{""name"":""milk, whole, 3.25% milkfat, with added vitamin d"",""quantity"":2,""unit"":""cup"",""kcal"":275},{""name"":""blueberries, raw"",""quantity"":150,""unit"":""g"",""kcal"":86}],""totalKcal"":361,""mealType"":""breakfast"",""timeOffset"":""PT0M""}",multi-food-data.csv:000345
multi-food-data.csv:000346,cooked skinless boneless chicken breast 2 pieces + raw romaine lettuce 50 g 587kcal dinner,[],"{""items"":[{""name"":""chicken, broiler or fryers, breast, skinless, boneless, meat only, cooked, braised"",""quantity"":2,""unit"":""piece"",""kcal"":578},{""name"":""lettuce, romaine, green, raw"",""quantity"":50,""unit"":""g"",""kcal"":9}],""totalKcal"":587,""mealType"":""dinner"",""timeOffset"":""PT0M""}",multi-food-data.csv:000346
multi-food-data.csv:000347,ate 1 piece cooked skinless boneless chicken breast + g150 raw cucumber with peel -15h,[],"{""items"":[{""name"":""chicken, broiler or fryers, breast, skinless, boneless, meat only, cooked, braised"",""quantity"":1,""unit"":""piece"",""kcal"":289},{""name"":""cucumber, with peel, raw"",""quantity"":150,""unit"":""g"",""kcal"":21}],""totalKcal"":310,""mealType"":""unknown"",""timeOffset"":""-PT15H""}",multi-food-data.csv:000347
multi-food-data.csv:000348,150 g strawberries + whole raw almonds 20 g snack,[],"{""items"":[{""name"":""strawberries, raw"",""quantity"":150,""unit"":""g"",""kcal"":47},{""name"":""nuts, almonds, whole, raw"",""quantity"":20,""unit"":""g"",""kcal"":117}],""totalKcal"":164,""mealType"":""snack"",""timeOffset"":""PT0M""}",multi-food-data.csv:000348
multi-food-data.csv:000349,150 grams strawberries + whole raw almonds 15 grams late night -5d,[],"{""items"":[{""name"":""strawberries, raw"",""quantity"":150,""unit"":""g"",""kcal"":47},{""name"":""nuts, almonds, whole, raw"",""quantity"":15,""unit"":""g"",""kcal"":88}],""totalKcal"":135,""mealType"":""late_night"",""timeOffset"":""-P5D""}",multi-food-data.csv:000349
multi-food-data.csv:000350,cooked meat-only chicken drumstick 150g + raw roma tomato 150g 4h ago,[],"{""items"":[{""name"":""chicken, broilers or fryers, drumstick, meat only, cooked, braised"",""quantity"":150,""unit"":""g"",""kcal"":234},{""name"":""tomato, roma"",""quantity"":150,""unit"":""g"",""kcal"":28}],""totalKcal"":262,""mealType"":""unknown"",""timeOffset"":""-PT4H""}",multi-food-data.csv:000350
multi-food-data.csv:000351,ate cup2 whole milk + blueberries 100g snack,[],"{""items"":[{""name"":""milk, whole, 3.25% milkfat, with added vitamin d"",""quantity"":2,""unit"":""cup"",""kcal"":275},{""name"":""blueberries, raw"",""quantity"":100,""unit"":""g"",""kcal"":57}],""totalKcal"":332,""mealType"":""snack"",""timeOffset"":""PT0M""}",multi-food-data.csv:000351
multi-food-data.csv:000352,ate cooked meat-only chicken drumstick 100 g + 50g raw romaine lettuce lunch,[],"{""items"":[{""name"":""chicken, broilers or fryers, drumstick, meat only, cooked, braised"",""quantity"":100,""unit"":""g"",""kcal"":156},{""name"":""lettuce, romaine, green, raw"",""quantity"":50,""unit"":""g"",""kcal"":9}],""totalKcal"":165,""mealType"":""lunch"",""timeOffset"":""PT0M""}",multi-food-data.csv:000352
multi-food-data.csv:000353,ate 2% milk cup1 + 100g raspberries,[],"{""items"":[{""name"":""milk, reduced fat, fluid, 2% milkfat, with added vitamin a and vitamin d"",""quantity"":1,""unit"":""cup"",""kcal"":114},{""name"":""raspberries, raw"",""quantity"":100,""unit"":""g"",""kcal"":51}],""totalKcal"":165,""mealType"":""unknown"",""timeOffset"":""PT0M""}",multi-food-data.csv:000353
multi-food-data.csv:000354,ate 100g strawberries + 15 grams whole raw almonds,[],"{""items"":[{""name"":""strawberries, raw"",""quantity"":100,""unit"":""g"",""kcal"":31},{""name"":""nuts, almonds, whole, raw"",""quantity"":15,""unit"":""g"",""kcal"":88}],""totalKcal"":119,""mealType"":""unknown"",""timeOffset"":""PT0M""}",multi-food-data.csv:000354
multi-food-data.csv:000355,ate strawberries 150 gr + raw peanuts 20 gr 157 cal,[],"{""items"":[{""name"":""strawberries, raw"",""quantity"":150,""unit"":""g"",""kcal"":47},{""name"":""peanuts, raw"",""quantity"":20,""unit"":""g"",""kcal"":110}],""totalKcal"":157,""mealType"":""unknown"",""timeOffset"":""PT0M""}",multi-food-data.csv:000355
multi-food-data.csv:000356,ate raspberries 100 g + 15 grams whole raw almonds 139kcal breakfast 30d ago,[],"{""items"":[{""name"":""raspberries, raw"",""quantity"":100,""unit"":""g"",""kcal"":51},{""name"":""nuts, almonds, whole, raw"",""quantity"":15,""unit"":""g"",""kcal"":88}],""totalKcal"":139,""mealType"":""breakfast"",""timeOffset"":""-P30D""}",multi-food-data.csv:000356
multi-food-data.csv:000357,100 g red delicious apple + g30 raw peanuts 27d ago,[],"{""items"":[{""name"":""apples, red delicious, with skin, raw"",""quantity"":100,""unit"":""g"",""kcal"":62},{""name"":""peanuts, raw"",""quantity"":30,""unit"":""g"",""kcal"":165}],""totalKcal"":227,""mealType"":""unknown"",""timeOffset"":""-P27D""}",multi-food-data.csv:000357
multi-food-data.csv:000358,1 cup 2% milk + 100 grams blueberries breakfast,[],"{""items"":[{""name"":""milk, reduced fat, fluid, 2% milkfat, with added vitamin a and vitamin d"",""quantity"":1,""unit"":""cup"",""kcal"":114},{""name"":""blueberries, raw"",""quantity"":100,""unit"":""g"",""kcal"":57}],""totalKcal"":171,""mealType"":""breakfast"",""timeOffset"":""PT0M""}",multi-food-data.csv:000358
multi-food-data.csv:000359,whole milk 1 cup + raspberries 150 grams snack,[],"{""items"":[{""name"":""milk, whole, 3.25% milkfat, with added vitamin d"",""quantity"":1,""unit"":""cup"",""kcal"":137},{""name"":""raspberries, raw"",""quantity"":150,""unit"":""g"",""kcal"":77}],""totalKcal"":214,""mealType"":""snack"",""timeOffset"":""PT0M""}",multi-food-data.csv:000359
multi-food-data.csv:000360,strawberries 100g + raw peanuts 20g kcal141 snack,[],"{""items"":[{""name"":""strawberries, raw"",""quantity"":100,""unit"":""g"",""kcal"":31},{""name"":""peanuts, raw"",""quantity"":20,""unit"":""g"",""kcal"":110}],""totalKcal"":141,""mealType"":""snack"",""timeOffset"":""PT0M""}",multi-food-data.csv:000360
multi-food-data.csv:000361,ate strawberries 100 gr + 20 grams raw english walnut halves,[],"{""items"":[{""name"":""strawberries, raw"",""quantity"":100,""unit"":""g"",""kcal"":31},{""name"":""nuts, walnuts, english, halves, raw"",""quantity"":20,""unit"":""g"",""kcal"":136}],""totalKcal"":167,""mealType"":""unknown"",""timeOffset"":""PT0M""}",multi-food-data.csv:000361
multi-food-data.csv:000362,g100 cooked meat-only chicken drumstick + raw roma tomato 100 g dinner -19d,[],"{""items"":[{""name"":""chicken, broilers or fryers, drumstick, meat only, cooked, braised"",""quantity"":100,""unit"":""g"",""kcal"":156},{""name"":""tomato, roma"",""quantity"":100,""unit"":""g"",""kcal"":19}],""totalKcal"":175,""mealType"":""dinner"",""timeOffset"":""-P19D""}",multi-food-data.csv:000362
multi-food-data.csv:000363,g30 raw english walnut halves + blueberries g100 ln tomorrow,[],"{""items"":[{""name"":""nuts, walnuts, english, halves, raw"",""quantity"":30,""unit"":""g"",""kcal"":204},{""name"":""blueberries, raw"",""quantity"":100,""unit"":""g"",""kcal"":57}],""totalKcal"":261,""mealType"":""late_night"",""timeOffset"":""P1D""}",multi-food-data.csv:000363
multi-food-data.csv:000364,100 gr blueberries + raw peanuts 15g snack -15h,[],"{""items"":[{""name"":""blueberries, raw"",""quantity"":100,""unit"":""g"",""kcal"":57},{""name"":""peanuts, raw"",""quantity"":15,""unit"":""g"",""kcal"":83}],""totalKcal"":140,""mealType"":""snack"",""timeOffset"":""-PT15H""}",multi-food-data.csv:000364
multi-food-data.csv:000365,ate 200g raspberries + g30 raw english walnut halves,[],"{""items"":[{""name"":""raspberries, raw"",""quantity"":200,""unit"":""g"",""kcal"":103},{""name"":""nuts, walnuts, english, halves, raw"",""quantity"":30,""unit"":""g"",""kcal"":204}],""totalKcal"":307,""mealType"":""unknown"",""timeOffset"":""PT0M""}",multi-food-data.csv:000365
multi-food-data.csv:000366,blueberries 200 gr + raw peanuts 30 g snack,[],"{""items"":[{""name"":""blueberries, raw"",""quantity"":200,""unit"":""g"",""kcal"":115},{""name"":""peanuts, raw"",""quantity"":30,""unit"":""g"",""kcal"":165}],""totalKcal"":280,""mealType"":""snack"",""timeOffset"":""PT0M""}",multi-food-data.csv:000366
multi-food-data.csv:000367,ate blueberries g200 + g15 whole raw almonds,[],"{""items"":[{""name"":""blueberries, raw"",""quantity"":200,""unit"":""g"",""kcal"":115},{""name"":""nuts, almonds, whole, raw"",""quantity"":15,""unit"":""g"",""kcal"":88}],""totalKcal"":203,""mealType"":""unknown"",""timeOffset"":""PT0M""}",multi-food-data.csv:000367
multi-food-data.csv:000368,2cup 2% milk + strawberries 200 gr bf,[],"{""items"":[{""name"":""milk, reduced fat, fluid, 2% milkfat, with added vitamin a and vitamin d"",""quantity"":2,""unit"":""cup"",""kcal"":227},{""name"":""strawberries, raw"",""quantity"":200,""unit"":""g"",""kcal"":62}],""totalKcal"":289,""mealType"":""breakfast"",""timeOffset"":""PT0M""}",multi-food-data.csv:000368
multi-food-data.csv:000369,200 gr strawberries + whole raw almonds 30 gr 237 cal snack -5h,[],"{""items"":[{""name"":""strawberries, raw"",""quantity"":200,""unit"":""g"",""kcal"":62},{""name"":""nuts, almonds, whole, raw"",""quantity"":30,""unit"":""g"",""kcal"":175}],""totalKcal"":237,""mealType"":""snack"",""timeOffset"":""-PT5H""}",multi-food-data.csv:000369
multi-food-data.csv:000370,ate 200 g red delicious apple + raw peanuts 30 grams snack,[],"{""items"":[{""name"":""apples, red delicious, with skin, raw"",""quantity"":200,""unit"":""g"",""kcal"":124},{""name"":""peanuts, raw"",""quantity"":30,""unit"":""g"",""kcal"":165}],""totalKcal"":289,""mealType"":""snack"",""timeOffset"":""PT0M""}",multi-food-data.csv:000370
multi-food-data.csv:000371,ate cooked meat-only chicken drumstick 150g + g50 raw roma tomato 243kcal lunch,[],"{""items"":[{""name"":""chicken, broilers or fryers, drumstick, meat only, cooked, braised"",""quantity"":150,""unit"":""g"",""kcal"":234},{""name"":""tomato, roma"",""quantity"":50,""unit"":""g"",""kcal"":9}],""totalKcal"":243,""mealType"":""lunch"",""timeOffset"":""PT0M""}",multi-food-data.csv:000371
multi-food-data.csv:000372,ate 2 cups 2% milk + 150 grams blueberries 313kcal -8h,[],"{""items"":[{""name"":""milk, reduced fat, fluid, 2% milkfat, with added vitamin a and vitamin d"",""quantity"":2,""unit"":""cup"",""kcal"":227},{""name"":""blueberries, raw"",""quantity"":150,""unit"":""g"",""kcal"":86}],""totalKcal"":313,""mealType"":""unknown"",""timeOffset"":""-PT8H""}",multi-food-data.csv:000372
multi-food-data.csv:000373,raw cucumber with peel 150g + 200g cooked meat-only chicken drumstick lunch +1d,[],"{""items"":[{""name"":""cucumber, with peel, raw"",""quantity"":150,""unit"":""g"",""kcal"":21},{""name"":""chicken, broilers or fryers, drumstick, meat only, cooked, braised"",""quantity"":200,""unit"":""g"",""kcal"":312}],""totalKcal"":333,""mealType"":""lunch"",""timeOffset"":""P1D""}",multi-food-data.csv:000373
multi-food-data.csv:000374,150 g blueberries + 20 gr whole raw almonds,[],"{""items"":[{""name"":""blueberries, raw"",""quantity"":150,""unit"":""g"",""kcal"":86},{""name"":""nuts, almonds, whole, raw"",""quantity"":20,""unit"":""g"",""kcal"":117}],""totalKcal"":203,""mealType"":""unknown"",""timeOffset"":""PT0M""}",multi-food-data.csv:000374
multi-food-data.csv:000375,ate 150 gr cooked meat-only chicken drumstick + 150 gr raw cucumber with peel,[],"{""items"":[{""name"":""chicken, broilers or fryers, drumstick, meat only, cooked, braised"",""quantity"":150,""unit"":""g"",""kcal"":234},{""name"":""cucumber, with peel, raw"",""quantity"":150,""unit"":""g"",""kcal"":21}],""totalKcal"":255,""mealType"":""unknown"",""timeOffset"":""PT0M""}",multi-food-data.csv:000375
multi-food-data.csv:000376,raw peanuts 20g + raspberries g200 -16d,[],"{""items"":[{""name"":""peanuts, raw"",""quantity"":20,""unit"":""g"",""kcal"":110},{""name"":""raspberries, raw"",""quantity"":200,""unit"":""g"",""kcal"":103}],""totalKcal"":213,""mealType"":""unknown"",""timeOffset"":""-P16D""}",multi-food-data.csv:000376
multi-food-data.csv:000377,ate 2% milk 1 cup + red delicious apple 200 gr kcal238 snack,[],"{""items"":[{""name"":""milk, reduced fat, fluid, 2% milkfat, with added vitamin a and vitamin d"",""quantity"":1,""unit"":""cup"",""kcal"":114},{""name"":""apples, red delicious, with skin, raw"",""quantity"":200,""unit"":""g"",""kcal"":124}],""totalKcal"":238,""mealType"":""snack"",""timeOffset"":""PT0M""}",multi-food-data.csv:000377
multi-food-data.csv:000378,strawberries g150 + 2% milk cup2 kcal274 snack,[],"{""items"":[{""name"":""strawberries, raw"",""quantity"":150,""unit"":""g"",""kcal"":47},{""name"":""milk, reduced fat, fluid, 2% milkfat, with added vitamin a and vitamin d"",""quantity"":2,""unit"":""cup"",""kcal"":227}],""totalKcal"":274,""mealType"":""snack"",""timeOffset"":""PT0M""}",multi-food-data.csv:000378
multi-food-data.csv:000379,red delicious apple 100g + 1cup whole milk,[],"{""items"":[{""name"":""apples, red delicious, with skin, raw"",""quantity"":100,""unit"":""g"",""kcal"":62},{""name"":""milk, whole, 3.25% milkfat, with added vitamin d"",""quantity"":1,""unit"":""cup"",""kcal"":137}],""totalKcal"":199,""mealType"":""unknown"",""timeOffset"":""PT0M""}",multi-food-data.csv:000379
multi-food-data.csv:000380,ate 3 pieces sweet and sour pork + chinese fried rice without meat 2 cups -20h,[],"{""items"":[{""name"":""restaurant, chinese, sweet and sour pork"",""quantity"":3,""unit"":""piece"",""kcal"":109},{""name"":""restaurant, chinese, fried rice, without meat"",""quantity"":2,""unit"":""cup"",""kcal"":463}],""totalKcal"":572,""mealType"":""unknown"",""timeOffset"":""-PT20H""}",multi-food-data.csv:000380
multi-food-data.csv:000381,whole milk cup2 + 150 g strawberries 322kcal bf,[],"{""items"":[{""name"":""milk, whole, 3.25% milkfat, with added vitamin d"",""quantity"":2,""unit"":""cup"",""kcal"":275},{""name"":""strawberries, raw"",""quantity"":150,""unit"":""g"",""kcal"":47}],""totalKcal"":322,""mealType"":""breakfast"",""timeOffset"":""PT0M""}",multi-food-data.csv:000381
multi-food-data.csv:000382,ate 2piece cooked skinless boneless chicken breast + 100g raw romaine lettuce dinner,[],"{""items"":[{""name"":""chicken, broiler or fryers, breast, skinless, boneless, meat only, cooked, braised"",""quantity"":2,""unit"":""piece"",""kcal"":578},{""name"":""lettuce, romaine, green, raw"",""quantity"":100,""unit"":""g"",""kcal"":17}],""totalKcal"":595,""mealType"":""dinner"",""timeOffset"":""PT0M""}",multi-food-data.csv:000382
multi-food-data.csv:000383,2% milk 2cup + raspberries 200 grams breakfast,[],"{""items"":[{""name"":""milk, reduced fat, fluid, 2% milkfat, with added vitamin a and vitamin d"",""quantity"":2,""unit"":""cup"",""kcal"":227},{""name"":""raspberries, raw"",""quantity"":200,""unit"":""g"",""kcal"":103}],""totalKcal"":330,""mealType"":""breakfast"",""timeOffset"":""PT0M""}",multi-food-data.csv:000383
multi-food-data.csv:000384,whole milk 2cup + 150 grams red delicious apple 368kcal snack,[],"{""items"":[{""name"":""milk, whole, 3.25% milkfat, with added vitamin d"",""quantity"":2,""unit"":""cup"",""kcal"":275},{""name"":""apples, red delicious, with skin, raw"",""quantity"":150,""unit"":""g"",""kcal"":93}],""totalKcal"":368,""mealType"":""snack"",""timeOffset"":""PT0M""}",multi-food-data.csv:000384
multi-food-data.csv:000385,ate 2% milk 2cup + g200 red delicious apple,[],"{""items"":[{""name"":""milk, reduced fat, fluid, 2% milkfat, with added vitamin a and vitamin d"",""quantity"":2,""unit"":""cup"",""kcal"":227},{""name"":""apples, red delicious, with skin, raw"",""quantity"":200,""unit"":""g"",""kcal"":124}],""totalKcal"":351,""mealType"":""unknown"",""timeOffset"":""PT0M""}",multi-food-data.csv:000385
multi-food-data.csv:000386,ate 150 grams strawberries + cup1 2% milk snack 13d ago,[],"{""items"":[{""name"":""strawberries, raw"",""quantity"":150,""unit"":""g"",""kcal"":47},{""name"":""milk, reduced fat, fluid, 2% milkfat, with added vitamin a and vitamin d"",""quantity"":1,""unit"":""cup"",""kcal"":114}],""totalKcal"":161,""mealType"":""snack"",""timeOffset"":""-P13D""}",multi-food-data.csv:000386
multi-food-data.csv:000387,cooked skinless boneless chicken breast piece2 + raw romaine lettuce 150 grams,[],"{""items"":[{""name"":""chicken, broiler or fryers, breast, skinless, boneless, meat only, cooked, braised"",""quantity"":2,""unit"":""piece"",""kcal"":578},{""name"":""lettuce, romaine, green, raw"",""quantity"":150,""unit"":""g"",""kcal"":26}],""totalKcal"":604,""mealType"":""unknown"",""timeOffset"":""PT0M""}",multi-food-data.csv:000387
multi-food-data.csv:000388,cooked meat-only chicken drumstick g100 + raw romaine lettuce 150 gr lunch,[],"{""items"":[{""name"":""chicken, broilers or fryers, drumstick, meat only, cooked, braised"",""quantity"":100,""unit"":""g"",""kcal"":156},{""name"":""lettuce, romaine, green, raw"",""quantity"":150,""unit"":""g"",""kcal"":26}],""totalKcal"":182,""mealType"":""lunch"",""timeOffset"":""PT0M""}",multi-food-data.csv:000388
multi-food-data.csv:000389,red delicious apple g150 + raw peanuts 30 g snack,[],"{""items"":[{""name"":""apples, red delicious, with skin, raw"",""quantity"":150,""unit"":""g"",""kcal"":93},{""name"":""peanuts, raw"",""quantity"":30,""unit"":""g"",""kcal"":165}],""totalKcal"":258,""mealType"":""snack"",""timeOffset"":""PT0M""}",multi-food-data.csv:000389
multi-food-data.csv:000390,ate blueberries 150g + whole raw almonds 30 g ln,[],"{""items"":[{""name"":""blueberries, raw"",""quantity"":150,""unit"":""g"",""kcal"":86},{""name"":""nuts, almonds, whole, raw"",""quantity"":30,""unit"":""g"",""kcal"":175}],""totalKcal"":261,""mealType"":""late_night"",""timeOffset"":""PT0M""}",multi-food-data.csv:000390
multi-food-data.csv:000391,ate raspberries 200 grams + raw english walnut halves g20,[],"{""items"":[{""name"":""raspberries, raw"",""quantity"":200,""unit"":""g"",""kcal"":103},{""name"":""nuts, walnuts, english, halves, raw"",""quantity"":20,""unit"":""g"",""kcal"":136}],""totalKcal"":239,""mealType"":""unknown"",""timeOffset"":""PT0M""}",multi-food-data.csv:000391
multi-food-data.csv:000392,1 piece cooked skinless boneless chicken breast + 50 g raw roma tomato,[],"{""items"":[{""name"":""chicken, broiler or fryers, breast, skinless, boneless, meat only, cooked, braised"",""quantity"":1,""unit"":""piece"",""kcal"":289},{""name"":""tomato, roma"",""quantity"":50,""unit"":""g"",""kcal"":9}],""totalKcal"":298,""mealType"":""unknown"",""timeOffset"":""PT0M""}",multi-food-data.csv:000392
multi-food-data.csv:000393,g200 cooked meat-only chicken drumstick + 50 grams raw roma tomato dinner -20d,[],"{""items"":[{""name"":""chicken, broilers or fryers, drumstick, meat only, cooked, braised"",""quantity"":200,""unit"":""g"",""kcal"":312},{""name"":""tomato, roma"",""quantity"":50,""unit"":""g"",""kcal"":9}],""totalKcal"":321,""mealType"":""dinner"",""timeOffset"":""-P20D""}",multi-food-data.csv:000393
multi-food-data.csv:000394,2% milk 1cup + 200g blueberries 23h ago,[],"{""items"":[{""name"":""milk, reduced fat, fluid, 2% milkfat, with added vitamin a and vitamin d"",""quantity"":1,""unit"":""cup"",""kcal"":114},{""name"":""blueberries, raw"",""quantity"":200,""unit"":""g"",""kcal"":115}],""totalKcal"":229,""mealType"":""unknown"",""timeOffset"":""-PT23H""}",multi-food-data.csv:000394
multi-food-data.csv:000395,ate 1cup whole milk + g200 blueberries snack,[],"{""items"":[{""name"":""milk, whole, 3.25% milkfat, with added vitamin d"",""quantity"":1,""unit"":""cup"",""kcal"":137},{""name"":""blueberries, raw"",""quantity"":200,""unit"":""g"",""kcal"":115}],""totalKcal"":252,""mealType"":""snack"",""timeOffset"":""PT0M""}",multi-food-data.csv:000395
multi-food-data.csv:000396,blueberries 200g + raw english walnut halves 15 gr snack,[],"{""items"":[{""name"":""blueberries, raw"",""quantity"":200,""unit"":""g"",""kcal"":115},{""name"":""nuts, walnuts, english, halves, raw"",""quantity"":15,""unit"":""g"",""kcal"":102}],""totalKcal"":217,""mealType"":""snack"",""timeOffset"":""PT0M""}",multi-food-data.csv:000396
multi-food-data.csv:000397,whole milk 2cup + strawberries 200 g bf -17h,[],"{""items"":[{""name"":""milk, whole, 3.25% milkfat, with added vitamin d"",""quantity"":2,""unit"":""cup"",""kcal"":275},{""name"":""strawberries, raw"",""quantity"":200,""unit"":""g"",""kcal"":62}],""totalKcal"":337,""mealType"":""breakfast"",""timeOffset"":""-PT17H""}",multi-food-data.csv:000397
multi-food-data.csv:000398,ate 150 grams red delicious apple + raw peanuts 20g -26d,[],"{""items"":[{""name"":""apples, red delicious, with skin, raw"",""quantity"":150,""unit"":""g"",""kcal"":93},{""name"":""peanuts, raw"",""quantity"":20,""unit"":""g"",""kcal"":110}],""totalKcal"":203,""mealType"":""unknown"",""timeOffset"":""-P26D""}",multi-food-data.csv:000398
multi-food-data.csv:000399,200 gr cooked meat-only chicken drumstick + raw roma tomato 100 g dinner 3d ago,[],"{""items"":[{""name"":""chicken, broilers or fryers, drumstick, meat only, cooked, braised"",""quantity"":200,""unit"":""g"",""kcal"":312},{""name"":""tomato, roma"",""quantity"":100,""unit"":""g"",""kcal"":19}],""totalKcal"":331,""mealType"":""dinner"",""timeOffset"":""-P3D""}",multi-food-data.csv:000399
multi-food-data.csv:000400,ate 200 grams raspberries + g15 raw english walnut halves late night 26d ago,[],"{""items"":[{""name"":""raspberries, raw"",""quantity"":200,""unit"":""g"",""kcal"":103},{""name"":""nuts, walnuts, english, halves, raw"",""quantity"":15,""unit"":""g"",""kcal"":102}],""totalKcal"":205,""mealType"":""late_night"",""timeOffset"":""-P26D""}",multi-food-data.csv:000400
multi-food-data.csv:000401,g100 raspberries + whole raw almonds 20 g 168 cal tomorrow,[],"{""items"":[{""name"":""raspberries, raw"",""quantity"":100,""unit"":""g"",""kcal"":51},{""name"":""nuts, almonds, whole, raw"",""quantity"":20,""unit"":""g"",""kcal"":117}],""totalKcal"":168,""mealType"":""unknown"",""timeOffset"":""P1D""}",multi-food-data.csv:000401
multi-food-data.csv:000402,1 piece cooked skinless boneless chicken breast + raw roma tomato 100 gr dinner -16h,[],"{""items"":[{""name"":""chicken, broiler or fryers, breast, skinless, boneless, meat only, cooked, braised"",""quantity"":1,""unit"":""piece"",""kcal"":289},{""name"":""tomato, roma"",""quantity"":100,""unit"":""g"",""kcal"":19}],""totalKcal"":308,""mealType"":""dinner"",""timeOffset"":""-PT16H""}",multi-food-data.csv:000402
multi-food-data.csv:000403,ate cooked meat-only chicken drumstick 100 grams + raw roma tomato 50 grams dinner,[],"{""items"":[{""name"":""chicken, broilers or fryers, drumstick, meat only, cooked, braised"",""quantity"":100,""unit"":""g"",""kcal"":156},{""name"":""tomato, roma"",""quantity"":50,""unit"":""g"",""kcal"":9}],""totalKcal"":165,""mealType"":""dinner"",""timeOffset"":""PT0M""}",multi-food-data.csv:000403
multi-food-data.csv:000404,red delicious apple 200 g + raw english walnut halves 15 gr snack,[],"{""items"":[{""name"":""apples, red delicious, with skin, raw"",""quantity"":200,""unit"":""g"",""kcal"":124},{""name"":""nuts, walnuts, english, halves, raw"",""quantity"":15,""unit"":""g"",""kcal"":102}],""totalKcal"":226,""mealType"":""snack"",""timeOffset"":""PT0M""}",multi-food-data.csv:000404
multi-food-data.csv:000405,1 cup 2% milk + 150g red delicious apple bf,[],"{""items"":[{""name"":""milk, reduced fat, fluid, 2% milkfat, with added vitamin a and vitamin d"",""quantity"":1,""unit"":""cup"",""kcal"":114},{""name"":""apples, red delicious, with skin, raw"",""quantity"":150,""unit"":""g"",""kcal"":93}],""totalKcal"":207,""mealType"":""breakfast"",""timeOffset"":""PT0M""}",multi-food-data.csv:000405
multi-food-data.csv:000406,cooked meat-only chicken drumstick g200 + raw cucumber with peel 100 grams 6h ago,[],"{""items"":[{""name"":""chicken, broilers or fryers, drumstick, meat only, cooked, braised"",""quantity"":200,""unit"":""g"",""kcal"":312},{""name"":""cucumber, with peel, raw"",""quantity"":100,""unit"":""g"",""kcal"":14}],""totalKcal"":326,""mealType"":""unknown"",""timeOffset"":""-PT6H""}",multi-food-data.csv:000406
multi-food-data.csv:000407,whole milk 2 cups + 100g strawberries,[],"{""items"":[{""name"":""milk, whole, 3.25% milkfat, with added vitamin d"",""quantity"":2,""unit"":""cup"",""kcal"":275},{""name"":""strawberries, raw"",""quantity"":100,""unit"":""g"",""kcal"":31}],""totalKcal"":306,""mealType"":""unknown"",""timeOffset"":""PT0M""}",multi-food-data.csv:000407
multi-food-data.csv:000408,2cup chinese fried rice without meat + piece6 sweet and sour pork lunch,[],"{""items"":[{""name"":""restaurant, chinese, fried rice, without meat"",""quantity"":2,""unit"":""cup"",""kcal"":463},{""name"":""restaurant, chinese, sweet and sour pork"",""quantity"":6,""unit"":""piece"",""kcal"":217}],""totalKcal"":680,""mealType"":""lunch"",""timeOffset"":""PT0M""}",multi-food-data.csv:000408
multi-food-data.csv:000409,100 gr raspberries + 20g raw peanuts,[],"{""items"":[{""name"":""raspberries, raw"",""quantity"":100,""unit"":""g"",""kcal"":51},{""name"":""peanuts, raw"",""quantity"":20,""unit"":""g"",""kcal"":110}],""totalKcal"":161,""mealType"":""unknown"",""timeOffset"":""PT0M""}",multi-food-data.csv:000409
multi-food-data.csv:000410,g150 cooked meat-only chicken drumstick + 100 g raw romaine lettuce +1d,[],"{""items"":[{""name"":""chicken, broilers or fryers, drumstick, meat only, cooked, braised"",""quantity"":150,""unit"":""g"",""kcal"":234},{""name"":""lettuce, romaine, green, raw"",""quantity"":100,""unit"":""g"",""kcal"":17}],""totalKcal"":251,""mealType"":""unknown"",""timeOffset"":""P1D""}",multi-food-data.csv:000410
multi-food-data.csv:000411,ate 150 gr raspberries + raw english walnut halves 15 gr snack,[],"{""items"":[{""name"":""raspberries, raw"",""quantity"":150,""unit"":""g"",""kcal"":77},{""name"":""nuts, walnuts, english, halves, raw"",""quantity"":15,""unit"":""g"",""kcal"":102}],""totalKcal"":179,""mealType"":""snack"",""timeOffset"":""PT0M""}",multi-food-data.csv:000411
multi-food-data.csv:000412,100 gr raspberries + 30 grams raw peanuts bf,[],"{""items"":[{""name"":""raspberries, raw"",""quantity"":100,""unit"":""g"",""kcal"":51},{""name"":""peanuts, raw"",""quantity"":30,""unit"":""g"",""kcal"":165}],""totalKcal"":216,""mealType"":""breakfast"",""timeOffset"":""PT0M""}",multi-food-data.csv:000412
multi-food-data.csv:000413,150 g red delicious apple + 20g whole raw almonds snack,[],"{""items"":[{""name"":""apples, red delicious, with skin, raw"",""quantity"":150,""unit"":""g"",""kcal"":93},{""name"":""nuts, almonds, whole, raw"",""quantity"":20,""unit"":""g"",""kcal"":117}],""totalKcal"":210,""mealType"":""snack"",""timeOffset"":""PT0M""}",multi-food-data.csv:000413
multi-food-data.csv:000414,cooked skinless boneless chicken breast 2 pieces + raw roma tomato 150 grams dinner,[],"{""items"":[{""name"":""chicken, broiler or fryers, breast, skinless, boneless, meat only, cooked, braised"",""quantity"":2,""unit"":""piece"",""kcal"":578},{""name"":""tomato, roma"",""quantity"":150,""unit"":""g"",""kcal"":28}],""totalKcal"":606,""mealType"":""dinner"",""timeOffset"":""PT0M""}",multi-food-data.csv:000414
multi-food-data.csv:000415,150 grams strawberries + raw peanuts 15 grams -5d,[],"{""items"":[{""name"":""strawberries, raw"",""quantity"":150,""unit"":""g"",""kcal"":47},{""name"":""peanuts, raw"",""quantity"":15,""unit"":""g"",""kcal"":83}],""totalKcal"":130,""mealType"":""unknown"",""timeOffset"":""-P5D""}",multi-food-data.csv:000415
multi-food-data.csv:000416,2% milk cup1 + raspberries 200 grams snack,[],"{""items"":[{""name"":""milk, reduced fat, fluid, 2% milkfat, with added vitamin a and vitamin d"",""quantity"":1,""unit"":""cup"",""kcal"":114},{""name"":""raspberries, raw"",""quantity"":200,""unit"":""g"",""kcal"":103}],""totalKcal"":217,""mealType"":""snack"",""timeOffset"":""PT0M""}",multi-food-data.csv:000416
multi-food-data.csv:000417,1 piece cooked skinless boneless chicken breast + raw romaine lettuce g150 315 cal lunch,[],"{""items"":[{""name"":""chicken, broiler or fryers, breast, skinless, boneless, meat only, cooked, braised"",""quantity"":1,""unit"":""piece"",""kcal"":289},{""name"":""lettuce, romaine, green, raw"",""quantity"":150,""unit"":""g"",""kcal"":26}],""totalKcal"":315,""mealType"":""lunch"",""timeOffset"":""PT0M""}",multi-food-data.csv:000417
multi-food-data.csv:000418,ate 200 g red delicious apple + whole raw almonds g30 snack -2h,[],"{""items"":[{""name"":""apples, red delicious, with skin, raw"",""quantity"":200,""unit"":""g"",""kcal"":124},{""name"":""nuts, almonds, whole, raw"",""quantity"":30,""unit"":""g"",""kcal"":175}],""totalKcal"":299,""mealType"":""snack"",""timeOffset"":""-PT2H""}",multi-food-data.csv:000418
multi-food-data.csv:000419,100g raspberries + raw english walnut halves 20 gr late night,[],"{""items"":[{""name"":""raspberries, raw"",""quantity"":100,""unit"":""g"",""kcal"":51},{""name"":""nuts, walnuts, english, halves, raw"",""quantity"":20,""unit"":""g"",""kcal"":136}],""totalKcal"":187,""mealType"":""late_night"",""timeOffset"":""PT0M""}",multi-food-data.csv:000419
multi-food-data.csv:000420,blueberries 100 grams + whole raw almonds g20 snack,[],"{""items"":[{""name"":""blueberries, raw"",""quantity"":100,""unit"":""g"",""kcal"":57},{""name"":""nuts, almonds, whole, raw"",""quantity"":20,""unit"":""g"",""kcal"":117}],""totalKcal"":174,""mealType"":""snack"",""timeOffset"":""PT0M""}",multi-food-data.csv:000420
multi-food-data.csv:000421,200 grams strawberries + whole raw almonds 20 gr 179kcal snack,[],"{""items"":[{""name"":""strawberries, raw"",""quantity"":200,""unit"":""g"",""kcal"":62},{""name"":""nuts, almonds, whole, raw"",""quantity"":20,""unit"":""g"",""kcal"":117}],""totalKcal"":179,""mealType"":""snack"",""timeOffset"":""PT0M""}",multi-food-data.csv:000421
multi-food-data.csv:000422,200g strawberries + 20 gr raw english walnut halves bf -19d,[],"{""items"":[{""name"":""strawberries, raw"",""quantity"":200,""unit"":""g"",""kcal"":62},{""name"":""nuts, walnuts, english, halves, raw"",""quantity"":20,""unit"":""g"",""kcal"":136}],""totalKcal"":198,""mealType"":""breakfast"",""timeOffset"":""-P19D""}",multi-food-data.csv:000422
multi-food-data.csv:000423,cooked meat-only chicken drumstick g150 + 50 gr raw cucumber with peel 241kcal,[],"{""items"":[{""name"":""chicken, broilers or fryers, drumstick, meat only, cooked, braised"",""quantity"":150,""unit"":""g"",""kcal"":234},{""name"":""cucumber, with peel, raw"",""quantity"":50,""unit"":""g"",""kcal"":7}],""totalKcal"":241,""mealType"":""unknown"",""timeOffset"":""PT0M""}",multi-food-data.csv:000423
multi-food-data.csv:000424,1cup 2% milk + red delicious apple g100 +1d,[],"{""items"":[{""name"":""milk, reduced fat, fluid, 2% milkfat, with added vitamin a and vitamin d"",""quantity"":1,""unit"":""cup"",""kcal"":114},{""name"":""apples, red delicious, with skin, raw"",""quantity"":100,""unit"":""g"",""kcal"":62}],""totalKcal"":176,""mealType"":""unknown"",""timeOffset"":""P1D""}",multi-food-data.csv:000424
multi-food-data.csv:000425,200 grams blueberries + whole raw almonds 20 grams 232 cal,[],"{""items"":[{""name"":""blueberries, raw"",""quantity"":200,""unit"":""g"",""kcal"":115},{""name"":""nuts, almonds, whole, raw"",""quantity"":20,""unit"":""g"",""kcal"":117}],""totalKcal"":232,""mealType"":""unknown"",""timeOffset"":""PT0M""}",multi-food-data.csv:000425
multi-food-data.csv:000426,ate 100 gr red delicious apple + 15 gr raw english walnut halves ln,[],"{""items"":[{""name"":""apples, red delicious, with skin, raw"",""quantity"":100,""unit"":""g"",""kcal"":62},{""name"":""nuts, walnuts, english, halves, raw"",""quantity"":15,""unit"":""g"",""kcal"":102}],""totalKcal"":164,""mealType"":""late_night"",""timeOffset"":""PT0M""}",multi-food-data.csv:000426
multi-food-data.csv:000427,100 g red delicious apple + raw peanuts 20 g 14h ago,[],"{""items"":[{""name"":""apples, red delicious, with skin, raw"",""quantity"":100,""unit"":""g"",""kcal"":62},{""name"":""peanuts, raw"",""quantity"":20,""unit"":""g"",""kcal"":110}],""totalKcal"":172,""mealType"":""unknown"",""timeOffset"":""-PT14H""}",multi-food-data.csv:000427
multi-food-data.csv:000428,ate red delicious apple 100g + 20g raw english walnut halves -1h,[],"{""items"":[{""name"":""apples, red delicious, with skin, raw"",""quantity"":100,""unit"":""g"",""kcal"":62},{""name"":""nuts, walnuts, english, halves, raw"",""quantity"":20,""unit"":""g"",""kcal"":136}],""totalKcal"":198,""mealType"":""unknown"",""timeOffset"":""-PT1H""}",multi-food-data.csv:000428
multi-food-data.csv:000429,raspberries g150 + 15g raw peanuts snack,[],"{""items"":[{""name"":""raspberries, raw"",""quantity"":150,""unit"":""g"",""kcal"":77},{""name"":""peanuts, raw"",""quantity"":15,""unit"":""g"",""kcal"":83}],""totalKcal"":160,""mealType"":""snack"",""timeOffset"":""PT0M""}",multi-food-data.csv:000429
multi-food-data.csv:000430,cooked skinless boneless chicken breast 2piece + g50 raw cucumber with peel dinner 22d ago,[],"{""items"":[{""name"":""chicken, broiler or fryers, breast, skinless, boneless, meat only, cooked, braised"",""quantity"":2,""unit"":""piece"",""kcal"":578},{""name"":""cucumber, with peel, raw"",""quantity"":50,""unit"":""g"",""kcal"":7}],""totalKcal"":585,""mealType"":""dinner"",""timeOffset"":""-P22D""}",multi-food-data.csv:000430
multi-food-data.csv:000431,cup2 2% milk + red delicious apple g150 snack,[],"{""items"":[{""name"":""milk, reduced fat, fluid, 2% milkfat, with added vitamin a and vitamin d"",""quantity"":2,""unit"":""cup"",""kcal"":227},{""name"":""apples, red delicious, with skin, raw"",""quantity"":150,""unit"":""g"",""kcal"":93}],""totalKcal"":320,""mealType"":""snack"",""timeOffset"":""PT0M""}",multi-food-data.csv:000431
multi-food-data.csv:000432,ate red delicious apple 150 gr + 15 gr whole raw almonds 7h ago,[],"{""items"":[{""name"":""apples, red delicious, with skin, raw"",""quantity"":150,""unit"":""g"",""kcal"":93},{""name"":""nuts, almonds, whole, raw"",""quantity"":15,""unit"":""g"",""kcal"":88}],""totalKcal"":181,""mealType"":""unknown"",""timeOffset"":""-PT7H""}",multi-food-data.csv:000432
multi-food-data.csv:000433,cup1 whole milk + raspberries g200,[],"{""items"":[{""name"":""milk, whole, 3.25% milkfat, with added vitamin d"",""quantity"":1,""unit"":""cup"",""kcal"":137},{""name"":""raspberries, raw"",""quantity"":200,""unit"":""g"",""kcal"":103}],""totalKcal"":240,""mealType"":""unknown"",""timeOffset"":""PT0M""}",multi-food-data.csv:000433
multi-food-data.csv:000434,g200 strawberries + 15 grams raw english walnut halves +1d,[],"{""items"":[{""name"":""strawberries, raw"",""quantity"":200,""unit"":""g"",""kcal"":62},{""name"":""nuts, walnuts, english, halves, raw"",""quantity"":15,""unit"":""g"",""kcal"":102}],""totalKcal"":164,""mealType"":""unknown"",""timeOffset"":""P1D""}",multi-food-data.csv:000434
multi-food-data.csv:000435,1cup chinese fried rice without meat + 3 pieces sweet and sour pork lunch,[],"{""items"":[{""name"":""restaurant, chinese, fried rice, without meat"",""quantity"":1,""unit"":""cup"",""kcal"":231},{""name"":""restaurant, chinese, sweet and sour pork"",""quantity"":3,""unit"":""piece"",""kcal"":109}],""totalKcal"":340,""mealType"":""lunch"",""timeOffset"":""PT0M""}",multi-food-data.csv:000435
multi-food-data.csv:000436,whole milk cup1 + blueberries g150 bf 4d ago,[],"{""items"":[{""name"":""milk, whole, 3.25% milkfat, with added vitamin d"",""quantity"":1,""unit"":""cup"",""kcal"":137},{""name"":""blueberries, raw"",""quantity"":150,""unit"":""g"",""kcal"":86}],""totalKcal"":223,""mealType"":""breakfast"",""timeOffset"":""-P4D""}",multi-food-data.csv:000436
multi-food-data.csv:000437,200g cooked meat-only chicken drumstick + 100 gr raw romaine lettuce 329kcal lunch,[],"{""items"":[{""name"":""chicken, broilers or fryers, drumstick, meat only, cooked, braised"",""quantity"":200,""unit"":""g"",""kcal"":312},{""name"":""lettuce, romaine, green, raw"",""quantity"":100,""unit"":""g"",""kcal"":17}],""totalKcal"":329,""mealType"":""lunch"",""timeOffset"":""PT0M""}",multi-food-data.csv:000437
multi-food-data.csv:000438,ate 15g whole raw almonds + 150g raspberries,[],"{""items"":[{""name"":""nuts, almonds, whole, raw"",""quantity"":15,""unit"":""g"",""kcal"":88},{""name"":""raspberries, raw"",""quantity"":150,""unit"":""g"",""kcal"":77}],""totalKcal"":165,""mealType"":""unknown"",""timeOffset"":""PT0M""}",multi-food-data.csv:000438
multi-food-data.csv:000439,whole milk 1cup + strawberries 150 gr breakfast,[],"{""items"":[{""name"":""milk, whole, 3.25% milkfat, with added vitamin d"",""quantity"":1,""unit"":""cup"",""kcal"":137},{""name"":""strawberries, raw"",""quantity"":150,""unit"":""g"",""kcal"":47}],""totalKcal"":184,""mealType"":""breakfast"",""timeOffset"":""PT0M""}",multi-food-data.csv:000439
multi-food-data.csv:000440,blueberries 150 g + raw peanuts 15g 169kcal snack -13d,[],"{""items"":[{""name"":""blueberries, raw"",""quantity"":150,""unit"":""g"",""kcal"":86},{""name"":""peanuts, raw"",""quantity"":15,""unit"":""g"",""kcal"":83}],""totalKcal"":169,""mealType"":""snack"",""timeOffset"":""-P13D""}",multi-food-data.csv:000440
multi-food-data.csv:000441,cooked meat-only chicken drumstick 150 grams + 150 grams raw romaine lettuce lunch,[],"{""items"":[{""name"":""chicken, broilers or fryers, drumstick, meat only, cooked, braised"",""quantity"":150,""unit"":""g"",""kcal"":234},{""name"":""lettuce, romaine, green, raw"",""quantity"":150,""unit"":""g"",""kcal"":26}],""totalKcal"":260,""mealType"":""lunch"",""timeOffset"":""PT0M""}",multi-food-data.csv:000441
multi-food-data.csv:000442,100 gr raspberries + whole milk 1 cup snack -15h,[],"{""items"":[{""name"":""raspberries, raw"",""quantity"":100,""unit"":""g"",""kcal"":51},{""name"":""milk, whole, 3.25% milkfat, with added vitamin d"",""quantity"":1,""unit"":""cup"",""kcal"":137}],""totalKcal"":188,""mealType"":""snack"",""timeOffset"":""-PT15H""}",multi-food-data.csv:000442
multi-food-data.csv:000443,ate strawberries 150g + raw english walnut halves 15 grams bf,[],"{""items"":[{""name"":""strawberries, raw"",""quantity"":150,""unit"":""g"",""kcal"":47},{""name"":""nuts, walnuts, english, halves, raw"",""quantity"":15,""unit"":""g"",""kcal"":102}],""totalKcal"":149,""mealType"":""breakfast"",""timeOffset"":""PT0M""}",multi-food-data.csv:000443
multi-food-data.csv:000444,ate raw romaine lettuce 100g + g100 cooked meat-only chicken drumstick kcal173 dinner,[],"{""items"":[{""name"":""lettuce, romaine, green, raw"",""quantity"":100,""unit"":""g"",""kcal"":17},{""name"":""chicken, broilers or fryers, drumstick, meat only, cooked, braised"",""quantity"":100,""unit"":""g"",""kcal"":156}],""totalKcal"":173,""mealType"":""dinner"",""timeOffset"":""PT0M""}",multi-food-data.csv:000444
multi-food-data.csv:000445,red delicious apple g100 + raw peanuts 15 grams breakfast 17d ago,[],"{""items"":[{""name"":""apples, red delicious, with skin, raw"",""quantity"":100,""unit"":""g"",""kcal"":62},{""name"":""peanuts, raw"",""quantity"":15,""unit"":""g"",""kcal"":83}],""totalKcal"":145,""mealType"":""breakfast"",""timeOffset"":""-P17D""}",multi-food-data.csv:000445
multi-food-data.csv:000446,cooked skinless boneless chicken breast 1 piece + raw romaine lettuce 50 gr -13h,[],"{""items"":[{""name"":""chicken, broiler or fryers, breast, skinless, boneless, meat only, cooked, braised"",""quantity"":1,""unit"":""piece"",""kcal"":289},{""name"":""lettuce, romaine, green, raw"",""quantity"":50,""unit"":""g"",""kcal"":9}],""totalKcal"":298,""mealType"":""unknown"",""timeOffset"":""-PT13H""}",multi-food-data.csv:000446
multi-food-data.csv:000447,ate 1cup whole milk + red delicious apple 200 gr snack 1d ago,[],"{""items"":[{""name"":""milk, whole, 3.25% milkfat, with added vitamin d"",""quantity"":1,""unit"":""cup"",""kcal"":137},{""name"":""apples, red delicious, with skin, raw"",""quantity"":200,""unit"":""g"",""kcal"":124}],""totalKcal"":261,""mealType"":""snack"",""timeOffset"":""-P1D""}",multi-food-data.csv:000447
multi-food-data.csv:000448,cup2 whole milk + raspberries g100 snack 29d ago,[],"{""items"":[{""name"":""milk, whole, 3.25% milkfat, with added vitamin d"",""quantity"":2,""unit"":""cup"",""kcal"":275},{""name"":""raspberries, raw"",""quantity"":100,""unit"":""g"",""kcal"":51}],""totalKcal"":326,""mealType"":""snack"",""timeOffset"":""-P29D""}",multi-food-data.csv:000448
multi-food-data.csv:000449,raspberries g100 + 15 g raw peanuts late night,[],"{""items"":[{""name"":""raspberries, raw"",""quantity"":100,""unit"":""g"",""kcal"":51},{""name"":""peanuts, raw"",""quantity"":15,""unit"":""g"",""kcal"":83}],""totalKcal"":134,""mealType"":""late_night"",""timeOffset"":""PT0M""}",multi-food-data.csv:000449
multi-food-data.csv:000450,ate red delicious apple 200g + 20 gr raw english walnut halves 260 cal breakfast,[],"{""items"":[{""name"":""apples, red delicious, with skin, raw"",""quantity"":200,""unit"":""g"",""kcal"":124},{""name"":""nuts, walnuts, english, halves, raw"",""quantity"":20,""unit"":""g"",""kcal"":136}],""totalKcal"":260,""mealType"":""breakfast"",""timeOffset"":""PT0M""}",multi-food-data.csv:000450
multi-food-data.csv:000451,ate 200g red delicious apple + 20 grams raw peanuts late night -9h,[],"{""items"":[{""name"":""apples, red delicious, with skin, raw"",""quantity"":200,""unit"":""g"",""kcal"":124},{""name"":""peanuts, raw"",""quantity"":20,""unit"":""g"",""kcal"":110}],""totalKcal"":234,""mealType"":""late_night"",""timeOffset"":""-PT9H""}",multi-food-data.csv:000451
multi-food-data.csv:000452,2cup 2% milk + raspberries 100 grams kcal278 bf -21d,[],"{""items"":[{""name"":""milk, reduced fat, fluid, 2% milkfat, with added vitamin a and vitamin d"",""quantity"":2,""unit"":""cup"",""kcal"":227},{""name"":""raspberries, raw"",""quantity"":100,""unit"":""g"",""kcal"":51}],""totalKcal"":278,""mealType"":""breakfast"",""timeOffset"":""-P21D""}",multi-food-data.csv:000452
multi-food-data.csv:000453,cup1 whole milk + 100 grams strawberries,[],"{""items"":[{""name"":""milk, whole, 3.25% milkfat, with added vitamin d"",""quantity"":1,""unit"":""cup"",""kcal"":137},{""name"":""strawberries, raw"",""quantity"":100,""unit"":""g"",""kcal"":31}],""totalKcal"":168,""mealType"":""unknown"",""timeOffset"":""PT0M""}",multi-food-data.csv:000453
multi-food-data.csv:000454,strawberries 200 g + g30 raw peanuts snack -8h,[],"{""items"":[{""name"":""strawberries, raw"",""quantity"":200,""unit"":""g"",""kcal"":62},{""name"":""peanuts, raw"",""quantity"":30,""unit"":""g"",""kcal"":165}],""totalKcal"":227,""mealType"":""snack"",""timeOffset"":""-PT8H""}",multi-food-data.csv:000454
multi-food-data.csv:000455,ate g100 strawberries + 30 gr raw english walnut halves,[],"{""items"":[{""name"":""strawberries, raw"",""quantity"":100,""unit"":""g"",""kcal"":31},{""name"":""nuts, walnuts, english, halves, raw"",""quantity"":30,""unit"":""g"",""kcal"":204}],""totalKcal"":235,""mealType"":""unknown"",""timeOffset"":""PT0M""}",multi-food-data.csv:000455
multi-food-data.csv:000456,100 g strawberries + raw peanuts 15 g 114 cal breakfast 10h ago,[],"{""items"":[{""name"":""strawberries, raw"",""quantity"":100,""unit"":""g"",""kcal"":31},{""name"":""peanuts, raw"",""quantity"":15,""unit"":""g"",""kcal"":83}],""totalKcal"":114,""mealType"":""breakfast"",""timeOffset"":""-PT10H""}",multi-food-data.csv:000456
multi-food-data.csv:000457,g100 cooked meat-only chicken drumstick + 50g raw cucumber with peel dinner 16h ago,[],"{""items"":[{""name"":""chicken, broilers or fryers, drumstick, meat only, cooked, braised"",""quantity"":100,""unit"":""g"",""kcal"":156},{""name"":""cucumber, with peel, raw"",""quantity"":50,""unit"":""g"",""kcal"":7}],""totalKcal"":163,""mealType"":""dinner"",""timeOffset"":""-PT16H""}",multi-food-data.csv:000457
multi-food-data.csv:000458,ate 2cup 2% milk + 200 grams blueberries snack -2d,[],"{""items"":[{""name"":""milk, reduced fat, fluid, 2% milkfat, with added vitamin a and vitamin d"",""quantity"":2,""unit"":""cup"",""kcal"":227},{""name"":""blueberries, raw"",""quantity"":200,""unit"":""g"",""kcal"":115}],""totalKcal"":342,""mealType"":""snack"",""timeOffset"":""-P2D""}",multi-food-data.csv:000458
multi-food-data.csv:000459,2 pieces cooked skinless boneless chicken breast + raw cucumber with peel 150 grams tmr,[],"{""items"":[{""name"":""chicken, broiler or fryers, breast, skinless, boneless, meat only, cooked, braised"",""quantity"":2,""unit"":""piece"",""kcal"":578},{""name"":""cucumber, with peel, raw"",""quantity"":150,""unit"":""g"",""kcal"":21}],""totalKcal"":599,""mealType"":""unknown"",""timeOffset"":""P1D""}",multi-food-data.csv:000459
multi-food-data.csv:000460,ate raspberries 200 g + whole raw almonds 20 grams late night 3h ago,[],"{""items"":[{""name"":""raspberries, raw"",""quantity"":200,""unit"":""g"",""kcal"":103},{""name"":""nuts, almonds, whole, raw"",""quantity"":20,""unit"":""g"",""kcal"":117}],""totalKcal"":220,""mealType"":""late_night"",""timeOffset"":""-PT3H""}",multi-food-data.csv:000460
multi-food-data.csv:000461,strawberries g200 + raw english walnut halves 30g 266 cal breakfast,[],"{""items"":[{""name"":""strawberries, raw"",""quantity"":200,""unit"":""g"",""kcal"":62},{""name"":""nuts, walnuts, english, halves, raw"",""quantity"":30,""unit"":""g"",""kcal"":204}],""totalKcal"":266,""mealType"":""breakfast"",""timeOffset"":""PT0M""}",multi-food-data.csv:000461
multi-food-data.csv:000462,whole milk 2 cups + blueberries 200 gr breakfast -7d,[],"{""items"":[{""name"":""milk, whole, 3.25% milkfat, with added vitamin d"",""quantity"":2,""unit"":""cup"",""kcal"":275},{""name"":""blueberries, raw"",""quantity"":200,""unit"":""g"",""kcal"":115}],""totalKcal"":390,""mealType"":""breakfast"",""timeOffset"":""-P7D""}",multi-food-data.csv:000462
multi-food-data.csv:000463,whole raw almonds g20 + g150 raspberries 194kcal -14h,[],"{""items"":[{""name"":""nuts, almonds, whole, raw"",""quantity"":20,""unit"":""g"",""kcal"":117},{""name"":""raspberries, raw"",""quantity"":150,""unit"":""g"",""kcal"":77}],""totalKcal"":194,""mealType"":""unknown"",""timeOffset"":""-PT14H""}",multi-food-data.csv:000463
multi-food-data.csv:000464,g150 raspberries + whole raw almonds 30 gr snack -18h,[],"{""items"":[{""name"":""raspberries, raw"",""quantity"":150,""unit"":""g"",""kcal"":77},{""name"":""nuts, almonds, whole, raw"",""quantity"":30,""unit"":""g"",""kcal"":175}],""totalKcal"":252,""mealType"":""snack"",""timeOffset"":""-PT18H""}",multi-food-data.csv:000464
multi-food-data.csv:000465,200g cooked meat-only chicken drumstick + 150g raw roma tomato lunch,[],"{""items"":[{""name"":""chicken, broilers or fryers, drumstick, meat only, cooked, braised"",""quantity"":200,""unit"":""g"",""kcal"":312},{""name"":""tomato, roma"",""quantity"":150,""unit"":""g"",""kcal"":28}],""totalKcal"":340,""mealType"":""lunch"",""timeOffset"":""PT0M""}",multi-food-data.csv:000465
multi-food-data.csv:000466,ate cooked meat-only chicken drumstick 100 grams + 150 gr raw roma tomato lunch,[],"{""items"":[{""name"":""chicken, broilers or fryers, drumstick, meat only, cooked, braised"",""quantity"":100,""unit"":""g"",""kcal"":156},{""name"":""tomato, roma"",""quantity"":150,""unit"":""g"",""kcal"":28}],""totalKcal"":184,""mealType"":""lunch"",""timeOffset"":""PT0M""}",multi-food-data.csv:000466
multi-food-data.csv:000467,1cup whole milk + blueberries 100 g 194 cal breakfast 20h ago,[],"{""items"":[{""name"":""milk, whole, 3.25% milkfat, with added vitamin d"",""quantity"":1,""unit"":""cup"",""kcal"":137},{""name"":""blueberries, raw"",""quantity"":100,""unit"":""g"",""kcal"":57}],""totalKcal"":194,""mealType"":""breakfast"",""timeOffset"":""-PT20H""}",multi-food-data.csv:000467
multi-food-data.csv:000468,red delicious apple 100g + whole raw almonds 30 g bf,[],"{""items"":[{""name"":""apples, red delicious, with skin, raw"",""quantity"":100,""unit"":""g"",""kcal"":62},{""name"":""nuts, almonds, whole, raw"",""quantity"":30,""unit"":""g"",""kcal"":175}],""totalKcal"":237,""mealType"":""breakfast"",""timeOffset"":""PT0M""}",multi-food-data.csv:000468
multi-food-data.csv:000469,whole milk 1cup + 200 gr strawberries +1d,[],"{""items"":[{""name"":""milk, whole, 3.25% milkfat, with added vitamin d"",""quantity"":1,""unit"":""cup"",""kcal"":137},{""name"":""strawberries, raw"",""quantity"":200,""unit"":""g"",""kcal"":62}],""totalKcal"":199,""mealType"":""unknown"",""timeOffset"":""P1D""}",multi-food-data.csv:000469
multi-food-data.csv:000470,ate red delicious apple 200 g + whole raw almonds 15 grams ln,[],"{""items"":[{""name"":""apples, red delicious, with skin, raw"",""quantity"":200,""unit"":""g"",""kcal"":124},{""name"":""nuts, almonds, whole, raw"",""quantity"":15,""unit"":""g"",""kcal"":88}],""totalKcal"":212,""mealType"":""late_night"",""timeOffset"":""PT0M""}",multi-food-data.csv:000470
multi-food-data.csv:000471,150 g strawberries + raw english walnut halves 20g kcal183 snack,[],"{""items"":[{""name"":""strawberries, raw"",""quantity"":150,""unit"":""g"",""kcal"":47},{""name"":""nuts, walnuts, english, halves, raw"",""quantity"":20,""unit"":""g"",""kcal"":136}],""totalKcal"":183,""mealType"":""snack"",""timeOffset"":""PT0M""}",multi-food-data.csv:000471
multi-food-data.csv:000472,strawberries 100g + 20g whole raw almonds bf,[],"{""items"":[{""name"":""strawberries, raw"",""quantity"":100,""unit"":""g"",""kcal"":31},{""name"":""nuts, almonds, whole, raw"",""quantity"":20,""unit"":""g"",""kcal"":117}],""totalKcal"":148,""mealType"":""breakfast"",""timeOffset"":""PT0M""}",multi-food-data.csv:000472
multi-food-data.csv:000473,strawberries g200 + whole raw almonds 15 grams -6h,[],"{""items"":[{""name"":""strawberries, raw"",""quantity"":200,""unit"":""g"",""kcal"":62},{""name"":""nuts, almonds, whole, raw"",""quantity"":15,""unit"":""g"",""kcal"":88}],""totalKcal"":150,""mealType"":""unknown"",""timeOffset"":""-PT6H""}",multi-food-data.csv:000473
multi-food-data.csv:000474,ate strawberries g100 + raw peanuts 30g bf 16d ago,[],"{""items"":[{""name"":""strawberries, raw"",""quantity"":100,""unit"":""g"",""kcal"":31},{""name"":""peanuts, raw"",""quantity"":30,""unit"":""g"",""kcal"":165}],""totalKcal"":196,""mealType"":""breakfast"",""timeOffset"":""-P16D""}",multi-food-data.csv:000474
multi-food-data.csv:000475,blueberries 100 g + raw peanuts 20 grams 167kcal bf,[],"{""items"":[{""name"":""blueberries, raw"",""quantity"":100,""unit"":""g"",""kcal"":57},{""name"":""peanuts, raw"",""quantity"":20,""unit"":""g"",""kcal"":110}],""totalKcal"":167,""mealType"":""breakfast"",""timeOffset"":""PT0M""}",multi-food-data.csv:000475
multi-food-data.csv:000476,100 grams blueberries + raw english walnut halves 15 grams snack 16d ago,[],"{""items"":[{""name"":""blueberries, raw"",""quantity"":100,""unit"":""g"",""kcal"":57},{""name"":""nuts, walnuts, english, halves, raw"",""quantity"":15,""unit"":""g"",""kcal"":102}],""totalKcal"":159,""mealType"":""snack"",""timeOffset"":""-P16D""}",multi-food-data.csv:000476
multi-food-data.csv:000477,ate raw cucumber with peel 100 g + piece1 cooked skinless boneless chicken breast dinner -14d,[],"{""items"":[{""name"":""cucumber, with peel, raw"",""quantity"":100,""unit"":""g"",""kcal"":14},{""name"":""chicken, broiler or fryers, breast, skinless, boneless, meat only, cooked, braised"",""quantity"":1,""unit"":""piece"",""kcal"":289}],""totalKcal"":303,""mealType"":""dinner"",""timeOffset"":""-P14D""}",multi-food-data.csv:000477
multi-food-data.csv:000478,100g raspberries + 15 gr raw english walnut halves 153 cal snack 5h ago,[],"{""items"":[{""name"":""raspberries, raw"",""quantity"":100,""unit"":""g"",""kcal"":51},{""name"":""nuts, walnuts, english, halves, raw"",""quantity"":15,""unit"":""g"",""kcal"":102}],""totalKcal"":153,""mealType"":""snack"",""timeOffset"":""-PT5H""}",multi-food-data.csv:000478
multi-food-data.csv:000479,g150 blueberries + raw peanuts 20 gr snack,[],"{""items"":[{""name"":""blueberries, raw"",""quantity"":150,""unit"":""g"",""kcal"":86},{""name"":""peanuts, raw"",""quantity"":20,""unit"":""g"",""kcal"":110}],""totalKcal"":196,""mealType"":""snack"",""timeOffset"":""PT0M""}",multi-food-data.csv:000479
multi-food-data.csv:000480,ate blueberries g200 + whole raw almonds g30 breakfast -6d,[],"{""items"":[{""name"":""blueberries, raw"",""quantity"":200,""unit"":""g"",""kcal"":115},{""name"":""nuts, almonds, whole, raw"",""quantity"":30,""unit"":""g"",""kcal"":175}],""totalKcal"":290,""mealType"":""breakfast"",""timeOffset"":""-P6D""}",multi-food-data.csv:000480
multi-food-data.csv:000481,red delicious apple 100g + whole raw almonds g20 -26d,[],"{""items"":[{""name"":""apples, red delicious, with skin, raw"",""quantity"":100,""unit"":""g"",""kcal"":62},{""name"":""nuts, almonds, whole, raw"",""quantity"":20,""unit"":""g"",""kcal"":117}],""totalKcal"":179,""mealType"":""unknown"",""timeOffset"":""-P26D""}",multi-food-data.csv:000481
multi-food-data.csv:000482,2% milk 2cup + red delicious apple 100 gr breakfast 8h ago,[],"{""items"":[{""name"":""milk, reduced fat, fluid, 2% milkfat, with added vitamin a and vitamin d"",""quantity"":2,""unit"":""cup"",""kcal"":227},{""name"":""apples, red delicious, with skin, raw"",""quantity"":100,""unit"":""g"",""kcal"":62}],""totalKcal"":289,""mealType"":""breakfast"",""timeOffset"":""-PT8H""}",multi-food-data.csv:000482
multi-food-data.csv:000483,ate red delicious apple 150 gr + 1cup whole milk bf,[],"{""items"":[{""name"":""apples, red delicious, with skin, raw"",""quantity"":150,""unit"":""g"",""kcal"":93},{""name"":""milk, whole, 3.25% milkfat, with added vitamin d"",""quantity"":1,""unit"":""cup"",""kcal"":137}],""totalKcal"":230,""mealType"":""breakfast"",""timeOffset"":""PT0M""}",multi-food-data.csv:000483
multi-food-data.csv:000484,cup2 whole milk + 200 gr raspberries breakfast,[],"{""items"":[{""name"":""milk, whole, 3.25% milkfat, with added vitamin d"",""quantity"":2,""unit"":""cup"",""kcal"":275},{""name"":""raspberries, raw"",""quantity"":200,""unit"":""g"",""kcal"":103}],""totalKcal"":378,""mealType"":""breakfast"",""timeOffset"":""PT0M""}",multi-food-data.csv:000484
multi-food-data.csv:000485,ate g150 blueberries + 15 grams whole raw almonds late night 24d ago,[],"{""items"":[{""name"":""blueberries, raw"",""quantity"":150,""unit"":""g"",""kcal"":86},{""name"":""nuts, almonds, whole, raw"",""quantity"":15,""unit"":""g"",""kcal"":88}],""totalKcal"":174,""mealType"":""late_night"",""timeOffset"":""-P24D""}",multi-food-data.csv:000485
multi-food-data.csv:000486,ate 100 g strawberries + whole raw almonds 30 gr ln 28d ago,[],"{""items"":[{""name"":""strawberries, raw"",""quantity"":100,""unit"":""g"",""kcal"":31},{""name"":""nuts, almonds, whole, raw"",""quantity"":30,""unit"":""g"",""kcal"":175}],""totalKcal"":206,""mealType"":""late_night"",""timeOffset"":""-P28D""}",multi-food-data.csv:000486
multi-food-data.csv:000487,cooked skinless boneless chicken breast piece1 + raw cucumber with peel 50 g lunch,[],"{""items"":[{""name"":""chicken, broiler or fryers, breast, skinless, boneless, meat only, cooked, braised"",""quantity"":1,""unit"":""piece"",""kcal"":289},{""name"":""cucumber, with peel, raw"",""quantity"":50,""unit"":""g"",""kcal"":7}],""totalKcal"":296,""mealType"":""lunch"",""timeOffset"":""PT0M""}",multi-food-data.csv:000487
multi-food-data.csv:000488,ate cooked meat-only chicken drumstick 200 grams + 50 g raw cucumber with peel lunch,[],"{""items"":[{""name"":""chicken, broilers or fryers, drumstick, meat only, cooked, braised"",""quantity"":200,""unit"":""g"",""kcal"":312},{""name"":""cucumber, with peel, raw"",""quantity"":50,""unit"":""g"",""kcal"":7}],""totalKcal"":319,""mealType"":""lunch"",""timeOffset"":""PT0M""}",multi-food-data.csv:000488
multi-food-data.csv:000489,ate red delicious apple g200 + 15 gr raw peanuts breakfast,[],"{""items"":[{""name"":""apples, red delicious, with skin, raw"",""quantity"":200,""unit"":""g"",""kcal"":124},{""name"":""peanuts, raw"",""quantity"":15,""unit"":""g"",""kcal"":83}],""totalKcal"":207,""mealType"":""breakfast"",""timeOffset"":""PT0M""}",multi-food-data.csv:000489
multi-food-data.csv:000490,ate cooked meat-only chicken drumstick g150 + raw roma tomato 100 grams -13h,[],"{""items"":[{""name"":""chicken, broilers or fryers, drumstick, meat only, cooked, braised"",""quantity"":150,""unit"":""g"",""kcal"":234},{""name"":""tomato, roma"",""quantity"":100,""unit"":""g"",""kcal"":19}],""totalKcal"":253,""mealType"":""unknown"",""timeOffset"":""-PT13H""}",multi-food-data.csv:000490
multi-food-data.csv:000491,ate cooked skinless boneless chicken breast 1piece + raw roma tomato g150 lunch,[],"{""items"":[{""name"":""chicken, broiler or fryers, breast, skinless, boneless, meat only, cooked, braised"",""quantity"":1,""unit"":""piece"",""kcal"":289},{""name"":""tomato, roma"",""quantity"":150,""unit"":""g"",""kcal"":28}],""totalKcal"":317,""mealType"":""lunch"",""timeOffset"":""PT0M""}",multi-food-data.csv:000491
multi-food-data.csv:000492,g200 cooked meat-only chicken drumstick + 50 g raw romaine lettuce,[],"{""items"":[{""name"":""chicken, broilers or fryers, drumstick, meat only, cooked, braised"",""quantity"":200,""unit"":""g"",""kcal"":312},{""name"":""lettuce, romaine, green, raw"",""quantity"":50,""unit"":""g"",""kcal"":9}],""totalKcal"":321,""mealType"":""unknown"",""timeOffset"":""PT0M""}",multi-food-data.csv:000492
multi-food-data.csv:000493,ate 150 g red delicious apple + raw english walnut halves g30 late night,[],"{""items"":[{""name"":""apples, red delicious, with skin, raw"",""quantity"":150,""unit"":""g"",""kcal"":93},{""name"":""nuts, walnuts, english, halves, raw"",""quantity"":30,""unit"":""g"",""kcal"":204}],""totalKcal"":297,""mealType"":""late_night"",""timeOffset"":""PT0M""}",multi-food-data.csv:000493
multi-food-data.csv:000494,100 grams cooked meat-only chicken drumstick + raw cucumber with peel g100 170 cal lunch,[],"{""items"":[{""name"":""chicken, broilers or fryers, drumstick, meat only, cooked, braised"",""quantity"":100,""unit"":""g"",""kcal"":156},{""name"":""cucumber, with peel, raw"",""quantity"":100,""unit"":""g"",""kcal"":14}],""totalKcal"":170,""mealType"":""lunch"",""timeOffset"":""PT0M""}",multi-food-data.csv:000494
multi-food-data.csv:000495,raspberries g150 + raw peanuts 30 grams 242kcal 22h ago,[],"{""items"":[{""name"":""raspberries, raw"",""quantity"":150,""unit"":""g"",""kcal"":77},{""name"":""peanuts, raw"",""quantity"":30,""unit"":""g"",""kcal"":165}],""totalKcal"":242,""mealType"":""unknown"",""timeOffset"":""-PT22H""}",multi-food-data.csv:000495
multi-food-data.csv:000496,red delicious apple 150g + whole raw almonds g30 snack,[],"{""items"":[{""name"":""apples, red delicious, with skin, raw"",""quantity"":150,""unit"":""g"",""kcal"":93},{""name"":""nuts, almonds, whole, raw"",""quantity"":30,""unit"":""g"",""kcal"":175}],""totalKcal"":268,""mealType"":""snack"",""timeOffset"":""PT0M""}",multi-food-data.csv:000496
multi-food-data.csv:000497,chinese fried rice without meat 1 cup + sweet and sour pork piece6 lunch 22h ago,[],"{""items"":[{""name"":""restaurant, chinese, fried rice, without meat"",""quantity"":1,""unit"":""cup"",""kcal"":231},{""name"":""restaurant, chinese, sweet and sour pork"",""quantity"":6,""unit"":""piece"",""kcal"":217}],""totalKcal"":448,""mealType"":""lunch"",""timeOffset"":""-PT22H""}",multi-food-data.csv:000497
multi-food-data.csv:000498,raw peanuts 15 g + raspberries 200 gr late night,[],"{""items"":[{""name"":""peanuts, raw"",""quantity"":15,""unit"":""g"",""kcal"":83},{""name"":""raspberries, raw"",""quantity"":200,""unit"":""g"",""kcal"":103}],""totalKcal"":186,""mealType"":""late_night"",""timeOffset"":""PT0M""}",multi-food-data.csv:000498
multi-food-data.csv:000499,200 gr red delicious apple + raw english walnut halves 30 g,[],"{""items"":[{""name"":""apples, red delicious, with skin, raw"",""quantity"":200,""unit"":""g"",""kcal"":124},{""name"":""nuts, walnuts, english, halves, raw"",""quantity"":30,""unit"":""g"",""kcal"":204}],""totalKcal"":328,""mealType"":""unknown"",""timeOffset"":""PT0M""}",multi-food-data.csv:000499
multi-food-data.csv:000500,cooked meat-only chicken drumstick 150 grams + 100 gr raw cucumber with peel lunch tmr,[],"{""items"":[{""name"":""chicken, broilers or fryers, drumstick, meat only, cooked, braised"",""quantity"":150,""unit"":""g"",""kcal"":234},{""name"":""cucumber, with peel, raw"",""quantity"":100,""unit"":""g"",""kcal"":14}],""totalKcal"":248,""mealType"":""lunch"",""timeOffset"":""P1D""}",multi-food-data.csv:000500
multi-food-data.csv:000501,ate full fat cottage cheese 100g + 200g strawberries + raw english walnut halves 15g breakfast 3h ago,[],"{""items"":[{""name"":""cottage cheese, full fat, large or small curd"",""quantity"":100,""unit"":""g"",""kcal"":105},{""name"":""strawberries, raw"",""quantity"":200,""unit"":""g"",""kcal"":62},{""name"":""nuts, walnuts, english, halves, raw"",""quantity"":15,""unit"":""g"",""kcal"":102}],""totalKcal"":269,""mealType"":""breakfast"",""timeOffset"":""-PT3H""}",multi-food-data.csv:000501
multi-food-data.csv:000502,ate plain nonfat greek yogurt 200 gr + raspberries g100 + 15 grams raw english walnut halves,[],"{""items"":[{""name"":""yogurt, greek, plain, nonfat"",""quantity"":200,""unit"":""g"",""kcal"":122},{""name"":""raspberries, raw"",""quantity"":100,""unit"":""g"",""kcal"":51},{""name"":""nuts, walnuts, english, halves, raw"",""quantity"":15,""unit"":""g"",""kcal"":102}],""totalKcal"":275,""mealType"":""unknown"",""timeOffset"":""PT0M""}",multi-food-data.csv:000502
multi-food-data.csv:000503,200 gr plain nonfat yogurt + blueberries 150 gr + raw english walnut halves 15 g bf,[],"{""items"":[{""name"":""yogurt, plain, nonfat"",""quantity"":200,""unit"":""g"",""kcal"":100},{""name"":""blueberries, raw"",""quantity"":150,""unit"":""g"",""kcal"":86},{""name"":""nuts, walnuts, english, halves, raw"",""quantity"":15,""unit"":""g"",""kcal"":102}],""totalKcal"":288,""mealType"":""breakfast"",""timeOffset"":""PT0M""}",multi-food-data.csv:000503
multi-food-data.csv:000504,plain nonfat yogurt 100 gr + blueberries 200 gr + whole raw almonds 20 gr,[],"{""items"":[{""name"":""yogurt, plain, nonfat"",""quantity"":100,""unit"":""g"",""kcal"":50},{""name"":""blueberries, raw"",""quantity"":200,""unit"":""g"",""kcal"":115},{""name"":""nuts, almonds, whole, raw"",""quantity"":20,""unit"":""g"",""kcal"":117}],""totalKcal"":282,""mealType"":""unknown"",""timeOffset"":""PT0M""}",multi-food-data.csv:000504
multi-food-data.csv:000505,full fat cottage cheese 200 grams + 150 g raspberries + whole raw almonds 20 g snack,[],"{""items"":[{""name"":""cottage cheese, full fat, large or small curd"",""quantity"":200,""unit"":""g"",""kcal"":209},{""name"":""raspberries, raw"",""quantity"":150,""unit"":""g"",""kcal"":77},{""name"":""nuts, almonds, whole, raw"",""quantity"":20,""unit"":""g"",""kcal"":117}],""totalKcal"":403,""mealType"":""snack"",""timeOffset"":""PT0M""}",multi-food-data.csv:000505
multi-food-data.csv:000506,plain nonfat greek yogurt 200g + raw peanuts 15 grams + blueberries 100 g snack,[],"{""items"":[{""name"":""yogurt, greek, plain, nonfat"",""quantity"":200,""unit"":""g"",""kcal"":122},{""name"":""peanuts, raw"",""quantity"":15,""unit"":""g"",""kcal"":83},{""name"":""blueberries, raw"",""quantity"":100,""unit"":""g"",""kcal"":57}],""totalKcal"":262,""mealType"":""snack"",""timeOffset"":""PT0M""}",multi-food-data.csv:000506
multi-food-data.csv:000507,100 grams plain nonfat greek yogurt + 100g raspberries + rolled whole grain oats 50 gr snack -27d,[],"{""items"":[{""name"":""yogurt, greek, plain, nonfat"",""quantity"":100,""unit"":""g"",""kcal"":61},{""name"":""raspberries, raw"",""quantity"":100,""unit"":""g"",""kcal"":51},{""name"":""oats, whole grain, rolled, old fashioned"",""quantity"":50,""unit"":""g"",""kcal"":189}],""totalKcal"":301,""mealType"":""snack"",""timeOffset"":""-P27D""}",multi-food-data.csv:000507
multi-food-data.csv:000508,ate full fat cottage cheese g100 + strawberries g150 + 20 gr raw peanuts snack,[],"{""items"":[{""name"":""cottage cheese, full fat, large or small curd"",""quantity"":100,""unit"":""g"",""kcal"":105},{""name"":""strawberries, raw"",""quantity"":150,""unit"":""g"",""kcal"":47},{""name"":""peanuts, raw"",""quantity"":20,""unit"":""g"",""kcal"":110}],""totalKcal"":262,""mealType"":""snack"",""timeOffset"":""PT0M""}",multi-food-data.csv:000508
multi-food-data.csv:000509,ate blueberries g100 + raw english walnut halves 30 gr + 200g plain whole milk yogurt bf,[],"{""items"":[{""name"":""blueberries, raw"",""quantity"":100,""unit"":""g"",""kcal"":57},{""name"":""nuts, walnuts, english, halves, raw"",""quantity"":30,""unit"":""g"",""kcal"":204},{""name"":""yogurt, plain, whole milk"",""quantity"":200,""unit"":""g"",""kcal"":155}],""totalKcal"":416,""mealType"":""breakfast"",""timeOffset"":""PT0M""}",multi-food-data.csv:000509
multi-food-data.csv:000510,100 g full fat cottage cheese + 150g strawberries + whole raw almonds 20 gr breakfast tmr,[],"{""items"":[{""name"":""cottage cheese, full fat, large or small curd"",""quantity"":100,""unit"":""g"",""kcal"":105},{""name"":""strawberries, raw"",""quantity"":150,""unit"":""g"",""kcal"":47},{""name"":""nuts, almonds, whole, raw"",""quantity"":20,""unit"":""g"",""kcal"":117}],""totalKcal"":269,""mealType"":""breakfast"",""timeOffset"":""P1D""}",multi-food-data.csv:000510
multi-food-data.csv:000511,plain nonfat yogurt 100 g + 100 gr blueberries + whole raw almonds 20 g bf,[],"{""items"":[{""name"":""yogurt, plain, nonfat"",""quantity"":100,""unit"":""g"",""kcal"":50},{""name"":""blueberries, raw"",""quantity"":100,""unit"":""g"",""kcal"":57},{""name"":""nuts, almonds, whole, raw"",""quantity"":20,""unit"":""g"",""kcal"":117}],""totalKcal"":224,""mealType"":""breakfast"",""timeOffset"":""PT0M""}",multi-food-data.csv:000511
multi-food-data.csv:000512,commercial hummus 2tbsp + raw roma tomato g150 + 2slice whole wheat bread,[],"{""items"":[{""name"":""hummus, commercial"",""quantity"":2,""unit"":""tablespoon"",""kcal"":78},{""name"":""tomato, roma"",""quantity"":150,""unit"":""g"",""kcal"":28},{""name"":""bread, whole-wheat, commercially prepared"",""quantity"":2,""unit"":""slice"",""kcal"":163}],""totalKcal"":269,""mealType"":""unknown"",""timeOffset"":""PT0M""}",multi-food-data.csv:000512
multi-food-data.csv:000513,ate 150 gr full fat cottage cheese + strawberries 200 gr + 15 grams whole raw almonds 307 cal,[],"{""items"":[{""name"":""cottage cheese, full fat, large or small curd"",""quantity"":150,""unit"":""g"",""kcal"":157},{""name"":""strawberries, raw"",""quantity"":200,""unit"":""g"",""kcal"":62},{""name"":""nuts, almonds, whole, raw"",""quantity"":15,""unit"":""g"",""kcal"":88}],""totalKcal"":307,""mealType"":""unknown"",""timeOffset"":""PT0M""}",multi-food-data.csv:000513
multi-food-data.csv:000514,raw peanuts 30 grams + g200 strawberries + 2% cottage cheese 1cup breakfast 29d ago,[],"{""items"":[{""name"":""peanuts, raw"",""quantity"":30,""unit"":""g"",""kcal"":165},{""name"":""strawberries, raw"",""quantity"":200,""unit"":""g"",""kcal"":62},{""name"":""cheese, cottage, lowfat, 2% milkfat"",""quantity"":1,""unit"":""cup"",""kcal"":185}],""totalKcal"":412,""mealType"":""breakfast"",""timeOffset"":""-P29D""}",multi-food-data.csv:000514
multi-food-data.csv:000515,ate g200 full fat cottage cheese + g150 strawberries + raw peanuts 15g,[],"{""items"":[{""name"":""cottage cheese, full fat, large or small curd"",""quantity"":200,""unit"":""g"",""kcal"":209},{""name"":""strawberries, raw"",""quantity"":150,""unit"":""g"",""kcal"":47},{""name"":""peanuts, raw"",""quantity"":15,""unit"":""g"",""kcal"":83}],""totalKcal"":339,""mealType"":""unknown"",""timeOffset"":""PT0M""}",multi-food-data.csv:000515
multi-food-data.csv:000516,ate full fat cottage cheese 150 g + g200 strawberries + raw peanuts 20 grams bf,[],"{""items"":[{""name"":""cottage cheese, full fat, large or small curd"",""quantity"":150,""unit"":""g"",""kcal"":157},{""name"":""strawberries, raw"",""quantity"":200,""unit"":""g"",""kcal"":62},{""name"":""peanuts, raw"",""quantity"":20,""unit"":""g"",""kcal"":110}],""totalKcal"":329,""mealType"":""breakfast"",""timeOffset"":""PT0M""}",multi-food-data.csv:000516
multi-food-data.csv:000517,commercial hummus tbsp3 + raw romaine lettuce 150g + white bread 2 slices -19h,[],"{""items"":[{""name"":""hummus, commercial"",""quantity"":3,""unit"":""tablespoon"",""kcal"":116},{""name"":""lettuce, romaine, green, raw"",""quantity"":150,""unit"":""g"",""kcal"":26},{""name"":""bread, white, commercially prepared"",""quantity"":2,""unit"":""slice"",""kcal"":147}],""totalKcal"":289,""mealType"":""unknown"",""timeOffset"":""-PT19H""}",multi-food-data.csv:000517
multi-food-data.csv:000518,full fat cottage cheese g150 + 150 gr strawberries + raw english walnut halves 30 gr,[],"{""items"":[{""name"":""cottage cheese, full fat, large or small curd"",""quantity"":150,""unit"":""g"",""kcal"":157},{""name"":""strawberries, raw"",""quantity"":150,""unit"":""g"",""kcal"":47},{""name"":""nuts, walnuts, english, halves, raw"",""quantity"":30,""unit"":""g"",""kcal"":204}],""totalKcal"":408,""mealType"":""unknown"",""timeOffset"":""PT0M""}",multi-food-data.csv:000518
multi-food-data.csv:000519,light canned tuna in water g100 + canned black beans 150 grams + raw cucumber with peel 150g dinner,[],"{""items"":[{""name"":""fish, tuna, light, canned in water, drained solids"",""quantity"":100,""unit"":""g"",""kcal"":90},{""name"":""beans, black, canned, sodium added, drained and rinsed"",""quantity"":150,""unit"":""g"",""kcal"":173},{""name"":""cucumber, with peel, raw"",""quantity"":150,""unit"":""g"",""kcal"":21}],""totalKcal"":284,""mealType"":""dinner"",""timeOffset"":""PT0M""}",multi-food-data.csv:000519
multi-food-data.csv:000520,ate plain nonfat yogurt 200 g + g200 red delicious apple + 15g raw english walnut halves breakfast 11d ago,[],"{""items"":[{""name"":""yogurt, plain, nonfat"",""quantity"":200,""unit"":""g"",""kcal"":100},{""name"":""apples, red delicious, with skin, raw"",""quantity"":200,""unit"":""g"",""kcal"":124},{""name"":""nuts, walnuts, english, halves, raw"",""quantity"":15,""unit"":""g"",""kcal"":102}],""totalKcal"":326,""mealType"":""breakfast"",""timeOffset"":""-P11D""}",multi-food-data.csv:000520
multi-food-data.csv:000521,150 gr plain nonfat greek yogurt + blueberries 100g + rolled whole grain oats 30 grams kcal263 breakfast 3d ago,[],"{""items"":[{""name"":""yogurt, greek, plain, nonfat"",""quantity"":150,""unit"":""g"",""kcal"":92},{""name"":""blueberries, raw"",""quantity"":100,""unit"":""g"",""kcal"":57},{""name"":""oats, whole grain, rolled, old fashioned"",""quantity"":30,""unit"":""g"",""kcal"":114}],""totalKcal"":263,""mealType"":""breakfast"",""timeOffset"":""-P3D""}",multi-food-data.csv:000521
multi-food-data.csv:000522,ate plain nonfat yogurt 150 g + g100 strawberries + 15 grams raw peanuts snack,[],"{""items"":[{""name"":""yogurt, plain, nonfat"",""quantity"":150,""unit"":""g"",""kcal"":75},{""name"":""strawberries, raw"",""quantity"":100,""unit"":""g"",""kcal"":31},{""name"":""peanuts, raw"",""quantity"":15,""unit"":""g"",""kcal"":83}],""totalKcal"":189,""mealType"":""snack"",""timeOffset"":""PT0M""}",multi-food-data.csv:000522
multi-food-data.csv:000523,ate plain nonfat yogurt 100g + 150g red delicious apple + whole raw almonds 20 g bf,[],"{""items"":[{""name"":""yogurt, plain, nonfat"",""quantity"":100,""unit"":""g"",""kcal"":50},{""name"":""apples, red delicious, with skin, raw"",""quantity"":150,""unit"":""g"",""kcal"":93},{""name"":""nuts, almonds, whole, raw"",""quantity"":20,""unit"":""g"",""kcal"":117}],""totalKcal"":260,""mealType"":""breakfast"",""timeOffset"":""PT0M""}",multi-food-data.csv:000523
multi-food-data.csv:000524,g100 full fat cottage cheese + red delicious apple g100 + raw peanuts 20 gr -15h,[],"{""items"":[{""name"":""cottage cheese, full fat, large or small curd"",""quantity"":100,""unit"":""g"",""kcal"":105},{""name"":""apples, red delicious, with skin, raw"",""quantity"":100,""unit"":""g"",""kcal"":62},{""name"":""peanuts, raw"",""quantity"":20,""unit"":""g"",""kcal"":110}],""totalKcal"":277,""mealType"":""unknown"",""timeOffset"":""-PT15H""}",multi-food-data.csv:000524
multi-food-data.csv:000525,g100 plain nonfat greek yogurt + 200 g strawberries + raw peanuts 20 gr -9d,[],"{""items"":[{""name"":""yogurt, greek, plain, nonfat"",""quantity"":100,""unit"":""g"",""kcal"":61},{""name"":""strawberries, raw"",""quantity"":200,""unit"":""g"",""kcal"":62},{""name"":""peanuts, raw"",""quantity"":20,""unit"":""g"",""kcal"":110}],""totalKcal"":233,""mealType"":""unknown"",""timeOffset"":""-P9D""}",multi-food-data.csv:000525
multi-food-data.csv:000526,150 gr full fat cottage cheese + blueberries 150 grams + raw english walnut halves 30g 15h ago,[],"{""items"":[{""name"":""cottage cheese, full fat, large or small curd"",""quantity"":150,""unit"":""g"",""kcal"":157},{""name"":""blueberries, raw"",""quantity"":150,""unit"":""g"",""kcal"":86},{""name"":""nuts, walnuts, english, halves, raw"",""quantity"":30,""unit"":""g"",""kcal"":204}],""totalKcal"":447,""mealType"":""unknown"",""timeOffset"":""-PT15H""}",multi-food-data.csv:000526
multi-food-data.csv:000527,plain nonfat yogurt 150 grams + 150 g strawberries + raw english walnut halves g15 bf,[],"{""items"":[{""name"":""yogurt, plain, nonfat"",""quantity"":150,""unit"":""g"",""kcal"":75},{""name"":""strawberries, raw"",""quantity"":150,""unit"":""g"",""kcal"":47},{""name"":""nuts, walnuts, english, halves, raw"",""quantity"":15,""unit"":""g"",""kcal"":102}],""totalKcal"":224,""mealType"":""breakfast"",""timeOffset"":""PT0M""}",multi-food-data.csv:000527
multi-food-data.csv:000528,200 gr plain nonfat yogurt + blueberries g100 + 30g raw peanuts -7d,[],"{""items"":[{""name"":""yogurt, plain, nonfat"",""quantity"":200,""unit"":""g"",""kcal"":100},{""name"":""blueberries, raw"",""quantity"":100,""unit"":""g"",""kcal"":57},{""name"":""peanuts, raw"",""quantity"":30,""unit"":""g"",""kcal"":165}],""totalKcal"":322,""mealType"":""unknown"",""timeOffset"":""-P7D""}",multi-food-data.csv:000528
multi-food-data.csv:000529,plain nonfat greek yogurt 150 g + blueberries 150 gr + g30 raw english walnut halves,[],"{""items"":[{""name"":""yogurt, greek, plain, nonfat"",""quantity"":150,""unit"":""g"",""kcal"":92},{""name"":""blueberries, raw"",""quantity"":150,""unit"":""g"",""kcal"":86},{""name"":""nuts, walnuts, english, halves, raw"",""quantity"":30,""unit"":""g"",""kcal"":204}],""totalKcal"":382,""mealType"":""unknown"",""timeOffset"":""PT0M""}",multi-food-data.csv:000529
multi-food-data.csv:000530,raspberries 150 grams + g20 raw english walnut halves + g100 plain nonfat yogurt 263kcal snack,[],"{""items"":[{""name"":""raspberries, raw"",""quantity"":150,""unit"":""g"",""kcal"":77},{""name"":""nuts, walnuts, english, halves, raw"",""quantity"":20,""unit"":""g"",""kcal"":136},{""name"":""yogurt, plain, nonfat"",""quantity"":100,""unit"":""g"",""kcal"":50}],""totalKcal"":263,""mealType"":""snack"",""timeOffset"":""PT0M""}",multi-food-data.csv:000530
multi-food-data.csv:000531,plain nonfat greek yogurt 100g + raspberries 150 grams + 20 g raw peanuts bf,[],"{""items"":[{""name"":""yogurt, greek, plain, nonfat"",""quantity"":100,""unit"":""g"",""kcal"":61},{""name"":""raspberries, raw"",""quantity"":150,""unit"":""g"",""kcal"":77},{""name"":""peanuts, raw"",""quantity"":20,""unit"":""g"",""kcal"":110}],""totalKcal"":248,""mealType"":""breakfast"",""timeOffset"":""PT0M""}",multi-food-data.csv:000531
multi-food-data.csv:000532,plain whole milk yogurt g200 + raspberries 200 grams + 15 grams raw english walnut halves kcal360 bf,[],"{""items"":[{""name"":""yogurt, plain, whole milk"",""quantity"":200,""unit"":""g"",""kcal"":155},{""name"":""raspberries, raw"",""quantity"":200,""unit"":""g"",""kcal"":103},{""name"":""nuts, walnuts, english, halves, raw"",""quantity"":15,""unit"":""g"",""kcal"":102}],""totalKcal"":360,""mealType"":""breakfast"",""timeOffset"":""PT0M""}",multi-food-data.csv:000532
multi-food-data.csv:000533,ate slice2 white bread + 100 g light canned tuna in water + raw romaine lettuce 50 g lunch -14d,[],"{""items"":[{""name"":""bread, white, commercially prepared"",""quantity"":2,""unit"":""slice"",""kcal"":147},{""name"":""fish, tuna, light, canned in water, drained solids"",""quantity"":100,""unit"":""g"",""kcal"":90},{""name"":""lettuce, romaine, green, raw"",""quantity"":50,""unit"":""g"",""kcal"":9}],""totalKcal"":246,""mealType"":""lunch"",""timeOffset"":""-P14D""}",multi-food-data.csv:000533
multi-food-data.csv:000534,plain nonfat yogurt 150 gr + strawberries 100 gr + whole raw almonds g15,[],"{""items"":[{""name"":""yogurt, plain, nonfat"",""quantity"":150,""unit"":""g"",""kcal"":75},{""name"":""strawberries, raw"",""quantity"":100,""unit"":""g"",""kcal"":31},{""name"":""nuts, almonds, whole, raw"",""quantity"":15,""unit"":""g"",""kcal"":88}],""totalKcal"":194,""mealType"":""unknown"",""timeOffset"":""PT0M""}",multi-food-data.csv:000534
multi-food-data.csv:000535,plain whole milk yogurt 200g + 200 g strawberries + 20 grams raw peanuts kcal327 breakfast,[],"{""items"":[{""name"":""yogurt, plain, whole milk"",""quantity"":200,""unit"":""g"",""kcal"":155},{""name"":""strawberries, raw"",""quantity"":200,""unit"":""g"",""kcal"":62},{""name"":""peanuts, raw"",""quantity"":20,""unit"":""g"",""kcal"":110}],""totalKcal"":327,""mealType"":""breakfast"",""timeOffset"":""PT0M""}",multi-food-data.csv:000535
multi-food-data.csv:000536,plain whole milk yogurt 150 gr + 150g red delicious apple + 50 g rolled whole grain oats bf,[],"{""items"":[{""name"":""yogurt, plain, whole milk"",""quantity"":150,""unit"":""g"",""kcal"":116},{""name"":""apples, red delicious, with skin, raw"",""quantity"":150,""unit"":""g"",""kcal"":93},{""name"":""oats, whole grain, rolled, old fashioned"",""quantity"":50,""unit"":""g"",""kcal"":189}],""totalKcal"":398,""mealType"":""breakfast"",""timeOffset"":""PT0M""}",multi-food-data.csv:000536
multi-food-data.csv:000537,ate g100 light canned tuna in water + 100 gr canned black beans + g100 raw cucumber with peel 219kcal lunch,[],"{""items"":[{""name"":""fish, tuna, light, canned in water, drained solids"",""quantity"":100,""unit"":""g"",""kcal"":90},{""name"":""beans, black, canned, sodium added, drained and rinsed"",""quantity"":100,""unit"":""g"",""kcal"":115},{""name"":""cucumber, with peel, raw"",""quantity"":100,""unit"":""g"",""kcal"":14}],""totalKcal"":219,""mealType"":""lunch"",""timeOffset"":""PT0M""}",multi-food-data.csv:000537
multi-food-data.csv:000538,ate plain nonfat greek yogurt 200 g + 200 g strawberries + whole raw almonds 20 grams snack 14d ago,[],"{""items"":[{""name"":""yogurt, greek, plain, nonfat"",""quantity"":200,""unit"":""g"",""kcal"":122},{""name"":""strawberries, raw"",""quantity"":200,""unit"":""g"",""kcal"":62},{""name"":""nuts, almonds, whole, raw"",""quantity"":20,""unit"":""g"",""kcal"":117}],""totalKcal"":301,""mealType"":""snack"",""timeOffset"":""-P14D""}",multi-food-data.csv:000538
multi-food-data.csv:000539,ate red delicious apple 200 grams + plain nonfat greek yogurt 200 g + whole raw almonds g20 bf 17d ago,[],"{""items"":[{""name"":""apples, red delicious, with skin, raw"",""quantity"":200,""unit"":""g"",""kcal"":124},{""name"":""yogurt, greek, plain, nonfat"",""quantity"":200,""unit"":""g"",""kcal"":122},{""name"":""nuts, almonds, whole, raw"",""quantity"":20,""unit"":""g"",""kcal"":117}],""totalKcal"":363,""mealType"":""breakfast"",""timeOffset"":""-P17D""}",multi-food-data.csv:000539
multi-food-data.csv:000540,plain nonfat greek yogurt 150 g + raspberries g150 + g15 raw english walnut halves breakfast,[],"{""items"":[{""name"":""yogurt, greek, plain, nonfat"",""quantity"":150,""unit"":""g"",""kcal"":92},{""name"":""raspberries, raw"",""quantity"":150,""unit"":""g"",""kcal"":77},{""name"":""nuts, walnuts, english, halves, raw"",""quantity"":15,""unit"":""g"",""kcal"":102}],""totalKcal"":271,""mealType"":""breakfast"",""timeOffset"":""PT0M""}",multi-food-data.csv:000540
multi-food-data.csv:000541,ate 100 grams plain nonfat yogurt + raspberries g150 + 20 grams raw peanuts 237kcal breakfast,[],"{""items"":[{""name"":""yogurt, plain, nonfat"",""quantity"":100,""unit"":""g"",""kcal"":50},{""name"":""raspberries, raw"",""quantity"":150,""unit"":""g"",""kcal"":77},{""name"":""peanuts, raw"",""quantity"":20,""unit"":""g"",""kcal"":110}],""totalKcal"":237,""mealType"":""breakfast"",""timeOffset"":""PT0M""}",multi-food-data.csv:000541
multi-food-data.csv:000542,plain whole milk yogurt g100 + 200 gr raspberries + 30g rolled whole grain oats snack,[],"{""items"":[{""name"":""yogurt, plain, whole milk"",""quantity"":100,""unit"":""g"",""kcal"":77},{""name"":""raspberries, raw"",""quantity"":200,""unit"":""g"",""kcal"":103},{""name"":""oats, whole grain, rolled, old fashioned"",""quantity"":30,""unit"":""g"",""kcal"":114}],""totalKcal"":294,""mealType"":""snack"",""timeOffset"":""PT0M""}",multi-food-data.csv:000542
multi-food-data.csv:000543,plain nonfat yogurt 100 grams + 100 gr red delicious apple + rolled whole grain oats 50 gr -9h,[],"{""items"":[{""name"":""yogurt, plain, nonfat"",""quantity"":100,""unit"":""g"",""kcal"":50},{""name"":""apples, red delicious, with skin, raw"",""quantity"":100,""unit"":""g"",""kcal"":62},{""name"":""oats, whole grain, rolled, old fashioned"",""quantity"":50,""unit"":""g"",""kcal"":189}],""totalKcal"":301,""mealType"":""unknown"",""timeOffset"":""-PT9H""}",multi-food-data.csv:000543
multi-food-data.csv:000544,blueberries g150 + raw english walnut halves 15 grams + plain nonfat yogurt 100g 238 cal,[],"{""items"":[{""name"":""blueberries, raw"",""quantity"":150,""unit"":""g"",""kcal"":86},{""name"":""nuts, walnuts, english, halves, raw"",""quantity"":15,""unit"":""g"",""kcal"":102},{""name"":""yogurt, plain, nonfat"",""quantity"":100,""unit"":""g"",""kcal"":50}],""totalKcal"":238,""mealType"":""unknown"",""timeOffset"":""PT0M""}",multi-food-data.csv:000544
multi-food-data.csv:000545,ate 100 gr plain whole milk yogurt + 100g blueberries + 30 gr whole raw almonds bf -22h,[],"{""items"":[{""name"":""yogurt, plain, whole milk"",""quantity"":100,""unit"":""g"",""kcal"":77},{""name"":""blueberries, raw"",""quantity"":100,""unit"":""g"",""kcal"":57},{""name"":""nuts, almonds, whole, raw"",""quantity"":30,""unit"":""g"",""kcal"":175}],""totalKcal"":309,""mealType"":""breakfast"",""timeOffset"":""-PT22H""}",multi-food-data.csv:000545
multi-food-data.csv:000546,ate plain nonfat yogurt 200 g + 150 grams blueberries + rolled whole grain oats 70 grams kcal451 23h ago,[],"{""items"":[{""name"":""yogurt, plain, nonfat"",""quantity"":200,""unit"":""g"",""kcal"":100},{""name"":""blueberries, raw"",""quantity"":150,""unit"":""g"",""kcal"":86},{""name"":""oats, whole grain, rolled, old fashioned"",""quantity"":70,""unit"":""g"",""kcal"":265}],""totalKcal"":451,""mealType"":""unknown"",""timeOffset"":""-PT23H""}",multi-food-data.csv:000546
multi-food-data.csv:000547,ate 1 cup 2% cottage cheese + blueberries 200g + g20 raw peanuts breakfast -11h,[],"{""items"":[{""name"":""cheese, cottage, lowfat, 2% milkfat"",""quantity"":1,""unit"":""cup"",""kcal"":185},{""name"":""blueberries, raw"",""quantity"":200,""unit"":""g"",""kcal"":115},{""name"":""peanuts, raw"",""quantity"":20,""unit"":""g"",""kcal"":110}],""totalKcal"":410,""mealType"":""breakfast"",""timeOffset"":""-PT11H""}",multi-food-data.csv:000547
multi-food-data.csv:000548,strawberries 150 gr + 200g plain whole milk yogurt + 20g raw english walnut halves bf,[],"{""items"":[{""name"":""strawberries, raw"",""quantity"":150,""unit"":""g"",""kcal"":47},{""name"":""yogurt, plain, whole milk"",""quantity"":200,""unit"":""g"",""kcal"":155},{""name"":""nuts, walnuts, english, halves, raw"",""quantity"":20,""unit"":""g"",""kcal"":136}],""totalKcal"":338,""mealType"":""breakfast"",""timeOffset"":""PT0M""}",multi-food-data.csv:000548
multi-food-data.csv:000549,70g rolled whole grain oats + 150 g plain nonfat yogurt + g200 strawberries snack,[],"{""items"":[{""name"":""oats, whole grain, rolled, old fashioned"",""quantity"":70,""unit"":""g"",""kcal"":265},{""name"":""yogurt, plain, nonfat"",""quantity"":150,""unit"":""g"",""kcal"":75},{""name"":""strawberries, raw"",""quantity"":200,""unit"":""g"",""kcal"":62}],""totalKcal"":402,""mealType"":""snack"",""timeOffset"":""PT0M""}",multi-food-data.csv:000549
multi-food-data.csv:000550,plain nonfat greek yogurt 100 gr + 200 grams blueberries + rolled whole grain oats 30g +1d,[],"{""items"":[{""name"":""yogurt, greek, plain, nonfat"",""quantity"":100,""unit"":""g"",""kcal"":61},{""name"":""blueberries, raw"",""quantity"":200,""unit"":""g"",""kcal"":115},{""name"":""oats, whole grain, rolled, old fashioned"",""quantity"":30,""unit"":""g"",""kcal"":114}],""totalKcal"":290,""mealType"":""unknown"",""timeOffset"":""P1D""}",multi-food-data.csv:000550
multi-food-data.csv:000551,1 cup 2% cottage cheese + blueberries 150 grams + raw peanuts g20 bf,[],"{""items"":[{""name"":""cheese, cottage, lowfat, 2% milkfat"",""quantity"":1,""unit"":""cup"",""kcal"":185},{""name"":""blueberries, raw"",""quantity"":150,""unit"":""g"",""kcal"":86},{""name"":""peanuts, raw"",""quantity"":20,""unit"":""g"",""kcal"":110}],""totalKcal"":381,""mealType"":""breakfast"",""timeOffset"":""PT0M""}",multi-food-data.csv:000551
multi-food-data.csv:000552,200 g plain nonfat yogurt + 100g blueberries + 30 g whole raw almonds snack,[],"{""items"":[{""name"":""yogurt, plain, nonfat"",""quantity"":200,""unit"":""g"",""kcal"":100},{""name"":""blueberries, raw"",""quantity"":100,""unit"":""g"",""kcal"":57},{""name"":""nuts, almonds, whole, raw"",""quantity"":30,""unit"":""g"",""kcal"":175}],""totalKcal"":332,""mealType"":""snack"",""timeOffset"":""PT0M""}",multi-food-data.csv:000552
multi-food-data.csv:000553,100 grams plain nonfat yogurt + red delicious apple 200 gr + 50g rolled whole grain oats,[],"{""items"":[{""name"":""yogurt, plain, nonfat"",""quantity"":100,""unit"":""g"",""kcal"":50},{""name"":""apples, red delicious, with skin, raw"",""quantity"":200,""unit"":""g"",""kcal"":124},{""name"":""oats, whole grain, rolled, old fashioned"",""quantity"":50,""unit"":""g"",""kcal"":189}],""totalKcal"":363,""mealType"":""unknown"",""timeOffset"":""PT0M""}",multi-food-data.csv:000553
multi-food-data.csv:000554,0.5cup 2% cottage cheese + blueberries 100 grams + raw peanuts 20 grams snack,[],"{""items"":[{""name"":""cheese, cottage, lowfat, 2% milkfat"",""quantity"":0.5,""unit"":""cup"",""kcal"":92},{""name"":""blueberries, raw"",""quantity"":100,""unit"":""g"",""kcal"":57},{""name"":""peanuts, raw"",""quantity"":20,""unit"":""g"",""kcal"":110}],""totalKcal"":259,""mealType"":""snack"",""timeOffset"":""PT0M""}",multi-food-data.csv:000554
multi-food-data.csv:000555,200 grams plain nonfat yogurt + 150 g strawberries + 50 grams rolled whole grain oats,[],"{""items"":[{""name"":""yogurt, plain, nonfat"",""quantity"":200,""unit"":""g"",""kcal"":100},{""name"":""strawberries, raw"",""quantity"":150,""unit"":""g"",""kcal"":47},{""name"":""oats, whole grain, rolled, old fashioned"",""quantity"":50,""unit"":""g"",""kcal"":189}],""totalKcal"":336,""mealType"":""unknown"",""timeOffset"":""PT0M""}",multi-food-data.csv:000555
multi-food-data.csv:000556,ate plain nonfat greek yogurt 100 grams + strawberries 100 gr + raw english walnut halves g15,[],"{""items"":[{""name"":""yogurt, greek, plain, nonfat"",""quantity"":100,""unit"":""g"",""kcal"":61},{""name"":""strawberries, raw"",""quantity"":100,""unit"":""g"",""kcal"":31},{""name"":""nuts, walnuts, english, halves, raw"",""quantity"":15,""unit"":""g"",""kcal"":102}],""totalKcal"":194,""mealType"":""unknown"",""timeOffset"":""PT0M""}",multi-food-data.csv:000556
multi-food-data.csv:000557,150 gr full fat cottage cheese + red delicious apple 150g + g20 raw peanuts,[],"{""items"":[{""name"":""cottage cheese, full fat, large or small curd"",""quantity"":150,""unit"":""g"",""kcal"":157},{""name"":""apples, red delicious, with skin, raw"",""quantity"":150,""unit"":""g"",""kcal"":93},{""name"":""peanuts, raw"",""quantity"":20,""unit"":""g"",""kcal"":110}],""totalKcal"":360,""mealType"":""unknown"",""timeOffset"":""PT0M""}",multi-food-data.csv:000557
multi-food-data.csv:000558,2% cottage cheese 1 cup + 200g blueberries + raw english walnut halves g15 snack 2h ago,[],"{""items"":[{""name"":""cheese, cottage, lowfat, 2% milkfat"",""quantity"":1,""unit"":""cup"",""kcal"":185},{""name"":""blueberries, raw"",""quantity"":200,""unit"":""g"",""kcal"":115},{""name"":""nuts, walnuts, english, halves, raw"",""quantity"":15,""unit"":""g"",""kcal"":102}],""totalKcal"":402,""mealType"":""snack"",""timeOffset"":""-PT2H""}",multi-food-data.csv:000558
multi-food-data.csv:000559,plain nonfat greek yogurt 150 grams + 150 g strawberries + g15 whole raw almonds 227 cal snack,[],"{""items"":[{""name"":""yogurt, greek, plain, nonfat"",""quantity"":150,""unit"":""g"",""kcal"":92},{""name"":""strawberries, raw"",""quantity"":150,""unit"":""g"",""kcal"":47},{""name"":""nuts, almonds, whole, raw"",""quantity"":15,""unit"":""g"",""kcal"":88}],""totalKcal"":227,""mealType"":""snack"",""timeOffset"":""PT0M""}",multi-food-data.csv:000559
multi-food-data.csv:000560,ate plain nonfat greek yogurt g200 + raspberries g200 + raw peanuts 30 gr bf,[],"{""items"":[{""name"":""yogurt, greek, plain, nonfat"",""quantity"":200,""unit"":""g"",""kcal"":122},{""name"":""raspberries, raw"",""quantity"":200,""unit"":""g"",""kcal"":103},{""name"":""peanuts, raw"",""quantity"":30,""unit"":""g"",""kcal"":165}],""totalKcal"":390,""mealType"":""breakfast"",""timeOffset"":""PT0M""}",multi-food-data.csv:000560
multi-food-data.csv:000561,ate 200 grams plain nonfat yogurt + raspberries 200 g + rolled whole grain oats g50 breakfast,[],"{""items"":[{""name"":""yogurt, plain, nonfat"",""quantity"":200,""unit"":""g"",""kcal"":100},{""name"":""raspberries, raw"",""quantity"":200,""unit"":""g"",""kcal"":103},{""name"":""oats, whole grain, rolled, old fashioned"",""quantity"":50,""unit"":""g"",""kcal"":189}],""totalKcal"":392,""mealType"":""breakfast"",""timeOffset"":""PT0M""}",multi-food-data.csv:000561
multi-food-data.csv:000562,1 tablespoon commercial hummus + 50 grams raw roma tomato + slice1 whole wheat bread lunch,[],"{""items"":[{""name"":""hummus, commercial"",""quantity"":1,""unit"":""tablespoon"",""kcal"":39},{""name"":""tomato, roma"",""quantity"":50,""unit"":""g"",""kcal"":9},{""name"":""bread, whole-wheat, commercially prepared"",""quantity"":1,""unit"":""slice"",""kcal"":82}],""totalKcal"":130,""mealType"":""lunch"",""timeOffset"":""PT0M""}",multi-food-data.csv:000562
multi-food-data.csv:000563,ate g150 plain nonfat yogurt + 100 g blueberries + g15 whole raw almonds,[],"{""items"":[{""name"":""yogurt, plain, nonfat"",""quantity"":150,""unit"":""g"",""kcal"":75},{""name"":""blueberries, raw"",""quantity"":100,""unit"":""g"",""kcal"":57},{""name"":""nuts, almonds, whole, raw"",""quantity"":15,""unit"":""g"",""kcal"":88}],""totalKcal"":220,""mealType"":""unknown"",""timeOffset"":""PT0M""}",multi-food-data.csv:000563
multi-food-data.csv:000564,plain whole milk yogurt 200 grams + 150 gr blueberries + rolled whole grain oats 30 g breakfast,[],"{""items"":[{""name"":""yogurt, plain, whole milk"",""quantity"":200,""unit"":""g"",""kcal"":155},{""name"":""blueberries, raw"",""quantity"":150,""unit"":""g"",""kcal"":86},{""name"":""oats, whole grain, rolled, old fashioned"",""quantity"":30,""unit"":""g"",""kcal"":114}],""totalKcal"":355,""mealType"":""breakfast"",""timeOffset"":""PT0M""}",multi-food-data.csv:000564
multi-food-data.csv:000565,plain nonfat yogurt 150 grams + red delicious apple 200 gr + rolled whole grain oats 50 gr snack -17h,[],"{""items"":[{""name"":""yogurt, plain, nonfat"",""quantity"":150,""unit"":""g"",""kcal"":75},{""name"":""apples, red delicious, with skin, raw"",""quantity"":200,""unit"":""g"",""kcal"":124},{""name"":""oats, whole grain, rolled, old fashioned"",""quantity"":50,""unit"":""g"",""kcal"":189}],""totalKcal"":388,""mealType"":""snack"",""timeOffset"":""-PT17H""}",multi-food-data.csv:000565
multi-food-data.csv:000566,plain whole milk yogurt 200g + raspberries 200 g + 30 grams raw english walnut halves bf,[],"{""items"":[{""name"":""yogurt, plain, whole milk"",""quantity"":200,""unit"":""g"",""kcal"":155},{""name"":""raspberries, raw"",""quantity"":200,""unit"":""g"",""kcal"":103},{""name"":""nuts, walnuts, english, halves, raw"",""quantity"":30,""unit"":""g"",""kcal"":204}],""totalKcal"":462,""mealType"":""breakfast"",""timeOffset"":""PT0M""}",multi-food-data.csv:000566
multi-food-data.csv:000567,plain whole milk yogurt 150 g + raspberries 150g + rolled whole grain oats 70g snack,[],"{""items"":[{""name"":""yogurt, plain, whole milk"",""quantity"":150,""unit"":""g"",""kcal"":116},{""name"":""raspberries, raw"",""quantity"":150,""unit"":""g"",""kcal"":77},{""name"":""oats, whole grain, rolled, old fashioned"",""quantity"":70,""unit"":""g"",""kcal"":265}],""totalKcal"":458,""mealType"":""snack"",""timeOffset"":""PT0M""}",multi-food-data.csv:000567
multi-food-data.csv:000568,ate 150 gr light canned tuna in water + 100g canned black beans + raw romaine lettuce 50 gr 259 cal 8h ago,[],"{""items"":[{""name"":""fish, tuna, light, canned in water, drained solids"",""quantity"":150,""unit"":""g"",""kcal"":135},{""name"":""beans, black, canned, sodium added, drained and rinsed"",""quantity"":100,""unit"":""g"",""kcal"":115},{""name"":""lettuce, romaine, green, raw"",""quantity"":50,""unit"":""g"",""kcal"":9}],""totalKcal"":259,""mealType"":""unknown"",""timeOffset"":""-PT8H""}",multi-food-data.csv:000568
multi-food-data.csv:000569,ate plain nonfat greek yogurt 150 gr + g100 raspberries + 15g raw english walnut halves snack 16d ago,[],"{""items"":[{""name"":""yogurt, greek, plain, nonfat"",""quantity"":150,""unit"":""g"",""kcal"":92},{""name"":""raspberries, raw"",""quantity"":100,""unit"":""g"",""kcal"":51},{""name"":""nuts, walnuts, english, halves, raw"",""quantity"":15,""unit"":""g"",""kcal"":102}],""totalKcal"":245,""mealType"":""snack"",""timeOffset"":""-P16D""}",multi-food-data.csv:000569
multi-food-data.csv:000570,ate g100 strawberries + plain nonfat greek yogurt 200 gr + raw peanuts 20 gr breakfast 20d ago,[],"{""items"":[{""name"":""strawberries, raw"",""quantity"":100,""unit"":""g"",""kcal"":31},{""name"":""yogurt, greek, plain, nonfat"",""quantity"":200,""unit"":""g"",""kcal"":122},{""name"":""peanuts, raw"",""quantity"":20,""unit"":""g"",""kcal"":110}],""totalKcal"":263,""mealType"":""breakfast"",""timeOffset"":""-P20D""}",multi-food-data.csv:000570
multi-food-data.csv:000571,ate 200 g blueberries + g20 raw english walnut halves + plain nonfat greek yogurt 150 g snack 22h ago,[],"{""items"":[{""name"":""blueberries, raw"",""quantity"":200,""unit"":""g"",""kcal"":115},{""name"":""nuts, walnuts, english, halves, raw"",""quantity"":20,""unit"":""g"",""kcal"":136},{""name"":""yogurt, greek, plain, nonfat"",""quantity"":150,""unit"":""g"",""kcal"":92}],""totalKcal"":343,""mealType"":""snack"",""timeOffset"":""-PT22H""}",multi-food-data.csv:000571
multi-food-data.csv:000572,ate 150 gr full fat cottage cheese + red delicious apple 200g + whole raw almonds 20 g breakfast,[],"{""items"":[{""name"":""cottage cheese, full fat, large or small curd"",""quantity"":150,""unit"":""g"",""kcal"":157},{""name"":""apples, red delicious, with skin, raw"",""quantity"":200,""unit"":""g"",""kcal"":124},{""name"":""nuts, almonds, whole, raw"",""quantity"":20,""unit"":""g"",""kcal"":117}],""totalKcal"":398,""mealType"":""breakfast"",""timeOffset"":""PT0M""}",multi-food-data.csv:000572
multi-food-data.csv:000573,g100 plain nonfat greek yogurt + 200 grams red delicious apple + 70g rolled whole grain oats,[],"{""items"":[{""name"":""yogurt, greek, plain, nonfat"",""quantity"":100,""unit"":""g"",""kcal"":61},{""name"":""apples, red delicious, with skin, raw"",""quantity"":200,""unit"":""g"",""kcal"":124},{""name"":""oats, whole grain, rolled, old fashioned"",""quantity"":70,""unit"":""g"",""kcal"":265}],""totalKcal"":450,""mealType"":""unknown"",""timeOffset"":""PT0M""}",multi-food-data.csv:000573
multi-food-data.csv:000574,ate 2% cottage cheese 1cup + 200 g blueberries + raw peanuts 30 gr breakfast 22h ago,[],"{""items"":[{""name"":""cheese, cottage, lowfat, 2% milkfat"",""quantity"":1,""unit"":""cup"",""kcal"":185},{""name"":""blueberries, raw"",""quantity"":200,""unit"":""g"",""kcal"":115},{""name"":""peanuts, raw"",""quantity"":30,""unit"":""g"",""kcal"":165}],""totalKcal"":465,""mealType"":""breakfast"",""timeOffset"":""-PT22H""}",multi-food-data.csv:000574
multi-food-data.csv:000575,ate 100 gr plain whole milk yogurt + raspberries 100 gr + whole raw almonds 15 g snack,[],"{""items"":[{""name"":""yogurt, plain, whole milk"",""quantity"":100,""unit"":""g"",""kcal"":77},{""name"":""raspberries, raw"",""quantity"":100,""unit"":""g"",""kcal"":51},{""name"":""nuts, almonds, whole, raw"",""quantity"":15,""unit"":""g"",""kcal"":88}],""totalKcal"":216,""mealType"":""snack"",""timeOffset"":""PT0M""}",multi-food-data.csv:000575
multi-food-data.csv:000576,ate cup1 2% cottage cheese + blueberries g200 + 15 g raw peanuts snack,[],"{""items"":[{""name"":""cheese, cottage, lowfat, 2% milkfat"",""quantity"":1,""unit"":""cup"",""kcal"":185},{""name"":""blueberries, raw"",""quantity"":200,""unit"":""g"",""kcal"":115},{""name"":""peanuts, raw"",""quantity"":15,""unit"":""g"",""kcal"":83}],""totalKcal"":383,""mealType"":""snack"",""timeOffset"":""PT0M""}",multi-food-data.csv:000576
multi-food-data.csv:000577,200g plain nonfat yogurt + blueberries 200 g + whole raw almonds 30 g breakfast,[],"{""items"":[{""name"":""yogurt, plain, nonfat"",""quantity"":200,""unit"":""g"",""kcal"":100},{""name"":""blueberries, raw"",""quantity"":200,""unit"":""g"",""kcal"":115},{""name"":""nuts, almonds, whole, raw"",""quantity"":30,""unit"":""g"",""kcal"":175}],""totalKcal"":390,""mealType"":""breakfast"",""timeOffset"":""PT0M""}",multi-food-data.csv:000577
multi-food-data.csv:000578,ate 200g plain nonfat yogurt + red delicious apple 200 grams + 30 gr whole raw almonds,[],"{""items"":[{""name"":""yogurt, plain, nonfat"",""quantity"":200,""unit"":""g"",""kcal"":100},{""name"":""apples, red delicious, with skin, raw"",""quantity"":200,""unit"":""g"",""kcal"":124},{""name"":""nuts, almonds, whole, raw"",""quantity"":30,""unit"":""g"",""kcal"":175}],""totalKcal"":399,""mealType"":""unknown"",""timeOffset"":""PT0M""}",multi-food-data.csv:000578
multi-food-data.csv:000579,ate red delicious apple 200 gr + raw english walnut halves 30 gr + full fat cottage cheese 200g snack 11d ago,[],"{""items"":[{""name"":""apples, red delicious, with skin, raw"",""quantity"":200,""unit"":""g"",""kcal"":124},{""name"":""nuts, walnuts, english, halves, raw"",""quantity"":30,""unit"":""g"",""kcal"":204},{""name"":""cottage cheese, full fat, large or small curd"",""quantity"":200,""unit"":""g"",""kcal"":209}],""totalKcal"":537,""mealType"":""snack"",""timeOffset"":""-P11D""}",multi-food-data.csv:000579
multi-food-data.csv:000580,plain nonfat greek yogurt g100 + red delicious apple g100 + 30 grams whole raw almonds breakfast -30d,[],"{""items"":[{""name"":""yogurt, greek, plain, nonfat"",""quantity"":100,""unit"":""g"",""kcal"":61},{""name"":""apples, red delicious, with skin, raw"",""quantity"":100,""unit"":""g"",""kcal"":62},{""name"":""nuts, almonds, whole, raw"",""quantity"":30,""unit"":""g"",""kcal"":175}],""totalKcal"":298,""mealType"":""breakfast"",""timeOffset"":""-P30D""}",multi-food-data.csv:000580
multi-food-data.csv:000581,plain whole milk yogurt g100 + strawberries 100 g + rolled whole grain oats 50 g,[],"{""items"":[{""name"":""yogurt, plain, whole milk"",""quantity"":100,""unit"":""g"",""kcal"":77},{""name"":""strawberries, raw"",""quantity"":100,""unit"":""g"",""kcal"":31},{""name"":""oats, whole grain, rolled, old fashioned"",""quantity"":50,""unit"":""g"",""kcal"":189}],""totalKcal"":297,""mealType"":""unknown"",""timeOffset"":""PT0M""}",multi-food-data.csv:000581
multi-food-data.csv:000582,ate 100 gr plain nonfat yogurt + raspberries 150 grams + whole raw almonds 30 grams snack,[],"{""items"":[{""name"":""yogurt, plain, nonfat"",""quantity"":100,""unit"":""g"",""kcal"":50},{""name"":""raspberries, raw"",""quantity"":150,""unit"":""g"",""kcal"":77},{""name"":""nuts, almonds, whole, raw"",""quantity"":30,""unit"":""g"",""kcal"":175}],""totalKcal"":302,""mealType"":""snack"",""timeOffset"":""PT0M""}",multi-food-data.csv:000582
multi-food-data.csv:000583,ate 100 gr plain whole milk yogurt + strawberries 200 grams + rolled whole grain oats 70 grams,[],"{""items"":[{""name"":""yogurt, plain, whole milk"",""quantity"":100,""unit"":""g"",""kcal"":77},{""name"":""strawberries, raw"",""quantity"":200,""unit"":""g"",""kcal"":62},{""name"":""oats, whole grain, rolled, old fashioned"",""quantity"":70,""unit"":""g"",""kcal"":265}],""totalKcal"":404,""mealType"":""unknown"",""timeOffset"":""PT0M""}",multi-food-data.csv:000583
multi-food-data.csv:000584,ate plain whole milk yogurt g200 + red delicious apple 200 grams + raw english walnut halves 20 gr,[],"{""items"":[{""name"":""yogurt, plain, whole milk"",""quantity"":200,""unit"":""g"",""kcal"":155},{""name"":""apples, red delicious, with skin, raw"",""quantity"":200,""unit"":""g"",""kcal"":124},{""name"":""nuts, walnuts, english, halves, raw"",""quantity"":20,""unit"":""g"",""kcal"":136}],""totalKcal"":415,""mealType"":""unknown"",""timeOffset"":""PT0M""}",multi-food-data.csv:000584
multi-food-data.csv:000585,plain whole milk yogurt g100 + 100g blueberries + raw english walnut halves 15 grams bf -12h,[],"{""items"":[{""name"":""yogurt, plain, whole milk"",""quantity"":100,""unit"":""g"",""kcal"":77},{""name"":""blueberries, raw"",""quantity"":100,""unit"":""g"",""kcal"":57},{""name"":""nuts, walnuts, english, halves, raw"",""quantity"":15,""unit"":""g"",""kcal"":102}],""totalKcal"":236,""mealType"":""breakfast"",""timeOffset"":""-PT12H""}",multi-food-data.csv:000585
multi-food-data.csv:000586,2% cottage cheese 0.5 cups + red delicious apple 150 g + raw english walnut halves 15 gr snack 14d ago,[],"{""items"":[{""name"":""cheese, cottage, lowfat, 2% milkfat"",""quantity"":0.5,""unit"":""cup"",""kcal"":92},{""name"":""apples, red delicious, with skin, raw"",""quantity"":150,""unit"":""g"",""kcal"":93},{""name"":""nuts, walnuts, english, halves, raw"",""quantity"":15,""unit"":""g"",""kcal"":102}],""totalKcal"":287,""mealType"":""snack"",""timeOffset"":""-P14D""}",multi-food-data.csv:000586
multi-food-data.csv:000587,g150 red delicious apple + plain whole milk yogurt g200 + raw peanuts 30 gr,[],"{""items"":[{""name"":""apples, red delicious, with skin, raw"",""quantity"":150,""unit"":""g"",""kcal"":93},{""name"":""yogurt, plain, whole milk"",""quantity"":200,""unit"":""g"",""kcal"":155},{""name"":""peanuts, raw"",""quantity"":30,""unit"":""g"",""kcal"":165}],""totalKcal"":413,""mealType"":""unknown"",""timeOffset"":""PT0M""}",multi-food-data.csv:000587
multi-food-data.csv:000588,100 gr full fat cottage cheese + red delicious apple 100g + raw english walnut halves 15 grams snack -17d,[],"{""items"":[{""name"":""cottage cheese, full fat, large or small curd"",""quantity"":100,""unit"":""g"",""kcal"":105},{""name"":""apples, red delicious, with skin, raw"",""quantity"":100,""unit"":""g"",""kcal"":62},{""name"":""nuts, walnuts, english, halves, raw"",""quantity"":15,""unit"":""g"",""kcal"":102}],""totalKcal"":269,""mealType"":""snack"",""timeOffset"":""-P17D""}",multi-food-data.csv:000588
multi-food-data.csv:000589,100 gr plain nonfat greek yogurt + raspberries 100g + raw peanuts 15 grams snack 23d ago,[],"{""items"":[{""name"":""yogurt, greek, plain, nonfat"",""quantity"":100,""unit"":""g"",""kcal"":61},{""name"":""raspberries, raw"",""quantity"":100,""unit"":""g"",""kcal"":51},{""name"":""peanuts, raw"",""quantity"":15,""unit"":""g"",""kcal"":83}],""totalKcal"":195,""mealType"":""snack"",""timeOffset"":""-P23D""}",multi-food-data.csv:000589
multi-food-data.csv:000590,150g plain nonfat yogurt + whole raw almonds 20 grams + blueberries 150 grams snack 22h ago,[],"{""items"":[{""name"":""yogurt, plain, nonfat"",""quantity"":150,""unit"":""g"",""kcal"":75},{""name"":""nuts, almonds, whole, raw"",""quantity"":20,""unit"":""g"",""kcal"":117},{""name"":""blueberries, raw"",""quantity"":150,""unit"":""g"",""kcal"":86}],""totalKcal"":278,""mealType"":""snack"",""timeOffset"":""-PT22H""}",multi-food-data.csv:000590
multi-food-data.csv:000591,plain whole milk yogurt 200g + 200 gr red delicious apple + g15 whole raw almonds snack,[],"{""items"":[{""name"":""yogurt, plain, whole milk"",""quantity"":200,""unit"":""g"",""kcal"":155},{""name"":""apples, red delicious, with skin, raw"",""quantity"":200,""unit"":""g"",""kcal"":124},{""name"":""nuts, almonds, whole, raw"",""quantity"":15,""unit"":""g"",""kcal"":88}],""totalKcal"":367,""mealType"":""snack"",""timeOffset"":""PT0M""}",multi-food-data.csv:000591
multi-food-data.csv:000592,tbsp1 commercial hummus + raw roma tomato 150 grams + white bread 1 slice,[],"{""items"":[{""name"":""hummus, commercial"",""quantity"":1,""unit"":""tablespoon"",""kcal"":39},{""name"":""tomato, roma"",""quantity"":150,""unit"":""g"",""kcal"":28},{""name"":""bread, white, commercially prepared"",""quantity"":1,""unit"":""slice"",""kcal"":74}],""totalKcal"":141,""mealType"":""unknown"",""timeOffset"":""PT0M""}",multi-food-data.csv:000592
multi-food-data.csv:000593,200 gr full fat cottage cheese + 150 gr blueberries + raw english walnut halves 20 g,[],"{""items"":[{""name"":""cottage cheese, full fat, large or small curd"",""quantity"":200,""unit"":""g"",""kcal"":209},{""name"":""blueberries, raw"",""quantity"":150,""unit"":""g"",""kcal"":86},{""name"":""nuts, walnuts, english, halves, raw"",""quantity"":20,""unit"":""g"",""kcal"":136}],""totalKcal"":431,""mealType"":""unknown"",""timeOffset"":""PT0M""}",multi-food-data.csv:000593
multi-food-data.csv:000594,plain whole milk yogurt 150g + raspberries 200 gr + raw peanuts 20 gr,[],"{""items"":[{""name"":""yogurt, plain, whole milk"",""quantity"":150,""unit"":""g"",""kcal"":116},{""name"":""raspberries, raw"",""quantity"":200,""unit"":""g"",""kcal"":103},{""name"":""peanuts, raw"",""quantity"":20,""unit"":""g"",""kcal"":110}],""totalKcal"":329,""mealType"":""unknown"",""timeOffset"":""PT0M""}",multi-food-data.csv:000594
multi-food-data.csv:000595,ate full fat cottage cheese 100 g + blueberries 200 g + raw peanuts g20,[],"{""items"":[{""name"":""cottage cheese, full fat, large or small curd"",""quantity"":100,""unit"":""g"",""kcal"":105},{""name"":""blueberries, raw"",""quantity"":200,""unit"":""g"",""kcal"":115},{""name"":""peanuts, raw"",""quantity"":20,""unit"":""g"",""kcal"":110}],""totalKcal"":330,""mealType"":""unknown"",""timeOffset"":""PT0M""}",multi-food-data.csv:000595
multi-food-data.csv:000596,full fat cottage cheese 100 gr + raspberries 150 gr + 15g whole raw almonds bf -12d,[],"{""items"":[{""name"":""cottage cheese, full fat, large or small curd"",""quantity"":100,""unit"":""g"",""kcal"":105},{""name"":""raspberries, raw"",""quantity"":150,""unit"":""g"",""kcal"":77},{""name"":""nuts, almonds, whole, raw"",""quantity"":15,""unit"":""g"",""kcal"":88}],""totalKcal"":270,""mealType"":""breakfast"",""timeOffset"":""-P12D""}",multi-food-data.csv:000596
multi-food-data.csv:000597,150 grams full fat cottage cheese + 150 gr strawberries + raw peanuts 15 gr 287 cal breakfast 10h ago,[],"{""items"":[{""name"":""cottage cheese, full fat, large or small curd"",""quantity"":150,""unit"":""g"",""kcal"":157},{""name"":""strawberries, raw"",""quantity"":150,""unit"":""g"",""kcal"":47},{""name"":""peanuts, raw"",""quantity"":15,""unit"":""g"",""kcal"":83}],""totalKcal"":287,""mealType"":""breakfast"",""timeOffset"":""-PT10H""}",multi-food-data.csv:000597
multi-food-data.csv:000598,100 g plain nonfat greek yogurt + 100 grams raspberries + 15 gr whole raw almonds -26d,[],"{""items"":[{""name"":""yogurt, greek, plain, nonfat"",""quantity"":100,""unit"":""g"",""kcal"":61},{""name"":""raspberries, raw"",""quantity"":100,""unit"":""g"",""kcal"":51},{""name"":""nuts, almonds, whole, raw"",""quantity"":15,""unit"":""g"",""kcal"":88}],""totalKcal"":200,""mealType"":""unknown"",""timeOffset"":""-P26D""}",multi-food-data.csv:000598
multi-food-data.csv:000599,1tbsp commercial hummus + white bread slice1 + raw roma tomato 100 grams snack,[],"{""items"":[{""name"":""hummus, commercial"",""quantity"":1,""unit"":""tablespoon"",""kcal"":39},{""name"":""bread, white, commercially prepared"",""quantity"":1,""unit"":""slice"",""kcal"":74},{""name"":""tomato, roma"",""quantity"":100,""unit"":""g"",""kcal"":19}],""totalKcal"":132,""mealType"":""snack"",""timeOffset"":""PT0M""}",multi-food-data.csv:000599
multi-food-data.csv:000600,1 cup 2% cottage cheese + 150 grams strawberries + whole raw almonds 15 gr 320 cal,[],"{""items"":[{""name"":""cheese, cottage, lowfat, 2% milkfat"",""quantity"":1,""unit"":""cup"",""kcal"":185},{""name"":""strawberries, raw"",""quantity"":150,""unit"":""g"",""kcal"":47},{""name"":""nuts, almonds, whole, raw"",""quantity"":15,""unit"":""g"",""kcal"":88}],""totalKcal"":320,""mealType"":""unknown"",""timeOffset"":""PT0M""}",multi-food-data.csv:000600
multi-food-data.csv:000601,plain whole milk yogurt 100g + g15 raw english walnut halves + 200 grams red delicious apple 303 cal 23h ago,[],"{""items"":[{""name"":""yogurt, plain, whole milk"",""quantity"":100,""unit"":""g"",""kcal"":77},{""name"":""nuts, walnuts, english, halves, raw"",""quantity"":15,""unit"":""g"",""kcal"":102},{""name"":""apples, red delicious, with skin, raw"",""quantity"":200,""unit"":""g"",""kcal"":124}],""totalKcal"":303,""mealType"":""unknown"",""timeOffset"":""-PT23H""}",multi-food-data.csv:000601
multi-food-data.csv:000602,50 grams rolled whole grain oats + plain nonfat yogurt 200 g + red delicious apple 150g tomorrow,[],"{""items"":[{""name"":""oats, whole grain, rolled, old fashioned"",""quantity"":50,""unit"":""g"",""kcal"":189},{""name"":""yogurt, plain, nonfat"",""quantity"":200,""unit"":""g"",""kcal"":100},{""name"":""apples, red delicious, with skin, raw"",""quantity"":150,""unit"":""g"",""kcal"":93}],""totalKcal"":382,""mealType"":""unknown"",""timeOffset"":""P1D""}",multi-food-data.csv:000602
multi-food-data.csv:000603,2% cottage cheese 0.5 cups + raspberries g200 + whole raw almonds g20,[],"{""items"":[{""name"":""cheese, cottage, lowfat, 2% milkfat"",""quantity"":0.5,""unit"":""cup"",""kcal"":92},{""name"":""raspberries, raw"",""quantity"":200,""unit"":""g"",""kcal"":103},{""name"":""nuts, almonds, whole, raw"",""quantity"":20,""unit"":""g"",""kcal"":117}],""totalKcal"":312,""mealType"":""unknown"",""timeOffset"":""PT0M""}",multi-food-data.csv:000603
multi-food-data.csv:000604,ate full fat cottage cheese 150 g + 20 g whole raw almonds + blueberries 150g bf,[],"{""items"":[{""name"":""cottage cheese, full fat, large or small curd"",""quantity"":150,""unit"":""g"",""kcal"":157},{""name"":""nuts, almonds, whole, raw"",""quantity"":20,""unit"":""g"",""kcal"":117},{""name"":""blueberries, raw"",""quantity"":150,""unit"":""g"",""kcal"":86}],""totalKcal"":360,""mealType"":""breakfast"",""timeOffset"":""PT0M""}",multi-food-data.csv:000604
multi-food-data.csv:000605,ate plain nonfat yogurt 150 gr + g200 raspberries + rolled whole grain oats 50 gr,[],"{""items"":[{""name"":""yogurt, plain, nonfat"",""quantity"":150,""unit"":""g"",""kcal"":75},{""name"":""raspberries, raw"",""quantity"":200,""unit"":""g"",""kcal"":103},{""name"":""oats, whole grain, rolled, old fashioned"",""quantity"":50,""unit"":""g"",""kcal"":189}],""totalKcal"":367,""mealType"":""unknown"",""timeOffset"":""PT0M""}",multi-food-data.csv:000605
multi-food-data.csv:000606,ate g100 plain whole milk yogurt + g150 red delicious apple + raw peanuts 20g snack 2h ago,[],"{""items"":[{""name"":""yogurt, plain, whole milk"",""quantity"":100,""unit"":""g"",""kcal"":77},{""name"":""apples, red delicious, with skin, raw"",""quantity"":150,""unit"":""g"",""kcal"":93},{""name"":""peanuts, raw"",""quantity"":20,""unit"":""g"",""kcal"":110}],""totalKcal"":280,""mealType"":""snack"",""timeOffset"":""-PT2H""}",multi-food-data.csv:000606
multi-food-data.csv:000607,200 grams plain whole milk yogurt + raspberries 100g + raw english walnut halves 30 gr breakfast -13d,[],"{""items"":[{""name"":""yogurt, plain, whole milk"",""quantity"":200,""unit"":""g"",""kcal"":155},{""name"":""raspberries, raw"",""quantity"":100,""unit"":""g"",""kcal"":51},{""name"":""nuts, walnuts, english, halves, raw"",""quantity"":30,""unit"":""g"",""kcal"":204}],""totalKcal"":410,""mealType"":""breakfast"",""timeOffset"":""-P13D""}",multi-food-data.csv:000607
multi-food-data.csv:000608,ate 100 g plain nonfat yogurt + red delicious apple 100 gr + 30 grams rolled whole grain oats,[],"{""items"":[{""name"":""yogurt, plain, nonfat"",""quantity"":100,""unit"":""g"",""kcal"":50},{""name"":""apples, red delicious, with skin, raw"",""quantity"":100,""unit"":""g"",""kcal"":62},{""name"":""oats, whole grain, rolled, old fashioned"",""quantity"":30,""unit"":""g"",""kcal"":114}],""totalKcal"":226,""mealType"":""unknown"",""timeOffset"":""PT0M""}",multi-food-data.csv:000608
multi-food-data.csv:000609,100g blueberries + plain nonfat greek yogurt 100 gr + 20g whole raw almonds 235kcal,[],"{""items"":[{""name"":""blueberries, raw"",""quantity"":100,""unit"":""g"",""kcal"":57},{""name"":""yogurt, greek, plain, nonfat"",""quantity"":100,""unit"":""g"",""kcal"":61},{""name"":""nuts, almonds, whole, raw"",""quantity"":20,""unit"":""g"",""kcal"":117}],""totalKcal"":235,""mealType"":""unknown"",""timeOffset"":""PT0M""}",multi-food-data.csv:000609
multi-food-data.csv:000610,g200 full fat cottage cheese + raspberries 100 gr + whole raw almonds 30 gr bf tomorrow,[],"{""items"":[{""name"":""cottage cheese, full fat, large or small curd"",""quantity"":200,""unit"":""g"",""kcal"":209},{""name"":""raspberries, raw"",""quantity"":100,""unit"":""g"",""kcal"":51},{""name"":""nuts, almonds, whole, raw"",""quantity"":30,""unit"":""g"",""kcal"":175}],""totalKcal"":435,""mealType"":""breakfast"",""timeOffset"":""P1D""}",multi-food-data.csv:000610
multi-food-data.csv:000611,ate g200 plain whole milk yogurt + 200 gr strawberries + rolled whole grain oats 50 gr breakfast,[],"{""items"":[{""name"":""yogurt, plain, whole milk"",""quantity"":200,""unit"":""g"",""kcal"":155},{""name"":""strawberries, raw"",""quantity"":200,""unit"":""g"",""kcal"":62},{""name"":""oats, whole grain, rolled, old fashioned"",""quantity"":50,""unit"":""g"",""kcal"":189}],""totalKcal"":406,""mealType"":""breakfast"",""timeOffset"":""PT0M""}",multi-food-data.csv:000611
multi-food-data.csv:000612,plain nonfat greek yogurt 150 g + rolled whole grain oats g70 + 200g raspberries -26d,[],"{""items"":[{""name"":""yogurt, greek, plain, nonfat"",""quantity"":150,""unit"":""g"",""kcal"":92},{""name"":""oats, whole grain, rolled, old fashioned"",""quantity"":70,""unit"":""g"",""kcal"":265},{""name"":""raspberries, raw"",""quantity"":200,""unit"":""g"",""kcal"":103}],""totalKcal"":460,""mealType"":""unknown"",""timeOffset"":""-P26D""}",multi-food-data.csv:000612
multi-food-data.csv:000613,100g full fat cottage cheese + blueberries 200 g + 30g raw peanuts,[],"{""items"":[{""name"":""cottage cheese, full fat, large or small curd"",""quantity"":100,""unit"":""g"",""kcal"":105},{""name"":""blueberries, raw"",""quantity"":200,""unit"":""g"",""kcal"":115},{""name"":""peanuts, raw"",""quantity"":30,""unit"":""g"",""kcal"":165}],""totalKcal"":385,""mealType"":""unknown"",""timeOffset"":""PT0M""}",multi-food-data.csv:000613
multi-food-data.csv:000614,ate commercial hummus 3tbsp + raw roma tomato 100g + whole wheat bread slice2 -12d,[],"{""items"":[{""name"":""hummus, commercial"",""quantity"":3,""unit"":""tablespoon"",""kcal"":116},{""name"":""tomato, roma"",""quantity"":100,""unit"":""g"",""kcal"":19},{""name"":""bread, whole-wheat, commercially prepared"",""quantity"":2,""unit"":""slice"",""kcal"":163}],""totalKcal"":298,""mealType"":""unknown"",""timeOffset"":""-P12D""}",multi-food-data.csv:000614
multi-food-data.csv:000615,1tbsp commercial hummus + 50 grams raw roma tomato + white bread 1 slice -19h,[],"{""items"":[{""name"":""hummus, commercial"",""quantity"":1,""unit"":""tablespoon"",""kcal"":39},{""name"":""tomato, roma"",""quantity"":50,""unit"":""g"",""kcal"":9},{""name"":""bread, white, commercially prepared"",""quantity"":1,""unit"":""slice"",""kcal"":74}],""totalKcal"":122,""mealType"":""unknown"",""timeOffset"":""-PT19H""}",multi-food-data.csv:000615
multi-food-data.csv:000616,plain nonfat greek yogurt 100g + 100g strawberries + 50 g rolled whole grain oats snack,[],"{""items"":[{""name"":""yogurt, greek, plain, nonfat"",""quantity"":100,""unit"":""g"",""kcal"":61},{""name"":""strawberries, raw"",""quantity"":100,""unit"":""g"",""kcal"":31},{""name"":""oats, whole grain, rolled, old fashioned"",""quantity"":50,""unit"":""g"",""kcal"":189}],""totalKcal"":281,""mealType"":""snack"",""timeOffset"":""PT0M""}",multi-food-data.csv:000616
multi-food-data.csv:000617,plain whole milk yogurt g150 + 150 gr strawberries + 30g raw english walnut halves snack,[],"{""items"":[{""name"":""yogurt, plain, whole milk"",""quantity"":150,""unit"":""g"",""kcal"":116},{""name"":""strawberries, raw"",""quantity"":150,""unit"":""g"",""kcal"":47},{""name"":""nuts, walnuts, english, halves, raw"",""quantity"":30,""unit"":""g"",""kcal"":204}],""totalKcal"":367,""mealType"":""snack"",""timeOffset"":""PT0M""}",multi-food-data.csv:000617
multi-food-data.csv:000618,plain whole milk yogurt 200 grams + 150 gr blueberries + raw english walnut halves 15 g bf,[],"{""items"":[{""name"":""yogurt, plain, whole milk"",""quantity"":200,""unit"":""g"",""kcal"":155},{""name"":""blueberries, raw"",""quantity"":150,""unit"":""g"",""kcal"":86},{""name"":""nuts, walnuts, english, halves, raw"",""quantity"":15,""unit"":""g"",""kcal"":102}],""totalKcal"":343,""mealType"":""breakfast"",""timeOffset"":""PT0M""}",multi-food-data.csv:000618
multi-food-data.csv:000619,full fat cottage cheese 200g + g200 red delicious apple + raw peanuts 20 g bf,[],"{""items"":[{""name"":""cottage cheese, full fat, large or small curd"",""quantity"":200,""unit"":""g"",""kcal"":209},{""name"":""apples, red delicious, with skin, raw"",""quantity"":200,""unit"":""g"",""kcal"":124},{""name"":""peanuts, raw"",""quantity"":20,""unit"":""g"",""kcal"":110}],""totalKcal"":443,""mealType"":""breakfast"",""timeOffset"":""PT0M""}",multi-food-data.csv:000619
multi-food-data.csv:000620,plain whole milk yogurt 200g + red delicious apple 150g + 20g raw english walnut halves snack,[],"{""items"":[{""name"":""yogurt, plain, whole milk"",""quantity"":200,""unit"":""g"",""kcal"":155},{""name"":""apples, red delicious, with skin, raw"",""quantity"":150,""unit"":""g"",""kcal"":93},{""name"":""nuts, walnuts, english, halves, raw"",""quantity"":20,""unit"":""g"",""kcal"":136}],""totalKcal"":384,""mealType"":""snack"",""timeOffset"":""PT0M""}",multi-food-data.csv:000620
multi-food-data.csv:000621,1 tablespoon commercial hummus + 2slice white bread + g50 raw roma tomato lunch 9d ago,[],"{""items"":[{""name"":""hummus, commercial"",""quantity"":1,""unit"":""tablespoon"",""kcal"":39},{""name"":""bread, white, commercially prepared"",""quantity"":2,""unit"":""slice"",""kcal"":147},{""name"":""tomato, roma"",""quantity"":50,""unit"":""g"",""kcal"":9}],""totalKcal"":195,""mealType"":""lunch"",""timeOffset"":""-P9D""}",multi-food-data.csv:000621
multi-food-data.csv:000622,ate plain nonfat greek yogurt g150 + red delicious apple 100 grams + whole raw almonds 15g,[],"{""items"":[{""name"":""yogurt, greek, plain, nonfat"",""quantity"":150,""unit"":""g"",""kcal"":92},{""name"":""apples, red delicious, with skin, raw"",""quantity"":100,""unit"":""g"",""kcal"":62},{""name"":""nuts, almonds, whole, raw"",""quantity"":15,""unit"":""g"",""kcal"":88}],""totalKcal"":242,""mealType"":""unknown"",""timeOffset"":""PT0M""}",multi-food-data.csv:000622
multi-food-data.csv:000623,plain nonfat greek yogurt 100g + strawberries g200 + whole raw almonds 15 grams -16h,[],"{""items"":[{""name"":""yogurt, greek, plain, nonfat"",""quantity"":100,""unit"":""g"",""kcal"":61},{""name"":""strawberries, raw"",""quantity"":200,""unit"":""g"",""kcal"":62},{""name"":""nuts, almonds, whole, raw"",""quantity"":15,""unit"":""g"",""kcal"":88}],""totalKcal"":211,""mealType"":""unknown"",""timeOffset"":""-PT16H""}",multi-food-data.csv:000623
multi-food-data.csv:000624,150 grams plain nonfat yogurt + blueberries 100 gr + 50 gr rolled whole grain oats,[],"{""items"":[{""name"":""yogurt, plain, nonfat"",""quantity"":150,""unit"":""g"",""kcal"":75},{""name"":""blueberries, raw"",""quantity"":100,""unit"":""g"",""kcal"":57},{""name"":""oats, whole grain, rolled, old fashioned"",""quantity"":50,""unit"":""g"",""kcal"":189}],""totalKcal"":321,""mealType"":""unknown"",""timeOffset"":""PT0M""}",multi-food-data.csv:000624
multi-food-data.csv:000625,ate 100 gr full fat cottage cheese + blueberries 150 grams + raw peanuts 30g 20d ago,[],"{""items"":[{""name"":""cottage cheese, full fat, large or small curd"",""quantity"":100,""unit"":""g"",""kcal"":105},{""name"":""blueberries, raw"",""quantity"":150,""unit"":""g"",""kcal"":86},{""name"":""peanuts, raw"",""quantity"":30,""unit"":""g"",""kcal"":165}],""totalKcal"":356,""mealType"":""unknown"",""timeOffset"":""-P20D""}",multi-food-data.csv:000625
multi-food-data.csv:000626,plain nonfat yogurt 200 gr + red delicious apple 100 grams + 15g raw english walnut halves snack -2d,[],"{""items"":[{""name"":""yogurt, plain, nonfat"",""quantity"":200,""unit"":""g"",""kcal"":100},{""name"":""apples, red delicious, with skin, raw"",""quantity"":100,""unit"":""g"",""kcal"":62},{""name"":""nuts, walnuts, english, halves, raw"",""quantity"":15,""unit"":""g"",""kcal"":102}],""totalKcal"":264,""mealType"":""snack"",""timeOffset"":""-P2D""}",multi-food-data.csv:000626
multi-food-data.csv:000627,ate plain nonfat yogurt 200 grams + 100g strawberries + rolled whole grain oats 70 grams snack,[],"{""items"":[{""name"":""yogurt, plain, nonfat"",""quantity"":200,""unit"":""g"",""kcal"":100},{""name"":""strawberries, raw"",""quantity"":100,""unit"":""g"",""kcal"":31},{""name"":""oats, whole grain, rolled, old fashioned"",""quantity"":70,""unit"":""g"",""kcal"":265}],""totalKcal"":396,""mealType"":""snack"",""timeOffset"":""PT0M""}",multi-food-data.csv:000627
multi-food-data.csv:000628,plain whole milk yogurt 200 g + red delicious apple 200 gr + rolled whole grain oats g30 bf -22h,[],"{""items"":[{""name"":""yogurt, plain, whole milk"",""quantity"":200,""unit"":""g"",""kcal"":155},{""name"":""apples, red delicious, with skin, raw"",""quantity"":200,""unit"":""g"",""kcal"":124},{""name"":""oats, whole grain, rolled, old fashioned"",""quantity"":30,""unit"":""g"",""kcal"":114}],""totalKcal"":393,""mealType"":""breakfast"",""timeOffset"":""-PT22H""}",multi-food-data.csv:000628
multi-food-data.csv:000629,ate plain whole milk yogurt 200 g + blueberries 150 grams + 20 gr raw peanuts snack,[],"{""items"":[{""name"":""yogurt, plain, whole milk"",""quantity"":200,""unit"":""g"",""kcal"":155},{""name"":""blueberries, raw"",""quantity"":150,""unit"":""g"",""kcal"":86},{""name"":""peanuts, raw"",""quantity"":20,""unit"":""g"",""kcal"":110}],""totalKcal"":351,""mealType"":""snack"",""timeOffset"":""PT0M""}",multi-food-data.csv:000629
multi-food-data.csv:000630,blueberries 150 grams + 30 g rolled whole grain oats + plain whole milk yogurt 100g snack,[],"{""items"":[{""name"":""blueberries, raw"",""quantity"":150,""unit"":""g"",""kcal"":86},{""name"":""oats, whole grain, rolled, old fashioned"",""quantity"":30,""unit"":""g"",""kcal"":114},{""name"":""yogurt, plain, whole milk"",""quantity"":100,""unit"":""g"",""kcal"":77}],""totalKcal"":277,""mealType"":""snack"",""timeOffset"":""PT0M""}",multi-food-data.csv:000630
multi-food-data.csv:000631,70 gr rolled whole grain oats + 200g plain nonfat yogurt + red delicious apple 100g snack tomorrow,[],"{""items"":[{""name"":""oats, whole grain, rolled, old fashioned"",""quantity"":70,""unit"":""g"",""kcal"":265},{""name"":""yogurt, plain, nonfat"",""quantity"":200,""unit"":""g"",""kcal"":100},{""name"":""apples, red delicious, with skin, raw"",""quantity"":100,""unit"":""g"",""kcal"":62}],""totalKcal"":427,""mealType"":""snack"",""timeOffset"":""P1D""}",multi-food-data.csv:000631
multi-food-data.csv:000632,plain nonfat greek yogurt 150 gr + 100 g raspberries + 30 gr raw peanuts bf,[],"{""items"":[{""name"":""yogurt, greek, plain, nonfat"",""quantity"":150,""unit"":""g"",""kcal"":92},{""name"":""raspberries, raw"",""quantity"":100,""unit"":""g"",""kcal"":51},{""name"":""peanuts, raw"",""quantity"":30,""unit"":""g"",""kcal"":165}],""totalKcal"":308,""mealType"":""breakfast"",""timeOffset"":""PT0M""}",multi-food-data.csv:000632
multi-food-data.csv:000633,full fat cottage cheese 100 g + red delicious apple g150 + raw peanuts 30g,[],"{""items"":[{""name"":""cottage cheese, full fat, large or small curd"",""quantity"":100,""unit"":""g"",""kcal"":105},{""name"":""apples, red delicious, with skin, raw"",""quantity"":150,""unit"":""g"",""kcal"":93},{""name"":""peanuts, raw"",""quantity"":30,""unit"":""g"",""kcal"":165}],""totalKcal"":363,""mealType"":""unknown"",""timeOffset"":""PT0M""}",multi-food-data.csv:000633
multi-food-data.csv:000634,plain whole milk yogurt 150g + 150 grams strawberries + 30 g rolled whole grain oats breakfast,[],"{""items"":[{""name"":""yogurt, plain, whole milk"",""quantity"":150,""unit"":""g"",""kcal"":116},{""name"":""strawberries, raw"",""quantity"":150,""unit"":""g"",""kcal"":47},{""name"":""oats, whole grain, rolled, old fashioned"",""quantity"":30,""unit"":""g"",""kcal"":114}],""totalKcal"":277,""mealType"":""breakfast"",""timeOffset"":""PT0M""}",multi-food-data.csv:000634
multi-food-data.csv:000635,plain whole milk yogurt g100 + 100 grams blueberries + raw peanuts 15 gr breakfast -11d,[],"{""items"":[{""name"":""yogurt, plain, whole milk"",""quantity"":100,""unit"":""g"",""kcal"":77},{""name"":""blueberries, raw"",""quantity"":100,""unit"":""g"",""kcal"":57},{""name"":""peanuts, raw"",""quantity"":15,""unit"":""g"",""kcal"":83}],""totalKcal"":217,""mealType"":""breakfast"",""timeOffset"":""-P11D""}",multi-food-data.csv:000635
multi-food-data.csv:000636,200g plain nonfat greek yogurt + 200 g blueberries + 30 grams rolled whole grain oats bf,[],"{""items"":[{""name"":""yogurt, greek, plain, nonfat"",""quantity"":200,""unit"":""g"",""kcal"":122},{""name"":""blueberries, raw"",""quantity"":200,""unit"":""g"",""kcal"":115},{""name"":""oats, whole grain, rolled, old fashioned"",""quantity"":30,""unit"":""g"",""kcal"":114}],""totalKcal"":351,""mealType"":""breakfast"",""timeOffset"":""PT0M""}",multi-food-data.csv:000636
multi-food-data.csv:000637,ate plain whole milk yogurt 200 g + raspberries 100 g + whole raw almonds 30 gr kcal381 bf 2h ago,[],"{""items"":[{""name"":""yogurt, plain, whole milk"",""quantity"":200,""unit"":""g"",""kcal"":155},{""name"":""raspberries, raw"",""quantity"":100,""unit"":""g"",""kcal"":51},{""name"":""nuts, almonds, whole, raw"",""quantity"":30,""unit"":""g"",""kcal"":175}],""totalKcal"":381,""mealType"":""breakfast"",""timeOffset"":""-PT2H""}",multi-food-data.csv:000637
multi-food-data.csv:000638,100 g plain nonfat greek yogurt + g150 strawberries + 70 g rolled whole grain oats,[],"{""items"":[{""name"":""yogurt, greek, plain, nonfat"",""quantity"":100,""unit"":""g"",""kcal"":61},{""name"":""strawberries, raw"",""quantity"":150,""unit"":""g"",""kcal"":47},{""name"":""oats, whole grain, rolled, old fashioned"",""quantity"":70,""unit"":""g"",""kcal"":265}],""totalKcal"":373,""mealType"":""unknown"",""timeOffset"":""PT0M""}",multi-food-data.csv:000638
multi-food-data.csv:000639,g200 full fat cottage cheese + g150 blueberries + whole raw almonds g30 snack,[],"{""items"":[{""name"":""cottage cheese, full fat, large or small curd"",""quantity"":200,""unit"":""g"",""kcal"":209},{""name"":""blueberries, raw"",""quantity"":150,""unit"":""g"",""kcal"":86},{""name"":""nuts, almonds, whole, raw"",""quantity"":30,""unit"":""g"",""kcal"":175}],""totalKcal"":470,""mealType"":""snack"",""timeOffset"":""PT0M""}",multi-food-data.csv:000639
multi-food-data.csv:000640,g15 whole raw almonds + red delicious apple g200 + g150 plain nonfat yogurt snack -1h,[],"{""items"":[{""name"":""nuts, almonds, whole, raw"",""quantity"":15,""unit"":""g"",""kcal"":88},{""name"":""apples, red delicious, with skin, raw"",""quantity"":200,""unit"":""g"",""kcal"":124},{""name"":""yogurt, plain, nonfat"",""quantity"":150,""unit"":""g"",""kcal"":75}],""totalKcal"":287,""mealType"":""snack"",""timeOffset"":""-PT1H""}",multi-food-data.csv:000640
multi-food-data.csv:000641,full fat cottage cheese 100 gr + 150g blueberries + raw english walnut halves 30 g snack,[],"{""items"":[{""name"":""cottage cheese, full fat, large or small curd"",""quantity"":100,""unit"":""g"",""kcal"":105},{""name"":""blueberries, raw"",""quantity"":150,""unit"":""g"",""kcal"":86},{""name"":""nuts, walnuts, english, halves, raw"",""quantity"":30,""unit"":""g"",""kcal"":204}],""totalKcal"":395,""mealType"":""snack"",""timeOffset"":""PT0M""}",multi-food-data.csv:000641
multi-food-data.csv:000642,plain whole milk yogurt g200 + strawberries g100 + whole raw almonds 20 gr breakfast,[],"{""items"":[{""name"":""yogurt, plain, whole milk"",""quantity"":200,""unit"":""g"",""kcal"":155},{""name"":""strawberries, raw"",""quantity"":100,""unit"":""g"",""kcal"":31},{""name"":""nuts, almonds, whole, raw"",""quantity"":20,""unit"":""g"",""kcal"":117}],""totalKcal"":303,""mealType"":""breakfast"",""timeOffset"":""PT0M""}",multi-food-data.csv:000642
multi-food-data.csv:000643,full fat cottage cheese 100 gr + blueberries g200 + raw english walnut halves 20 gr snack,[],"{""items"":[{""name"":""cottage cheese, full fat, large or small curd"",""quantity"":100,""unit"":""g"",""kcal"":105},{""name"":""blueberries, raw"",""quantity"":200,""unit"":""g"",""kcal"":115},{""name"":""nuts, walnuts, english, halves, raw"",""quantity"":20,""unit"":""g"",""kcal"":136}],""totalKcal"":356,""mealType"":""snack"",""timeOffset"":""PT0M""}",multi-food-data.csv:000643
multi-food-data.csv:000644,ate 100g plain nonfat yogurt + 100 gr blueberries + whole raw almonds 30g,[],"{""items"":[{""name"":""yogurt, plain, nonfat"",""quantity"":100,""unit"":""g"",""kcal"":50},{""name"":""blueberries, raw"",""quantity"":100,""unit"":""g"",""kcal"":57},{""name"":""nuts, almonds, whole, raw"",""quantity"":30,""unit"":""g"",""kcal"":175}],""totalKcal"":282,""mealType"":""unknown"",""timeOffset"":""PT0M""}",multi-food-data.csv:000644
multi-food-data.csv:000645,ate 200 g plain whole milk yogurt + red delicious apple 100 g + 20 grams raw english walnut halves 353 cal -9d,[],"{""items"":[{""name"":""yogurt, plain, whole milk"",""quantity"":200,""unit"":""g"",""kcal"":155},{""name"":""apples, red delicious, with skin, raw"",""quantity"":100,""unit"":""g"",""kcal"":62},{""name"":""nuts, walnuts, english, halves, raw"",""quantity"":20,""unit"":""g"",""kcal"":136}],""totalKcal"":353,""mealType"":""unknown"",""timeOffset"":""-P9D""}",multi-food-data.csv:000645
multi-food-data.csv:000646,ate full fat cottage cheese g200 + whole raw almonds 30g + strawberries 200 grams 446kcal bf 7d ago,[],"{""items"":[{""name"":""cottage cheese, full fat, large or small curd"",""quantity"":200,""unit"":""g"",""kcal"":209},{""name"":""nuts, almonds, whole, raw"",""quantity"":30,""unit"":""g"",""kcal"":175},{""name"":""strawberries, raw"",""quantity"":200,""unit"":""g"",""kcal"":62}],""totalKcal"":446,""mealType"":""breakfast"",""timeOffset"":""-P7D""}",multi-food-data.csv:000646
multi-food-data.csv:000647,100 gr plain whole milk yogurt + 100 gr red delicious apple + 30g raw peanuts,[],"{""items"":[{""name"":""yogurt, plain, whole milk"",""quantity"":100,""unit"":""g"",""kcal"":77},{""name"":""apples, red delicious, with skin, raw"",""quantity"":100,""unit"":""g"",""kcal"":62},{""name"":""peanuts, raw"",""quantity"":30,""unit"":""g"",""kcal"":165}],""totalKcal"":304,""mealType"":""unknown"",""timeOffset"":""PT0M""}",multi-food-data.csv:000647
multi-food-data.csv:000648,100g raw cucumber with peel + white bread 1slice + tbsp2 commercial hummus snack,[],"{""items"":[{""name"":""cucumber, with peel, raw"",""quantity"":100,""unit"":""g"",""kcal"":14},{""name"":""bread, white, commercially prepared"",""quantity"":1,""unit"":""slice"",""kcal"":74},{""name"":""hummus, commercial"",""quantity"":2,""unit"":""tablespoon"",""kcal"":78}],""totalKcal"":166,""mealType"":""snack"",""timeOffset"":""PT0M""}",multi-food-data.csv:000648
multi-food-data.csv:000649,100 gr plain nonfat yogurt + red delicious apple g100 + raw english walnut halves g15 breakfast,[],"{""items"":[{""name"":""yogurt, plain, nonfat"",""quantity"":100,""unit"":""g"",""kcal"":50},{""name"":""apples, red delicious, with skin, raw"",""quantity"":100,""unit"":""g"",""kcal"":62},{""name"":""nuts, walnuts, english, halves, raw"",""quantity"":15,""unit"":""g"",""kcal"":102}],""totalKcal"":214,""mealType"":""breakfast"",""timeOffset"":""PT0M""}",multi-food-data.csv:000649
multi-food-data.csv:000650,70g rolled whole grain oats + plain nonfat greek yogurt g150 + 200g red delicious apple breakfast 26d ago,[],"{""items"":[{""name"":""oats, whole grain, rolled, old fashioned"",""quantity"":70,""unit"":""g"",""kcal"":265},{""name"":""yogurt, greek, plain, nonfat"",""quantity"":150,""unit"":""g"",""kcal"":92},{""name"":""apples, red delicious, with skin, raw"",""quantity"":200,""unit"":""g"",""kcal"":124}],""totalKcal"":481,""mealType"":""breakfast"",""timeOffset"":""-P26D""}",multi-food-data.csv:000650
multi-food-data.csv:000651,100g plain nonfat yogurt + raspberries 150 g + rolled whole grain oats 30 gr -11h,[],"{""items"":[{""name"":""yogurt, plain, nonfat"",""quantity"":100,""unit"":""g"",""kcal"":50},{""name"":""raspberries, raw"",""quantity"":150,""unit"":""g"",""kcal"":77},{""name"":""oats, whole grain, rolled, old fashioned"",""quantity"":30,""unit"":""g"",""kcal"":114}],""totalKcal"":241,""mealType"":""unknown"",""timeOffset"":""-PT11H""}",multi-food-data.csv:000651
multi-food-data.csv:000652,plain nonfat greek yogurt g100 + 150 g red delicious apple + rolled whole grain oats 50g bf,[],"{""items"":[{""name"":""yogurt, greek, plain, nonfat"",""quantity"":100,""unit"":""g"",""kcal"":61},{""name"":""apples, red delicious, with skin, raw"",""quantity"":150,""unit"":""g"",""kcal"":93},{""name"":""oats, whole grain, rolled, old fashioned"",""quantity"":50,""unit"":""g"",""kcal"":189}],""totalKcal"":343,""mealType"":""breakfast"",""timeOffset"":""PT0M""}",multi-food-data.csv:000652
multi-food-data.csv:000653,150 g plain nonfat greek yogurt + strawberries 150g + 30g rolled whole grain oats snack,[],"{""items"":[{""name"":""yogurt, greek, plain, nonfat"",""quantity"":150,""unit"":""g"",""kcal"":92},{""name"":""strawberries, raw"",""quantity"":150,""unit"":""g"",""kcal"":47},{""name"":""oats, whole grain, rolled, old fashioned"",""quantity"":30,""unit"":""g"",""kcal"":114}],""totalKcal"":253,""mealType"":""snack"",""timeOffset"":""PT0M""}",multi-food-data.csv:000653
multi-food-data.csv:000654,ate 150g plain nonfat yogurt + g150 strawberries + raw english walnut halves g20 snack,[],"{""items"":[{""name"":""yogurt, plain, nonfat"",""quantity"":150,""unit"":""g"",""kcal"":75},{""name"":""strawberries, raw"",""quantity"":150,""unit"":""g"",""kcal"":47},{""name"":""nuts, walnuts, english, halves, raw"",""quantity"":20,""unit"":""g"",""kcal"":136}],""totalKcal"":258,""mealType"":""snack"",""timeOffset"":""PT0M""}",multi-food-data.csv:000654
multi-food-data.csv:000655,150 gr plain whole milk yogurt + 200 grams raspberries + 30 grams whole raw almonds breakfast -16d,[],"{""items"":[{""name"":""yogurt, plain, whole milk"",""quantity"":150,""unit"":""g"",""kcal"":116},{""name"":""raspberries, raw"",""quantity"":200,""unit"":""g"",""kcal"":103},{""name"":""nuts, almonds, whole, raw"",""quantity"":30,""unit"":""g"",""kcal"":175}],""totalKcal"":394,""mealType"":""breakfast"",""timeOffset"":""-P16D""}",multi-food-data.csv:000655
multi-food-data.csv:000656,ate 200 g plain nonfat yogurt + red delicious apple 100 grams + 20 grams whole raw almonds bf,[],"{""items"":[{""name"":""yogurt, plain, nonfat"",""quantity"":200,""unit"":""g"",""kcal"":100},{""name"":""apples, red delicious, with skin, raw"",""quantity"":100,""unit"":""g"",""kcal"":62},{""name"":""nuts, almonds, whole, raw"",""quantity"":20,""unit"":""g"",""kcal"":117}],""totalKcal"":279,""mealType"":""breakfast"",""timeOffset"":""PT0M""}",multi-food-data.csv:000656
multi-food-data.csv:000657,rolled whole grain oats 50 g + 200 gr strawberries + 100 gr plain whole milk yogurt,[],"{""items"":[{""name"":""oats, whole grain, rolled, old fashioned"",""quantity"":50,""unit"":""g"",""kcal"":189},{""name"":""strawberries, raw"",""quantity"":200,""unit"":""g"",""kcal"":62},{""name"":""yogurt, plain, whole milk"",""quantity"":100,""unit"":""g"",""kcal"":77}],""totalKcal"":328,""mealType"":""unknown"",""timeOffset"":""PT0M""}",multi-food-data.csv:000657
multi-food-data.csv:000658,ate 100g plain nonfat yogurt + 200 gr blueberries + whole raw almonds 30 gr kcal340,[],"{""items"":[{""name"":""yogurt, plain, nonfat"",""quantity"":100,""unit"":""g"",""kcal"":50},{""name"":""blueberries, raw"",""quantity"":200,""unit"":""g"",""kcal"":115},{""name"":""nuts, almonds, whole, raw"",""quantity"":30,""unit"":""g"",""kcal"":175}],""totalKcal"":340,""mealType"":""unknown"",""timeOffset"":""PT0M""}",multi-food-data.csv:000658
multi-food-data.csv:000659,full fat cottage cheese 200g + 100 grams raspberries + 20 grams whole raw almonds 377kcal,[],"{""items"":[{""name"":""cottage cheese, full fat, large or small curd"",""quantity"":200,""unit"":""g"",""kcal"":209},{""name"":""raspberries, raw"",""quantity"":100,""unit"":""g"",""kcal"":51},{""name"":""nuts, almonds, whole, raw"",""quantity"":20,""unit"":""g"",""kcal"":117}],""totalKcal"":377,""mealType"":""unknown"",""timeOffset"":""PT0M""}",multi-food-data.csv:000659
multi-food-data.csv:000660,100g plain nonfat yogurt + g100 strawberries + rolled whole grain oats 30 grams 195kcal bf,[],"{""items"":[{""name"":""yogurt, plain, nonfat"",""quantity"":100,""unit"":""g"",""kcal"":50},{""name"":""strawberries, raw"",""quantity"":100,""unit"":""g"",""kcal"":31},{""name"":""oats, whole grain, rolled, old fashioned"",""quantity"":30,""unit"":""g"",""kcal"":114}],""totalKcal"":195,""mealType"":""breakfast"",""timeOffset"":""PT0M""}",multi-food-data.csv:000660
multi-food-data.csv:000661,200 g plain nonfat yogurt + 200 g strawberries + raw peanuts 20 grams snack 20h ago,[],"{""items"":[{""name"":""yogurt, plain, nonfat"",""quantity"":200,""unit"":""g"",""kcal"":100},{""name"":""strawberries, raw"",""quantity"":200,""unit"":""g"",""kcal"":62},{""name"":""peanuts, raw"",""quantity"":20,""unit"":""g"",""kcal"":110}],""totalKcal"":272,""mealType"":""snack"",""timeOffset"":""-PT20H""}",multi-food-data.csv:000661
multi-food-data.csv:000662,ate 0.5 cups 2% cottage cheese + raspberries 150 g + raw peanuts 15 g 252kcal,[],"{""items"":[{""name"":""cheese, cottage, lowfat, 2% milkfat"",""quantity"":0.5,""unit"":""cup"",""kcal"":92},{""name"":""raspberries, raw"",""quantity"":150,""unit"":""g"",""kcal"":77},{""name"":""peanuts, raw"",""quantity"":15,""unit"":""g"",""kcal"":83}],""totalKcal"":252,""mealType"":""unknown"",""timeOffset"":""PT0M""}",multi-food-data.csv:000662
multi-food-data.csv:000663,150 gr plain nonfat greek yogurt + 200 g red delicious apple + g20 whole raw almonds snack,[],"{""items"":[{""name"":""yogurt, greek, plain, nonfat"",""quantity"":150,""unit"":""g"",""kcal"":92},{""name"":""apples, red delicious, with skin, raw"",""quantity"":200,""unit"":""g"",""kcal"":124},{""name"":""nuts, almonds, whole, raw"",""quantity"":20,""unit"":""g"",""kcal"":117}],""totalKcal"":333,""mealType"":""snack"",""timeOffset"":""PT0M""}",multi-food-data.csv:000663
multi-food-data.csv:000664,rolled whole grain oats 30 gr + red delicious apple 200 gr + 150 grams plain nonfat greek yogurt snack 14h ago,[],"{""items"":[{""name"":""oats, whole grain, rolled, old fashioned"",""quantity"":30,""unit"":""g"",""kcal"":114},{""name"":""apples, red delicious, with skin, raw"",""quantity"":200,""unit"":""g"",""kcal"":124},{""name"":""yogurt, greek, plain, nonfat"",""quantity"":150,""unit"":""g"",""kcal"":92}],""totalKcal"":330,""mealType"":""snack"",""timeOffset"":""-PT14H""}",multi-food-data.csv:000664
multi-food-data.csv:000665,100 grams full fat cottage cheese + 200 g strawberries + 30 g raw english walnut halves,[],"{""items"":[{""name"":""cottage cheese, full fat, large or small curd"",""quantity"":100,""unit"":""g"",""kcal"":105},{""name"":""strawberries, raw"",""quantity"":200,""unit"":""g"",""kcal"":62},{""name"":""nuts, walnuts, english, halves, raw"",""quantity"":30,""unit"":""g"",""kcal"":204}],""totalKcal"":371,""mealType"":""unknown"",""timeOffset"":""PT0M""}",multi-food-data.csv:000665
multi-food-data.csv:000666,ate light canned tuna in water 150g + canned black beans 100 g + 150g raw cucumber with peel 6h ago,[],"{""items"":[{""name"":""fish, tuna, light, canned in water, drained solids"",""quantity"":150,""unit"":""g"",""kcal"":135},{""name"":""beans, black, canned, sodium added, drained and rinsed"",""quantity"":100,""unit"":""g"",""kcal"":115},{""name"":""cucumber, with peel, raw"",""quantity"":150,""unit"":""g"",""kcal"":21}],""totalKcal"":271,""mealType"":""unknown"",""timeOffset"":""-PT6H""}",multi-food-data.csv:000666
multi-food-data.csv:000667,100 grams light canned tuna in water + canned black beans 100 grams + raw cucumber with peel 50g dinner,[],"{""items"":[{""name"":""fish, tuna, light, canned in water, drained solids"",""quantity"":100,""unit"":""g"",""kcal"":90},{""name"":""beans, black, canned, sodium added, drained and rinsed"",""quantity"":100,""unit"":""g"",""kcal"":115},{""name"":""cucumber, with peel, raw"",""quantity"":50,""unit"":""g"",""kcal"":7}],""totalKcal"":212,""mealType"":""dinner"",""timeOffset"":""PT0M""}",multi-food-data.csv:000667
multi-food-data.csv:000668,20 g raw peanuts + 100g blueberries + plain nonfat yogurt 150g bf -28d,[],"{""items"":[{""name"":""peanuts, raw"",""quantity"":20,""unit"":""g"",""kcal"":110},{""name"":""blueberries, raw"",""quantity"":100,""unit"":""g"",""kcal"":57},{""name"":""yogurt, plain, nonfat"",""quantity"":150,""unit"":""g"",""kcal"":75}],""totalKcal"":242,""mealType"":""breakfast"",""timeOffset"":""-P28D""}",multi-food-data.csv:000668
multi-food-data.csv:000669,plain nonfat yogurt 100 gr + 100g raspberries + 30 grams raw english walnut halves snack,[],"{""items"":[{""name"":""yogurt, plain, nonfat"",""quantity"":100,""unit"":""g"",""kcal"":50},{""name"":""raspberries, raw"",""quantity"":100,""unit"":""g"",""kcal"":51},{""name"":""nuts, walnuts, english, halves, raw"",""quantity"":30,""unit"":""g"",""kcal"":204}],""totalKcal"":305,""mealType"":""snack"",""timeOffset"":""PT0M""}",multi-food-data.csv:000669
multi-food-data.csv:000670,ate plain nonfat greek yogurt g100 + 150g red delicious apple + raw peanuts 15g kcal237 27d ago,[],"{""items"":[{""name"":""yogurt, greek, plain, nonfat"",""quantity"":100,""unit"":""g"",""kcal"":61},{""name"":""apples, red delicious, with skin, raw"",""quantity"":150,""unit"":""g"",""kcal"":93},{""name"":""peanuts, raw"",""quantity"":15,""unit"":""g"",""kcal"":83}],""totalKcal"":237,""mealType"":""unknown"",""timeOffset"":""-P27D""}",multi-food-data.csv:000670
multi-food-data.csv:000671,g200 full fat cottage cheese + red delicious apple 150g + 20 gr raw peanuts snack tomorrow,[],"{""items"":[{""name"":""cottage cheese, full fat, large or small curd"",""quantity"":200,""unit"":""g"",""kcal"":209},{""name"":""apples, red delicious, with skin, raw"",""quantity"":150,""unit"":""g"",""kcal"":93},{""name"":""peanuts, raw"",""quantity"":20,""unit"":""g"",""kcal"":110}],""totalKcal"":412,""mealType"":""snack"",""timeOffset"":""P1D""}",multi-food-data.csv:000671
multi-food-data.csv:000672,ate g200 plain nonfat yogurt + red delicious apple g150 + whole raw almonds g20 snack yesterday,[],"{""items"":[{""name"":""yogurt, plain, nonfat"",""quantity"":200,""unit"":""g"",""kcal"":100},{""name"":""apples, red delicious, with skin, raw"",""quantity"":150,""unit"":""g"",""kcal"":93},{""name"":""nuts, almonds, whole, raw"",""quantity"":20,""unit"":""g"",""kcal"":117}],""totalKcal"":310,""mealType"":""snack"",""timeOffset"":""-P1D""}",multi-food-data.csv:000672
multi-food-data.csv:000673,plain nonfat greek yogurt 150 gr + strawberries g100 + raw english walnut halves g20 bf -24d,[],"{""items"":[{""name"":""yogurt, greek, plain, nonfat"",""quantity"":150,""unit"":""g"",""kcal"":92},{""name"":""strawberries, raw"",""quantity"":100,""unit"":""g"",""kcal"":31},{""name"":""nuts, walnuts, english, halves, raw"",""quantity"":20,""unit"":""g"",""kcal"":136}],""totalKcal"":259,""mealType"":""breakfast"",""timeOffset"":""-P24D""}",multi-food-data.csv:000673
multi-food-data.csv:000674,100 grams plain whole milk yogurt + red delicious apple g100 + g70 rolled whole grain oats 8h ago,[],"{""items"":[{""name"":""yogurt, plain, whole milk"",""quantity"":100,""unit"":""g"",""kcal"":77},{""name"":""apples, red delicious, with skin, raw"",""quantity"":100,""unit"":""g"",""kcal"":62},{""name"":""oats, whole grain, rolled, old fashioned"",""quantity"":70,""unit"":""g"",""kcal"":265}],""totalKcal"":404,""mealType"":""unknown"",""timeOffset"":""-PT8H""}",multi-food-data.csv:000674
multi-food-data.csv:000675,g150 plain nonfat yogurt + raw peanuts 20 grams + 200 g red delicious apple -23h,[],"{""items"":[{""name"":""yogurt, plain, nonfat"",""quantity"":150,""unit"":""g"",""kcal"":75},{""name"":""peanuts, raw"",""quantity"":20,""unit"":""g"",""kcal"":110},{""name"":""apples, red delicious, with skin, raw"",""quantity"":200,""unit"":""g"",""kcal"":124}],""totalKcal"":309,""mealType"":""unknown"",""timeOffset"":""-PT23H""}",multi-food-data.csv:000675
multi-food-data.csv:000676,ate 200g plain whole milk yogurt + 100 g strawberries + raw peanuts g30 bf,[],"{""items"":[{""name"":""yogurt, plain, whole milk"",""quantity"":200,""unit"":""g"",""kcal"":155},{""name"":""strawberries, raw"",""quantity"":100,""unit"":""g"",""kcal"":31},{""name"":""peanuts, raw"",""quantity"":30,""unit"":""g"",""kcal"":165}],""totalKcal"":351,""mealType"":""breakfast"",""timeOffset"":""PT0M""}",multi-food-data.csv:000676
multi-food-data.csv:000677,ate 1tbsp commercial hummus + g150 raw roma tomato + 1slice whole wheat bread snack 13h ago,[],"{""items"":[{""name"":""hummus, commercial"",""quantity"":1,""unit"":""tablespoon"",""kcal"":39},{""name"":""tomato, roma"",""quantity"":150,""unit"":""g"",""kcal"":28},{""name"":""bread, whole-wheat, commercially prepared"",""quantity"":1,""unit"":""slice"",""kcal"":82}],""totalKcal"":149,""mealType"":""snack"",""timeOffset"":""-PT13H""}",multi-food-data.csv:000677
multi-food-data.csv:000678,commercial hummus 3tbsp + 150g raw roma tomato + 1 slice white bread 218 cal,[],"{""items"":[{""name"":""hummus, commercial"",""quantity"":3,""unit"":""tablespoon"",""kcal"":116},{""name"":""tomato, roma"",""quantity"":150,""unit"":""g"",""kcal"":28},{""name"":""bread, white, commercially prepared"",""quantity"":1,""unit"":""slice"",""kcal"":74}],""totalKcal"":218,""mealType"":""unknown"",""timeOffset"":""PT0M""}",multi-food-data.csv:000678
multi-food-data.csv:000679,plain nonfat greek yogurt g100 + blueberries g100 + raw english walnut halves 20g bf -8h,[],"{""items"":[{""name"":""yogurt, greek, plain, nonfat"",""quantity"":100,""unit"":""g"",""kcal"":61},{""name"":""blueberries, raw"",""quantity"":100,""unit"":""g"",""kcal"":57},{""name"":""nuts, walnuts, english, halves, raw"",""quantity"":20,""unit"":""g"",""kcal"":136}],""totalKcal"":254,""mealType"":""breakfast"",""timeOffset"":""-PT8H""}",multi-food-data.csv:000679
multi-food-data.csv:000680,cup0.5 2% cottage cheese + raspberries 100 gr + whole raw almonds 30g breakfast,[],"{""items"":[{""name"":""cheese, cottage, lowfat, 2% milkfat"",""quantity"":0.5,""unit"":""cup"",""kcal"":92},{""name"":""raspberries, raw"",""quantity"":100,""unit"":""g"",""kcal"":51},{""name"":""nuts, almonds, whole, raw"",""quantity"":30,""unit"":""g"",""kcal"":175}],""totalKcal"":318,""mealType"":""breakfast"",""timeOffset"":""PT0M""}",multi-food-data.csv:000680
multi-food-data.csv:000681,plain whole milk yogurt 150g + 200 grams red delicious apple + raw peanuts 30 g bf,[],"{""items"":[{""name"":""yogurt, plain, whole milk"",""quantity"":150,""unit"":""g"",""kcal"":116},{""name"":""apples, red delicious, with skin, raw"",""quantity"":200,""unit"":""g"",""kcal"":124},{""name"":""peanuts, raw"",""quantity"":30,""unit"":""g"",""kcal"":165}],""totalKcal"":405,""mealType"":""breakfast"",""timeOffset"":""PT0M""}",multi-food-data.csv:000681
multi-food-data.csv:000682,red delicious apple 100 gr + rolled whole grain oats 30 grams + 150g plain whole milk yogurt snack -9d,[],"{""items"":[{""name"":""apples, red delicious, with skin, raw"",""quantity"":100,""unit"":""g"",""kcal"":62},{""name"":""oats, whole grain, rolled, old fashioned"",""quantity"":30,""unit"":""g"",""kcal"":114},{""name"":""yogurt, plain, whole milk"",""quantity"":150,""unit"":""g"",""kcal"":116}],""totalKcal"":292,""mealType"":""snack"",""timeOffset"":""-P9D""}",multi-food-data.csv:000682
multi-food-data.csv:000683,0.5cup 2% cottage cheese + strawberries g100 + whole raw almonds g15 snack 13d ago,[],"{""items"":[{""name"":""cheese, cottage, lowfat, 2% milkfat"",""quantity"":0.5,""unit"":""cup"",""kcal"":92},{""name"":""strawberries, raw"",""quantity"":100,""unit"":""g"",""kcal"":31},{""name"":""nuts, almonds, whole, raw"",""quantity"":15,""unit"":""g"",""kcal"":88}],""totalKcal"":211,""mealType"":""snack"",""timeOffset"":""-P13D""}",multi-food-data.csv:000683
multi-food-data.csv:000684,ate plain whole milk yogurt g100 + 200g red delicious apple + raw peanuts g20,[],"{""items"":[{""name"":""yogurt, plain, whole milk"",""quantity"":100,""unit"":""g"",""kcal"":77},{""name"":""apples, red delicious, with skin, raw"",""quantity"":200,""unit"":""g"",""kcal"":124},{""name"":""peanuts, raw"",""quantity"":20,""unit"":""g"",""kcal"":110}],""totalKcal"":311,""mealType"":""unknown"",""timeOffset"":""PT0M""}",multi-food-data.csv:000684
multi-food-data.csv:000685,ate g150 full fat cottage cheese + red delicious apple 100 grams + whole raw almonds g15 bf 2h ago,[],"{""items"":[{""name"":""cottage cheese, full fat, large or small curd"",""quantity"":150,""unit"":""g"",""kcal"":157},{""name"":""apples, red delicious, with skin, raw"",""quantity"":100,""unit"":""g"",""kcal"":62},{""name"":""nuts, almonds, whole, raw"",""quantity"":15,""unit"":""g"",""kcal"":88}],""totalKcal"":307,""mealType"":""breakfast"",""timeOffset"":""-PT2H""}",multi-food-data.csv:000685
multi-food-data.csv:000686,rolled whole grain oats 70 gr + plain nonfat yogurt 150 gr + red delicious apple 150g -22h,[],"{""items"":[{""name"":""oats, whole grain, rolled, old fashioned"",""quantity"":70,""unit"":""g"",""kcal"":265},{""name"":""yogurt, plain, nonfat"",""quantity"":150,""unit"":""g"",""kcal"":75},{""name"":""apples, red delicious, with skin, raw"",""quantity"":150,""unit"":""g"",""kcal"":93}],""totalKcal"":433,""mealType"":""unknown"",""timeOffset"":""-PT22H""}",multi-food-data.csv:000686
multi-food-data.csv:000687,100 gr raspberries + 20 grams raw english walnut halves + 200g plain whole milk yogurt breakfast -3d,[],"{""items"":[{""name"":""raspberries, raw"",""quantity"":100,""unit"":""g"",""kcal"":51},{""name"":""nuts, walnuts, english, halves, raw"",""quantity"":20,""unit"":""g"",""kcal"":136},{""name"":""yogurt, plain, whole milk"",""quantity"":200,""unit"":""g"",""kcal"":155}],""totalKcal"":342,""mealType"":""breakfast"",""timeOffset"":""-P3D""}",multi-food-data.csv:000687
multi-food-data.csv:000688,plain nonfat greek yogurt 100g + strawberries 200g + 20 g raw english walnut halves tmr,[],"{""items"":[{""name"":""yogurt, greek, plain, nonfat"",""quantity"":100,""unit"":""g"",""kcal"":61},{""name"":""strawberries, raw"",""quantity"":200,""unit"":""g"",""kcal"":62},{""name"":""nuts, walnuts, english, halves, raw"",""quantity"":20,""unit"":""g"",""kcal"":136}],""totalKcal"":259,""mealType"":""unknown"",""timeOffset"":""P1D""}",multi-food-data.csv:000688
multi-food-data.csv:000689,full fat cottage cheese 200 gr + red delicious apple 150 grams + 15 gr raw english walnut halves tomorrow,[],"{""items"":[{""name"":""cottage cheese, full fat, large or small curd"",""quantity"":200,""unit"":""g"",""kcal"":209},{""name"":""apples, red delicious, with skin, raw"",""quantity"":150,""unit"":""g"",""kcal"":93},{""name"":""nuts, walnuts, english, halves, raw"",""quantity"":15,""unit"":""g"",""kcal"":102}],""totalKcal"":404,""mealType"":""unknown"",""timeOffset"":""P1D""}",multi-food-data.csv:000689
multi-food-data.csv:000690,g200 plain whole milk yogurt + raw peanuts 15 grams + 100 gr blueberries kcal295,[],"{""items"":[{""name"":""yogurt, plain, whole milk"",""quantity"":200,""unit"":""g"",""kcal"":155},{""name"":""peanuts, raw"",""quantity"":15,""unit"":""g"",""kcal"":83},{""name"":""blueberries, raw"",""quantity"":100,""unit"":""g"",""kcal"":57}],""totalKcal"":295,""mealType"":""unknown"",""timeOffset"":""PT0M""}",multi-food-data.csv:000690
multi-food-data.csv:000691,ate raw english walnut halves 30 grams + g200 red delicious apple + 1cup 2% cottage cheese bf 2h ago,[],"{""items"":[{""name"":""nuts, walnuts, english, halves, raw"",""quantity"":30,""unit"":""g"",""kcal"":204},{""name"":""apples, red delicious, with skin, raw"",""quantity"":200,""unit"":""g"",""kcal"":124},{""name"":""cheese, cottage, lowfat, 2% milkfat"",""quantity"":1,""unit"":""cup"",""kcal"":185}],""totalKcal"":513,""mealType"":""breakfast"",""timeOffset"":""-PT2H""}",multi-food-data.csv:000691
multi-food-data.csv:000692,ate g200 strawberries + 15 g whole raw almonds + g150 plain whole milk yogurt snack 23h ago,[],"{""items"":[{""name"":""strawberries, raw"",""quantity"":200,""unit"":""g"",""kcal"":62},{""name"":""nuts, almonds, whole, raw"",""quantity"":15,""unit"":""g"",""kcal"":88},{""name"":""yogurt, plain, whole milk"",""quantity"":150,""unit"":""g"",""kcal"":116}],""totalKcal"":266,""mealType"":""snack"",""timeOffset"":""-PT23H""}",multi-food-data.csv:000692
multi-food-data.csv:000693,ate plain nonfat greek yogurt 200g + raspberries g150 + whole raw almonds 20 g 316kcal 6d ago,[],"{""items"":[{""name"":""yogurt, greek, plain, nonfat"",""quantity"":200,""unit"":""g"",""kcal"":122},{""name"":""raspberries, raw"",""quantity"":150,""unit"":""g"",""kcal"":77},{""name"":""nuts, almonds, whole, raw"",""quantity"":20,""unit"":""g"",""kcal"":117}],""totalKcal"":316,""mealType"":""unknown"",""timeOffset"":""-P6D""}",multi-food-data.csv:000693
multi-food-data.csv:000694,ate 0.5 cups 2% cottage cheese + 100g strawberries + whole raw almonds g20 snack,[],"{""items"":[{""name"":""cheese, cottage, lowfat, 2% milkfat"",""quantity"":0.5,""unit"":""cup"",""kcal"":92},{""name"":""strawberries, raw"",""quantity"":100,""unit"":""g"",""kcal"":31},{""name"":""nuts, almonds, whole, raw"",""quantity"":20,""unit"":""g"",""kcal"":117}],""totalKcal"":240,""mealType"":""snack"",""timeOffset"":""PT0M""}",multi-food-data.csv:000694
multi-food-data.csv:000695,ate plain nonfat greek yogurt 100 grams + 150 g strawberries + 15g raw english walnut halves,[],"{""items"":[{""name"":""yogurt, greek, plain, nonfat"",""quantity"":100,""unit"":""g"",""kcal"":61},{""name"":""strawberries, raw"",""quantity"":150,""unit"":""g"",""kcal"":47},{""name"":""nuts, walnuts, english, halves, raw"",""quantity"":15,""unit"":""g"",""kcal"":102}],""totalKcal"":210,""mealType"":""unknown"",""timeOffset"":""PT0M""}",multi-food-data.csv:000695
multi-food-data.csv:000696,150 g plain whole milk yogurt + raw peanuts 15 grams + 200 gr raspberries breakfast 21d ago,[],"{""items"":[{""name"":""yogurt, plain, whole milk"",""quantity"":150,""unit"":""g"",""kcal"":116},{""name"":""peanuts, raw"",""quantity"":15,""unit"":""g"",""kcal"":83},{""name"":""raspberries, raw"",""quantity"":200,""unit"":""g"",""kcal"":103}],""totalKcal"":302,""mealType"":""breakfast"",""timeOffset"":""-P21D""}",multi-food-data.csv:000696
multi-food-data.csv:000697,plain whole milk yogurt 100 g + 100 gr strawberries + raw english walnut halves 30 gr kcal312 11d ago,[],"{""items"":[{""name"":""yogurt, plain, whole milk"",""quantity"":100,""unit"":""g"",""kcal"":77},{""name"":""strawberries, raw"",""quantity"":100,""unit"":""g"",""kcal"":31},{""name"":""nuts, walnuts, english, halves, raw"",""quantity"":30,""unit"":""g"",""kcal"":204}],""totalKcal"":312,""mealType"":""unknown"",""timeOffset"":""-P11D""}",multi-food-data.csv:000697
multi-food-data.csv:000698,light canned tuna in water 150 gr + canned black beans 150 grams + raw roma tomato 100 gr lunch,[],"{""items"":[{""name"":""fish, tuna, light, canned in water, drained solids"",""quantity"":150,""unit"":""g"",""kcal"":135},{""name"":""beans, black, canned, sodium added, drained and rinsed"",""quantity"":150,""unit"":""g"",""kcal"":173},{""name"":""tomato, roma"",""quantity"":100,""unit"":""g"",""kcal"":19}],""totalKcal"":327,""mealType"":""lunch"",""timeOffset"":""PT0M""}",multi-food-data.csv:000698
multi-food-data.csv:000699,150 gr plain nonfat greek yogurt + blueberries 150 grams + g15 raw english walnut halves breakfast,[],"{""items"":[{""name"":""yogurt, greek, plain, nonfat"",""quantity"":150,""unit"":""g"",""kcal"":92},{""name"":""blueberries, raw"",""quantity"":150,""unit"":""g"",""kcal"":86},{""name"":""nuts, walnuts, english, halves, raw"",""quantity"":15,""unit"":""g"",""kcal"":102}],""totalKcal"":280,""mealType"":""breakfast"",""timeOffset"":""PT0M""}",multi-food-data.csv:000699
multi-food-data.csv:000700,ate plain nonfat greek yogurt 100 g + 100g red delicious apple + rolled whole grain oats g50 snack,[],"{""items"":[{""name"":""yogurt, greek, plain, nonfat"",""quantity"":100,""unit"":""g"",""kcal"":61},{""name"":""apples, red delicious, with skin, raw"",""quantity"":100,""unit"":""g"",""kcal"":62},{""name"":""oats, whole grain, rolled, old fashioned"",""quantity"":50,""unit"":""g"",""kcal"":189}],""totalKcal"":312,""mealType"":""snack"",""timeOffset"":""PT0M""}",multi-food-data.csv:000700
multi-food-data.csv:000701,ate 30 g whole raw almonds + g150 plain nonfat yogurt + strawberries 200 grams bf 22h ago,[],"{""items"":[{""name"":""nuts, almonds, whole, raw"",""quantity"":30,""unit"":""g"",""kcal"":175},{""name"":""yogurt, plain, nonfat"",""quantity"":150,""unit"":""g"",""kcal"":75},{""name"":""strawberries, raw"",""quantity"":200,""unit"":""g"",""kcal"":62}],""totalKcal"":312,""mealType"":""breakfast"",""timeOffset"":""-PT22H""}",multi-food-data.csv:000701
multi-food-data.csv:000702,ate whole raw almonds 20g + 100 g full fat cottage cheese + 150g blueberries,[],"{""items"":[{""name"":""nuts, almonds, whole, raw"",""quantity"":20,""unit"":""g"",""kcal"":117},{""name"":""cottage cheese, full fat, large or small curd"",""quantity"":100,""unit"":""g"",""kcal"":105},{""name"":""blueberries, raw"",""quantity"":150,""unit"":""g"",""kcal"":86}],""totalKcal"":308,""mealType"":""unknown"",""timeOffset"":""PT0M""}",multi-food-data.csv:000702
multi-food-data.csv:000703,150 grams full fat cottage cheese + 150 grams red delicious apple + whole raw almonds 20g -9h,[],"{""items"":[{""name"":""cottage cheese, full fat, large or small curd"",""quantity"":150,""unit"":""g"",""kcal"":157},{""name"":""apples, red delicious, with skin, raw"",""quantity"":150,""unit"":""g"",""kcal"":93},{""name"":""nuts, almonds, whole, raw"",""quantity"":20,""unit"":""g"",""kcal"":117}],""totalKcal"":367,""mealType"":""unknown"",""timeOffset"":""-PT9H""}",multi-food-data.csv:000703
multi-food-data.csv:000704,plain nonfat yogurt 100 grams + strawberries 150 gr + whole raw almonds 30 gr kcal272 snack,[],"{""items"":[{""name"":""yogurt, plain, nonfat"",""quantity"":100,""unit"":""g"",""kcal"":50},{""name"":""strawberries, raw"",""quantity"":150,""unit"":""g"",""kcal"":47},{""name"":""nuts, almonds, whole, raw"",""quantity"":30,""unit"":""g"",""kcal"":175}],""totalKcal"":272,""mealType"":""snack"",""timeOffset"":""PT0M""}",multi-food-data.csv:000704
multi-food-data.csv:000705,plain nonfat yogurt 100 grams + blueberries 200 g + rolled whole grain oats 30 grams 279 cal,[],"{""items"":[{""name"":""yogurt, plain, nonfat"",""quantity"":100,""unit"":""g"",""kcal"":50},{""name"":""blueberries, raw"",""quantity"":200,""unit"":""g"",""kcal"":115},{""name"":""oats, whole grain, rolled, old fashioned"",""quantity"":30,""unit"":""g"",""kcal"":114}],""totalKcal"":279,""mealType"":""unknown"",""timeOffset"":""PT0M""}",multi-food-data.csv:000705
multi-food-data.csv:000706,150 g plain nonfat greek yogurt + blueberries g150 + 15 grams whole raw almonds 22d ago,[],"{""items"":[{""name"":""yogurt, greek, plain, nonfat"",""quantity"":150,""unit"":""g"",""kcal"":92},{""name"":""blueberries, raw"",""quantity"":150,""unit"":""g"",""kcal"":86},{""name"":""nuts, almonds, whole, raw"",""quantity"":15,""unit"":""g"",""kcal"":88}],""totalKcal"":266,""mealType"":""unknown"",""timeOffset"":""-P22D""}",multi-food-data.csv:000706
multi-food-data.csv:000707,full fat cottage cheese 100g + 100g red delicious apple + g15 whole raw almonds snack -10h,[],"{""items"":[{""name"":""cottage cheese, full fat, large or small curd"",""quantity"":100,""unit"":""g"",""kcal"":105},{""name"":""apples, red delicious, with skin, raw"",""quantity"":100,""unit"":""g"",""kcal"":62},{""name"":""nuts, almonds, whole, raw"",""quantity"":15,""unit"":""g"",""kcal"":88}],""totalKcal"":255,""mealType"":""snack"",""timeOffset"":""-PT10H""}",multi-food-data.csv:000707
multi-food-data.csv:000708,ate strawberries 100 gr + g150 plain nonfat yogurt + raw english walnut halves 30 gr,[],"{""items"":[{""name"":""strawberries, raw"",""quantity"":100,""unit"":""g"",""kcal"":31},{""name"":""yogurt, plain, nonfat"",""quantity"":150,""unit"":""g"",""kcal"":75},{""name"":""nuts, walnuts, english, halves, raw"",""quantity"":30,""unit"":""g"",""kcal"":204}],""totalKcal"":310,""mealType"":""unknown"",""timeOffset"":""PT0M""}",multi-food-data.csv:000708
multi-food-data.csv:000709,plain whole milk yogurt 150 gr + raspberries 150 gr + 30g whole raw almonds,[],"{""items"":[{""name"":""yogurt, plain, whole milk"",""quantity"":150,""unit"":""g"",""kcal"":116},{""name"":""raspberries, raw"",""quantity"":150,""unit"":""g"",""kcal"":77},{""name"":""nuts, almonds, whole, raw"",""quantity"":30,""unit"":""g"",""kcal"":175}],""totalKcal"":368,""mealType"":""unknown"",""timeOffset"":""PT0M""}",multi-food-data.csv:000709
multi-food-data.csv:000710,ate full fat cottage cheese 150 gr + strawberries 200g + 15g raw english walnut halves 12d ago,[],"{""items"":[{""name"":""cottage cheese, full fat, large or small curd"",""quantity"":150,""unit"":""g"",""kcal"":157},{""name"":""strawberries, raw"",""quantity"":200,""unit"":""g"",""kcal"":62},{""name"":""nuts, walnuts, english, halves, raw"",""quantity"":15,""unit"":""g"",""kcal"":102}],""totalKcal"":321,""mealType"":""unknown"",""timeOffset"":""-P12D""}",multi-food-data.csv:000710
multi-food-data.csv:000711,commercial hummus 1tbsp + g50 raw cucumber with peel + whole wheat bread slice2,[],"{""items"":[{""name"":""hummus, commercial"",""quantity"":1,""unit"":""tablespoon"",""kcal"":39},{""name"":""cucumber, with peel, raw"",""quantity"":50,""unit"":""g"",""kcal"":7},{""name"":""bread, whole-wheat, commercially prepared"",""quantity"":2,""unit"":""slice"",""kcal"":163}],""totalKcal"":209,""mealType"":""unknown"",""timeOffset"":""PT0M""}",multi-food-data.csv:000711
multi-food-data.csv:000712,ate 200g full fat cottage cheese + red delicious apple 100 grams + raw english walnut halves g30 475kcal breakfast 9h ago,[],"{""items"":[{""name"":""cottage cheese, full fat, large or small curd"",""quantity"":200,""unit"":""g"",""kcal"":209},{""name"":""apples, red delicious, with skin, raw"",""quantity"":100,""unit"":""g"",""kcal"":62},{""name"":""nuts, walnuts, english, halves, raw"",""quantity"":30,""unit"":""g"",""kcal"":204}],""totalKcal"":475,""mealType"":""breakfast"",""timeOffset"":""-PT9H""}",multi-food-data.csv:000712
multi-food-data.csv:000713,plain nonfat yogurt 150g + strawberries 150 g + rolled whole grain oats 70 g breakfast 12d ago,[],"{""items"":[{""name"":""yogurt, plain, nonfat"",""quantity"":150,""unit"":""g"",""kcal"":75},{""name"":""strawberries, raw"",""quantity"":150,""unit"":""g"",""kcal"":47},{""name"":""oats, whole grain, rolled, old fashioned"",""quantity"":70,""unit"":""g"",""kcal"":265}],""totalKcal"":387,""mealType"":""breakfast"",""timeOffset"":""-P12D""}",multi-food-data.csv:000713
multi-food-data.csv:000714,100g plain nonfat greek yogurt + raspberries 200g + whole raw almonds g15,[],"{""items"":[{""name"":""yogurt, greek, plain, nonfat"",""quantity"":100,""unit"":""g"",""kcal"":61},{""name"":""raspberries, raw"",""quantity"":200,""unit"":""g"",""kcal"":103},{""name"":""nuts, almonds, whole, raw"",""quantity"":15,""unit"":""g"",""kcal"":88}],""totalKcal"":252,""mealType"":""unknown"",""timeOffset"":""PT0M""}",multi-food-data.csv:000714
multi-food-data.csv:000715,plain nonfat yogurt 200g + 200 g raspberries + rolled whole grain oats 70 g,[],"{""items"":[{""name"":""yogurt, plain, nonfat"",""quantity"":200,""unit"":""g"",""kcal"":100},{""name"":""raspberries, raw"",""quantity"":200,""unit"":""g"",""kcal"":103},{""name"":""oats, whole grain, rolled, old fashioned"",""quantity"":70,""unit"":""g"",""kcal"":265}],""totalKcal"":468,""mealType"":""unknown"",""timeOffset"":""PT0M""}",multi-food-data.csv:000715
multi-food-data.csv:000716,30 g raw peanuts + 100 gr raspberries + g100 plain nonfat greek yogurt,[],"{""items"":[{""name"":""peanuts, raw"",""quantity"":30,""unit"":""g"",""kcal"":165},{""name"":""raspberries, raw"",""quantity"":100,""unit"":""g"",""kcal"":51},{""name"":""yogurt, greek, plain, nonfat"",""quantity"":100,""unit"":""g"",""kcal"":61}],""totalKcal"":277,""mealType"":""unknown"",""timeOffset"":""PT0M""}",multi-food-data.csv:000716
multi-food-data.csv:000717,ate blueberries g100 + 150 g plain nonfat yogurt + whole raw almonds 30 grams bf,[],"{""items"":[{""name"":""blueberries, raw"",""quantity"":100,""unit"":""g"",""kcal"":57},{""name"":""yogurt, plain, nonfat"",""quantity"":150,""unit"":""g"",""kcal"":75},{""name"":""nuts, almonds, whole, raw"",""quantity"":30,""unit"":""g"",""kcal"":175}],""totalKcal"":307,""mealType"":""breakfast"",""timeOffset"":""PT0M""}",multi-food-data.csv:000717
multi-food-data.csv:000718,150g plain nonfat yogurt + g150 raspberries + g30 raw peanuts snack,[],"{""items"":[{""name"":""yogurt, plain, nonfat"",""quantity"":150,""unit"":""g"",""kcal"":75},{""name"":""raspberries, raw"",""quantity"":150,""unit"":""g"",""kcal"":77},{""name"":""peanuts, raw"",""quantity"":30,""unit"":""g"",""kcal"":165}],""totalKcal"":317,""mealType"":""snack"",""timeOffset"":""PT0M""}",multi-food-data.csv:000718
multi-food-data.csv:000719,ate plain nonfat yogurt 150 grams + 200g blueberries + whole raw almonds 15 gr breakfast,[],"{""items"":[{""name"":""yogurt, plain, nonfat"",""quantity"":150,""unit"":""g"",""kcal"":75},{""name"":""blueberries, raw"",""quantity"":200,""unit"":""g"",""kcal"":115},{""name"":""nuts, almonds, whole, raw"",""quantity"":15,""unit"":""g"",""kcal"":88}],""totalKcal"":278,""mealType"":""breakfast"",""timeOffset"":""PT0M""}",multi-food-data.csv:000719
multi-food-data.csv:000720,plain nonfat yogurt 100g + 15g raw english walnut halves + blueberries 200g bf,[],"{""items"":[{""name"":""yogurt, plain, nonfat"",""quantity"":100,""unit"":""g"",""kcal"":50},{""name"":""nuts, walnuts, english, halves, raw"",""quantity"":15,""unit"":""g"",""kcal"":102},{""name"":""blueberries, raw"",""quantity"":200,""unit"":""g"",""kcal"":115}],""totalKcal"":267,""mealType"":""breakfast"",""timeOffset"":""PT0M""}",multi-food-data.csv:000720
multi-food-data.csv:000721,ate g100 light canned tuna in water + canned black beans 150 gr + 150 g raw roma tomato lunch,[],"{""items"":[{""name"":""fish, tuna, light, canned in water, drained solids"",""quantity"":100,""unit"":""g"",""kcal"":90},{""name"":""beans, black, canned, sodium added, drained and rinsed"",""quantity"":150,""unit"":""g"",""kcal"":173},{""name"":""tomato, roma"",""quantity"":150,""unit"":""g"",""kcal"":28}],""totalKcal"":291,""mealType"":""lunch"",""timeOffset"":""PT0M""}",multi-food-data.csv:000721
multi-food-data.csv:000722,20 gr raw peanuts + strawberries 200 g + cup1 2% cottage cheese snack,[],"{""items"":[{""name"":""peanuts, raw"",""quantity"":20,""unit"":""g"",""kcal"":110},{""name"":""strawberries, raw"",""quantity"":200,""unit"":""g"",""kcal"":62},{""name"":""cheese, cottage, lowfat, 2% milkfat"",""quantity"":1,""unit"":""cup"",""kcal"":185}],""totalKcal"":357,""mealType"":""snack"",""timeOffset"":""PT0M""}",multi-food-data.csv:000722
multi-food-data.csv:000723,full fat cottage cheese 200 g + raspberries 100 gr + 20 g raw peanuts snack -7d,[],"{""items"":[{""name"":""cottage cheese, full fat, large or small curd"",""quantity"":200,""unit"":""g"",""kcal"":209},{""name"":""raspberries, raw"",""quantity"":100,""unit"":""g"",""kcal"":51},{""name"":""peanuts, raw"",""quantity"":20,""unit"":""g"",""kcal"":110}],""totalKcal"":370,""mealType"":""snack"",""timeOffset"":""-P7D""}",multi-food-data.csv:000723
multi-food-data.csv:000724,ate 15 gr raw english walnut halves + plain nonfat yogurt 200 grams + 150g red delicious apple snack 7d ago,[],"{""items"":[{""name"":""nuts, walnuts, english, halves, raw"",""quantity"":15,""unit"":""g"",""kcal"":102},{""name"":""yogurt, plain, nonfat"",""quantity"":200,""unit"":""g"",""kcal"":100},{""name"":""apples, red delicious, with skin, raw"",""quantity"":150,""unit"":""g"",""kcal"":93}],""totalKcal"":295,""mealType"":""snack"",""timeOffset"":""-P7D""}",multi-food-data.csv:000724
multi-food-data.csv:000725,1cup 2% cottage cheese + strawberries 150 gr + 20 grams whole raw almonds tmr,[],"{""items"":[{""name"":""cheese, cottage, lowfat, 2% milkfat"",""quantity"":1,""unit"":""cup"",""kcal"":185},{""name"":""strawberries, raw"",""quantity"":150,""unit"":""g"",""kcal"":47},{""name"":""nuts, almonds, whole, raw"",""quantity"":20,""unit"":""g"",""kcal"":117}],""totalKcal"":349,""mealType"":""unknown"",""timeOffset"":""P1D""}",multi-food-data.csv:000725
multi-food-data.csv:000726,ate 2tbsp commercial hummus + 150 grams raw romaine lettuce + whole wheat bread slice1 lunch,[],"{""items"":[{""name"":""hummus, commercial"",""quantity"":2,""unit"":""tablespoon"",""kcal"":78},{""name"":""lettuce, romaine, green, raw"",""quantity"":150,""unit"":""g"",""kcal"":26},{""name"":""bread, whole-wheat, commercially prepared"",""quantity"":1,""unit"":""slice"",""kcal"":82}],""totalKcal"":186,""mealType"":""lunch"",""timeOffset"":""PT0M""}",multi-food-data.csv:000726
multi-food-data.csv:000727,ate full fat cottage cheese 150 g + strawberries 100 grams + 15 grams raw peanuts snack 28d ago,[],"{""items"":[{""name"":""cottage cheese, full fat, large or small curd"",""quantity"":150,""unit"":""g"",""kcal"":157},{""name"":""strawberries, raw"",""quantity"":100,""unit"":""g"",""kcal"":31},{""name"":""peanuts, raw"",""quantity"":15,""unit"":""g"",""kcal"":83}],""totalKcal"":271,""mealType"":""snack"",""timeOffset"":""-P28D""}",multi-food-data.csv:000727
multi-food-data.csv:000728,plain nonfat greek yogurt g150 + 150 g strawberries + raw peanuts 15 grams -9h,[],"{""items"":[{""name"":""yogurt, greek, plain, nonfat"",""quantity"":150,""unit"":""g"",""kcal"":92},{""name"":""strawberries, raw"",""quantity"":150,""unit"":""g"",""kcal"":47},{""name"":""peanuts, raw"",""quantity"":15,""unit"":""g"",""kcal"":83}],""totalKcal"":222,""mealType"":""unknown"",""timeOffset"":""-PT9H""}",multi-food-data.csv:000728
multi-food-data.csv:000729,ate plain nonfat yogurt 100 grams + 150g red delicious apple + g15 raw english walnut halves bf -16h,[],"{""items"":[{""name"":""yogurt, plain, nonfat"",""quantity"":100,""unit"":""g"",""kcal"":50},{""name"":""apples, red delicious, with skin, raw"",""quantity"":150,""unit"":""g"",""kcal"":93},{""name"":""nuts, walnuts, english, halves, raw"",""quantity"":15,""unit"":""g"",""kcal"":102}],""totalKcal"":245,""mealType"":""breakfast"",""timeOffset"":""-PT16H""}",multi-food-data.csv:000729
multi-food-data.csv:000730,ate raspberries 100 gr + whole raw almonds g30 + plain nonfat greek yogurt g100 breakfast -5d,[],"{""items"":[{""name"":""raspberries, raw"",""quantity"":100,""unit"":""g"",""kcal"":51},{""name"":""nuts, almonds, whole, raw"",""quantity"":30,""unit"":""g"",""kcal"":175},{""name"":""yogurt, greek, plain, nonfat"",""quantity"":100,""unit"":""g"",""kcal"":61}],""totalKcal"":287,""mealType"":""breakfast"",""timeOffset"":""-P5D""}",multi-food-data.csv:000730
multi-food-data.csv:000731,plain nonfat yogurt 200g + g200 red delicious apple + 30 g raw english walnut halves breakfast 7d ago,[],"{""items"":[{""name"":""yogurt, plain, nonfat"",""quantity"":200,""unit"":""g"",""kcal"":100},{""name"":""apples, red delicious, with skin, raw"",""quantity"":200,""unit"":""g"",""kcal"":124},{""name"":""nuts, walnuts, english, halves, raw"",""quantity"":30,""unit"":""g"",""kcal"":204}],""totalKcal"":428,""mealType"":""breakfast"",""timeOffset"":""-P7D""}",multi-food-data.csv:000731
multi-food-data.csv:000732,cup1 2% cottage cheese + strawberries 100 g + 15 grams raw english walnut halves snack 15h ago,[],"{""items"":[{""name"":""cheese, cottage, lowfat, 2% milkfat"",""quantity"":1,""unit"":""cup"",""kcal"":185},{""name"":""strawberries, raw"",""quantity"":100,""unit"":""g"",""kcal"":31},{""name"":""nuts, walnuts, english, halves, raw"",""quantity"":15,""unit"":""g"",""kcal"":102}],""totalKcal"":318,""mealType"":""snack"",""timeOffset"":""-PT15H""}",multi-food-data.csv:000732
multi-food-data.csv:000733,ate full fat cottage cheese 150 grams + 15 g whole raw almonds + red delicious apple g150 snack,[],"{""items"":[{""name"":""cottage cheese, full fat, large or small curd"",""quantity"":150,""unit"":""g"",""kcal"":157},{""name"":""nuts, almonds, whole, raw"",""quantity"":15,""unit"":""g"",""kcal"":88},{""name"":""apples, red delicious, with skin, raw"",""quantity"":150,""unit"":""g"",""kcal"":93}],""totalKcal"":338,""mealType"":""snack"",""timeOffset"":""PT0M""}",multi-food-data.csv:000733
multi-food-data.csv:000734,full fat cottage cheese 200 g + raw peanuts 15 grams + raspberries g100 343 cal snack,[],"{""items"":[{""name"":""cottage cheese, full fat, large or small curd"",""quantity"":200,""unit"":""g"",""kcal"":209},{""name"":""peanuts, raw"",""quantity"":15,""unit"":""g"",""kcal"":83},{""name"":""raspberries, raw"",""quantity"":100,""unit"":""g"",""kcal"":51}],""totalKcal"":343,""mealType"":""snack"",""timeOffset"":""PT0M""}",multi-food-data.csv:000734
multi-food-data.csv:000735,whole raw almonds 15 g + 100g red delicious apple + plain nonfat greek yogurt 200 gr breakfast 17h ago,[],"{""items"":[{""name"":""nuts, almonds, whole, raw"",""quantity"":15,""unit"":""g"",""kcal"":88},{""name"":""apples, red delicious, with skin, raw"",""quantity"":100,""unit"":""g"",""kcal"":62},{""name"":""yogurt, greek, plain, nonfat"",""quantity"":200,""unit"":""g"",""kcal"":122}],""totalKcal"":272,""mealType"":""breakfast"",""timeOffset"":""-PT17H""}",multi-food-data.csv:000735
multi-food-data.csv:000736,ate 100 gr plain nonfat greek yogurt + red delicious apple 200 g + raw english walnut halves 30 gr snack -8d,[],"{""items"":[{""name"":""yogurt, greek, plain, nonfat"",""quantity"":100,""unit"":""g"",""kcal"":61},{""name"":""apples, red delicious, with skin, raw"",""quantity"":200,""unit"":""g"",""kcal"":124},{""name"":""nuts, walnuts, english, halves, raw"",""quantity"":30,""unit"":""g"",""kcal"":204}],""totalKcal"":389,""mealType"":""snack"",""timeOffset"":""-P8D""}",multi-food-data.csv:000736
multi-food-data.csv:000737,100 gr plain whole milk yogurt + g100 raspberries + 20 g raw peanuts,[],"{""items"":[{""name"":""yogurt, plain, whole milk"",""quantity"":100,""unit"":""g"",""kcal"":77},{""name"":""raspberries, raw"",""quantity"":100,""unit"":""g"",""kcal"":51},{""name"":""peanuts, raw"",""quantity"":20,""unit"":""g"",""kcal"":110}],""totalKcal"":238,""mealType"":""unknown"",""timeOffset"":""PT0M""}",multi-food-data.csv:000737
multi-food-data.csv:000738,ate 1 cup 2% cottage cheese + 150 gr raspberries + g15 raw english walnut halves 364kcal snack -29d,[],"{""items"":[{""name"":""cheese, cottage, lowfat, 2% milkfat"",""quantity"":1,""unit"":""cup"",""kcal"":185},{""name"":""raspberries, raw"",""quantity"":150,""unit"":""g"",""kcal"":77},{""name"":""nuts, walnuts, english, halves, raw"",""quantity"":15,""unit"":""g"",""kcal"":102}],""totalKcal"":364,""mealType"":""snack"",""timeOffset"":""-P29D""}",multi-food-data.csv:000738
multi-food-data.csv:000739,20g raw peanuts + red delicious apple 150 gr + plain nonfat greek yogurt 200 g 6h ago,[],"{""items"":[{""name"":""peanuts, raw"",""quantity"":20,""unit"":""g"",""kcal"":110},{""name"":""apples, red delicious, with skin, raw"",""quantity"":150,""unit"":""g"",""kcal"":93},{""name"":""yogurt, greek, plain, nonfat"",""quantity"":200,""unit"":""g"",""kcal"":122}],""totalKcal"":325,""mealType"":""unknown"",""timeOffset"":""-PT6H""}",multi-food-data.csv:000739
multi-food-data.csv:000740,plain nonfat yogurt g100 + g200 strawberries + 30g raw english walnut halves bf,[],"{""items"":[{""name"":""yogurt, plain, nonfat"",""quantity"":100,""unit"":""g"",""kcal"":50},{""name"":""strawberries, raw"",""quantity"":200,""unit"":""g"",""kcal"":62},{""name"":""nuts, walnuts, english, halves, raw"",""quantity"":30,""unit"":""g"",""kcal"":204}],""totalKcal"":316,""mealType"":""breakfast"",""timeOffset"":""PT0M""}",multi-food-data.csv:000740
multi-food-data.csv:000741,3tbsp commercial hummus + 150 g raw romaine lettuce + slice1 whole wheat bread snack 25d ago,[],"{""items"":[{""name"":""hummus, commercial"",""quantity"":3,""unit"":""tablespoon"",""kcal"":116},{""name"":""lettuce, romaine, green, raw"",""quantity"":150,""unit"":""g"",""kcal"":26},{""name"":""bread, whole-wheat, commercially prepared"",""quantity"":1,""unit"":""slice"",""kcal"":82}],""totalKcal"":224,""mealType"":""snack"",""timeOffset"":""-P25D""}",multi-food-data.csv:000741
multi-food-data.csv:000742,ate 150 g plain nonfat yogurt + 100 grams strawberries + 15g raw english walnut halves,[],"{""items"":[{""name"":""yogurt, plain, nonfat"",""quantity"":150,""unit"":""g"",""kcal"":75},{""name"":""strawberries, raw"",""quantity"":100,""unit"":""g"",""kcal"":31},{""name"":""nuts, walnuts, english, halves, raw"",""quantity"":15,""unit"":""g"",""kcal"":102}],""totalKcal"":208,""mealType"":""unknown"",""timeOffset"":""PT0M""}",multi-food-data.csv:000742
multi-food-data.csv:000743,plain whole milk yogurt 150 gr + 200g blueberries + raw peanuts 20g 341kcal bf +1d,[],"{""items"":[{""name"":""yogurt, plain, whole milk"",""quantity"":150,""unit"":""g"",""kcal"":116},{""name"":""blueberries, raw"",""quantity"":200,""unit"":""g"",""kcal"":115},{""name"":""peanuts, raw"",""quantity"":20,""unit"":""g"",""kcal"":110}],""totalKcal"":341,""mealType"":""breakfast"",""timeOffset"":""P1D""}",multi-food-data.csv:000743
multi-food-data.csv:000744,plain nonfat yogurt g100 + blueberries 200g + 30 g raw english walnut halves bf,[],"{""items"":[{""name"":""yogurt, plain, nonfat"",""quantity"":100,""unit"":""g"",""kcal"":50},{""name"":""blueberries, raw"",""quantity"":200,""unit"":""g"",""kcal"":115},{""name"":""nuts, walnuts, english, halves, raw"",""quantity"":30,""unit"":""g"",""kcal"":204}],""totalKcal"":369,""mealType"":""breakfast"",""timeOffset"":""PT0M""}",multi-food-data.csv:000744
multi-food-data.csv:000745,ate plain whole milk yogurt g100 + 30 g raw peanuts + 150 grams red delicious apple snack,[],"{""items"":[{""name"":""yogurt, plain, whole milk"",""quantity"":100,""unit"":""g"",""kcal"":77},{""name"":""peanuts, raw"",""quantity"":30,""unit"":""g"",""kcal"":165},{""name"":""apples, red delicious, with skin, raw"",""quantity"":150,""unit"":""g"",""kcal"":93}],""totalKcal"":335,""mealType"":""snack"",""timeOffset"":""PT0M""}",multi-food-data.csv:000745
multi-food-data.csv:000746,200g plain nonfat greek yogurt + red delicious apple 200g + 70 g rolled whole grain oats,[],"{""items"":[{""name"":""yogurt, greek, plain, nonfat"",""quantity"":200,""unit"":""g"",""kcal"":122},{""name"":""apples, red delicious, with skin, raw"",""quantity"":200,""unit"":""g"",""kcal"":124},{""name"":""oats, whole grain, rolled, old fashioned"",""quantity"":70,""unit"":""g"",""kcal"":265}],""totalKcal"":511,""mealType"":""unknown"",""timeOffset"":""PT0M""}",multi-food-data.csv:000746
multi-food-data.csv:000747,ate 150g strawberries + plain nonfat yogurt 100 g + whole raw almonds 20 gr,[],"{""items"":[{""name"":""strawberries, raw"",""quantity"":150,""unit"":""g"",""kcal"":47},{""name"":""yogurt, plain, nonfat"",""quantity"":100,""unit"":""g"",""kcal"":50},{""name"":""nuts, almonds, whole, raw"",""quantity"":20,""unit"":""g"",""kcal"":117}],""totalKcal"":214,""mealType"":""unknown"",""timeOffset"":""PT0M""}",multi-food-data.csv:000747
multi-food-data.csv:000748,ate 100 grams plain nonfat yogurt + 150 grams blueberries + whole raw almonds 20 g breakfast 19d ago,[],"{""items"":[{""name"":""yogurt, plain, nonfat"",""quantity"":100,""unit"":""g"",""kcal"":50},{""name"":""blueberries, raw"",""quantity"":150,""unit"":""g"",""kcal"":86},{""name"":""nuts, almonds, whole, raw"",""quantity"":20,""unit"":""g"",""kcal"":117}],""totalKcal"":253,""mealType"":""breakfast"",""timeOffset"":""-P19D""}",multi-food-data.csv:000748
multi-food-data.csv:000749,plain nonfat greek yogurt g100 + g100 raspberries + 20 g raw english walnut halves,[],"{""items"":[{""name"":""yogurt, greek, plain, nonfat"",""quantity"":100,""unit"":""g"",""kcal"":61},{""name"":""raspberries, raw"",""quantity"":100,""unit"":""g"",""kcal"":51},{""name"":""nuts, walnuts, english, halves, raw"",""quantity"":20,""unit"":""g"",""kcal"":136}],""totalKcal"":248,""mealType"":""unknown"",""timeOffset"":""PT0M""}",multi-food-data.csv:000749
multi-food-data.csv:000750,ate 2tbsp commercial hummus + raw cucumber with peel 100 grams + 2slice white bread 239kcal snack,[],"{""items"":[{""name"":""hummus, commercial"",""quantity"":2,""unit"":""tablespoon"",""kcal"":78},{""name"":""cucumber, with peel, raw"",""quantity"":100,""unit"":""g"",""kcal"":14},{""name"":""bread, white, commercially prepared"",""quantity"":2,""unit"":""slice"",""kcal"":147}],""totalKcal"":239,""mealType"":""snack"",""timeOffset"":""PT0M""}",multi-food-data.csv:000750
multi-food-data.csv:000751,ate plain whole milk yogurt 150 gr + strawberries 100 grams + 20g raw english walnut halves breakfast 9d ago,[],"{""items"":[{""name"":""yogurt, plain, whole milk"",""quantity"":150,""unit"":""g"",""kcal"":116},{""name"":""strawberries, raw"",""quantity"":100,""unit"":""g"",""kcal"":31},{""name"":""nuts, walnuts, english, halves, raw"",""quantity"":20,""unit"":""g"",""kcal"":136}],""totalKcal"":283,""mealType"":""breakfast"",""timeOffset"":""-P9D""}",multi-food-data.csv:000751
multi-food-data.csv:000752,ate g100 plain whole milk yogurt + g100 strawberries + 30 gr raw peanuts 23h ago,[],"{""items"":[{""name"":""yogurt, plain, whole milk"",""quantity"":100,""unit"":""g"",""kcal"":77},{""name"":""strawberries, raw"",""quantity"":100,""unit"":""g"",""kcal"":31},{""name"":""peanuts, raw"",""quantity"":30,""unit"":""g"",""kcal"":165}],""totalKcal"":273,""mealType"":""unknown"",""timeOffset"":""-PT23H""}",multi-food-data.csv:000752
multi-food-data.csv:000753,200 grams plain whole milk yogurt + g150 blueberries + 20 grams raw english walnut halves snack,[],"{""items"":[{""name"":""yogurt, plain, whole milk"",""quantity"":200,""unit"":""g"",""kcal"":155},{""name"":""blueberries, raw"",""quantity"":150,""unit"":""g"",""kcal"":86},{""name"":""nuts, walnuts, english, halves, raw"",""quantity"":20,""unit"":""g"",""kcal"":136}],""totalKcal"":377,""mealType"":""snack"",""timeOffset"":""PT0M""}",multi-food-data.csv:000753
multi-food-data.csv:000754,ate 150 g plain whole milk yogurt + raw peanuts g20 + blueberries 100 gr 9d ago,[],"{""items"":[{""name"":""yogurt, plain, whole milk"",""quantity"":150,""unit"":""g"",""kcal"":116},{""name"":""peanuts, raw"",""quantity"":20,""unit"":""g"",""kcal"":110},{""name"":""blueberries, raw"",""quantity"":100,""unit"":""g"",""kcal"":57}],""totalKcal"":283,""mealType"":""unknown"",""timeOffset"":""-P9D""}",multi-food-data.csv:000754
multi-food-data.csv:000755,150 gr plain nonfat yogurt + 150 grams raspberries + whole raw almonds 30g breakfast -22d,[],"{""items"":[{""name"":""yogurt, plain, nonfat"",""quantity"":150,""unit"":""g"",""kcal"":75},{""name"":""raspberries, raw"",""quantity"":150,""unit"":""g"",""kcal"":77},{""name"":""nuts, almonds, whole, raw"",""quantity"":30,""unit"":""g"",""kcal"":175}],""totalKcal"":327,""mealType"":""breakfast"",""timeOffset"":""-P22D""}",multi-food-data.csv:000755
multi-food-data.csv:000756,ate 2% cottage cheese cup1 + raspberries 100g + whole raw almonds 15 grams bf,[],"{""items"":[{""name"":""cheese, cottage, lowfat, 2% milkfat"",""quantity"":1,""unit"":""cup"",""kcal"":185},{""name"":""raspberries, raw"",""quantity"":100,""unit"":""g"",""kcal"":51},{""name"":""nuts, almonds, whole, raw"",""quantity"":15,""unit"":""g"",""kcal"":88}],""totalKcal"":324,""mealType"":""breakfast"",""timeOffset"":""PT0M""}",multi-food-data.csv:000756
multi-food-data.csv:000757,30g whole raw almonds + 100g red delicious apple + plain nonfat greek yogurt 200 gr -15d,[],"{""items"":[{""name"":""nuts, almonds, whole, raw"",""quantity"":30,""unit"":""g"",""kcal"":175},{""name"":""apples, red delicious, with skin, raw"",""quantity"":100,""unit"":""g"",""kcal"":62},{""name"":""yogurt, greek, plain, nonfat"",""quantity"":200,""unit"":""g"",""kcal"":122}],""totalKcal"":359,""mealType"":""unknown"",""timeOffset"":""-P15D""}",multi-food-data.csv:000757
multi-food-data.csv:000758,150 grams plain nonfat yogurt + red delicious apple 100 grams + raw english walnut halves 20 gr,[],"{""items"":[{""name"":""yogurt, plain, nonfat"",""quantity"":150,""unit"":""g"",""kcal"":75},{""name"":""apples, red delicious, with skin, raw"",""quantity"":100,""unit"":""g"",""kcal"":62},{""name"":""nuts, walnuts, english, halves, raw"",""quantity"":20,""unit"":""g"",""kcal"":136}],""totalKcal"":273,""mealType"":""unknown"",""timeOffset"":""PT0M""}",multi-food-data.csv:000758
multi-food-data.csv:000759,ate 1 tablespoon commercial hummus + g150 raw cucumber with peel + 2 slices whole wheat bread 24d ago,[],"{""items"":[{""name"":""hummus, commercial"",""quantity"":1,""unit"":""tablespoon"",""kcal"":39},{""name"":""cucumber, with peel, raw"",""quantity"":150,""unit"":""g"",""kcal"":21},{""name"":""bread, whole-wheat, commercially prepared"",""quantity"":2,""unit"":""slice"",""kcal"":163}],""totalKcal"":223,""mealType"":""unknown"",""timeOffset"":""-P24D""}",multi-food-data.csv:000759
multi-food-data.csv:000760,200g plain nonfat yogurt + red delicious apple 200 gr + 50 g rolled whole grain oats bf,[],"{""items"":[{""name"":""yogurt, plain, nonfat"",""quantity"":200,""unit"":""g"",""kcal"":100},{""name"":""apples, red delicious, with skin, raw"",""quantity"":200,""unit"":""g"",""kcal"":124},{""name"":""oats, whole grain, rolled, old fashioned"",""quantity"":50,""unit"":""g"",""kcal"":189}],""totalKcal"":413,""mealType"":""breakfast"",""timeOffset"":""PT0M""}",multi-food-data.csv:000760
multi-food-data.csv:000761,ate 1 tablespoon commercial hummus + 2 slices white bread + raw cucumber with peel 100 g -18h,[],"{""items"":[{""name"":""hummus, commercial"",""quantity"":1,""unit"":""tablespoon"",""kcal"":39},{""name"":""bread, white, commercially prepared"",""quantity"":2,""unit"":""slice"",""kcal"":147},{""name"":""cucumber, with peel, raw"",""quantity"":100,""unit"":""g"",""kcal"":14}],""totalKcal"":200,""mealType"":""unknown"",""timeOffset"":""-PT18H""}",multi-food-data.csv:000761
multi-food-data.csv:000762,plain whole milk yogurt 150 grams + g100 blueberries + raw peanuts 30 grams,[],"{""items"":[{""name"":""yogurt, plain, whole milk"",""quantity"":150,""unit"":""g"",""kcal"":116},{""name"":""blueberries, raw"",""quantity"":100,""unit"":""g"",""kcal"":57},{""name"":""peanuts, raw"",""quantity"":30,""unit"":""g"",""kcal"":165}],""totalKcal"":338,""mealType"":""unknown"",""timeOffset"":""PT0M""}",multi-food-data.csv:000762
multi-food-data.csv:000763,g150 plain whole milk yogurt + 200 grams blueberries + whole raw almonds 30g snack -15d,[],"{""items"":[{""name"":""yogurt, plain, whole milk"",""quantity"":150,""unit"":""g"",""kcal"":116},{""name"":""blueberries, raw"",""quantity"":200,""unit"":""g"",""kcal"":115},{""name"":""nuts, almonds, whole, raw"",""quantity"":30,""unit"":""g"",""kcal"":175}],""totalKcal"":406,""mealType"":""snack"",""timeOffset"":""-P15D""}",multi-food-data.csv:000763
multi-food-data.csv:000764,1cup 2% cottage cheese + g100 blueberries + whole raw almonds 20 g,[],"{""items"":[{""name"":""cheese, cottage, lowfat, 2% milkfat"",""quantity"":1,""unit"":""cup"",""kcal"":185},{""name"":""blueberries, raw"",""quantity"":100,""unit"":""g"",""kcal"":57},{""name"":""nuts, almonds, whole, raw"",""quantity"":20,""unit"":""g"",""kcal"":117}],""totalKcal"":359,""mealType"":""unknown"",""timeOffset"":""PT0M""}",multi-food-data.csv:000764
multi-food-data.csv:000765,ate g150 plain nonfat greek yogurt + 200 grams strawberries + raw peanuts 30 grams breakfast -1h,[],"{""items"":[{""name"":""yogurt, greek, plain, nonfat"",""quantity"":150,""unit"":""g"",""kcal"":92},{""name"":""strawberries, raw"",""quantity"":200,""unit"":""g"",""kcal"":62},{""name"":""peanuts, raw"",""quantity"":30,""unit"":""g"",""kcal"":165}],""totalKcal"":319,""mealType"":""breakfast"",""timeOffset"":""-PT1H""}",multi-food-data.csv:000765
multi-food-data.csv:000766,100g plain whole milk yogurt + 200g blueberries + raw english walnut halves 15 g bf -9d,[],"{""items"":[{""name"":""yogurt, plain, whole milk"",""quantity"":100,""unit"":""g"",""kcal"":77},{""name"":""blueberries, raw"",""quantity"":200,""unit"":""g"",""kcal"":115},{""name"":""nuts, walnuts, english, halves, raw"",""quantity"":15,""unit"":""g"",""kcal"":102}],""totalKcal"":294,""mealType"":""breakfast"",""timeOffset"":""-P9D""}",multi-food-data.csv:000766
multi-food-data.csv:000767,raspberries g150 + raw english walnut halves 30 gr + plain whole milk yogurt 100 gr snack,[],"{""items"":[{""name"":""raspberries, raw"",""quantity"":150,""unit"":""g"",""kcal"":77},{""name"":""nuts, walnuts, english, halves, raw"",""quantity"":30,""unit"":""g"",""kcal"":204},{""name"":""yogurt, plain, whole milk"",""quantity"":100,""unit"":""g"",""kcal"":77}],""totalKcal"":358,""mealType"":""snack"",""timeOffset"":""PT0M""}",multi-food-data.csv:000767
multi-food-data.csv:000768,full fat cottage cheese 150 grams + 100g raspberries + raw peanuts 20 grams 318kcal bf 1h ago,[],"{""items"":[{""name"":""cottage cheese, full fat, large or small curd"",""quantity"":150,""unit"":""g"",""kcal"":157},{""name"":""raspberries, raw"",""quantity"":100,""unit"":""g"",""kcal"":51},{""name"":""peanuts, raw"",""quantity"":20,""unit"":""g"",""kcal"":110}],""totalKcal"":318,""mealType"":""breakfast"",""timeOffset"":""-PT1H""}",multi-food-data.csv:000768
multi-food-data.csv:000769,g200 plain whole milk yogurt + strawberries g150 + g30 raw english walnut halves breakfast,[],"{""items"":[{""name"":""yogurt, plain, whole milk"",""quantity"":200,""unit"":""g"",""kcal"":155},{""name"":""strawberries, raw"",""quantity"":150,""unit"":""g"",""kcal"":47},{""name"":""nuts, walnuts, english, halves, raw"",""quantity"":30,""unit"":""g"",""kcal"":204}],""totalKcal"":406,""mealType"":""breakfast"",""timeOffset"":""PT0M""}",multi-food-data.csv:000769
multi-food-data.csv:000770,commercial hummus 3tbsp + 50 g raw roma tomato + 2slice whole wheat bread snack,[],"{""items"":[{""name"":""hummus, commercial"",""quantity"":3,""unit"":""tablespoon"",""kcal"":116},{""name"":""tomato, roma"",""quantity"":50,""unit"":""g"",""kcal"":9},{""name"":""bread, whole-wheat, commercially prepared"",""quantity"":2,""unit"":""slice"",""kcal"":163}],""totalKcal"":288,""mealType"":""snack"",""timeOffset"":""PT0M""}",multi-food-data.csv:000770
multi-food-data.csv:000771,blueberries 200 g + plain nonfat yogurt 150g + raw english walnut halves g20 bf -11d,[],"{""items"":[{""name"":""blueberries, raw"",""quantity"":200,""unit"":""g"",""kcal"":115},{""name"":""yogurt, plain, nonfat"",""quantity"":150,""unit"":""g"",""kcal"":75},{""name"":""nuts, walnuts, english, halves, raw"",""quantity"":20,""unit"":""g"",""kcal"":136}],""totalKcal"":326,""mealType"":""breakfast"",""timeOffset"":""-P11D""}",multi-food-data.csv:000771
multi-food-data.csv:000772,ate 100 gr blueberries + rolled whole grain oats 70g + 200g plain nonfat yogurt breakfast -16d,[],"{""items"":[{""name"":""blueberries, raw"",""quantity"":100,""unit"":""g"",""kcal"":57},{""name"":""oats, whole grain, rolled, old fashioned"",""quantity"":70,""unit"":""g"",""kcal"":265},{""name"":""yogurt, plain, nonfat"",""quantity"":200,""unit"":""g"",""kcal"":100}],""totalKcal"":422,""mealType"":""breakfast"",""timeOffset"":""-P16D""}",multi-food-data.csv:000772
multi-food-data.csv:000773,2% cottage cheese cup0.5 + raw english walnut halves 15 g + 200g strawberries bf 10d ago,[],"{""items"":[{""name"":""cheese, cottage, lowfat, 2% milkfat"",""quantity"":0.5,""unit"":""cup"",""kcal"":92},{""name"":""nuts, walnuts, english, halves, raw"",""quantity"":15,""unit"":""g"",""kcal"":102},{""name"":""strawberries, raw"",""quantity"":200,""unit"":""g"",""kcal"":62}],""totalKcal"":256,""mealType"":""breakfast"",""timeOffset"":""-P10D""}",multi-food-data.csv:000773
multi-food-data.csv:000774,ate plain nonfat greek yogurt g150 + 100 g red delicious apple + raw english walnut halves 20 grams -16d,[],"{""items"":[{""name"":""yogurt, greek, plain, nonfat"",""quantity"":150,""unit"":""g"",""kcal"":92},{""name"":""apples, red delicious, with skin, raw"",""quantity"":100,""unit"":""g"",""kcal"":62},{""name"":""nuts, walnuts, english, halves, raw"",""quantity"":20,""unit"":""g"",""kcal"":136}],""totalKcal"":290,""mealType"":""unknown"",""timeOffset"":""-P16D""}",multi-food-data.csv:000774
multi-food-data.csv:000775,plain nonfat yogurt g100 + 150 gr strawberries + 30g raw peanuts bf,[],"{""items"":[{""name"":""yogurt, plain, nonfat"",""quantity"":100,""unit"":""g"",""kcal"":50},{""name"":""strawberries, raw"",""quantity"":150,""unit"":""g"",""kcal"":47},{""name"":""peanuts, raw"",""quantity"":30,""unit"":""g"",""kcal"":165}],""totalKcal"":262,""mealType"":""breakfast"",""timeOffset"":""PT0M""}",multi-food-data.csv:000775
multi-food-data.csv:000776,0.5 cups 2% cottage cheese + g150 strawberries + 20g raw english walnut halves bf,[],"{""items"":[{""name"":""cheese, cottage, lowfat, 2% milkfat"",""quantity"":0.5,""unit"":""cup"",""kcal"":92},{""name"":""strawberries, raw"",""quantity"":150,""unit"":""g"",""kcal"":47},{""name"":""nuts, walnuts, english, halves, raw"",""quantity"":20,""unit"":""g"",""kcal"":136}],""totalKcal"":275,""mealType"":""breakfast"",""timeOffset"":""PT0M""}",multi-food-data.csv:000776
multi-food-data.csv:000777,commercial hummus 3tbsp + raw roma tomato 50 gr + 1 slice white bread,[],"{""items"":[{""name"":""hummus, commercial"",""quantity"":3,""unit"":""tablespoon"",""kcal"":116},{""name"":""tomato, roma"",""quantity"":50,""unit"":""g"",""kcal"":9},{""name"":""bread, white, commercially prepared"",""quantity"":1,""unit"":""slice"",""kcal"":74}],""totalKcal"":199,""mealType"":""unknown"",""timeOffset"":""PT0M""}",multi-food-data.csv:000777
multi-food-data.csv:000778,ate whole wheat bread 2slice + 100 g light canned tuna in water + raw cucumber with peel g50 dinner 6h ago,[],"{""items"":[{""name"":""bread, whole-wheat, commercially prepared"",""quantity"":2,""unit"":""slice"",""kcal"":163},{""name"":""fish, tuna, light, canned in water, drained solids"",""quantity"":100,""unit"":""g"",""kcal"":90},{""name"":""cucumber, with peel, raw"",""quantity"":50,""unit"":""g"",""kcal"":7}],""totalKcal"":260,""mealType"":""dinner"",""timeOffset"":""-PT6H""}",multi-food-data.csv:000778
multi-food-data.csv:000779,raw english walnut halves 20g + 200g plain nonfat greek yogurt + strawberries 200 grams tmr,[],"{""items"":[{""name"":""nuts, walnuts, english, halves, raw"",""quantity"":20,""unit"":""g"",""kcal"":136},{""name"":""yogurt, greek, plain, nonfat"",""quantity"":200,""unit"":""g"",""kcal"":122},{""name"":""strawberries, raw"",""quantity"":200,""unit"":""g"",""kcal"":62}],""totalKcal"":320,""mealType"":""unknown"",""timeOffset"":""P1D""}",multi-food-data.csv:000779
multi-food-data.csv:000780,white bread slice1 + g100 light canned tuna in water + raw roma tomato 150g dinner,[],"{""items"":[{""name"":""bread, white, commercially prepared"",""quantity"":1,""unit"":""slice"",""kcal"":74},{""name"":""fish, tuna, light, canned in water, drained solids"",""quantity"":100,""unit"":""g"",""kcal"":90},{""name"":""tomato, roma"",""quantity"":150,""unit"":""g"",""kcal"":28}],""totalKcal"":192,""mealType"":""dinner"",""timeOffset"":""PT0M""}",multi-food-data.csv:000780
multi-food-data.csv:000781,ate plain nonfat yogurt 100 gr + blueberries 100 g + 20 grams raw english walnut halves -5d,[],"{""items"":[{""name"":""yogurt, plain, nonfat"",""quantity"":100,""unit"":""g"",""kcal"":50},{""name"":""blueberries, raw"",""quantity"":100,""unit"":""g"",""kcal"":57},{""name"":""nuts, walnuts, english, halves, raw"",""quantity"":20,""unit"":""g"",""kcal"":136}],""totalKcal"":243,""mealType"":""unknown"",""timeOffset"":""-P5D""}",multi-food-data.csv:000781
multi-food-data.csv:000782,slice2 white bread + 3tbsp commercial hummus + 50 gr raw roma tomato 18d ago,[],"{""items"":[{""name"":""bread, white, commercially prepared"",""quantity"":2,""unit"":""slice"",""kcal"":147},{""name"":""hummus, commercial"",""quantity"":3,""unit"":""tablespoon"",""kcal"":116},{""name"":""tomato, roma"",""quantity"":50,""unit"":""g"",""kcal"":9}],""totalKcal"":272,""mealType"":""unknown"",""timeOffset"":""-P18D""}",multi-food-data.csv:000782
multi-food-data.csv:000783,ate g15 whole raw almonds + plain nonfat greek yogurt 200 gr + 150 gr red delicious apple snack 13d ago,[],"{""items"":[{""name"":""nuts, almonds, whole, raw"",""quantity"":15,""unit"":""g"",""kcal"":88},{""name"":""yogurt, greek, plain, nonfat"",""quantity"":200,""unit"":""g"",""kcal"":122},{""name"":""apples, red delicious, with skin, raw"",""quantity"":150,""unit"":""g"",""kcal"":93}],""totalKcal"":303,""mealType"":""snack"",""timeOffset"":""-P13D""}",multi-food-data.csv:000783
multi-food-data.csv:000784,g15 whole raw almonds + plain whole milk yogurt 200 gr + 150 grams raspberries -23d,[],"{""items"":[{""name"":""nuts, almonds, whole, raw"",""quantity"":15,""unit"":""g"",""kcal"":88},{""name"":""yogurt, plain, whole milk"",""quantity"":200,""unit"":""g"",""kcal"":155},{""name"":""raspberries, raw"",""quantity"":150,""unit"":""g"",""kcal"":77}],""totalKcal"":320,""mealType"":""unknown"",""timeOffset"":""-P23D""}",multi-food-data.csv:000784
multi-food-data.csv:000785,100 gr plain nonfat yogurt + raw peanuts g30 + 100g blueberries 21h ago,[],"{""items"":[{""name"":""yogurt, plain, nonfat"",""quantity"":100,""unit"":""g"",""kcal"":50},{""name"":""peanuts, raw"",""quantity"":30,""unit"":""g"",""kcal"":165},{""name"":""blueberries, raw"",""quantity"":100,""unit"":""g"",""kcal"":57}],""totalKcal"":272,""mealType"":""unknown"",""timeOffset"":""-PT21H""}",multi-food-data.csv:000785
multi-food-data.csv:000786,g100 plain nonfat yogurt + blueberries 200 g + 70 grams rolled whole grain oats kcal430 snack tmr,[],"{""items"":[{""name"":""yogurt, plain, nonfat"",""quantity"":100,""unit"":""g"",""kcal"":50},{""name"":""blueberries, raw"",""quantity"":200,""unit"":""g"",""kcal"":115},{""name"":""oats, whole grain, rolled, old fashioned"",""quantity"":70,""unit"":""g"",""kcal"":265}],""totalKcal"":430,""mealType"":""snack"",""timeOffset"":""P1D""}",multi-food-data.csv:000786
multi-food-data.csv:000787,ate plain whole milk yogurt g100 + blueberries 150g + g15 raw english walnut halves bf,[],"{""items"":[{""name"":""yogurt, plain, whole milk"",""quantity"":100,""unit"":""g"",""kcal"":77},{""name"":""blueberries, raw"",""quantity"":150,""unit"":""g"",""kcal"":86},{""name"":""nuts, walnuts, english, halves, raw"",""quantity"":15,""unit"":""g"",""kcal"":102}],""totalKcal"":265,""mealType"":""breakfast"",""timeOffset"":""PT0M""}",multi-food-data.csv:000787
multi-food-data.csv:000788,100 gr plain nonfat greek yogurt + 150 grams strawberries + g30 raw peanuts 4d ago,[],"{""items"":[{""name"":""yogurt, greek, plain, nonfat"",""quantity"":100,""unit"":""g"",""kcal"":61},{""name"":""strawberries, raw"",""quantity"":150,""unit"":""g"",""kcal"":47},{""name"":""peanuts, raw"",""quantity"":30,""unit"":""g"",""kcal"":165}],""totalKcal"":273,""mealType"":""unknown"",""timeOffset"":""-P4D""}",multi-food-data.csv:000788
multi-food-data.csv:000789,150 g full fat cottage cheese + blueberries 200g + raw peanuts 20 g 7h ago,[],"{""items"":[{""name"":""cottage cheese, full fat, large or small curd"",""quantity"":150,""unit"":""g"",""kcal"":157},{""name"":""blueberries, raw"",""quantity"":200,""unit"":""g"",""kcal"":115},{""name"":""peanuts, raw"",""quantity"":20,""unit"":""g"",""kcal"":110}],""totalKcal"":382,""mealType"":""unknown"",""timeOffset"":""-PT7H""}",multi-food-data.csv:000789
multi-food-data.csv:000790,200 g plain nonfat greek yogurt + raspberries 150 grams + 70g rolled whole grain oats 21h ago,[],"{""items"":[{""name"":""yogurt, greek, plain, nonfat"",""quantity"":200,""unit"":""g"",""kcal"":122},{""name"":""raspberries, raw"",""quantity"":150,""unit"":""g"",""kcal"":77},{""name"":""oats, whole grain, rolled, old fashioned"",""quantity"":70,""unit"":""g"",""kcal"":265}],""totalKcal"":464,""mealType"":""unknown"",""timeOffset"":""-PT21H""}",multi-food-data.csv:000790
multi-food-data.csv:000791,tbsp2 commercial hummus + 50 g raw roma tomato + whole wheat bread 2slice,[],"{""items"":[{""name"":""hummus, commercial"",""quantity"":2,""unit"":""tablespoon"",""kcal"":78},{""name"":""tomato, roma"",""quantity"":50,""unit"":""g"",""kcal"":9},{""name"":""bread, whole-wheat, commercially prepared"",""quantity"":2,""unit"":""slice"",""kcal"":163}],""totalKcal"":250,""mealType"":""unknown"",""timeOffset"":""PT0M""}",multi-food-data.csv:000791
multi-food-data.csv:000792,ate 100 gr plain nonfat yogurt + raspberries 100 grams + raw english walnut halves 15 grams 203 cal breakfast 23d ago,[],"{""items"":[{""name"":""yogurt, plain, nonfat"",""quantity"":100,""unit"":""g"",""kcal"":50},{""name"":""raspberries, raw"",""quantity"":100,""unit"":""g"",""kcal"":51},{""name"":""nuts, walnuts, english, halves, raw"",""quantity"":15,""unit"":""g"",""kcal"":102}],""totalKcal"":203,""mealType"":""breakfast"",""timeOffset"":""-P23D""}",multi-food-data.csv:000792
multi-food-data.csv:000793,ate cup0.5 2% cottage cheese + strawberries g200 + raw peanuts 30 g snack -29d,[],"{""items"":[{""name"":""cheese, cottage, lowfat, 2% milkfat"",""quantity"":0.5,""unit"":""cup"",""kcal"":92},{""name"":""strawberries, raw"",""quantity"":200,""unit"":""g"",""kcal"":62},{""name"":""peanuts, raw"",""quantity"":30,""unit"":""g"",""kcal"":165}],""totalKcal"":319,""mealType"":""snack"",""timeOffset"":""-P29D""}",multi-food-data.csv:000793
multi-food-data.csv:000794,g100 full fat cottage cheese + 150 g raspberries + 15 g raw peanuts 265kcal tomorrow,[],"{""items"":[{""name"":""cottage cheese, full fat, large or small curd"",""quantity"":100,""unit"":""g"",""kcal"":105},{""name"":""raspberries, raw"",""quantity"":150,""unit"":""g"",""kcal"":77},{""name"":""peanuts, raw"",""quantity"":15,""unit"":""g"",""kcal"":83}],""totalKcal"":265,""mealType"":""unknown"",""timeOffset"":""P1D""}",multi-food-data.csv:000794
multi-food-data.csv:000795,plain nonfat greek yogurt 150 g + 200g raspberries + raw peanuts 20 g bf,[],"{""items"":[{""name"":""yogurt, greek, plain, nonfat"",""quantity"":150,""unit"":""g"",""kcal"":92},{""name"":""raspberries, raw"",""quantity"":200,""unit"":""g"",""kcal"":103},{""name"":""peanuts, raw"",""quantity"":20,""unit"":""g"",""kcal"":110}],""totalKcal"":305,""mealType"":""breakfast"",""timeOffset"":""PT0M""}",multi-food-data.csv:000795
multi-food-data.csv:000796,ate full fat cottage cheese 150 gr + raspberries g100 + 15 g whole raw almonds snack,[],"{""items"":[{""name"":""cottage cheese, full fat, large or small curd"",""quantity"":150,""unit"":""g"",""kcal"":157},{""name"":""raspberries, raw"",""quantity"":100,""unit"":""g"",""kcal"":51},{""name"":""nuts, almonds, whole, raw"",""quantity"":15,""unit"":""g"",""kcal"":88}],""totalKcal"":296,""mealType"":""snack"",""timeOffset"":""PT0M""}",multi-food-data.csv:000796
multi-food-data.csv:000797,ate 200 gr strawberries + raw english walnut halves 20g + 0.5 cups 2% cottage cheese,[],"{""items"":[{""name"":""strawberries, raw"",""quantity"":200,""unit"":""g"",""kcal"":62},{""name"":""nuts, walnuts, english, halves, raw"",""quantity"":20,""unit"":""g"",""kcal"":136},{""name"":""cheese, cottage, lowfat, 2% milkfat"",""quantity"":0.5,""unit"":""cup"",""kcal"":92}],""totalKcal"":290,""mealType"":""unknown"",""timeOffset"":""PT0M""}",multi-food-data.csv:000797
multi-food-data.csv:000798,ate plain nonfat greek yogurt 100 grams + red delicious apple 150g + raw english walnut halves 30 gr snack 24d ago,[],"{""items"":[{""name"":""yogurt, greek, plain, nonfat"",""quantity"":100,""unit"":""g"",""kcal"":61},{""name"":""apples, red delicious, with skin, raw"",""quantity"":150,""unit"":""g"",""kcal"":93},{""name"":""nuts, walnuts, english, halves, raw"",""quantity"":30,""unit"":""g"",""kcal"":204}],""totalKcal"":358,""mealType"":""snack"",""timeOffset"":""-P24D""}",multi-food-data.csv:000798
multi-food-data.csv:000799,g200 plain nonfat yogurt + 150g strawberries + whole raw almonds 20 g breakfast,[],"{""items"":[{""name"":""yogurt, plain, nonfat"",""quantity"":200,""unit"":""g"",""kcal"":100},{""name"":""strawberries, raw"",""quantity"":150,""unit"":""g"",""kcal"":47},{""name"":""nuts, almonds, whole, raw"",""quantity"":20,""unit"":""g"",""kcal"":117}],""totalKcal"":264,""mealType"":""breakfast"",""timeOffset"":""PT0M""}",multi-food-data.csv:000799
multi-food-data.csv:000800,plain whole milk yogurt 100g + 150g blueberries + whole raw almonds 30 gr breakfast -26d,[],"{""items"":[{""name"":""yogurt, plain, whole milk"",""quantity"":100,""unit"":""g"",""kcal"":77},{""name"":""blueberries, raw"",""quantity"":150,""unit"":""g"",""kcal"":86},{""name"":""nuts, almonds, whole, raw"",""quantity"":30,""unit"":""g"",""kcal"":175}],""totalKcal"":338,""mealType"":""breakfast"",""timeOffset"":""-P26D""}",multi-food-data.csv:000800
multi-food-data.csv:000801,plain nonfat greek yogurt 100 g + 200g red delicious apple + raw peanuts 30 g snack,[],"{""items"":[{""name"":""yogurt, greek, plain, nonfat"",""quantity"":100,""unit"":""g"",""kcal"":61},{""name"":""apples, red delicious, with skin, raw"",""quantity"":200,""unit"":""g"",""kcal"":124},{""name"":""peanuts, raw"",""quantity"":30,""unit"":""g"",""kcal"":165}],""totalKcal"":350,""mealType"":""snack"",""timeOffset"":""PT0M""}",multi-food-data.csv:000801
multi-food-data.csv:000802,ate g150 plain nonfat greek yogurt + 100 g red delicious apple + 30g rolled whole grain oats,[],"{""items"":[{""name"":""yogurt, greek, plain, nonfat"",""quantity"":150,""unit"":""g"",""kcal"":92},{""name"":""apples, red delicious, with skin, raw"",""quantity"":100,""unit"":""g"",""kcal"":62},{""name"":""oats, whole grain, rolled, old fashioned"",""quantity"":30,""unit"":""g"",""kcal"":114}],""totalKcal"":268,""mealType"":""unknown"",""timeOffset"":""PT0M""}",multi-food-data.csv:000802
multi-food-data.csv:000803,full fat cottage cheese 200 grams + 150 gr raspberries + raw peanuts g20 -13h,[],"{""items"":[{""name"":""cottage cheese, full fat, large or small curd"",""quantity"":200,""unit"":""g"",""kcal"":209},{""name"":""raspberries, raw"",""quantity"":150,""unit"":""g"",""kcal"":77},{""name"":""peanuts, raw"",""quantity"":20,""unit"":""g"",""kcal"":110}],""totalKcal"":396,""mealType"":""unknown"",""timeOffset"":""-PT13H""}",multi-food-data.csv:000803
multi-food-data.csv:000804,ate plain nonfat yogurt g150 + whole raw almonds g20 + raspberries 100 gr kcal243 19d ago,[],"{""items"":[{""name"":""yogurt, plain, nonfat"",""quantity"":150,""unit"":""g"",""kcal"":75},{""name"":""nuts, almonds, whole, raw"",""quantity"":20,""unit"":""g"",""kcal"":117},{""name"":""raspberries, raw"",""quantity"":100,""unit"":""g"",""kcal"":51}],""totalKcal"":243,""mealType"":""unknown"",""timeOffset"":""-P19D""}",multi-food-data.csv:000804
multi-food-data.csv:000805,100 gr plain nonfat yogurt + red delicious apple 150 grams + rolled whole grain oats 70 g breakfast,[],"{""items"":[{""name"":""yogurt, plain, nonfat"",""quantity"":100,""unit"":""g"",""kcal"":50},{""name"":""apples, red delicious, with skin, raw"",""quantity"":150,""unit"":""g"",""kcal"":93},{""name"":""oats, whole grain, rolled, old fashioned"",""quantity"":70,""unit"":""g"",""kcal"":265}],""totalKcal"":408,""mealType"":""breakfast"",""timeOffset"":""PT0M""}",multi-food-data.csv:000805
multi-food-data.csv:000806,whole wheat bread slice2 + 150 gr light canned tuna in water + raw cucumber with peel g150 tmr,[],"{""items"":[{""name"":""bread, whole-wheat, commercially prepared"",""quantity"":2,""unit"":""slice"",""kcal"":163},{""name"":""fish, tuna, light, canned in water, drained solids"",""quantity"":150,""unit"":""g"",""kcal"":135},{""name"":""cucumber, with peel, raw"",""quantity"":150,""unit"":""g"",""kcal"":21}],""totalKcal"":319,""mealType"":""unknown"",""timeOffset"":""P1D""}",multi-food-data.csv:000806
multi-food-data.csv:000807,150 g light canned tuna in water + canned black beans g150 + 150 grams raw romaine lettuce dinner -4h,[],"{""items"":[{""name"":""fish, tuna, light, canned in water, drained solids"",""quantity"":150,""unit"":""g"",""kcal"":135},{""name"":""beans, black, canned, sodium added, drained and rinsed"",""quantity"":150,""unit"":""g"",""kcal"":173},{""name"":""lettuce, romaine, green, raw"",""quantity"":150,""unit"":""g"",""kcal"":26}],""totalKcal"":334,""mealType"":""dinner"",""timeOffset"":""-PT4H""}",multi-food-data.csv:000807
multi-food-data.csv:000808,200 g plain whole milk yogurt + blueberries g150 + rolled whole grain oats g70 snack 15d ago,[],"{""items"":[{""name"":""yogurt, plain, whole milk"",""quantity"":200,""unit"":""g"",""kcal"":155},{""name"":""blueberries, raw"",""quantity"":150,""unit"":""g"",""kcal"":86},{""name"":""oats, whole grain, rolled, old fashioned"",""quantity"":70,""unit"":""g"",""kcal"":265}],""totalKcal"":506,""mealType"":""snack"",""timeOffset"":""-P15D""}",multi-food-data.csv:000808
multi-food-data.csv:000809,plain nonfat greek yogurt 150 g + blueberries 100 gr + g30 whole raw almonds,[],"{""items"":[{""name"":""yogurt, greek, plain, nonfat"",""quantity"":150,""unit"":""g"",""kcal"":92},{""name"":""blueberries, raw"",""quantity"":100,""unit"":""g"",""kcal"":57},{""name"":""nuts, almonds, whole, raw"",""quantity"":30,""unit"":""g"",""kcal"":175}],""totalKcal"":324,""mealType"":""unknown"",""timeOffset"":""PT0M""}",multi-food-data.csv:000809
multi-food-data.csv:000810,ate 2slice whole wheat bread + light canned tuna in water 150 g + g50 raw romaine lettuce,[],"{""items"":[{""name"":""bread, whole-wheat, commercially prepared"",""quantity"":2,""unit"":""slice"",""kcal"":163},{""name"":""fish, tuna, light, canned in water, drained solids"",""quantity"":150,""unit"":""g"",""kcal"":135},{""name"":""lettuce, romaine, green, raw"",""quantity"":50,""unit"":""g"",""kcal"":9}],""totalKcal"":307,""mealType"":""unknown"",""timeOffset"":""PT0M""}",multi-food-data.csv:000810
multi-food-data.csv:000811,100 gr blueberries + plain nonfat yogurt g150 + raw english walnut halves g20 bf,[],"{""items"":[{""name"":""blueberries, raw"",""quantity"":100,""unit"":""g"",""kcal"":57},{""name"":""yogurt, plain, nonfat"",""quantity"":150,""unit"":""g"",""kcal"":75},{""name"":""nuts, walnuts, english, halves, raw"",""quantity"":20,""unit"":""g"",""kcal"":136}],""totalKcal"":268,""mealType"":""breakfast"",""timeOffset"":""PT0M""}",multi-food-data.csv:000811
multi-food-data.csv:000812,30 grams raw peanuts + red delicious apple g100 + plain nonfat yogurt g150 snack 10h ago,[],"{""items"":[{""name"":""peanuts, raw"",""quantity"":30,""unit"":""g"",""kcal"":165},{""name"":""apples, red delicious, with skin, raw"",""quantity"":100,""unit"":""g"",""kcal"":62},{""name"":""yogurt, plain, nonfat"",""quantity"":150,""unit"":""g"",""kcal"":75}],""totalKcal"":302,""mealType"":""snack"",""timeOffset"":""-PT10H""}",multi-food-data.csv:000812
multi-food-data.csv:000813,100 g light canned tuna in water + 150 g canned black beans + 100 g raw romaine lettuce kcal280 lunch tomorrow,[],"{""items"":[{""name"":""fish, tuna, light, canned in water, drained solids"",""quantity"":100,""unit"":""g"",""kcal"":90},{""name"":""beans, black, canned, sodium added, drained and rinsed"",""quantity"":150,""unit"":""g"",""kcal"":173},{""name"":""lettuce, romaine, green, raw"",""quantity"":100,""unit"":""g"",""kcal"":17}],""totalKcal"":280,""mealType"":""lunch"",""timeOffset"":""P1D""}",multi-food-data.csv:000813
multi-food-data.csv:000814,plain nonfat yogurt 100 g + 100g red delicious apple + whole raw almonds g20 snack -15d,[],"{""items"":[{""name"":""yogurt, plain, nonfat"",""quantity"":100,""unit"":""g"",""kcal"":50},{""name"":""apples, red delicious, with skin, raw"",""quantity"":100,""unit"":""g"",""kcal"":62},{""name"":""nuts, almonds, whole, raw"",""quantity"":20,""unit"":""g"",""kcal"":117}],""totalKcal"":229,""mealType"":""snack"",""timeOffset"":""-P15D""}",multi-food-data.csv:000814
multi-food-data.csv:000815,cup1 2% cottage cheese + 150g blueberries + g15 raw peanuts,[],"{""items"":[{""name"":""cheese, cottage, lowfat, 2% milkfat"",""quantity"":1,""unit"":""cup"",""kcal"":185},{""name"":""blueberries, raw"",""quantity"":150,""unit"":""g"",""kcal"":86},{""name"":""peanuts, raw"",""quantity"":15,""unit"":""g"",""kcal"":83}],""totalKcal"":354,""mealType"":""unknown"",""timeOffset"":""PT0M""}",multi-food-data.csv:000815
multi-food-data.csv:000816,1slice white bread + 100g light canned tuna in water + 150 gr raw romaine lettuce lunch,[],"{""items"":[{""name"":""bread, white, commercially prepared"",""quantity"":1,""unit"":""slice"",""kcal"":74},{""name"":""fish, tuna, light, canned in water, drained solids"",""quantity"":100,""unit"":""g"",""kcal"":90},{""name"":""lettuce, romaine, green, raw"",""quantity"":150,""unit"":""g"",""kcal"":26}],""totalKcal"":190,""mealType"":""lunch"",""timeOffset"":""PT0M""}",multi-food-data.csv:000816
multi-food-data.csv:000817,2% cottage cheese 0.5cup + 150 g red delicious apple + 20g whole raw almonds snack,[],"{""items"":[{""name"":""cheese, cottage, lowfat, 2% milkfat"",""quantity"":0.5,""unit"":""cup"",""kcal"":92},{""name"":""apples, red delicious, with skin, raw"",""quantity"":150,""unit"":""g"",""kcal"":93},{""name"":""nuts, almonds, whole, raw"",""quantity"":20,""unit"":""g"",""kcal"":117}],""totalKcal"":302,""mealType"":""snack"",""timeOffset"":""PT0M""}",multi-food-data.csv:000817
multi-food-data.csv:000818,200g plain whole milk yogurt + g200 raspberries + whole raw almonds 30 grams 433kcal snack,[],"{""items"":[{""name"":""yogurt, plain, whole milk"",""quantity"":200,""unit"":""g"",""kcal"":155},{""name"":""raspberries, raw"",""quantity"":200,""unit"":""g"",""kcal"":103},{""name"":""nuts, almonds, whole, raw"",""quantity"":30,""unit"":""g"",""kcal"":175}],""totalKcal"":433,""mealType"":""snack"",""timeOffset"":""PT0M""}",multi-food-data.csv:000818
multi-food-data.csv:000819,raw english walnut halves 20 gr + plain nonfat greek yogurt g150 + strawberries 150 gr breakfast 1h ago,[],"{""items"":[{""name"":""nuts, walnuts, english, halves, raw"",""quantity"":20,""unit"":""g"",""kcal"":136},{""name"":""yogurt, greek, plain, nonfat"",""quantity"":150,""unit"":""g"",""kcal"":92},{""name"":""strawberries, raw"",""quantity"":150,""unit"":""g"",""kcal"":47}],""totalKcal"":275,""mealType"":""breakfast"",""timeOffset"":""-PT1H""}",multi-food-data.csv:000819
multi-food-data.csv:000820,1 tablespoon commercial hummus + 100 g raw romaine lettuce + 1slice whole wheat bread,[],"{""items"":[{""name"":""hummus, commercial"",""quantity"":1,""unit"":""tablespoon"",""kcal"":39},{""name"":""lettuce, romaine, green, raw"",""quantity"":100,""unit"":""g"",""kcal"":17},{""name"":""bread, whole-wheat, commercially prepared"",""quantity"":1,""unit"":""slice"",""kcal"":82}],""totalKcal"":138,""mealType"":""unknown"",""timeOffset"":""PT0M""}",multi-food-data.csv:000820
multi-food-data.csv:000821,plain whole milk yogurt 100g + red delicious apple 100 grams + raw english walnut halves 20 grams 275 cal snack 28d ago,[],"{""items"":[{""name"":""yogurt, plain, whole milk"",""quantity"":100,""unit"":""g"",""kcal"":77},{""name"":""apples, red delicious, with skin, raw"",""quantity"":100,""unit"":""g"",""kcal"":62},{""name"":""nuts, walnuts, english, halves, raw"",""quantity"":20,""unit"":""g"",""kcal"":136}],""totalKcal"":275,""mealType"":""snack"",""timeOffset"":""-P28D""}",multi-food-data.csv:000821
multi-food-data.csv:000822,200 g blueberries + raw peanuts 30 g + 150g full fat cottage cheese snack,[],"{""items"":[{""name"":""blueberries, raw"",""quantity"":200,""unit"":""g"",""kcal"":115},{""name"":""peanuts, raw"",""quantity"":30,""unit"":""g"",""kcal"":165},{""name"":""cottage cheese, full fat, large or small curd"",""quantity"":150,""unit"":""g"",""kcal"":157}],""totalKcal"":437,""mealType"":""snack"",""timeOffset"":""PT0M""}",multi-food-data.csv:000822
multi-food-data.csv:000823,plain nonfat greek yogurt 100 grams + raspberries 100 gr + raw english walnut halves 15 gr,[],"{""items"":[{""name"":""yogurt, greek, plain, nonfat"",""quantity"":100,""unit"":""g"",""kcal"":61},{""name"":""raspberries, raw"",""quantity"":100,""unit"":""g"",""kcal"":51},{""name"":""nuts, walnuts, english, halves, raw"",""quantity"":15,""unit"":""g"",""kcal"":102}],""totalKcal"":214,""mealType"":""unknown"",""timeOffset"":""PT0M""}",multi-food-data.csv:000823
multi-food-data.csv:000824,200g plain nonfat yogurt + red delicious apple 200 gr + whole raw almonds 15g,[],"{""items"":[{""name"":""yogurt, plain, nonfat"",""quantity"":200,""unit"":""g"",""kcal"":100},{""name"":""apples, red delicious, with skin, raw"",""quantity"":200,""unit"":""g"",""kcal"":124},{""name"":""nuts, almonds, whole, raw"",""quantity"":15,""unit"":""g"",""kcal"":88}],""totalKcal"":312,""mealType"":""unknown"",""timeOffset"":""PT0M""}",multi-food-data.csv:000824
multi-food-data.csv:000825,ate plain nonfat greek yogurt 100 grams + red delicious apple 150 grams + 20 grams whole raw almonds -12d,[],"{""items"":[{""name"":""yogurt, greek, plain, nonfat"",""quantity"":100,""unit"":""g"",""kcal"":61},{""name"":""apples, red delicious, with skin, raw"",""quantity"":150,""unit"":""g"",""kcal"":93},{""name"":""nuts, almonds, whole, raw"",""quantity"":20,""unit"":""g"",""kcal"":117}],""totalKcal"":271,""mealType"":""unknown"",""timeOffset"":""-P12D""}",multi-food-data.csv:000825
multi-food-data.csv:000826,150 grams plain whole milk yogurt + 200g raspberries + raw english walnut halves g15 breakfast 16d ago,[],"{""items"":[{""name"":""yogurt, plain, whole milk"",""quantity"":150,""unit"":""g"",""kcal"":116},{""name"":""raspberries, raw"",""quantity"":200,""unit"":""g"",""kcal"":103},{""name"":""nuts, walnuts, english, halves, raw"",""quantity"":15,""unit"":""g"",""kcal"":102}],""totalKcal"":321,""mealType"":""breakfast"",""timeOffset"":""-P16D""}",multi-food-data.csv:000826
multi-food-data.csv:000827,30 gr whole raw almonds + 200g blueberries + plain whole milk yogurt 100g bf,[],"{""items"":[{""name"":""nuts, almonds, whole, raw"",""quantity"":30,""unit"":""g"",""kcal"":175},{""name"":""blueberries, raw"",""quantity"":200,""unit"":""g"",""kcal"":115},{""name"":""yogurt, plain, whole milk"",""quantity"":100,""unit"":""g"",""kcal"":77}],""totalKcal"":367,""mealType"":""breakfast"",""timeOffset"":""PT0M""}",multi-food-data.csv:000827
multi-food-data.csv:000828,plain nonfat greek yogurt 200 gr + 200 grams strawberries + 30 g raw peanuts bf,[],"{""items"":[{""name"":""yogurt, greek, plain, nonfat"",""quantity"":200,""unit"":""g"",""kcal"":122},{""name"":""strawberries, raw"",""quantity"":200,""unit"":""g"",""kcal"":62},{""name"":""peanuts, raw"",""quantity"":30,""unit"":""g"",""kcal"":165}],""totalKcal"":349,""mealType"":""breakfast"",""timeOffset"":""PT0M""}",multi-food-data.csv:000828
multi-food-data.csv:000829,ate 200 grams blueberries + 15 grams raw peanuts + plain whole milk yogurt 100g snack,[],"{""items"":[{""name"":""blueberries, raw"",""quantity"":200,""unit"":""g"",""kcal"":115},{""name"":""peanuts, raw"",""quantity"":15,""unit"":""g"",""kcal"":83},{""name"":""yogurt, plain, whole milk"",""quantity"":100,""unit"":""g"",""kcal"":77}],""totalKcal"":275,""mealType"":""snack"",""timeOffset"":""PT0M""}",multi-food-data.csv:000829
multi-food-data.csv:000830,g100 full fat cottage cheese + 100 grams blueberries + raw peanuts g30 327kcal snack tmr,[],"{""items"":[{""name"":""cottage cheese, full fat, large or small curd"",""quantity"":100,""unit"":""g"",""kcal"":105},{""name"":""blueberries, raw"",""quantity"":100,""unit"":""g"",""kcal"":57},{""name"":""peanuts, raw"",""quantity"":30,""unit"":""g"",""kcal"":165}],""totalKcal"":327,""mealType"":""snack"",""timeOffset"":""P1D""}",multi-food-data.csv:000830
multi-food-data.csv:000831,ate 100 g plain whole milk yogurt + 200 g strawberries + 15 g raw peanuts 222 cal snack 25d ago,[],"{""items"":[{""name"":""yogurt, plain, whole milk"",""quantity"":100,""unit"":""g"",""kcal"":77},{""name"":""strawberries, raw"",""quantity"":200,""unit"":""g"",""kcal"":62},{""name"":""peanuts, raw"",""quantity"":15,""unit"":""g"",""kcal"":83}],""totalKcal"":222,""mealType"":""snack"",""timeOffset"":""-P25D""}",multi-food-data.csv:000831
multi-food-data.csv:000832,ate plain nonfat yogurt g100 + 100 g raspberries + 30 grams rolled whole grain oats -9h,[],"{""items"":[{""name"":""yogurt, plain, nonfat"",""quantity"":100,""unit"":""g"",""kcal"":50},{""name"":""raspberries, raw"",""quantity"":100,""unit"":""g"",""kcal"":51},{""name"":""oats, whole grain, rolled, old fashioned"",""quantity"":30,""unit"":""g"",""kcal"":114}],""totalKcal"":215,""mealType"":""unknown"",""timeOffset"":""-PT9H""}",multi-food-data.csv:000832
multi-food-data.csv:000833,plain whole milk yogurt g200 + strawberries 150 grams + 20 grams raw peanuts breakfast,[],"{""items"":[{""name"":""yogurt, plain, whole milk"",""quantity"":200,""unit"":""g"",""kcal"":155},{""name"":""strawberries, raw"",""quantity"":150,""unit"":""g"",""kcal"":47},{""name"":""peanuts, raw"",""quantity"":20,""unit"":""g"",""kcal"":110}],""totalKcal"":312,""mealType"":""breakfast"",""timeOffset"":""PT0M""}",multi-food-data.csv:000833
multi-food-data.csv:000834,150 grams light canned tuna in water + 150g canned black beans + raw roma tomato g50 lunch ye,[],"{""items"":[{""name"":""fish, tuna, light, canned in water, drained solids"",""quantity"":150,""unit"":""g"",""kcal"":135},{""name"":""beans, black, canned, sodium added, drained and rinsed"",""quantity"":150,""unit"":""g"",""kcal"":173},{""name"":""tomato, roma"",""quantity"":50,""unit"":""g"",""kcal"":9}],""totalKcal"":317,""mealType"":""lunch"",""timeOffset"":""-P1D""}",multi-food-data.csv:000834
multi-food-data.csv:000835,full fat cottage cheese g150 + 150 gr raspberries + g20 raw english walnut halves 370kcal,[],"{""items"":[{""name"":""cottage cheese, full fat, large or small curd"",""quantity"":150,""unit"":""g"",""kcal"":157},{""name"":""raspberries, raw"",""quantity"":150,""unit"":""g"",""kcal"":77},{""name"":""nuts, walnuts, english, halves, raw"",""quantity"":20,""unit"":""g"",""kcal"":136}],""totalKcal"":370,""mealType"":""unknown"",""timeOffset"":""PT0M""}",multi-food-data.csv:000835
multi-food-data.csv:000836,raw peanuts 20 g + 200 gr full fat cottage cheese + strawberries 200 gr 381kcal snack,[],"{""items"":[{""name"":""peanuts, raw"",""quantity"":20,""unit"":""g"",""kcal"":110},{""name"":""cottage cheese, full fat, large or small curd"",""quantity"":200,""unit"":""g"",""kcal"":209},{""name"":""strawberries, raw"",""quantity"":200,""unit"":""g"",""kcal"":62}],""totalKcal"":381,""mealType"":""snack"",""timeOffset"":""PT0M""}",multi-food-data.csv:000836
multi-food-data.csv:000837,plain whole milk yogurt 150g + g150 red delicious apple + g15 whole raw almonds breakfast,[],"{""items"":[{""name"":""yogurt, plain, whole milk"",""quantity"":150,""unit"":""g"",""kcal"":116},{""name"":""apples, red delicious, with skin, raw"",""quantity"":150,""unit"":""g"",""kcal"":93},{""name"":""nuts, almonds, whole, raw"",""quantity"":15,""unit"":""g"",""kcal"":88}],""totalKcal"":297,""mealType"":""breakfast"",""timeOffset"":""PT0M""}",multi-food-data.csv:000837
multi-food-data.csv:000838,ate 150 gr plain whole milk yogurt + strawberries 150 grams + 15 grams raw peanuts breakfast,[],"{""items"":[{""name"":""yogurt, plain, whole milk"",""quantity"":150,""unit"":""g"",""kcal"":116},{""name"":""strawberries, raw"",""quantity"":150,""unit"":""g"",""kcal"":47},{""name"":""peanuts, raw"",""quantity"":15,""unit"":""g"",""kcal"":83}],""totalKcal"":246,""mealType"":""breakfast"",""timeOffset"":""PT0M""}",multi-food-data.csv:000838
multi-food-data.csv:000839,g150 plain nonfat yogurt + raspberries 200 grams + 30 grams whole raw almonds bf -16h,[],"{""items"":[{""name"":""yogurt, plain, nonfat"",""quantity"":150,""unit"":""g"",""kcal"":75},{""name"":""raspberries, raw"",""quantity"":200,""unit"":""g"",""kcal"":103},{""name"":""nuts, almonds, whole, raw"",""quantity"":30,""unit"":""g"",""kcal"":175}],""totalKcal"":353,""mealType"":""breakfast"",""timeOffset"":""-PT16H""}",multi-food-data.csv:000839
multi-food-data.csv:000840,ate plain whole milk yogurt 200 gr + 100g strawberries + rolled whole grain oats g50 snack,[],"{""items"":[{""name"":""yogurt, plain, whole milk"",""quantity"":200,""unit"":""g"",""kcal"":155},{""name"":""strawberries, raw"",""quantity"":100,""unit"":""g"",""kcal"":31},{""name"":""oats, whole grain, rolled, old fashioned"",""quantity"":50,""unit"":""g"",""kcal"":189}],""totalKcal"":375,""mealType"":""snack"",""timeOffset"":""PT0M""}",multi-food-data.csv:000840
multi-food-data.csv:000841,150 grams plain whole milk yogurt + raspberries g200 + rolled whole grain oats 50 gr,[],"{""items"":[{""name"":""yogurt, plain, whole milk"",""quantity"":150,""unit"":""g"",""kcal"":116},{""name"":""raspberries, raw"",""quantity"":200,""unit"":""g"",""kcal"":103},{""name"":""oats, whole grain, rolled, old fashioned"",""quantity"":50,""unit"":""g"",""kcal"":189}],""totalKcal"":408,""mealType"":""unknown"",""timeOffset"":""PT0M""}",multi-food-data.csv:000841
multi-food-data.csv:000842,full fat cottage cheese 100 g + 150g raspberries + 30 grams raw english walnut halves bf,[],"{""items"":[{""name"":""cottage cheese, full fat, large or small curd"",""quantity"":100,""unit"":""g"",""kcal"":105},{""name"":""raspberries, raw"",""quantity"":150,""unit"":""g"",""kcal"":77},{""name"":""nuts, walnuts, english, halves, raw"",""quantity"":30,""unit"":""g"",""kcal"":204}],""totalKcal"":386,""mealType"":""breakfast"",""timeOffset"":""PT0M""}",multi-food-data.csv:000842
multi-food-data.csv:000843,100g plain nonfat greek yogurt + whole raw almonds g15 + strawberries 100g,[],"{""items"":[{""name"":""yogurt, greek, plain, nonfat"",""quantity"":100,""unit"":""g"",""kcal"":61},{""name"":""nuts, almonds, whole, raw"",""quantity"":15,""unit"":""g"",""kcal"":88},{""name"":""strawberries, raw"",""quantity"":100,""unit"":""g"",""kcal"":31}],""totalKcal"":180,""mealType"":""unknown"",""timeOffset"":""PT0M""}",multi-food-data.csv:000843
multi-food-data.csv:000844,plain nonfat yogurt 150g + strawberries 200g + g20 raw peanuts breakfast,[],"{""items"":[{""name"":""yogurt, plain, nonfat"",""quantity"":150,""unit"":""g"",""kcal"":75},{""name"":""strawberries, raw"",""quantity"":200,""unit"":""g"",""kcal"":62},{""name"":""peanuts, raw"",""quantity"":20,""unit"":""g"",""kcal"":110}],""totalKcal"":247,""mealType"":""breakfast"",""timeOffset"":""PT0M""}",multi-food-data.csv:000844
multi-food-data.csv:000845,200 grams plain whole milk yogurt + 100 gr raspberries + raw peanuts 30g,[],"{""items"":[{""name"":""yogurt, plain, whole milk"",""quantity"":200,""unit"":""g"",""kcal"":155},{""name"":""raspberries, raw"",""quantity"":100,""unit"":""g"",""kcal"":51},{""name"":""peanuts, raw"",""quantity"":30,""unit"":""g"",""kcal"":165}],""totalKcal"":371,""mealType"":""unknown"",""timeOffset"":""PT0M""}",multi-food-data.csv:000845
multi-food-data.csv:000846,plain nonfat greek yogurt 200 gr + strawberries 150 gr + 20g raw english walnut halves kcal305 bf,[],"{""items"":[{""name"":""yogurt, greek, plain, nonfat"",""quantity"":200,""unit"":""g"",""kcal"":122},{""name"":""strawberries, raw"",""quantity"":150,""unit"":""g"",""kcal"":47},{""name"":""nuts, walnuts, english, halves, raw"",""quantity"":20,""unit"":""g"",""kcal"":136}],""totalKcal"":305,""mealType"":""breakfast"",""timeOffset"":""PT0M""}",multi-food-data.csv:000846
multi-food-data.csv:000847,full fat cottage cheese 200 g + 100 gr strawberries + 20 g raw peanuts snack,[],"{""items"":[{""name"":""cottage cheese, full fat, large or small curd"",""quantity"":200,""unit"":""g"",""kcal"":209},{""name"":""strawberries, raw"",""quantity"":100,""unit"":""g"",""kcal"":31},{""name"":""peanuts, raw"",""quantity"":20,""unit"":""g"",""kcal"":110}],""totalKcal"":350,""mealType"":""snack"",""timeOffset"":""PT0M""}",multi-food-data.csv:000847
multi-food-data.csv:000848,0.5 cups 2% cottage cheese + 150 gr red delicious apple + raw peanuts 15 g 30d ago,[],"{""items"":[{""name"":""cheese, cottage, lowfat, 2% milkfat"",""quantity"":0.5,""unit"":""cup"",""kcal"":92},{""name"":""apples, red delicious, with skin, raw"",""quantity"":150,""unit"":""g"",""kcal"":93},{""name"":""peanuts, raw"",""quantity"":15,""unit"":""g"",""kcal"":83}],""totalKcal"":268,""mealType"":""unknown"",""timeOffset"":""-P30D""}",multi-food-data.csv:000848
multi-food-data.csv:000849,ate 150g full fat cottage cheese + blueberries g100 + 20g raw english walnut halves snack 7h ago,[],"{""items"":[{""name"":""cottage cheese, full fat, large or small curd"",""quantity"":150,""unit"":""g"",""kcal"":157},{""name"":""blueberries, raw"",""quantity"":100,""unit"":""g"",""kcal"":57},{""name"":""nuts, walnuts, english, halves, raw"",""quantity"":20,""unit"":""g"",""kcal"":136}],""totalKcal"":350,""mealType"":""snack"",""timeOffset"":""-PT7H""}",multi-food-data.csv:000849
multi-food-data.csv:000850,2% cottage cheese 1 cup + red delicious apple 200 gr + 15 g raw english walnut halves snack,[],"{""items"":[{""name"":""cheese, cottage, lowfat, 2% milkfat"",""quantity"":1,""unit"":""cup"",""kcal"":185},{""name"":""apples, red delicious, with skin, raw"",""quantity"":200,""unit"":""g"",""kcal"":124},{""name"":""nuts, walnuts, english, halves, raw"",""quantity"":15,""unit"":""g"",""kcal"":102}],""totalKcal"":411,""mealType"":""snack"",""timeOffset"":""PT0M""}",multi-food-data.csv:000850
multi-food-data.csv:000851,commercial hummus 1 tablespoon + raw cucumber with peel 50 gr + 2 slices white bread + 1 slice american cheese 253kcal 11h ago,[],"{""items"":[{""name"":""hummus, commercial"",""quantity"":1,""unit"":""tablespoon"",""kcal"":39},{""name"":""cucumber, with peel, raw"",""quantity"":50,""unit"":""g"",""kcal"":7},{""name"":""bread, white, commercially prepared"",""quantity"":2,""unit"":""slice"",""kcal"":147},{""name"":""cheese, american, restaurant"",""quantity"":1,""unit"":""slice"",""kcal"":60}],""totalKcal"":253,""mealType"":""unknown"",""timeOffset"":""-PT11H""}",multi-food-data.csv:000851
multi-food-data.csv:000852,ate plain nonfat yogurt 200g + blueberries 200 gr + 15 gr whole raw almonds + g30 rolled whole grain oats snack,[],"{""items"":[{""name"":""yogurt, plain, nonfat"",""quantity"":200,""unit"":""g"",""kcal"":100},{""name"":""blueberries, raw"",""quantity"":200,""unit"":""g"",""kcal"":115},{""name"":""nuts, almonds, whole, raw"",""quantity"":15,""unit"":""g"",""kcal"":88},{""name"":""oats, whole grain, rolled, old fashioned"",""quantity"":30,""unit"":""g"",""kcal"":114}],""totalKcal"":417,""mealType"":""snack"",""timeOffset"":""PT0M""}",multi-food-data.csv:000852
multi-food-data.csv:000853,150 gr plain nonfat greek yogurt + 200g red delicious apple + 30 g whole raw almonds + rolled whole grain oats g30,[],"{""items"":[{""name"":""yogurt, greek, plain, nonfat"",""quantity"":150,""unit"":""g"",""kcal"":92},{""name"":""apples, red delicious, with skin, raw"",""quantity"":200,""unit"":""g"",""kcal"":124},{""name"":""nuts, almonds, whole, raw"",""quantity"":30,""unit"":""g"",""kcal"":175},{""name"":""oats, whole grain, rolled, old fashioned"",""quantity"":30,""unit"":""g"",""kcal"":114}],""totalKcal"":505,""mealType"":""unknown"",""timeOffset"":""PT0M""}",multi-food-data.csv:000853
multi-food-data.csv:000854,2% cottage cheese cup0.5 + red delicious apple g150 + g15 whole raw almonds + rolled whole grain oats 70 gr 23d ago,[],"{""items"":[{""name"":""cheese, cottage, lowfat, 2% milkfat"",""quantity"":0.5,""unit"":""cup"",""kcal"":92},{""name"":""apples, red delicious, with skin, raw"",""quantity"":150,""unit"":""g"",""kcal"":93},{""name"":""nuts, almonds, whole, raw"",""quantity"":15,""unit"":""g"",""kcal"":88},{""name"":""oats, whole grain, rolled, old fashioned"",""quantity"":70,""unit"":""g"",""kcal"":265}],""totalKcal"":538,""mealType"":""unknown"",""timeOffset"":""-P23D""}",multi-food-data.csv:000854
multi-food-data.csv:000855,2tbsp commercial hummus + raw cucumber with peel 150 gr + 2slice white bread + cheddar cheese 2 slices lunch,[],"{""items"":[{""name"":""hummus, commercial"",""quantity"":2,""unit"":""tablespoon"",""kcal"":78},{""name"":""cucumber, with peel, raw"",""quantity"":150,""unit"":""g"",""kcal"":21},{""name"":""bread, white, commercially prepared"",""quantity"":2,""unit"":""slice"",""kcal"":147},{""name"":""cheese, cheddar"",""quantity"":2,""unit"":""slice"",""kcal"":139}],""totalKcal"":385,""mealType"":""lunch"",""timeOffset"":""PT0M""}",multi-food-data.csv:000855
multi-food-data.csv:000856,plain whole milk yogurt 200 gr + raspberries 200 gr + 30 grams raw english walnut halves + rolled whole grain oats g70,[],"{""items"":[{""name"":""yogurt, plain, whole milk"",""quantity"":200,""unit"":""g"",""kcal"":155},{""name"":""raspberries, raw"",""quantity"":200,""unit"":""g"",""kcal"":103},{""name"":""nuts, walnuts, english, halves, raw"",""quantity"":30,""unit"":""g"",""kcal"":204},{""name"":""oats, whole grain, rolled, old fashioned"",""quantity"":70,""unit"":""g"",""kcal"":265}],""totalKcal"":727,""mealType"":""unknown"",""timeOffset"":""PT0M""}",multi-food-data.csv:000856
multi-food-data.csv:000857,150 gr red delicious apple + 100 gr plain nonfat greek yogurt + 70 gr rolled whole grain oats + 30g whole raw almonds breakfast,[],"{""items"":[{""name"":""apples, red delicious, with skin, raw"",""quantity"":150,""unit"":""g"",""kcal"":93},{""name"":""yogurt, greek, plain, nonfat"",""quantity"":100,""unit"":""g"",""kcal"":61},{""name"":""oats, whole grain, rolled, old fashioned"",""quantity"":70,""unit"":""g"",""kcal"":265},{""name"":""nuts, almonds, whole, raw"",""quantity"":30,""unit"":""g"",""kcal"":175}],""totalKcal"":594,""mealType"":""breakfast"",""timeOffset"":""PT0M""}",multi-food-data.csv:000857
multi-food-data.csv:000858,ate 1 slice cheddar cheese + raw romaine lettuce 50 gr + commercial hummus tbsp3 + 2 slices whole wheat bread kcal357 snack,[],"{""items"":[{""name"":""cheese, cheddar"",""quantity"":1,""unit"":""slice"",""kcal"":69},{""name"":""lettuce, romaine, green, raw"",""quantity"":50,""unit"":""g"",""kcal"":9},{""name"":""hummus, commercial"",""quantity"":3,""unit"":""tablespoon"",""kcal"":116},{""name"":""bread, whole-wheat, commercially prepared"",""quantity"":2,""unit"":""slice"",""kcal"":163}],""totalKcal"":357,""mealType"":""snack"",""timeOffset"":""PT0M""}",multi-food-data.csv:000858
multi-food-data.csv:000859,plain whole milk yogurt 100 grams + 150 gr strawberries + raw peanuts 30 grams + 50g rolled whole grain oats 18h ago,[],"{""items"":[{""name"":""yogurt, plain, whole milk"",""quantity"":100,""unit"":""g"",""kcal"":77},{""name"":""strawberries, raw"",""quantity"":150,""unit"":""g"",""kcal"":47},{""name"":""peanuts, raw"",""quantity"":30,""unit"":""g"",""kcal"":165},{""name"":""oats, whole grain, rolled, old fashioned"",""quantity"":50,""unit"":""g"",""kcal"":189}],""totalKcal"":478,""mealType"":""unknown"",""timeOffset"":""-PT18H""}",multi-food-data.csv:000859
multi-food-data.csv:000860,200 grams plain whole milk yogurt + raspberries 200 g + g15 raw english walnut halves + rolled whole grain oats 70g tomorrow,[],"{""items"":[{""name"":""yogurt, plain, whole milk"",""quantity"":200,""unit"":""g"",""kcal"":155},{""name"":""raspberries, raw"",""quantity"":200,""unit"":""g"",""kcal"":103},{""name"":""nuts, walnuts, english, halves, raw"",""quantity"":15,""unit"":""g"",""kcal"":102},{""name"":""oats, whole grain, rolled, old fashioned"",""quantity"":70,""unit"":""g"",""kcal"":265}],""totalKcal"":625,""mealType"":""unknown"",""timeOffset"":""P1D""}",multi-food-data.csv:000860
multi-food-data.csv:000861,ate g150 plain nonfat greek yogurt + blueberries 200g + 15g raw english walnut halves + 30g rolled whole grain oats,[],"{""items"":[{""name"":""yogurt, greek, plain, nonfat"",""quantity"":150,""unit"":""g"",""kcal"":92},{""name"":""blueberries, raw"",""quantity"":200,""unit"":""g"",""kcal"":115},{""name"":""nuts, walnuts, english, halves, raw"",""quantity"":15,""unit"":""g"",""kcal"":102},{""name"":""oats, whole grain, rolled, old fashioned"",""quantity"":30,""unit"":""g"",""kcal"":114}],""totalKcal"":423,""mealType"":""unknown"",""timeOffset"":""PT0M""}",multi-food-data.csv:000861
multi-food-data.csv:000862,plain whole milk yogurt g100 + raspberries 200g + raw english walnut halves 15 grams + rolled whole grain oats g70 breakfast 6h ago,[],"{""items"":[{""name"":""yogurt, plain, whole milk"",""quantity"":100,""unit"":""g"",""kcal"":77},{""name"":""raspberries, raw"",""quantity"":200,""unit"":""g"",""kcal"":103},{""name"":""nuts, walnuts, english, halves, raw"",""quantity"":15,""unit"":""g"",""kcal"":102},{""name"":""oats, whole grain, rolled, old fashioned"",""quantity"":70,""unit"":""g"",""kcal"":265}],""totalKcal"":547,""mealType"":""breakfast"",""timeOffset"":""-PT6H""}",multi-food-data.csv:000862
multi-food-data.csv:000863,tbsp2 commercial hummus + 100 g raw romaine lettuce + whole wheat bread 2slice + 2slice swiss cheese -6h,[],"{""items"":[{""name"":""hummus, commercial"",""quantity"":2,""unit"":""tablespoon"",""kcal"":78},{""name"":""lettuce, romaine, green, raw"",""quantity"":100,""unit"":""g"",""kcal"":17},{""name"":""bread, whole-wheat, commercially prepared"",""quantity"":2,""unit"":""slice"",""kcal"":163},{""name"":""cheese, swiss"",""quantity"":2,""unit"":""slice"",""kcal"":86}],""totalKcal"":344,""mealType"":""unknown"",""timeOffset"":""-PT6H""}",multi-food-data.csv:000863
multi-food-data.csv:000864,3tbsp commercial hummus + raw romaine lettuce 150 grams + 1slice white bread + 2 slices cheddar cheese lunch,[],"{""items"":[{""name"":""hummus, commercial"",""quantity"":3,""unit"":""tablespoon"",""kcal"":116},{""name"":""lettuce, romaine, green, raw"",""quantity"":150,""unit"":""g"",""kcal"":26},{""name"":""bread, white, commercially prepared"",""quantity"":1,""unit"":""slice"",""kcal"":74},{""name"":""cheese, cheddar"",""quantity"":2,""unit"":""slice"",""kcal"":139}],""totalKcal"":355,""mealType"":""lunch"",""timeOffset"":""PT0M""}",multi-food-data.csv:000864
multi-food-data.csv:000865,200 g plain nonfat yogurt + 200 grams raspberries + 20 g raw english walnut halves + rolled whole grain oats 50g,[],"{""items"":[{""name"":""yogurt, plain, nonfat"",""quantity"":200,""unit"":""g"",""kcal"":100},{""name"":""raspberries, raw"",""quantity"":200,""unit"":""g"",""kcal"":103},{""name"":""nuts, walnuts, english, halves, raw"",""quantity"":20,""unit"":""g"",""kcal"":136},{""name"":""oats, whole grain, rolled, old fashioned"",""quantity"":50,""unit"":""g"",""kcal"":189}],""totalKcal"":528,""mealType"":""unknown"",""timeOffset"":""PT0M""}",multi-food-data.csv:000865
multi-food-data.csv:000866,ate commercial hummus 3tbsp + raw roma tomato 50g + white bread 2slice + 2 slices swiss cheese lunch 24d ago,[],"{""items"":[{""name"":""hummus, commercial"",""quantity"":3,""unit"":""tablespoon"",""kcal"":116},{""name"":""tomato, roma"",""quantity"":50,""unit"":""g"",""kcal"":9},{""name"":""bread, white, commercially prepared"",""quantity"":2,""unit"":""slice"",""kcal"":147},{""name"":""cheese, swiss"",""quantity"":2,""unit"":""slice"",""kcal"":86}],""totalKcal"":358,""mealType"":""lunch"",""timeOffset"":""-P24D""}",multi-food-data.csv:000866
multi-food-data.csv:000867,ate raw peanuts g30 + 100 g blueberries + 30g rolled whole grain oats + 1 cup 2% cottage cheese snack -20h,[],"{""items"":[{""name"":""peanuts, raw"",""quantity"":30,""unit"":""g"",""kcal"":165},{""name"":""blueberries, raw"",""quantity"":100,""unit"":""g"",""kcal"":57},{""name"":""oats, whole grain, rolled, old fashioned"",""quantity"":30,""unit"":""g"",""kcal"":114},{""name"":""cheese, cottage, lowfat, 2% milkfat"",""quantity"":1,""unit"":""cup"",""kcal"":185}],""totalKcal"":521,""mealType"":""snack"",""timeOffset"":""-PT20H""}",multi-food-data.csv:000867
multi-food-data.csv:000868,200 g plain nonfat yogurt + blueberries 200 g + raw english walnut halves g15 + 50 gr rolled whole grain oats snack,[],"{""items"":[{""name"":""yogurt, plain, nonfat"",""quantity"":200,""unit"":""g"",""kcal"":100},{""name"":""blueberries, raw"",""quantity"":200,""unit"":""g"",""kcal"":115},{""name"":""nuts, walnuts, english, halves, raw"",""quantity"":15,""unit"":""g"",""kcal"":102},{""name"":""oats, whole grain, rolled, old fashioned"",""quantity"":50,""unit"":""g"",""kcal"":189}],""totalKcal"":506,""mealType"":""snack"",""timeOffset"":""PT0M""}",multi-food-data.csv:000868
multi-food-data.csv:000869,ate tbsp1 commercial hummus + raw cucumber with peel 50g + white bread slice2 + cheddar cheese slice1 snack,[],"{""items"":[{""name"":""hummus, commercial"",""quantity"":1,""unit"":""tablespoon"",""kcal"":39},{""name"":""cucumber, with peel, raw"",""quantity"":50,""unit"":""g"",""kcal"":7},{""name"":""bread, white, commercially prepared"",""quantity"":2,""unit"":""slice"",""kcal"":147},{""name"":""cheese, cheddar"",""quantity"":1,""unit"":""slice"",""kcal"":69}],""totalKcal"":262,""mealType"":""snack"",""timeOffset"":""PT0M""}",multi-food-data.csv:000869
multi-food-data.csv:000870,200 gr plain nonfat yogurt + 150 g raspberries + raw peanuts 15 g + rolled whole grain oats 30g snack,[],"{""items"":[{""name"":""yogurt, plain, nonfat"",""quantity"":200,""unit"":""g"",""kcal"":100},{""name"":""raspberries, raw"",""quantity"":150,""unit"":""g"",""kcal"":77},{""name"":""peanuts, raw"",""quantity"":15,""unit"":""g"",""kcal"":83},{""name"":""oats, whole grain, rolled, old fashioned"",""quantity"":30,""unit"":""g"",""kcal"":114}],""totalKcal"":374,""mealType"":""snack"",""timeOffset"":""PT0M""}",multi-food-data.csv:000870
multi-food-data.csv:000871,plain nonfat yogurt g150 + 200g red delicious apple + whole raw almonds 30 g + 50 grams rolled whole grain oats breakfast 30d ago,[],"{""items"":[{""name"":""yogurt, plain, nonfat"",""quantity"":150,""unit"":""g"",""kcal"":75},{""name"":""apples, red delicious, with skin, raw"",""quantity"":200,""unit"":""g"",""kcal"":124},{""name"":""nuts, almonds, whole, raw"",""quantity"":30,""unit"":""g"",""kcal"":175},{""name"":""oats, whole grain, rolled, old fashioned"",""quantity"":50,""unit"":""g"",""kcal"":189}],""totalKcal"":563,""mealType"":""breakfast"",""timeOffset"":""-P30D""}",multi-food-data.csv:000871
multi-food-data.csv:000872,plain nonfat greek yogurt 200 grams + raspberries 150 grams + raw english walnut halves 30g + g50 rolled whole grain oats breakfast,[],"{""items"":[{""name"":""yogurt, greek, plain, nonfat"",""quantity"":200,""unit"":""g"",""kcal"":122},{""name"":""raspberries, raw"",""quantity"":150,""unit"":""g"",""kcal"":77},{""name"":""nuts, walnuts, english, halves, raw"",""quantity"":30,""unit"":""g"",""kcal"":204},{""name"":""oats, whole grain, rolled, old fashioned"",""quantity"":50,""unit"":""g"",""kcal"":189}],""totalKcal"":592,""mealType"":""breakfast"",""timeOffset"":""PT0M""}",multi-food-data.csv:000872
multi-food-data.csv:000873,2slice whole wheat bread + 2 slices american cheese + g50 raw roma tomato + 2tbsp commercial hummus +1d,[],"{""items"":[{""name"":""bread, whole-wheat, commercially prepared"",""quantity"":2,""unit"":""slice"",""kcal"":163},{""name"":""cheese, american, restaurant"",""quantity"":2,""unit"":""slice"",""kcal"":120},{""name"":""tomato, roma"",""quantity"":50,""unit"":""g"",""kcal"":9},{""name"":""hummus, commercial"",""quantity"":2,""unit"":""tablespoon"",""kcal"":78}],""totalKcal"":370,""mealType"":""unknown"",""timeOffset"":""P1D""}",multi-food-data.csv:000873
multi-food-data.csv:000874,2% cottage cheese 0.5 cups + g200 red delicious apple + 15g whole raw almonds + rolled whole grain oats 70 grams breakfast,[],"{""items"":[{""name"":""cheese, cottage, lowfat, 2% milkfat"",""quantity"":0.5,""unit"":""cup"",""kcal"":92},{""name"":""apples, red delicious, with skin, raw"",""quantity"":200,""unit"":""g"",""kcal"":124},{""name"":""nuts, almonds, whole, raw"",""quantity"":15,""unit"":""g"",""kcal"":88},{""name"":""oats, whole grain, rolled, old fashioned"",""quantity"":70,""unit"":""g"",""kcal"":265}],""totalKcal"":569,""mealType"":""breakfast"",""timeOffset"":""PT0M""}",multi-food-data.csv:000874
multi-food-data.csv:000875,2% cottage cheese cup0.5 + 150g strawberries + g30 whole raw almonds + 70 gr rolled whole grain oats breakfast,[],"{""items"":[{""name"":""cheese, cottage, lowfat, 2% milkfat"",""quantity"":0.5,""unit"":""cup"",""kcal"":92},{""name"":""strawberries, raw"",""quantity"":150,""unit"":""g"",""kcal"":47},{""name"":""nuts, almonds, whole, raw"",""quantity"":30,""unit"":""g"",""kcal"":175},{""name"":""oats, whole grain, rolled, old fashioned"",""quantity"":70,""unit"":""g"",""kcal"":265}],""totalKcal"":579,""mealType"":""breakfast"",""timeOffset"":""PT0M""}",multi-food-data.csv:000875
multi-food-data.csv:000876,100g plain whole milk yogurt + 100 grams blueberries + raw english walnut halves g15 + 50 gr rolled whole grain oats -25d,[],"{""items"":[{""name"":""yogurt, plain, whole milk"",""quantity"":100,""unit"":""g"",""kcal"":77},{""name"":""blueberries, raw"",""quantity"":100,""unit"":""g"",""kcal"":57},{""name"":""nuts, walnuts, english, halves, raw"",""quantity"":15,""unit"":""g"",""kcal"":102},{""name"":""oats, whole grain, rolled, old fashioned"",""quantity"":50,""unit"":""g"",""kcal"":189}],""totalKcal"":425,""mealType"":""unknown"",""timeOffset"":""-P25D""}",multi-food-data.csv:000876
multi-food-data.csv:000877,30g rolled whole grain oats + strawberries 150 gr + 15 g whole raw almonds + 200 g plain whole milk yogurt snack,[],"{""items"":[{""name"":""oats, whole grain, rolled, old fashioned"",""quantity"":30,""unit"":""g"",""kcal"":114},{""name"":""strawberries, raw"",""quantity"":150,""unit"":""g"",""kcal"":47},{""name"":""nuts, almonds, whole, raw"",""quantity"":15,""unit"":""g"",""kcal"":88},{""name"":""yogurt, plain, whole milk"",""quantity"":200,""unit"":""g"",""kcal"":155}],""totalKcal"":404,""mealType"":""snack"",""timeOffset"":""PT0M""}",multi-food-data.csv:000877
multi-food-data.csv:000878,ate plain nonfat yogurt 150 grams + strawberries 200 grams + g30 whole raw almonds + rolled whole grain oats 30 gr breakfast,[],"{""items"":[{""name"":""yogurt, plain, nonfat"",""quantity"":150,""unit"":""g"",""kcal"":75},{""name"":""strawberries, raw"",""quantity"":200,""unit"":""g"",""kcal"":62},{""name"":""nuts, almonds, whole, raw"",""quantity"":30,""unit"":""g"",""kcal"":175},{""name"":""oats, whole grain, rolled, old fashioned"",""quantity"":30,""unit"":""g"",""kcal"":114}],""totalKcal"":426,""mealType"":""breakfast"",""timeOffset"":""PT0M""}",multi-food-data.csv:000878
multi-food-data.csv:000879,commercial hummus tbsp2 + 150g raw romaine lettuce + white bread 1slice + cheddar cheese slice2 snack 2h ago,[],"{""items"":[{""name"":""hummus, commercial"",""quantity"":2,""unit"":""tablespoon"",""kcal"":78},{""name"":""lettuce, romaine, green, raw"",""quantity"":150,""unit"":""g"",""kcal"":26},{""name"":""bread, white, commercially prepared"",""quantity"":1,""unit"":""slice"",""kcal"":74},{""name"":""cheese, cheddar"",""quantity"":2,""unit"":""slice"",""kcal"":139}],""totalKcal"":317,""mealType"":""snack"",""timeOffset"":""-PT2H""}",multi-food-data.csv:000879
multi-food-data.csv:000880,100 gr plain nonfat greek yogurt + 200 gr blueberries + raw english walnut halves 20g + 30 grams rolled whole grain oats 426 cal breakfast -13h,[],"{""items"":[{""name"":""yogurt, greek, plain, nonfat"",""quantity"":100,""unit"":""g"",""kcal"":61},{""name"":""blueberries, raw"",""quantity"":200,""unit"":""g"",""kcal"":115},{""name"":""nuts, walnuts, english, halves, raw"",""quantity"":20,""unit"":""g"",""kcal"":136},{""name"":""oats, whole grain, rolled, old fashioned"",""quantity"":30,""unit"":""g"",""kcal"":114}],""totalKcal"":426,""mealType"":""breakfast"",""timeOffset"":""-PT13H""}",multi-food-data.csv:000880
multi-food-data.csv:000881,ate cup1 2% cottage cheese + 200g red delicious apple + raw peanuts g30 + rolled whole grain oats 50g -24d,[],"{""items"":[{""name"":""cheese, cottage, lowfat, 2% milkfat"",""quantity"":1,""unit"":""cup"",""kcal"":185},{""name"":""apples, red delicious, with skin, raw"",""quantity"":200,""unit"":""g"",""kcal"":124},{""name"":""peanuts, raw"",""quantity"":30,""unit"":""g"",""kcal"":165},{""name"":""oats, whole grain, rolled, old fashioned"",""quantity"":50,""unit"":""g"",""kcal"":189}],""totalKcal"":663,""mealType"":""unknown"",""timeOffset"":""-P24D""}",multi-food-data.csv:000881
multi-food-data.csv:000882,plain nonfat greek yogurt 200g + red delicious apple g150 + rolled whole grain oats 50g + 20 gr whole raw almonds bf,[],"{""items"":[{""name"":""yogurt, greek, plain, nonfat"",""quantity"":200,""unit"":""g"",""kcal"":122},{""name"":""apples, red delicious, with skin, raw"",""quantity"":150,""unit"":""g"",""kcal"":93},{""name"":""oats, whole grain, rolled, old fashioned"",""quantity"":50,""unit"":""g"",""kcal"":189},{""name"":""nuts, almonds, whole, raw"",""quantity"":20,""unit"":""g"",""kcal"":117}],""totalKcal"":521,""mealType"":""breakfast"",""timeOffset"":""PT0M""}",multi-food-data.csv:000882
multi-food-data.csv:000883,plain whole milk yogurt 200 g + blueberries 100 gr + whole raw almonds 15 grams + 70 g rolled whole grain oats 565 cal breakfast,[],"{""items"":[{""name"":""yogurt, plain, whole milk"",""quantity"":200,""unit"":""g"",""kcal"":155},{""name"":""blueberries, raw"",""quantity"":100,""unit"":""g"",""kcal"":57},{""name"":""nuts, almonds, whole, raw"",""quantity"":15,""unit"":""g"",""kcal"":88},{""name"":""oats, whole grain, rolled, old fashioned"",""quantity"":70,""unit"":""g"",""kcal"":265}],""totalKcal"":565,""mealType"":""breakfast"",""timeOffset"":""PT0M""}",multi-food-data.csv:000883
multi-food-data.csv:000884,100 grams plain nonfat greek yogurt + 100 g blueberries + 15 g raw english walnut halves + rolled whole grain oats 50g kcal409,[],"{""items"":[{""name"":""yogurt, greek, plain, nonfat"",""quantity"":100,""unit"":""g"",""kcal"":61},{""name"":""blueberries, raw"",""quantity"":100,""unit"":""g"",""kcal"":57},{""name"":""nuts, walnuts, english, halves, raw"",""quantity"":15,""unit"":""g"",""kcal"":102},{""name"":""oats, whole grain, rolled, old fashioned"",""quantity"":50,""unit"":""g"",""kcal"":189}],""totalKcal"":409,""mealType"":""unknown"",""timeOffset"":""PT0M""}",multi-food-data.csv:000884
multi-food-data.csv:000885,g70 rolled whole grain oats + 100 g red delicious apple + 15g raw english walnut halves + 200 g plain whole milk yogurt bf 25d ago,[],"{""items"":[{""name"":""oats, whole grain, rolled, old fashioned"",""quantity"":70,""unit"":""g"",""kcal"":265},{""name"":""apples, red delicious, with skin, raw"",""quantity"":100,""unit"":""g"",""kcal"":62},{""name"":""nuts, walnuts, english, halves, raw"",""quantity"":15,""unit"":""g"",""kcal"":102},{""name"":""yogurt, plain, whole milk"",""quantity"":200,""unit"":""g"",""kcal"":155}],""totalKcal"":584,""mealType"":""breakfast"",""timeOffset"":""-P25D""}",multi-food-data.csv:000885
multi-food-data.csv:000886,ate plain whole milk yogurt 200 grams + blueberries 200 grams + 20g whole raw almonds + rolled whole grain oats 70 g bf,[],"{""items"":[{""name"":""yogurt, plain, whole milk"",""quantity"":200,""unit"":""g"",""kcal"":155},{""name"":""blueberries, raw"",""quantity"":200,""unit"":""g"",""kcal"":115},{""name"":""nuts, almonds, whole, raw"",""quantity"":20,""unit"":""g"",""kcal"":117},{""name"":""oats, whole grain, rolled, old fashioned"",""quantity"":70,""unit"":""g"",""kcal"":265}],""totalKcal"":652,""mealType"":""breakfast"",""timeOffset"":""PT0M""}",multi-food-data.csv:000886
multi-food-data.csv:000887,ate plain nonfat greek yogurt g150 + g100 strawberries + g15 raw english walnut halves + g50 rolled whole grain oats snack,[],"{""items"":[{""name"":""yogurt, greek, plain, nonfat"",""quantity"":150,""unit"":""g"",""kcal"":92},{""name"":""strawberries, raw"",""quantity"":100,""unit"":""g"",""kcal"":31},{""name"":""nuts, walnuts, english, halves, raw"",""quantity"":15,""unit"":""g"",""kcal"":102},{""name"":""oats, whole grain, rolled, old fashioned"",""quantity"":50,""unit"":""g"",""kcal"":189}],""totalKcal"":414,""mealType"":""snack"",""timeOffset"":""PT0M""}",multi-food-data.csv:000887
multi-food-data.csv:000888,ate commercial hummus tbsp2 + raw roma tomato g150 + 1slice white bread + 1 slice swiss cheese lunch 17h ago,[],"{""items"":[{""name"":""hummus, commercial"",""quantity"":2,""unit"":""tablespoon"",""kcal"":78},{""name"":""tomato, roma"",""quantity"":150,""unit"":""g"",""kcal"":28},{""name"":""bread, white, commercially prepared"",""quantity"":1,""unit"":""slice"",""kcal"":74},{""name"":""cheese, swiss"",""quantity"":1,""unit"":""slice"",""kcal"":43}],""totalKcal"":223,""mealType"":""lunch"",""timeOffset"":""-PT17H""}",multi-food-data.csv:000888
multi-food-data.csv:000889,150 grams plain nonfat greek yogurt + red delicious apple 200 grams + 30 g raw english walnut halves + rolled whole grain oats g70 breakfast -4h,[],"{""items"":[{""name"":""yogurt, greek, plain, nonfat"",""quantity"":150,""unit"":""g"",""kcal"":92},{""name"":""apples, red delicious, with skin, raw"",""quantity"":200,""unit"":""g"",""kcal"":124},{""name"":""nuts, walnuts, english, halves, raw"",""quantity"":30,""unit"":""g"",""kcal"":204},{""name"":""oats, whole grain, rolled, old fashioned"",""quantity"":70,""unit"":""g"",""kcal"":265}],""totalKcal"":685,""mealType"":""breakfast"",""timeOffset"":""-PT4H""}",multi-food-data.csv:000889
multi-food-data.csv:000890,plain whole milk yogurt 200 g + whole raw almonds 20 gr + 200 gr raspberries + 30 gr rolled whole grain oats kcal489 bf tomorrow,[],"{""items"":[{""name"":""yogurt, plain, whole milk"",""quantity"":200,""unit"":""g"",""kcal"":155},{""name"":""nuts, almonds, whole, raw"",""quantity"":20,""unit"":""g"",""kcal"":117},{""name"":""raspberries, raw"",""quantity"":200,""unit"":""g"",""kcal"":103},{""name"":""oats, whole grain, rolled, old fashioned"",""quantity"":30,""unit"":""g"",""kcal"":114}],""totalKcal"":489,""mealType"":""breakfast"",""timeOffset"":""P1D""}",multi-food-data.csv:000890
multi-food-data.csv:000891,g100 plain nonfat greek yogurt + 200 gr raspberries + 20 g raw english walnut halves + rolled whole grain oats 70 grams snack 16d ago,[],"{""items"":[{""name"":""yogurt, greek, plain, nonfat"",""quantity"":100,""unit"":""g"",""kcal"":61},{""name"":""raspberries, raw"",""quantity"":200,""unit"":""g"",""kcal"":103},{""name"":""nuts, walnuts, english, halves, raw"",""quantity"":20,""unit"":""g"",""kcal"":136},{""name"":""oats, whole grain, rolled, old fashioned"",""quantity"":70,""unit"":""g"",""kcal"":265}],""totalKcal"":565,""mealType"":""snack"",""timeOffset"":""-P16D""}",multi-food-data.csv:000891
multi-food-data.csv:000892,ate 150g plain nonfat greek yogurt + g100 strawberries + 30g raw peanuts + rolled whole grain oats 30g 23d ago,[],"{""items"":[{""name"":""yogurt, greek, plain, nonfat"",""quantity"":150,""unit"":""g"",""kcal"":92},{""name"":""strawberries, raw"",""quantity"":100,""unit"":""g"",""kcal"":31},{""name"":""peanuts, raw"",""quantity"":30,""unit"":""g"",""kcal"":165},{""name"":""oats, whole grain, rolled, old fashioned"",""quantity"":30,""unit"":""g"",""kcal"":114}],""totalKcal"":402,""mealType"":""unknown"",""timeOffset"":""-P23D""}",multi-food-data.csv:000892
multi-food-data.csv:000893,0.5cup 2% cottage cheese + red delicious apple 200 grams + 15 g raw english walnut halves + 30 gr rolled whole grain oats bf,[],"{""items"":[{""name"":""cheese, cottage, lowfat, 2% milkfat"",""quantity"":0.5,""unit"":""cup"",""kcal"":92},{""name"":""apples, red delicious, with skin, raw"",""quantity"":200,""unit"":""g"",""kcal"":124},{""name"":""nuts, walnuts, english, halves, raw"",""quantity"":15,""unit"":""g"",""kcal"":102},{""name"":""oats, whole grain, rolled, old fashioned"",""quantity"":30,""unit"":""g"",""kcal"":114}],""totalKcal"":432,""mealType"":""breakfast"",""timeOffset"":""PT0M""}",multi-food-data.csv:000893
multi-food-data.csv:000894,1tbsp commercial hummus + g50 raw cucumber with peel + 2 slices whole wheat bread + 2 slices swiss cheese lunch,[],"{""items"":[{""name"":""hummus, commercial"",""quantity"":1,""unit"":""tablespoon"",""kcal"":39},{""name"":""cucumber, with peel, raw"",""quantity"":50,""unit"":""g"",""kcal"":7},{""name"":""bread, whole-wheat, commercially prepared"",""quantity"":2,""unit"":""slice"",""kcal"":163},{""name"":""cheese, swiss"",""quantity"":2,""unit"":""slice"",""kcal"":86}],""totalKcal"":295,""mealType"":""lunch"",""timeOffset"":""PT0M""}",multi-food-data.csv:000894
multi-food-data.csv:000895,2 slices whole wheat bread + 1slice ham + slice2 swiss cheese + raw romaine lettuce 100 gr lunch,[],"{""items"":[{""name"":""bread, whole-wheat, commercially prepared"",""quantity"":2,""unit"":""slice"",""kcal"":163},{""name"":""ham, sliced, pre-packaged, deli meat (96%fat free, water added)"",""quantity"":1,""unit"":""slice"",""kcal"":14},{""name"":""cheese, swiss"",""quantity"":2,""unit"":""slice"",""kcal"":86},{""name"":""lettuce, romaine, green, raw"",""quantity"":100,""unit"":""g"",""kcal"":17}],""totalKcal"":280,""mealType"":""lunch"",""timeOffset"":""PT0M""}",multi-food-data.csv:000895
multi-food-data.csv:000896,ate plain nonfat yogurt 200 g + raspberries 100 g + whole raw almonds 15 g + 70g rolled whole grain oats,[],"{""items"":[{""name"":""yogurt, plain, nonfat"",""quantity"":200,""unit"":""g"",""kcal"":100},{""name"":""raspberries, raw"",""quantity"":100,""unit"":""g"",""kcal"":51},{""name"":""nuts, almonds, whole, raw"",""quantity"":15,""unit"":""g"",""kcal"":88},{""name"":""oats, whole grain, rolled, old fashioned"",""quantity"":70,""unit"":""g"",""kcal"":265}],""totalKcal"":504,""mealType"":""unknown"",""timeOffset"":""PT0M""}",multi-food-data.csv:000896
multi-food-data.csv:000897,plain whole milk yogurt 200g + red delicious apple 150 g + 30g whole raw almonds + g50 rolled whole grain oats snack -14d,[],"{""items"":[{""name"":""yogurt, plain, whole milk"",""quantity"":200,""unit"":""g"",""kcal"":155},{""name"":""apples, red delicious, with skin, raw"",""quantity"":150,""unit"":""g"",""kcal"":93},{""name"":""nuts, almonds, whole, raw"",""quantity"":30,""unit"":""g"",""kcal"":175},{""name"":""oats, whole grain, rolled, old fashioned"",""quantity"":50,""unit"":""g"",""kcal"":189}],""totalKcal"":612,""mealType"":""snack"",""timeOffset"":""-P14D""}",multi-food-data.csv:000897
multi-food-data.csv:000898,150g plain nonfat yogurt + red delicious apple 150g + raw english walnut halves g20 + rolled whole grain oats 30 gr -15h,[],"{""items"":[{""name"":""yogurt, plain, nonfat"",""quantity"":150,""unit"":""g"",""kcal"":75},{""name"":""apples, red delicious, with skin, raw"",""quantity"":150,""unit"":""g"",""kcal"":93},{""name"":""nuts, walnuts, english, halves, raw"",""quantity"":20,""unit"":""g"",""kcal"":136},{""name"":""oats, whole grain, rolled, old fashioned"",""quantity"":30,""unit"":""g"",""kcal"":114}],""totalKcal"":418,""mealType"":""unknown"",""timeOffset"":""-PT15H""}",multi-food-data.csv:000898
multi-food-data.csv:000899,2 slices swiss cheese + raw romaine lettuce g100 + whole wheat bread 1slice + 2 slices ham -7h,[],"{""items"":[{""name"":""cheese, swiss"",""quantity"":2,""unit"":""slice"",""kcal"":86},{""name"":""lettuce, romaine, green, raw"",""quantity"":100,""unit"":""g"",""kcal"":17},{""name"":""bread, whole-wheat, commercially prepared"",""quantity"":1,""unit"":""slice"",""kcal"":82},{""name"":""ham, sliced, pre-packaged, deli meat (96%fat free, water added)"",""quantity"":2,""unit"":""slice"",""kcal"":29}],""totalKcal"":214,""mealType"":""unknown"",""timeOffset"":""-PT7H""}",multi-food-data.csv:000899
multi-food-data.csv:000900,ate plain nonfat yogurt 200 grams + strawberries 200 g + raw english walnut halves g15 + 70 g rolled whole grain oats snack,[],"{""items"":[{""name"":""yogurt, plain, nonfat"",""quantity"":200,""unit"":""g"",""kcal"":100},{""name"":""strawberries, raw"",""quantity"":200,""unit"":""g"",""kcal"":62},{""name"":""nuts, walnuts, english, halves, raw"",""quantity"":15,""unit"":""g"",""kcal"":102},{""name"":""oats, whole grain, rolled, old fashioned"",""quantity"":70,""unit"":""g"",""kcal"":265}],""totalKcal"":529,""mealType"":""snack"",""timeOffset"":""PT0M""}",multi-food-data.csv:000900
multi-food-data.csv:000901,ate raspberries 100g + 100 g plain nonfat yogurt + g20 raw english walnut halves + 50 g rolled whole grain oats snack,[],"{""items"":[{""name"":""raspberries, raw"",""quantity"":100,""unit"":""g"",""kcal"":51},{""name"":""yogurt, plain, nonfat"",""quantity"":100,""unit"":""g"",""kcal"":50},{""name"":""nuts, walnuts, english, halves, raw"",""quantity"":20,""unit"":""g"",""kcal"":136},{""name"":""oats, whole grain, rolled, old fashioned"",""quantity"":50,""unit"":""g"",""kcal"":189}],""totalKcal"":426,""mealType"":""snack"",""timeOffset"":""PT0M""}",multi-food-data.csv:000901
multi-food-data.csv:000902,150 g plain whole milk yogurt + 150 g red delicious apple + raw english walnut halves g20 + rolled whole grain oats 70 gr snack -9h,[],"{""items"":[{""name"":""yogurt, plain, whole milk"",""quantity"":150,""unit"":""g"",""kcal"":116},{""name"":""apples, red delicious, with skin, raw"",""quantity"":150,""unit"":""g"",""kcal"":93},{""name"":""nuts, walnuts, english, halves, raw"",""quantity"":20,""unit"":""g"",""kcal"":136},{""name"":""oats, whole grain, rolled, old fashioned"",""quantity"":70,""unit"":""g"",""kcal"":265}],""totalKcal"":610,""mealType"":""snack"",""timeOffset"":""-PT9H""}",multi-food-data.csv:000902
multi-food-data.csv:000903,ate 15g raw peanuts + 2% cottage cheese 0.5 cups + 100 grams red delicious apple + rolled whole grain oats 30g breakfast,[],"{""items"":[{""name"":""peanuts, raw"",""quantity"":15,""unit"":""g"",""kcal"":83},{""name"":""cheese, cottage, lowfat, 2% milkfat"",""quantity"":0.5,""unit"":""cup"",""kcal"":92},{""name"":""apples, red delicious, with skin, raw"",""quantity"":100,""unit"":""g"",""kcal"":62},{""name"":""oats, whole grain, rolled, old fashioned"",""quantity"":30,""unit"":""g"",""kcal"":114}],""totalKcal"":351,""mealType"":""breakfast"",""timeOffset"":""PT0M""}",multi-food-data.csv:000903
multi-food-data.csv:000904,ate plain nonfat yogurt 100 grams + 100 grams strawberries + g20 raw english walnut halves + rolled whole grain oats g30 snack,[],"{""items"":[{""name"":""yogurt, plain, nonfat"",""quantity"":100,""unit"":""g"",""kcal"":50},{""name"":""strawberries, raw"",""quantity"":100,""unit"":""g"",""kcal"":31},{""name"":""nuts, walnuts, english, halves, raw"",""quantity"":20,""unit"":""g"",""kcal"":136},{""name"":""oats, whole grain, rolled, old fashioned"",""quantity"":30,""unit"":""g"",""kcal"":114}],""totalKcal"":331,""mealType"":""snack"",""timeOffset"":""PT0M""}",multi-food-data.csv:000904
multi-food-data.csv:000905,150 grams strawberries + 70 gr rolled whole grain oats + raw peanuts g20 + cup1 2% cottage cheese,[],"{""items"":[{""name"":""strawberries, raw"",""quantity"":150,""unit"":""g"",""kcal"":47},{""name"":""oats, whole grain, rolled, old fashioned"",""quantity"":70,""unit"":""g"",""kcal"":265},{""name"":""peanuts, raw"",""quantity"":20,""unit"":""g"",""kcal"":110},{""name"":""cheese, cottage, lowfat, 2% milkfat"",""quantity"":1,""unit"":""cup"",""kcal"":185}],""totalKcal"":607,""mealType"":""unknown"",""timeOffset"":""PT0M""}",multi-food-data.csv:000905
multi-food-data.csv:000906,ate 150 g plain whole milk yogurt + 150 gr raspberries + raw peanuts 20 grams + 30 grams rolled whole grain oats bf,[],"{""items"":[{""name"":""yogurt, plain, whole milk"",""quantity"":150,""unit"":""g"",""kcal"":116},{""name"":""raspberries, raw"",""quantity"":150,""unit"":""g"",""kcal"":77},{""name"":""peanuts, raw"",""quantity"":20,""unit"":""g"",""kcal"":110},{""name"":""oats, whole grain, rolled, old fashioned"",""quantity"":30,""unit"":""g"",""kcal"":114}],""totalKcal"":417,""mealType"":""breakfast"",""timeOffset"":""PT0M""}",multi-food-data.csv:000906
multi-food-data.csv:000907,ate plain nonfat yogurt 100 grams + strawberries 150 gr + g15 raw peanuts + 50g rolled whole grain oats 369 cal breakfast,[],"{""items"":[{""name"":""yogurt, plain, nonfat"",""quantity"":100,""unit"":""g"",""kcal"":50},{""name"":""strawberries, raw"",""quantity"":150,""unit"":""g"",""kcal"":47},{""name"":""peanuts, raw"",""quantity"":15,""unit"":""g"",""kcal"":83},{""name"":""oats, whole grain, rolled, old fashioned"",""quantity"":50,""unit"":""g"",""kcal"":189}],""totalKcal"":369,""mealType"":""breakfast"",""timeOffset"":""PT0M""}",multi-food-data.csv:000907
multi-food-data.csv:000908,cup0.5 2% cottage cheese + strawberries 200g + 30 gr whole raw almonds + rolled whole grain oats 30g bf,[],"{""items"":[{""name"":""cheese, cottage, lowfat, 2% milkfat"",""quantity"":0.5,""unit"":""cup"",""kcal"":92},{""name"":""strawberries, raw"",""quantity"":200,""unit"":""g"",""kcal"":62},{""name"":""nuts, almonds, whole, raw"",""quantity"":30,""unit"":""g"",""kcal"":175},{""name"":""oats, whole grain, rolled, old fashioned"",""quantity"":30,""unit"":""g"",""kcal"":114}],""totalKcal"":443,""mealType"":""breakfast"",""timeOffset"":""PT0M""}",multi-food-data.csv:000908
multi-food-data.csv:000909,slice2 white bread + 150 grams raw roma tomato + cheddar cheese slice2 + 2tbsp commercial hummus -22h,[],"{""items"":[{""name"":""bread, white, commercially prepared"",""quantity"":2,""unit"":""slice"",""kcal"":147},{""name"":""tomato, roma"",""quantity"":150,""unit"":""g"",""kcal"":28},{""name"":""cheese, cheddar"",""quantity"":2,""unit"":""slice"",""kcal"":139},{""name"":""hummus, commercial"",""quantity"":2,""unit"":""tablespoon"",""kcal"":78}],""totalKcal"":392,""mealType"":""unknown"",""timeOffset"":""-PT22H""}",multi-food-data.csv:000909
multi-food-data.csv:000910,ate plain nonfat yogurt 200 grams + 150 gr red delicious apple + raw peanuts 30 gr + g70 rolled whole grain oats,[],"{""items"":[{""name"":""yogurt, plain, nonfat"",""quantity"":200,""unit"":""g"",""kcal"":100},{""name"":""apples, red delicious, with skin, raw"",""quantity"":150,""unit"":""g"",""kcal"":93},{""name"":""peanuts, raw"",""quantity"":30,""unit"":""g"",""kcal"":165},{""name"":""oats, whole grain, rolled, old fashioned"",""quantity"":70,""unit"":""g"",""kcal"":265}],""totalKcal"":623,""mealType"":""unknown"",""timeOffset"":""PT0M""}",multi-food-data.csv:000910
multi-food-data.csv:000911,g200 raspberries + raw english walnut halves 20 grams + 0.5cup 2% cottage cheese + 70g rolled whole grain oats 596kcal breakfast,[],"{""items"":[{""name"":""raspberries, raw"",""quantity"":200,""unit"":""g"",""kcal"":103},{""name"":""nuts, walnuts, english, halves, raw"",""quantity"":20,""unit"":""g"",""kcal"":136},{""name"":""cheese, cottage, lowfat, 2% milkfat"",""quantity"":0.5,""unit"":""cup"",""kcal"":92},{""name"":""oats, whole grain, rolled, old fashioned"",""quantity"":70,""unit"":""g"",""kcal"":265}],""totalKcal"":596,""mealType"":""breakfast"",""timeOffset"":""PT0M""}",multi-food-data.csv:000911
multi-food-data.csv:000912,1 cup 2% cottage cheese + 150 g red delicious apple + raw peanuts 15 grams + 70 grams rolled whole grain oats,[],"{""items"":[{""name"":""cheese, cottage, lowfat, 2% milkfat"",""quantity"":1,""unit"":""cup"",""kcal"":185},{""name"":""apples, red delicious, with skin, raw"",""quantity"":150,""unit"":""g"",""kcal"":93},{""name"":""peanuts, raw"",""quantity"":15,""unit"":""g"",""kcal"":83},{""name"":""oats, whole grain, rolled, old fashioned"",""quantity"":70,""unit"":""g"",""kcal"":265}],""totalKcal"":626,""mealType"":""unknown"",""timeOffset"":""PT0M""}",multi-food-data.csv:000912
multi-food-data.csv:000913,ate 15 gr raw peanuts + 200 g raspberries + 200 g plain nonfat greek yogurt + rolled whole grain oats 70 gr snack,[],"{""items"":[{""name"":""peanuts, raw"",""quantity"":15,""unit"":""g"",""kcal"":83},{""name"":""raspberries, raw"",""quantity"":200,""unit"":""g"",""kcal"":103},{""name"":""yogurt, greek, plain, nonfat"",""quantity"":200,""unit"":""g"",""kcal"":122},{""name"":""oats, whole grain, rolled, old fashioned"",""quantity"":70,""unit"":""g"",""kcal"":265}],""totalKcal"":573,""mealType"":""snack"",""timeOffset"":""PT0M""}",multi-food-data.csv:000913
multi-food-data.csv:000914,ate plain nonfat greek yogurt g150 + 100g strawberries + whole raw almonds g15 + g70 rolled whole grain oats snack -25d,[],"{""items"":[{""name"":""yogurt, greek, plain, nonfat"",""quantity"":150,""unit"":""g"",""kcal"":92},{""name"":""strawberries, raw"",""quantity"":100,""unit"":""g"",""kcal"":31},{""name"":""nuts, almonds, whole, raw"",""quantity"":15,""unit"":""g"",""kcal"":88},{""name"":""oats, whole grain, rolled, old fashioned"",""quantity"":70,""unit"":""g"",""kcal"":265}],""totalKcal"":476,""mealType"":""snack"",""timeOffset"":""-P25D""}",multi-food-data.csv:000914
multi-food-data.csv:000915,150 gr plain nonfat yogurt + whole raw almonds 15 g + red delicious apple 150 g + 70 grams rolled whole grain oats -5d,[],"{""items"":[{""name"":""yogurt, plain, nonfat"",""quantity"":150,""unit"":""g"",""kcal"":75},{""name"":""nuts, almonds, whole, raw"",""quantity"":15,""unit"":""g"",""kcal"":88},{""name"":""apples, red delicious, with skin, raw"",""quantity"":150,""unit"":""g"",""kcal"":93},{""name"":""oats, whole grain, rolled, old fashioned"",""quantity"":70,""unit"":""g"",""kcal"":265}],""totalKcal"":521,""mealType"":""unknown"",""timeOffset"":""-P5D""}",multi-food-data.csv:000915
multi-food-data.csv:000916,ate plain nonfat yogurt 100 grams + g150 blueberries + 15 g whole raw almonds + 70g rolled whole grain oats snack,[],"{""items"":[{""name"":""yogurt, plain, nonfat"",""quantity"":100,""unit"":""g"",""kcal"":50},{""name"":""blueberries, raw"",""quantity"":150,""unit"":""g"",""kcal"":86},{""name"":""nuts, almonds, whole, raw"",""quantity"":15,""unit"":""g"",""kcal"":88},{""name"":""oats, whole grain, rolled, old fashioned"",""quantity"":70,""unit"":""g"",""kcal"":265}],""totalKcal"":489,""mealType"":""snack"",""timeOffset"":""PT0M""}",multi-food-data.csv:000916
multi-food-data.csv:000917,plain nonfat greek yogurt g100 + g100 red delicious apple + raw peanuts 20 gr + 70 gr rolled whole grain oats -9d,[],"{""items"":[{""name"":""yogurt, greek, plain, nonfat"",""quantity"":100,""unit"":""g"",""kcal"":61},{""name"":""apples, red delicious, with skin, raw"",""quantity"":100,""unit"":""g"",""kcal"":62},{""name"":""peanuts, raw"",""quantity"":20,""unit"":""g"",""kcal"":110},{""name"":""oats, whole grain, rolled, old fashioned"",""quantity"":70,""unit"":""g"",""kcal"":265}],""totalKcal"":498,""mealType"":""unknown"",""timeOffset"":""-P9D""}",multi-food-data.csv:000917
multi-food-data.csv:000918,plain nonfat greek yogurt 150g + g100 raspberries + 30g raw english walnut halves + 30g rolled whole grain oats,[],"{""items"":[{""name"":""yogurt, greek, plain, nonfat"",""quantity"":150,""unit"":""g"",""kcal"":92},{""name"":""raspberries, raw"",""quantity"":100,""unit"":""g"",""kcal"":51},{""name"":""nuts, walnuts, english, halves, raw"",""quantity"":30,""unit"":""g"",""kcal"":204},{""name"":""oats, whole grain, rolled, old fashioned"",""quantity"":30,""unit"":""g"",""kcal"":114}],""totalKcal"":461,""mealType"":""unknown"",""timeOffset"":""PT0M""}",multi-food-data.csv:000918
multi-food-data.csv:000919,plain whole milk yogurt g150 + red delicious apple 150 g + 15 gr raw english walnut halves + rolled whole grain oats 70 g breakfast,[],"{""items"":[{""name"":""yogurt, plain, whole milk"",""quantity"":150,""unit"":""g"",""kcal"":116},{""name"":""apples, red delicious, with skin, raw"",""quantity"":150,""unit"":""g"",""kcal"":93},{""name"":""nuts, walnuts, english, halves, raw"",""quantity"":15,""unit"":""g"",""kcal"":102},{""name"":""oats, whole grain, rolled, old fashioned"",""quantity"":70,""unit"":""g"",""kcal"":265}],""totalKcal"":576,""mealType"":""breakfast"",""timeOffset"":""PT0M""}",multi-food-data.csv:000919
multi-food-data.csv:000920,150 g plain whole milk yogurt + raspberries 150 g + whole raw almonds g15 + 70 gr rolled whole grain oats 546kcal bf -29d,[],"{""items"":[{""name"":""yogurt, plain, whole milk"",""quantity"":150,""unit"":""g"",""kcal"":116},{""name"":""raspberries, raw"",""quantity"":150,""unit"":""g"",""kcal"":77},{""name"":""nuts, almonds, whole, raw"",""quantity"":15,""unit"":""g"",""kcal"":88},{""name"":""oats, whole grain, rolled, old fashioned"",""quantity"":70,""unit"":""g"",""kcal"":265}],""totalKcal"":546,""mealType"":""breakfast"",""timeOffset"":""-P29D""}",multi-food-data.csv:000920
multi-food-data.csv:000921,plain nonfat yogurt 200 g + 100 gr strawberries + g15 raw peanuts + rolled whole grain oats g50 -29d,[],"{""items"":[{""name"":""yogurt, plain, nonfat"",""quantity"":200,""unit"":""g"",""kcal"":100},{""name"":""strawberries, raw"",""quantity"":100,""unit"":""g"",""kcal"":31},{""name"":""peanuts, raw"",""quantity"":15,""unit"":""g"",""kcal"":83},{""name"":""oats, whole grain, rolled, old fashioned"",""quantity"":50,""unit"":""g"",""kcal"":189}],""totalKcal"":403,""mealType"":""unknown"",""timeOffset"":""-P29D""}",multi-food-data.csv:000921
multi-food-data.csv:000922,50g rolled whole grain oats + red delicious apple 200 g + 2% cottage cheese cup1 + 15 gr raw peanuts snack -14h,[],"{""items"":[{""name"":""oats, whole grain, rolled, old fashioned"",""quantity"":50,""unit"":""g"",""kcal"":189},{""name"":""apples, red delicious, with skin, raw"",""quantity"":200,""unit"":""g"",""kcal"":124},{""name"":""cheese, cottage, lowfat, 2% milkfat"",""quantity"":1,""unit"":""cup"",""kcal"":185},{""name"":""peanuts, raw"",""quantity"":15,""unit"":""g"",""kcal"":83}],""totalKcal"":581,""mealType"":""snack"",""timeOffset"":""-PT14H""}",multi-food-data.csv:000922
multi-food-data.csv:000923,100g plain nonfat greek yogurt + red delicious apple 200 g + 20g whole raw almonds + rolled whole grain oats g50 bf,[],"{""items"":[{""name"":""yogurt, greek, plain, nonfat"",""quantity"":100,""unit"":""g"",""kcal"":61},{""name"":""apples, red delicious, with skin, raw"",""quantity"":200,""unit"":""g"",""kcal"":124},{""name"":""nuts, almonds, whole, raw"",""quantity"":20,""unit"":""g"",""kcal"":117},{""name"":""oats, whole grain, rolled, old fashioned"",""quantity"":50,""unit"":""g"",""kcal"":189}],""totalKcal"":491,""mealType"":""breakfast"",""timeOffset"":""PT0M""}",multi-food-data.csv:000923
multi-food-data.csv:000924,commercial hummus 3tbsp + 100g raw romaine lettuce + whole wheat bread 1slice + 2 slices swiss cheese kcal301 lunch,[],"{""items"":[{""name"":""hummus, commercial"",""quantity"":3,""unit"":""tablespoon"",""kcal"":116},{""name"":""lettuce, romaine, green, raw"",""quantity"":100,""unit"":""g"",""kcal"":17},{""name"":""bread, whole-wheat, commercially prepared"",""quantity"":1,""unit"":""slice"",""kcal"":82},{""name"":""cheese, swiss"",""quantity"":2,""unit"":""slice"",""kcal"":86}],""totalKcal"":301,""mealType"":""lunch"",""timeOffset"":""PT0M""}",multi-food-data.csv:000924
multi-food-data.csv:000925,200 gr plain whole milk yogurt + strawberries 200 gr + raw peanuts 15g + 50g rolled whole grain oats breakfast,[],"{""items"":[{""name"":""yogurt, plain, whole milk"",""quantity"":200,""unit"":""g"",""kcal"":155},{""name"":""strawberries, raw"",""quantity"":200,""unit"":""g"",""kcal"":62},{""name"":""peanuts, raw"",""quantity"":15,""unit"":""g"",""kcal"":83},{""name"":""oats, whole grain, rolled, old fashioned"",""quantity"":50,""unit"":""g"",""kcal"":189}],""totalKcal"":489,""mealType"":""breakfast"",""timeOffset"":""PT0M""}",multi-food-data.csv:000925
multi-food-data.csv:000926,ate plain whole milk yogurt g100 + 100g raspberries + 20 gr whole raw almonds + rolled whole grain oats g50 snack,[],"{""items"":[{""name"":""yogurt, plain, whole milk"",""quantity"":100,""unit"":""g"",""kcal"":77},{""name"":""raspberries, raw"",""quantity"":100,""unit"":""g"",""kcal"":51},{""name"":""nuts, almonds, whole, raw"",""quantity"":20,""unit"":""g"",""kcal"":117},{""name"":""oats, whole grain, rolled, old fashioned"",""quantity"":50,""unit"":""g"",""kcal"":189}],""totalKcal"":434,""mealType"":""snack"",""timeOffset"":""PT0M""}",multi-food-data.csv:000926
multi-food-data.csv:000927,commercial hummus tbsp3 + g150 raw roma tomato + whole wheat bread 2 slices + 1 slice american cheese snack tmr,[],"{""items"":[{""name"":""hummus, commercial"",""quantity"":3,""unit"":""tablespoon"",""kcal"":116},{""name"":""tomato, roma"",""quantity"":150,""unit"":""g"",""kcal"":28},{""name"":""bread, whole-wheat, commercially prepared"",""quantity"":2,""unit"":""slice"",""kcal"":163},{""name"":""cheese, american, restaurant"",""quantity"":1,""unit"":""slice"",""kcal"":60}],""totalKcal"":367,""mealType"":""snack"",""timeOffset"":""P1D""}",multi-food-data.csv:000927
multi-food-data.csv:000928,plain whole milk yogurt 200 grams + raspberries g100 + g20 whole raw almonds + rolled whole grain oats 30 g,[],"{""items"":[{""name"":""yogurt, plain, whole milk"",""quantity"":200,""unit"":""g"",""kcal"":155},{""name"":""raspberries, raw"",""quantity"":100,""unit"":""g"",""kcal"":51},{""name"":""nuts, almonds, whole, raw"",""quantity"":20,""unit"":""g"",""kcal"":117},{""name"":""oats, whole grain, rolled, old fashioned"",""quantity"":30,""unit"":""g"",""kcal"":114}],""totalKcal"":437,""mealType"":""unknown"",""timeOffset"":""PT0M""}",multi-food-data.csv:000928
multi-food-data.csv:000929,ate strawberries g200 + 200 g plain whole milk yogurt + 15g raw peanuts + rolled whole grain oats 30g snack,[],"{""items"":[{""name"":""strawberries, raw"",""quantity"":200,""unit"":""g"",""kcal"":62},{""name"":""yogurt, plain, whole milk"",""quantity"":200,""unit"":""g"",""kcal"":155},{""name"":""peanuts, raw"",""quantity"":15,""unit"":""g"",""kcal"":83},{""name"":""oats, whole grain, rolled, old fashioned"",""quantity"":30,""unit"":""g"",""kcal"":114}],""totalKcal"":414,""mealType"":""snack"",""timeOffset"":""PT0M""}",multi-food-data.csv:000929
multi-food-data.csv:000930,100 g plain nonfat greek yogurt + blueberries 150 gr + whole raw almonds 20 gr + 30g rolled whole grain oats,[],"{""items"":[{""name"":""yogurt, greek, plain, nonfat"",""quantity"":100,""unit"":""g"",""kcal"":61},{""name"":""blueberries, raw"",""quantity"":150,""unit"":""g"",""kcal"":86},{""name"":""nuts, almonds, whole, raw"",""quantity"":20,""unit"":""g"",""kcal"":117},{""name"":""oats, whole grain, rolled, old fashioned"",""quantity"":30,""unit"":""g"",""kcal"":114}],""totalKcal"":378,""mealType"":""unknown"",""timeOffset"":""PT0M""}",multi-food-data.csv:000930
multi-food-data.csv:000931,ate plain nonfat greek yogurt 200 g + strawberries g200 + g30 whole raw almonds + rolled whole grain oats 50 grams,[],"{""items"":[{""name"":""yogurt, greek, plain, nonfat"",""quantity"":200,""unit"":""g"",""kcal"":122},{""name"":""strawberries, raw"",""quantity"":200,""unit"":""g"",""kcal"":62},{""name"":""nuts, almonds, whole, raw"",""quantity"":30,""unit"":""g"",""kcal"":175},{""name"":""oats, whole grain, rolled, old fashioned"",""quantity"":50,""unit"":""g"",""kcal"":189}],""totalKcal"":548,""mealType"":""unknown"",""timeOffset"":""PT0M""}",multi-food-data.csv:000931
multi-food-data.csv:000932,200 grams plain whole milk yogurt + 150g strawberries + raw english walnut halves 30 grams + 30 g rolled whole grain oats snack,[],"{""items"":[{""name"":""yogurt, plain, whole milk"",""quantity"":200,""unit"":""g"",""kcal"":155},{""name"":""strawberries, raw"",""quantity"":150,""unit"":""g"",""kcal"":47},{""name"":""nuts, walnuts, english, halves, raw"",""quantity"":30,""unit"":""g"",""kcal"":204},{""name"":""oats, whole grain, rolled, old fashioned"",""quantity"":30,""unit"":""g"",""kcal"":114}],""totalKcal"":520,""mealType"":""snack"",""timeOffset"":""PT0M""}",multi-food-data.csv:000932
multi-food-data.csv:000933,rolled whole grain oats 70 grams + red delicious apple 100 grams + raw peanuts 30g + 100 g plain nonfat yogurt kcal542 bf -15h,[],"{""items"":[{""name"":""oats, whole grain, rolled, old fashioned"",""quantity"":70,""unit"":""g"",""kcal"":265},{""name"":""apples, red delicious, with skin, raw"",""quantity"":100,""unit"":""g"",""kcal"":62},{""name"":""peanuts, raw"",""quantity"":30,""unit"":""g"",""kcal"":165},{""name"":""yogurt, plain, nonfat"",""quantity"":100,""unit"":""g"",""kcal"":50}],""totalKcal"":542,""mealType"":""breakfast"",""timeOffset"":""-PT15H""}",multi-food-data.csv:000933
multi-food-data.csv:000934,plain nonfat yogurt 200g + 100 g red delicious apple + 15g whole raw almonds + g50 rolled whole grain oats,[],"{""items"":[{""name"":""yogurt, plain, nonfat"",""quantity"":200,""unit"":""g"",""kcal"":100},{""name"":""apples, red delicious, with skin, raw"",""quantity"":100,""unit"":""g"",""kcal"":62},{""name"":""nuts, almonds, whole, raw"",""quantity"":15,""unit"":""g"",""kcal"":88},{""name"":""oats, whole grain, rolled, old fashioned"",""quantity"":50,""unit"":""g"",""kcal"":189}],""totalKcal"":439,""mealType"":""unknown"",""timeOffset"":""PT0M""}",multi-food-data.csv:000934
multi-food-data.csv:000935,plain whole milk yogurt 100 grams + blueberries g150 + whole raw almonds 20 g + 70 g rolled whole grain oats breakfast,[],"{""items"":[{""name"":""yogurt, plain, whole milk"",""quantity"":100,""unit"":""g"",""kcal"":77},{""name"":""blueberries, raw"",""quantity"":150,""unit"":""g"",""kcal"":86},{""name"":""nuts, almonds, whole, raw"",""quantity"":20,""unit"":""g"",""kcal"":117},{""name"":""oats, whole grain, rolled, old fashioned"",""quantity"":70,""unit"":""g"",""kcal"":265}],""totalKcal"":545,""mealType"":""breakfast"",""timeOffset"":""PT0M""}",multi-food-data.csv:000935
multi-food-data.csv:000936,ate commercial hummus 1tbsp + raw romaine lettuce 100 g + whole wheat bread 1slice + 1 slice american cheese,[],"{""items"":[{""name"":""hummus, commercial"",""quantity"":1,""unit"":""tablespoon"",""kcal"":39},{""name"":""lettuce, romaine, green, raw"",""quantity"":100,""unit"":""g"",""kcal"":17},{""name"":""bread, whole-wheat, commercially prepared"",""quantity"":1,""unit"":""slice"",""kcal"":82},{""name"":""cheese, american, restaurant"",""quantity"":1,""unit"":""slice"",""kcal"":60}],""totalKcal"":198,""mealType"":""unknown"",""timeOffset"":""PT0M""}",multi-food-data.csv:000936
multi-food-data.csv:000937,ate plain whole milk yogurt 150 g + 100 gr blueberries + 15g whole raw almonds + rolled whole grain oats 50g snack,[],"{""items"":[{""name"":""yogurt, plain, whole milk"",""quantity"":150,""unit"":""g"",""kcal"":116},{""name"":""blueberries, raw"",""quantity"":100,""unit"":""g"",""kcal"":57},{""name"":""nuts, almonds, whole, raw"",""quantity"":15,""unit"":""g"",""kcal"":88},{""name"":""oats, whole grain, rolled, old fashioned"",""quantity"":50,""unit"":""g"",""kcal"":189}],""totalKcal"":450,""mealType"":""snack"",""timeOffset"":""PT0M""}",multi-food-data.csv:000937
multi-food-data.csv:000938,plain nonfat greek yogurt 200 gr + strawberries 150g + raw english walnut halves 20 grams + 30g rolled whole grain oats snack -14d,[],"{""items"":[{""name"":""yogurt, greek, plain, nonfat"",""quantity"":200,""unit"":""g"",""kcal"":122},{""name"":""strawberries, raw"",""quantity"":150,""unit"":""g"",""kcal"":47},{""name"":""nuts, walnuts, english, halves, raw"",""quantity"":20,""unit"":""g"",""kcal"":136},{""name"":""oats, whole grain, rolled, old fashioned"",""quantity"":30,""unit"":""g"",""kcal"":114}],""totalKcal"":419,""mealType"":""snack"",""timeOffset"":""-P14D""}",multi-food-data.csv:000938
multi-food-data.csv:000939,200g plain whole milk yogurt + 100 gr strawberries + whole raw almonds 30 gr + 50g rolled whole grain oats snack,[],"{""items"":[{""name"":""yogurt, plain, whole milk"",""quantity"":200,""unit"":""g"",""kcal"":155},{""name"":""strawberries, raw"",""quantity"":100,""unit"":""g"",""kcal"":31},{""name"":""nuts, almonds, whole, raw"",""quantity"":30,""unit"":""g"",""kcal"":175},{""name"":""oats, whole grain, rolled, old fashioned"",""quantity"":50,""unit"":""g"",""kcal"":189}],""totalKcal"":550,""mealType"":""snack"",""timeOffset"":""PT0M""}",multi-food-data.csv:000939
multi-food-data.csv:000940,ate white bread 2slice + 1slice ham + swiss cheese 1slice + 100 gr raw romaine lettuce lunch,[],"{""items"":[{""name"":""bread, white, commercially prepared"",""quantity"":2,""unit"":""slice"",""kcal"":147},{""name"":""ham, sliced, pre-packaged, deli meat (96%fat free, water added)"",""quantity"":1,""unit"":""slice"",""kcal"":14},{""name"":""cheese, swiss"",""quantity"":1,""unit"":""slice"",""kcal"":43},{""name"":""lettuce, romaine, green, raw"",""quantity"":100,""unit"":""g"",""kcal"":17}],""totalKcal"":221,""mealType"":""lunch"",""timeOffset"":""PT0M""}",multi-food-data.csv:000940
multi-food-data.csv:000941,blueberries g100 + rolled whole grain oats g50 + raw english walnut halves 20 gr + 200 grams plain whole milk yogurt breakfast -12d,[],"{""items"":[{""name"":""blueberries, raw"",""quantity"":100,""unit"":""g"",""kcal"":57},{""name"":""oats, whole grain, rolled, old fashioned"",""quantity"":50,""unit"":""g"",""kcal"":189},{""name"":""nuts, walnuts, english, halves, raw"",""quantity"":20,""unit"":""g"",""kcal"":136},{""name"":""yogurt, plain, whole milk"",""quantity"":200,""unit"":""g"",""kcal"":155}],""totalKcal"":537,""mealType"":""breakfast"",""timeOffset"":""-P12D""}",multi-food-data.csv:000941
multi-food-data.csv:000942,100 g plain whole milk yogurt + 100 g red delicious apple + raw english walnut halves 20 g + rolled whole grain oats 30 gr bf,[],"{""items"":[{""name"":""yogurt, plain, whole milk"",""quantity"":100,""unit"":""g"",""kcal"":77},{""name"":""apples, red delicious, with skin, raw"",""quantity"":100,""unit"":""g"",""kcal"":62},{""name"":""nuts, walnuts, english, halves, raw"",""quantity"":20,""unit"":""g"",""kcal"":136},{""name"":""oats, whole grain, rolled, old fashioned"",""quantity"":30,""unit"":""g"",""kcal"":114}],""totalKcal"":389,""mealType"":""breakfast"",""timeOffset"":""PT0M""}",multi-food-data.csv:000942
multi-food-data.csv:000943,raspberries 150 g + g30 raw peanuts + 150 gr plain nonfat yogurt + rolled whole grain oats 50 grams bf -4h,[],"{""items"":[{""name"":""raspberries, raw"",""quantity"":150,""unit"":""g"",""kcal"":77},{""name"":""peanuts, raw"",""quantity"":30,""unit"":""g"",""kcal"":165},{""name"":""yogurt, plain, nonfat"",""quantity"":150,""unit"":""g"",""kcal"":75},{""name"":""oats, whole grain, rolled, old fashioned"",""quantity"":50,""unit"":""g"",""kcal"":189}],""totalKcal"":506,""mealType"":""breakfast"",""timeOffset"":""-PT4H""}",multi-food-data.csv:000943
multi-food-data.csv:000944,150 g plain whole milk yogurt + 150 g raspberries + 20 g raw english walnut halves + rolled whole grain oats 70 g,[],"{""items"":[{""name"":""yogurt, plain, whole milk"",""quantity"":150,""unit"":""g"",""kcal"":116},{""name"":""raspberries, raw"",""quantity"":150,""unit"":""g"",""kcal"":77},{""name"":""nuts, walnuts, english, halves, raw"",""quantity"":20,""unit"":""g"",""kcal"":136},{""name"":""oats, whole grain, rolled, old fashioned"",""quantity"":70,""unit"":""g"",""kcal"":265}],""totalKcal"":594,""mealType"":""unknown"",""timeOffset"":""PT0M""}",multi-food-data.csv:000944
multi-food-data.csv:000945,ate tbsp1 commercial hummus + 150 grams raw cucumber with peel + 2slice white bread + 1 slice american cheese snack,[],"{""items"":[{""name"":""hummus, commercial"",""quantity"":1,""unit"":""tablespoon"",""kcal"":39},{""name"":""cucumber, with peel, raw"",""quantity"":150,""unit"":""g"",""kcal"":21},{""name"":""bread, white, commercially prepared"",""quantity"":2,""unit"":""slice"",""kcal"":147},{""name"":""cheese, american, restaurant"",""quantity"":1,""unit"":""slice"",""kcal"":60}],""totalKcal"":267,""mealType"":""snack"",""timeOffset"":""PT0M""}",multi-food-data.csv:000945
multi-food-data.csv:000946,ate 2% cottage cheese 0.5 cups + 150 g raspberries + 15g raw peanuts + 50 gr rolled whole grain oats,[],"{""items"":[{""name"":""cheese, cottage, lowfat, 2% milkfat"",""quantity"":0.5,""unit"":""cup"",""kcal"":92},{""name"":""raspberries, raw"",""quantity"":150,""unit"":""g"",""kcal"":77},{""name"":""peanuts, raw"",""quantity"":15,""unit"":""g"",""kcal"":83},{""name"":""oats, whole grain, rolled, old fashioned"",""quantity"":50,""unit"":""g"",""kcal"":189}],""totalKcal"":441,""mealType"":""unknown"",""timeOffset"":""PT0M""}",multi-food-data.csv:000946
multi-food-data.csv:000947,ate commercial hummus 2tbsp + 100 gr raw romaine lettuce + slice2 white bread + cheddar cheese slice2 kcal381 lunch 5h ago,[],"{""items"":[{""name"":""hummus, commercial"",""quantity"":2,""unit"":""tablespoon"",""kcal"":78},{""name"":""lettuce, romaine, green, raw"",""quantity"":100,""unit"":""g"",""kcal"":17},{""name"":""bread, white, commercially prepared"",""quantity"":2,""unit"":""slice"",""kcal"":147},{""name"":""cheese, cheddar"",""quantity"":2,""unit"":""slice"",""kcal"":139}],""totalKcal"":381,""mealType"":""lunch"",""timeOffset"":""-PT5H""}",multi-food-data.csv:000947
multi-food-data.csv:000948,2% cottage cheese cup0.5 + 200g red delicious apple + raw peanuts 20 grams + g50 rolled whole grain oats snack -14d,[],"{""items"":[{""name"":""cheese, cottage, lowfat, 2% milkfat"",""quantity"":0.5,""unit"":""cup"",""kcal"":92},{""name"":""apples, red delicious, with skin, raw"",""quantity"":200,""unit"":""g"",""kcal"":124},{""name"":""peanuts, raw"",""quantity"":20,""unit"":""g"",""kcal"":110},{""name"":""oats, whole grain, rolled, old fashioned"",""quantity"":50,""unit"":""g"",""kcal"":189}],""totalKcal"":515,""mealType"":""snack"",""timeOffset"":""-P14D""}",multi-food-data.csv:000948
multi-food-data.csv:000949,ate 2% cottage cheese cup0.5 + raw peanuts 20 gr + 150 gr raspberries + rolled whole grain oats 30 grams kcal393,[],"{""items"":[{""name"":""cheese, cottage, lowfat, 2% milkfat"",""quantity"":0.5,""unit"":""cup"",""kcal"":92},{""name"":""peanuts, raw"",""quantity"":20,""unit"":""g"",""kcal"":110},{""name"":""raspberries, raw"",""quantity"":150,""unit"":""g"",""kcal"":77},{""name"":""oats, whole grain, rolled, old fashioned"",""quantity"":30,""unit"":""g"",""kcal"":114}],""totalKcal"":393,""mealType"":""unknown"",""timeOffset"":""PT0M""}",multi-food-data.csv:000949
multi-food-data.csv:000950,red delicious apple g150 + g50 rolled whole grain oats + 30g raw english walnut halves + plain whole milk yogurt 100 g 18d ago,[],"{""items"":[{""name"":""apples, red delicious, with skin, raw"",""quantity"":150,""unit"":""g"",""kcal"":93},{""name"":""oats, whole grain, rolled, old fashioned"",""quantity"":50,""unit"":""g"",""kcal"":189},{""name"":""nuts, walnuts, english, halves, raw"",""quantity"":30,""unit"":""g"",""kcal"":204},{""name"":""yogurt, plain, whole milk"",""quantity"":100,""unit"":""g"",""kcal"":77}],""totalKcal"":563,""mealType"":""unknown"",""timeOffset"":""-P18D""}",multi-food-data.csv:000950
multi-food-data.csv:000951,ate 100 g plain nonfat yogurt + blueberries 150g + whole raw almonds 20 g + rolled whole grain oats 30 g kcal367 -6h,[],"{""items"":[{""name"":""yogurt, plain, nonfat"",""quantity"":100,""unit"":""g"",""kcal"":50},{""name"":""blueberries, raw"",""quantity"":150,""unit"":""g"",""kcal"":86},{""name"":""nuts, almonds, whole, raw"",""quantity"":20,""unit"":""g"",""kcal"":117},{""name"":""oats, whole grain, rolled, old fashioned"",""quantity"":30,""unit"":""g"",""kcal"":114}],""totalKcal"":367,""mealType"":""unknown"",""timeOffset"":""-PT6H""}",multi-food-data.csv:000951
multi-food-data.csv:000952,200g plain nonfat greek yogurt + strawberries 100 gr + g15 raw english walnut halves + rolled whole grain oats 30 grams breakfast,[],"{""items"":[{""name"":""yogurt, greek, plain, nonfat"",""quantity"":200,""unit"":""g"",""kcal"":122},{""name"":""strawberries, raw"",""quantity"":100,""unit"":""g"",""kcal"":31},{""name"":""nuts, walnuts, english, halves, raw"",""quantity"":15,""unit"":""g"",""kcal"":102},{""name"":""oats, whole grain, rolled, old fashioned"",""quantity"":30,""unit"":""g"",""kcal"":114}],""totalKcal"":369,""mealType"":""breakfast"",""timeOffset"":""PT0M""}",multi-food-data.csv:000952
multi-food-data.csv:000953,ate 100 grams plain whole milk yogurt + 100 grams raspberries + 20 gr whole raw almonds + 30 g rolled whole grain oats breakfast 23d ago,[],"{""items"":[{""name"":""yogurt, plain, whole milk"",""quantity"":100,""unit"":""g"",""kcal"":77},{""name"":""raspberries, raw"",""quantity"":100,""unit"":""g"",""kcal"":51},{""name"":""nuts, almonds, whole, raw"",""quantity"":20,""unit"":""g"",""kcal"":117},{""name"":""oats, whole grain, rolled, old fashioned"",""quantity"":30,""unit"":""g"",""kcal"":114}],""totalKcal"":359,""mealType"":""breakfast"",""timeOffset"":""-P23D""}",multi-food-data.csv:000953
multi-food-data.csv:000954,100 gr plain nonfat yogurt + 200 g red delicious apple + g15 raw peanuts + rolled whole grain oats 30 g 371 cal breakfast,[],"{""items"":[{""name"":""yogurt, plain, nonfat"",""quantity"":100,""unit"":""g"",""kcal"":50},{""name"":""apples, red delicious, with skin, raw"",""quantity"":200,""unit"":""g"",""kcal"":124},{""name"":""peanuts, raw"",""quantity"":15,""unit"":""g"",""kcal"":83},{""name"":""oats, whole grain, rolled, old fashioned"",""quantity"":30,""unit"":""g"",""kcal"":114}],""totalKcal"":371,""mealType"":""breakfast"",""timeOffset"":""PT0M""}",multi-food-data.csv:000954
multi-food-data.csv:000955,plain nonfat greek yogurt 200 grams + raspberries 200 gr + 15g raw english walnut halves + rolled whole grain oats 30 grams +1d,[],"{""items"":[{""name"":""yogurt, greek, plain, nonfat"",""quantity"":200,""unit"":""g"",""kcal"":122},{""name"":""raspberries, raw"",""quantity"":200,""unit"":""g"",""kcal"":103},{""name"":""nuts, walnuts, english, halves, raw"",""quantity"":15,""unit"":""g"",""kcal"":102},{""name"":""oats, whole grain, rolled, old fashioned"",""quantity"":30,""unit"":""g"",""kcal"":114}],""totalKcal"":441,""mealType"":""unknown"",""timeOffset"":""P1D""}",multi-food-data.csv:000955
multi-food-data.csv:000956,1slice white bread + ham 2 slices + cheddar cheese slice2 + 100g raw romaine lettuce bf,[],"{""items"":[{""name"":""bread, white, commercially prepared"",""quantity"":1,""unit"":""slice"",""kcal"":74},{""name"":""ham, sliced, pre-packaged, deli meat (96%fat free, water added)"",""quantity"":2,""unit"":""slice"",""kcal"":29},{""name"":""cheese, cheddar"",""quantity"":2,""unit"":""slice"",""kcal"":139},{""name"":""lettuce, romaine, green, raw"",""quantity"":100,""unit"":""g"",""kcal"":17}],""totalKcal"":259,""mealType"":""breakfast"",""timeOffset"":""PT0M""}",multi-food-data.csv:000956
multi-food-data.csv:000957,ate plain nonfat yogurt 100g + 150 gr strawberries + raw english walnut halves 30 gr + 30 g rolled whole grain oats breakfast 21d ago,[],"{""items"":[{""name"":""yogurt, plain, nonfat"",""quantity"":100,""unit"":""g"",""kcal"":50},{""name"":""strawberries, raw"",""quantity"":150,""unit"":""g"",""kcal"":47},{""name"":""nuts, walnuts, english, halves, raw"",""quantity"":30,""unit"":""g"",""kcal"":204},{""name"":""oats, whole grain, rolled, old fashioned"",""quantity"":30,""unit"":""g"",""kcal"":114}],""totalKcal"":415,""mealType"":""breakfast"",""timeOffset"":""-P21D""}",multi-food-data.csv:000957
multi-food-data.csv:000958,150 gr plain whole milk yogurt + red delicious apple 150 grams + g15 raw peanuts + 30g rolled whole grain oats breakfast,[],"{""items"":[{""name"":""yogurt, plain, whole milk"",""quantity"":150,""unit"":""g"",""kcal"":116},{""name"":""apples, red delicious, with skin, raw"",""quantity"":150,""unit"":""g"",""kcal"":93},{""name"":""peanuts, raw"",""quantity"":15,""unit"":""g"",""kcal"":83},{""name"":""oats, whole grain, rolled, old fashioned"",""quantity"":30,""unit"":""g"",""kcal"":114}],""totalKcal"":406,""mealType"":""breakfast"",""timeOffset"":""PT0M""}",multi-food-data.csv:000958
multi-food-data.csv:000959,ate g100 blueberries + 150 g plain nonfat yogurt + rolled whole grain oats 50g + raw peanuts g20,[],"{""items"":[{""name"":""blueberries, raw"",""quantity"":100,""unit"":""g"",""kcal"":57},{""name"":""yogurt, plain, nonfat"",""quantity"":150,""unit"":""g"",""kcal"":75},{""name"":""oats, whole grain, rolled, old fashioned"",""quantity"":50,""unit"":""g"",""kcal"":189},{""name"":""peanuts, raw"",""quantity"":20,""unit"":""g"",""kcal"":110}],""totalKcal"":431,""mealType"":""unknown"",""timeOffset"":""PT0M""}",multi-food-data.csv:000959
multi-food-data.csv:000960,cup1 2% cottage cheese + red delicious apple 200 grams + g30 whole raw almonds + rolled whole grain oats g70 snack 20h ago,[],"{""items"":[{""name"":""cheese, cottage, lowfat, 2% milkfat"",""quantity"":1,""unit"":""cup"",""kcal"":185},{""name"":""apples, red delicious, with skin, raw"",""quantity"":200,""unit"":""g"",""kcal"":124},{""name"":""nuts, almonds, whole, raw"",""quantity"":30,""unit"":""g"",""kcal"":175},{""name"":""oats, whole grain, rolled, old fashioned"",""quantity"":70,""unit"":""g"",""kcal"":265}],""totalKcal"":749,""mealType"":""snack"",""timeOffset"":""-PT20H""}",multi-food-data.csv:000960
multi-food-data.csv:000961,g100 plain whole milk yogurt + red delicious apple 100 gr + 20 gr raw peanuts + rolled whole grain oats 30 gr snack 12d ago,[],"{""items"":[{""name"":""yogurt, plain, whole milk"",""quantity"":100,""unit"":""g"",""kcal"":77},{""name"":""apples, red delicious, with skin, raw"",""quantity"":100,""unit"":""g"",""kcal"":62},{""name"":""peanuts, raw"",""quantity"":20,""unit"":""g"",""kcal"":110},{""name"":""oats, whole grain, rolled, old fashioned"",""quantity"":30,""unit"":""g"",""kcal"":114}],""totalKcal"":363,""mealType"":""snack"",""timeOffset"":""-P12D""}",multi-food-data.csv:000961
multi-food-data.csv:000962,150 gr plain nonfat greek yogurt + 100 gr red delicious apple + whole raw almonds g30 + 50 gr rolled whole grain oats +1d,[],"{""items"":[{""name"":""yogurt, greek, plain, nonfat"",""quantity"":150,""unit"":""g"",""kcal"":92},{""name"":""apples, red delicious, with skin, raw"",""quantity"":100,""unit"":""g"",""kcal"":62},{""name"":""nuts, almonds, whole, raw"",""quantity"":30,""unit"":""g"",""kcal"":175},{""name"":""oats, whole grain, rolled, old fashioned"",""quantity"":50,""unit"":""g"",""kcal"":189}],""totalKcal"":518,""mealType"":""unknown"",""timeOffset"":""P1D""}",multi-food-data.csv:000962
multi-food-data.csv:000963,ate commercial hummus 1 tablespoon + g100 raw roma tomato + whole wheat bread 1 slice + slice1 cheddar cheese -13d,[],"{""items"":[{""name"":""hummus, commercial"",""quantity"":1,""unit"":""tablespoon"",""kcal"":39},{""name"":""tomato, roma"",""quantity"":100,""unit"":""g"",""kcal"":19},{""name"":""bread, whole-wheat, commercially prepared"",""quantity"":1,""unit"":""slice"",""kcal"":82},{""name"":""cheese, cheddar"",""quantity"":1,""unit"":""slice"",""kcal"":69}],""totalKcal"":209,""mealType"":""unknown"",""timeOffset"":""-P13D""}",multi-food-data.csv:000963
multi-food-data.csv:000964,150 grams plain nonfat yogurt + raspberries 200 grams + 30g whole raw almonds + g30 rolled whole grain oats snack 19h ago,[],"{""items"":[{""name"":""yogurt, plain, nonfat"",""quantity"":150,""unit"":""g"",""kcal"":75},{""name"":""raspberries, raw"",""quantity"":200,""unit"":""g"",""kcal"":103},{""name"":""nuts, almonds, whole, raw"",""quantity"":30,""unit"":""g"",""kcal"":175},{""name"":""oats, whole grain, rolled, old fashioned"",""quantity"":30,""unit"":""g"",""kcal"":114}],""totalKcal"":467,""mealType"":""snack"",""timeOffset"":""-PT19H""}",multi-food-data.csv:000964
multi-food-data.csv:000965,100 g plain nonfat greek yogurt + 200 g strawberries + g15 whole raw almonds + g50 rolled whole grain oats,[],"{""items"":[{""name"":""yogurt, greek, plain, nonfat"",""quantity"":100,""unit"":""g"",""kcal"":61},{""name"":""strawberries, raw"",""quantity"":200,""unit"":""g"",""kcal"":62},{""name"":""nuts, almonds, whole, raw"",""quantity"":15,""unit"":""g"",""kcal"":88},{""name"":""oats, whole grain, rolled, old fashioned"",""quantity"":50,""unit"":""g"",""kcal"":189}],""totalKcal"":400,""mealType"":""unknown"",""timeOffset"":""PT0M""}",multi-food-data.csv:000965
multi-food-data.csv:000966,ate 1cup 2% cottage cheese + 100 gr blueberries + 30 grams raw english walnut halves + rolled whole grain oats 30g bf -16d,[],"{""items"":[{""name"":""cheese, cottage, lowfat, 2% milkfat"",""quantity"":1,""unit"":""cup"",""kcal"":185},{""name"":""blueberries, raw"",""quantity"":100,""unit"":""g"",""kcal"":57},{""name"":""nuts, walnuts, english, halves, raw"",""quantity"":30,""unit"":""g"",""kcal"":204},{""name"":""oats, whole grain, rolled, old fashioned"",""quantity"":30,""unit"":""g"",""kcal"":114}],""totalKcal"":560,""mealType"":""breakfast"",""timeOffset"":""-P16D""}",multi-food-data.csv:000966
multi-food-data.csv:000967,plain whole milk yogurt 150 grams + red delicious apple 100g + 30 gr raw peanuts + rolled whole grain oats 30 gr kcal457 snack,[],"{""items"":[{""name"":""yogurt, plain, whole milk"",""quantity"":150,""unit"":""g"",""kcal"":116},{""name"":""apples, red delicious, with skin, raw"",""quantity"":100,""unit"":""g"",""kcal"":62},{""name"":""peanuts, raw"",""quantity"":30,""unit"":""g"",""kcal"":165},{""name"":""oats, whole grain, rolled, old fashioned"",""quantity"":30,""unit"":""g"",""kcal"":114}],""totalKcal"":457,""mealType"":""snack"",""timeOffset"":""PT0M""}",multi-food-data.csv:000967
multi-food-data.csv:000968,150 g plain nonfat yogurt + 200 grams red delicious apple + 15g whole raw almonds + rolled whole grain oats 30 g breakfast 2d ago,[],"{""items"":[{""name"":""yogurt, plain, nonfat"",""quantity"":150,""unit"":""g"",""kcal"":75},{""name"":""apples, red delicious, with skin, raw"",""quantity"":200,""unit"":""g"",""kcal"":124},{""name"":""nuts, almonds, whole, raw"",""quantity"":15,""unit"":""g"",""kcal"":88},{""name"":""oats, whole grain, rolled, old fashioned"",""quantity"":30,""unit"":""g"",""kcal"":114}],""totalKcal"":401,""mealType"":""breakfast"",""timeOffset"":""-P2D""}",multi-food-data.csv:000968
multi-food-data.csv:000969,american cheese 2 slices + 50g raw roma tomato + whole wheat bread slice1 + tbsp1 commercial hummus 4h ago,[],"{""items"":[{""name"":""cheese, american, restaurant"",""quantity"":2,""unit"":""slice"",""kcal"":120},{""name"":""tomato, roma"",""quantity"":50,""unit"":""g"",""kcal"":9},{""name"":""bread, whole-wheat, commercially prepared"",""quantity"":1,""unit"":""slice"",""kcal"":82},{""name"":""hummus, commercial"",""quantity"":1,""unit"":""tablespoon"",""kcal"":39}],""totalKcal"":250,""mealType"":""unknown"",""timeOffset"":""-PT4H""}",multi-food-data.csv:000969
multi-food-data.csv:000970,ate plain whole milk yogurt 100 grams + 150 grams strawberries + 20g raw peanuts + 50g rolled whole grain oats snack -9d,[],"{""items"":[{""name"":""yogurt, plain, whole milk"",""quantity"":100,""unit"":""g"",""kcal"":77},{""name"":""strawberries, raw"",""quantity"":150,""unit"":""g"",""kcal"":47},{""name"":""peanuts, raw"",""quantity"":20,""unit"":""g"",""kcal"":110},{""name"":""oats, whole grain, rolled, old fashioned"",""quantity"":50,""unit"":""g"",""kcal"":189}],""totalKcal"":423,""mealType"":""snack"",""timeOffset"":""-P9D""}",multi-food-data.csv:000970
multi-food-data.csv:000971,ate 200 grams plain nonfat greek yogurt + strawberries 100 grams + 30 grams whole raw almonds + rolled whole grain oats 30 grams snack,[],"{""items"":[{""name"":""yogurt, greek, plain, nonfat"",""quantity"":200,""unit"":""g"",""kcal"":122},{""name"":""strawberries, raw"",""quantity"":100,""unit"":""g"",""kcal"":31},{""name"":""nuts, almonds, whole, raw"",""quantity"":30,""unit"":""g"",""kcal"":175},{""name"":""oats, whole grain, rolled, old fashioned"",""quantity"":30,""unit"":""g"",""kcal"":114}],""totalKcal"":442,""mealType"":""snack"",""timeOffset"":""PT0M""}",multi-food-data.csv:000971
multi-food-data.csv:000972,commercial hummus 1 tablespoon + 50g raw roma tomato + 1 slice white bread + cheddar cheese 1slice snack,[],"{""items"":[{""name"":""hummus, commercial"",""quantity"":1,""unit"":""tablespoon"",""kcal"":39},{""name"":""tomato, roma"",""quantity"":50,""unit"":""g"",""kcal"":9},{""name"":""bread, white, commercially prepared"",""quantity"":1,""unit"":""slice"",""kcal"":74},{""name"":""cheese, cheddar"",""quantity"":1,""unit"":""slice"",""kcal"":69}],""totalKcal"":191,""mealType"":""snack"",""timeOffset"":""PT0M""}",multi-food-data.csv:000972
multi-food-data.csv:000973,200g plain nonfat greek yogurt + 100 grams red delicious apple + 15 grams whole raw almonds + g50 rolled whole grain oats snack -22d,[],"{""items"":[{""name"":""yogurt, greek, plain, nonfat"",""quantity"":200,""unit"":""g"",""kcal"":122},{""name"":""apples, red delicious, with skin, raw"",""quantity"":100,""unit"":""g"",""kcal"":62},{""name"":""nuts, almonds, whole, raw"",""quantity"":15,""unit"":""g"",""kcal"":88},{""name"":""oats, whole grain, rolled, old fashioned"",""quantity"":50,""unit"":""g"",""kcal"":189}],""totalKcal"":461,""mealType"":""snack"",""timeOffset"":""-P22D""}",multi-food-data.csv:000973
multi-food-data.csv:000974,tbsp1 commercial hummus + 150 g raw cucumber with peel + white bread slice2 + 1slice cheddar cheese snack 17h ago,[],"{""items"":[{""name"":""hummus, commercial"",""quantity"":1,""unit"":""tablespoon"",""kcal"":39},{""name"":""cucumber, with peel, raw"",""quantity"":150,""unit"":""g"",""kcal"":21},{""name"":""bread, white, commercially prepared"",""quantity"":2,""unit"":""slice"",""kcal"":147},{""name"":""cheese, cheddar"",""quantity"":1,""unit"":""slice"",""kcal"":69}],""totalKcal"":276,""mealType"":""snack"",""timeOffset"":""-PT17H""}",multi-food-data.csv:000974
multi-food-data.csv:000975,plain whole milk yogurt g200 + g100 raspberries + 20 gr whole raw almonds + rolled whole grain oats 50 gr bf -23h,[],"{""items"":[{""name"":""yogurt, plain, whole milk"",""quantity"":200,""unit"":""g"",""kcal"":155},{""name"":""raspberries, raw"",""quantity"":100,""unit"":""g"",""kcal"":51},{""name"":""nuts, almonds, whole, raw"",""quantity"":20,""unit"":""g"",""kcal"":117},{""name"":""oats, whole grain, rolled, old fashioned"",""quantity"":50,""unit"":""g"",""kcal"":189}],""totalKcal"":512,""mealType"":""breakfast"",""timeOffset"":""-PT23H""}",multi-food-data.csv:000975
multi-food-data.csv:000976,rolled whole grain oats 70 grams + whole raw almonds 30g + strawberries g150 + plain whole milk yogurt 200g bf,[],"{""items"":[{""name"":""oats, whole grain, rolled, old fashioned"",""quantity"":70,""unit"":""g"",""kcal"":265},{""name"":""nuts, almonds, whole, raw"",""quantity"":30,""unit"":""g"",""kcal"":175},{""name"":""strawberries, raw"",""quantity"":150,""unit"":""g"",""kcal"":47},{""name"":""yogurt, plain, whole milk"",""quantity"":200,""unit"":""g"",""kcal"":155}],""totalKcal"":642,""mealType"":""breakfast"",""timeOffset"":""PT0M""}",multi-food-data.csv:000976
multi-food-data.csv:000977,tbsp3 commercial hummus + g150 raw roma tomato + whole wheat bread 1slice + 1slice swiss cheese,[],"{""items"":[{""name"":""hummus, commercial"",""quantity"":3,""unit"":""tablespoon"",""kcal"":116},{""name"":""tomato, roma"",""quantity"":150,""unit"":""g"",""kcal"":28},{""name"":""bread, whole-wheat, commercially prepared"",""quantity"":1,""unit"":""slice"",""kcal"":82},{""name"":""cheese, swiss"",""quantity"":1,""unit"":""slice"",""kcal"":43}],""totalKcal"":269,""mealType"":""unknown"",""timeOffset"":""PT0M""}",multi-food-data.csv:000977
multi-food-data.csv:000978,g200 plain nonfat greek yogurt + 200 g red delicious apple + g30 raw peanuts + rolled whole grain oats g30 snack 9d ago,[],"{""items"":[{""name"":""yogurt, greek, plain, nonfat"",""quantity"":200,""unit"":""g"",""kcal"":122},{""name"":""apples, red delicious, with skin, raw"",""quantity"":200,""unit"":""g"",""kcal"":124},{""name"":""peanuts, raw"",""quantity"":30,""unit"":""g"",""kcal"":165},{""name"":""oats, whole grain, rolled, old fashioned"",""quantity"":30,""unit"":""g"",""kcal"":114}],""totalKcal"":525,""mealType"":""snack"",""timeOffset"":""-P9D""}",multi-food-data.csv:000978
multi-food-data.csv:000979,0.5 cups 2% cottage cheese + rolled whole grain oats 50 gr + raspberries 150 g + raw english walnut halves 30g breakfast 9h ago,[],"{""items"":[{""name"":""cheese, cottage, lowfat, 2% milkfat"",""quantity"":0.5,""unit"":""cup"",""kcal"":92},{""name"":""oats, whole grain, rolled, old fashioned"",""quantity"":50,""unit"":""g"",""kcal"":189},{""name"":""raspberries, raw"",""quantity"":150,""unit"":""g"",""kcal"":77},{""name"":""nuts, walnuts, english, halves, raw"",""quantity"":30,""unit"":""g"",""kcal"":204}],""totalKcal"":562,""mealType"":""breakfast"",""timeOffset"":""-PT9H""}",multi-food-data.csv:000979
multi-food-data.csv:000980,2tbsp commercial hummus + 100 g raw cucumber with peel + whole wheat bread slice2 + 1slice american cheese,[],"{""items"":[{""name"":""hummus, commercial"",""quantity"":2,""unit"":""tablespoon"",""kcal"":78},{""name"":""cucumber, with peel, raw"",""quantity"":100,""unit"":""g"",""kcal"":14},{""name"":""bread, whole-wheat, commercially prepared"",""quantity"":2,""unit"":""slice"",""kcal"":163},{""name"":""cheese, american, restaurant"",""quantity"":1,""unit"":""slice"",""kcal"":60}],""totalKcal"":315,""mealType"":""unknown"",""timeOffset"":""PT0M""}",multi-food-data.csv:000980
multi-food-data.csv:000981,ate 3tbsp commercial hummus + raw roma tomato 50 grams + slice2 white bread + swiss cheese slice1 315kcal,[],"{""items"":[{""name"":""hummus, commercial"",""quantity"":3,""unit"":""tablespoon"",""kcal"":116},{""name"":""tomato, roma"",""quantity"":50,""unit"":""g"",""kcal"":9},{""name"":""bread, white, commercially prepared"",""quantity"":2,""unit"":""slice"",""kcal"":147},{""name"":""cheese, swiss"",""quantity"":1,""unit"":""slice"",""kcal"":43}],""totalKcal"":315,""mealType"":""unknown"",""timeOffset"":""PT0M""}",multi-food-data.csv:000981
multi-food-data.csv:000982,1 cup 2% cottage cheese + raspberries g100 + 15 g raw english walnut halves + 30 grams rolled whole grain oats,[],"{""items"":[{""name"":""cheese, cottage, lowfat, 2% milkfat"",""quantity"":1,""unit"":""cup"",""kcal"":185},{""name"":""raspberries, raw"",""quantity"":100,""unit"":""g"",""kcal"":51},{""name"":""nuts, walnuts, english, halves, raw"",""quantity"":15,""unit"":""g"",""kcal"":102},{""name"":""oats, whole grain, rolled, old fashioned"",""quantity"":30,""unit"":""g"",""kcal"":114}],""totalKcal"":452,""mealType"":""unknown"",""timeOffset"":""PT0M""}",multi-food-data.csv:000982
multi-food-data.csv:000983,ate 2% cottage cheese cup1 + raspberries g150 + whole raw almonds 30 g + 70 grams rolled whole grain oats,[],"{""items"":[{""name"":""cheese, cottage, lowfat, 2% milkfat"",""quantity"":1,""unit"":""cup"",""kcal"":185},{""name"":""raspberries, raw"",""quantity"":150,""unit"":""g"",""kcal"":77},{""name"":""nuts, almonds, whole, raw"",""quantity"":30,""unit"":""g"",""kcal"":175},{""name"":""oats, whole grain, rolled, old fashioned"",""quantity"":70,""unit"":""g"",""kcal"":265}],""totalKcal"":702,""mealType"":""unknown"",""timeOffset"":""PT0M""}",multi-food-data.csv:000983
multi-food-data.csv:000984,ate 2slice whole wheat bread + slice2 ham + swiss cheese slice1 + 50g raw romaine lettuce bf,[],"{""items"":[{""name"":""bread, whole-wheat, commercially prepared"",""quantity"":2,""unit"":""slice"",""kcal"":163},{""name"":""ham, sliced, pre-packaged, deli meat (96%fat free, water added)"",""quantity"":2,""unit"":""slice"",""kcal"":29},{""name"":""cheese, swiss"",""quantity"":1,""unit"":""slice"",""kcal"":43},{""name"":""lettuce, romaine, green, raw"",""quantity"":50,""unit"":""g"",""kcal"":9}],""totalKcal"":244,""mealType"":""breakfast"",""timeOffset"":""PT0M""}",multi-food-data.csv:000984
multi-food-data.csv:000985,ate cup0.5 2% cottage cheese + 150g red delicious apple + 15 g raw peanuts + rolled whole grain oats g50 snack 7h ago,[],"{""items"":[{""name"":""cheese, cottage, lowfat, 2% milkfat"",""quantity"":0.5,""unit"":""cup"",""kcal"":92},{""name"":""apples, red delicious, with skin, raw"",""quantity"":150,""unit"":""g"",""kcal"":93},{""name"":""peanuts, raw"",""quantity"":15,""unit"":""g"",""kcal"":83},{""name"":""oats, whole grain, rolled, old fashioned"",""quantity"":50,""unit"":""g"",""kcal"":189}],""totalKcal"":457,""mealType"":""snack"",""timeOffset"":""-PT7H""}",multi-food-data.csv:000985
multi-food-data.csv:000986,ate 0.5 cups 2% cottage cheese + rolled whole grain oats 30g + 100 g blueberries + raw peanuts 30 g kcal428 23d ago,[],"{""items"":[{""name"":""cheese, cottage, lowfat, 2% milkfat"",""quantity"":0.5,""unit"":""cup"",""kcal"":92},{""name"":""oats, whole grain, rolled, old fashioned"",""quantity"":30,""unit"":""g"",""kcal"":114},{""name"":""blueberries, raw"",""quantity"":100,""unit"":""g"",""kcal"":57},{""name"":""peanuts, raw"",""quantity"":30,""unit"":""g"",""kcal"":165}],""totalKcal"":428,""mealType"":""unknown"",""timeOffset"":""-P23D""}",multi-food-data.csv:000986
multi-food-data.csv:000987,ate 150 gr plain nonfat greek yogurt + 100g blueberries + raw english walnut halves g15 + g70 rolled whole grain oats bf,[],"{""items"":[{""name"":""yogurt, greek, plain, nonfat"",""quantity"":150,""unit"":""g"",""kcal"":92},{""name"":""blueberries, raw"",""quantity"":100,""unit"":""g"",""kcal"":57},{""name"":""nuts, walnuts, english, halves, raw"",""quantity"":15,""unit"":""g"",""kcal"":102},{""name"":""oats, whole grain, rolled, old fashioned"",""quantity"":70,""unit"":""g"",""kcal"":265}],""totalKcal"":516,""mealType"":""breakfast"",""timeOffset"":""PT0M""}",multi-food-data.csv:000987
multi-food-data.csv:000988,plain nonfat yogurt 100g + 200 gr raspberries + g30 raw peanuts + 30 g rolled whole grain oats snack,[],"{""items"":[{""name"":""yogurt, plain, nonfat"",""quantity"":100,""unit"":""g"",""kcal"":50},{""name"":""raspberries, raw"",""quantity"":200,""unit"":""g"",""kcal"":103},{""name"":""peanuts, raw"",""quantity"":30,""unit"":""g"",""kcal"":165},{""name"":""oats, whole grain, rolled, old fashioned"",""quantity"":30,""unit"":""g"",""kcal"":114}],""totalKcal"":432,""mealType"":""snack"",""timeOffset"":""PT0M""}",multi-food-data.csv:000988
multi-food-data.csv:000989,plain nonfat yogurt 150 gr + strawberries g200 + whole raw almonds 20 grams + g70 rolled whole grain oats snack,[],"{""items"":[{""name"":""yogurt, plain, nonfat"",""quantity"":150,""unit"":""g"",""kcal"":75},{""name"":""strawberries, raw"",""quantity"":200,""unit"":""g"",""kcal"":62},{""name"":""nuts, almonds, whole, raw"",""quantity"":20,""unit"":""g"",""kcal"":117},{""name"":""oats, whole grain, rolled, old fashioned"",""quantity"":70,""unit"":""g"",""kcal"":265}],""totalKcal"":519,""mealType"":""snack"",""timeOffset"":""PT0M""}",multi-food-data.csv:000989
multi-food-data.csv:000990,ate plain whole milk yogurt 200 gr + raspberries 150g + 15g raw english walnut halves + 50 g rolled whole grain oats breakfast,[],"{""items"":[{""name"":""yogurt, plain, whole milk"",""quantity"":200,""unit"":""g"",""kcal"":155},{""name"":""raspberries, raw"",""quantity"":150,""unit"":""g"",""kcal"":77},{""name"":""nuts, walnuts, english, halves, raw"",""quantity"":15,""unit"":""g"",""kcal"":102},{""name"":""oats, whole grain, rolled, old fashioned"",""quantity"":50,""unit"":""g"",""kcal"":189}],""totalKcal"":523,""mealType"":""breakfast"",""timeOffset"":""PT0M""}",multi-food-data.csv:000990
multi-food-data.csv:000991,plain whole milk yogurt 150 g + 150 g strawberries + 15 grams whole raw almonds + rolled whole grain oats 30 gr breakfast tmr,[],"{""items"":[{""name"":""yogurt, plain, whole milk"",""quantity"":150,""unit"":""g"",""kcal"":116},{""name"":""strawberries, raw"",""quantity"":150,""unit"":""g"",""kcal"":47},{""name"":""nuts, almonds, whole, raw"",""quantity"":15,""unit"":""g"",""kcal"":88},{""name"":""oats, whole grain, rolled, old fashioned"",""quantity"":30,""unit"":""g"",""kcal"":114}],""totalKcal"":365,""mealType"":""breakfast"",""timeOffset"":""P1D""}",multi-food-data.csv:000991
multi-food-data.csv:000992,ate 100 gr plain nonfat yogurt + rolled whole grain oats 70 grams + 20 gr raw peanuts + raspberries 100 grams -12h,[],"{""items"":[{""name"":""yogurt, plain, nonfat"",""quantity"":100,""unit"":""g"",""kcal"":50},{""name"":""oats, whole grain, rolled, old fashioned"",""quantity"":70,""unit"":""g"",""kcal"":265},{""name"":""peanuts, raw"",""quantity"":20,""unit"":""g"",""kcal"":110},{""name"":""raspberries, raw"",""quantity"":100,""unit"":""g"",""kcal"":51}],""totalKcal"":476,""mealType"":""unknown"",""timeOffset"":""-PT12H""}",multi-food-data.csv:000992
multi-food-data.csv:000993,ate plain nonfat yogurt 200 grams + red delicious apple 200 gr + 15g raw english walnut halves + rolled whole grain oats g30 bf 4h ago,[],"{""items"":[{""name"":""yogurt, plain, nonfat"",""quantity"":200,""unit"":""g"",""kcal"":100},{""name"":""apples, red delicious, with skin, raw"",""quantity"":200,""unit"":""g"",""kcal"":124},{""name"":""nuts, walnuts, english, halves, raw"",""quantity"":15,""unit"":""g"",""kcal"":102},{""name"":""oats, whole grain, rolled, old fashioned"",""quantity"":30,""unit"":""g"",""kcal"":114}],""totalKcal"":440,""mealType"":""breakfast"",""timeOffset"":""-PT4H""}",multi-food-data.csv:000993
multi-food-data.csv:000994,ate g200 plain whole milk yogurt + blueberries 200 g + 30g raw english walnut halves + rolled whole grain oats 50 g kcal663 snack,[],"{""items"":[{""name"":""yogurt, plain, whole milk"",""quantity"":200,""unit"":""g"",""kcal"":155},{""name"":""blueberries, raw"",""quantity"":200,""unit"":""g"",""kcal"":115},{""name"":""nuts, walnuts, english, halves, raw"",""quantity"":30,""unit"":""g"",""kcal"":204},{""name"":""oats, whole grain, rolled, old fashioned"",""quantity"":50,""unit"":""g"",""kcal"":189}],""totalKcal"":663,""mealType"":""snack"",""timeOffset"":""PT0M""}",multi-food-data.csv:000994
multi-food-data.csv:000995,commercial hummus tbsp3 + raw romaine lettuce 50 g + whole wheat bread 1slice + swiss cheese 1slice,[],"{""items"":[{""name"":""hummus, commercial"",""quantity"":3,""unit"":""tablespoon"",""kcal"":116},{""name"":""lettuce, romaine, green, raw"",""quantity"":50,""unit"":""g"",""kcal"":9},{""name"":""bread, whole-wheat, commercially prepared"",""quantity"":1,""unit"":""slice"",""kcal"":82},{""name"":""cheese, swiss"",""quantity"":1,""unit"":""slice"",""kcal"":43}],""totalKcal"":250,""mealType"":""unknown"",""timeOffset"":""PT0M""}",multi-food-data.csv:000995
multi-food-data.csv:000996,2% cottage cheese cup1 + blueberries 100 g + 50 grams rolled whole grain oats + 20 grams raw peanuts,[],"{""items"":[{""name"":""cheese, cottage, lowfat, 2% milkfat"",""quantity"":1,""unit"":""cup"",""kcal"":185},{""name"":""blueberries, raw"",""quantity"":100,""unit"":""g"",""kcal"":57},{""name"":""oats, whole grain, rolled, old fashioned"",""quantity"":50,""unit"":""g"",""kcal"":189},{""name"":""peanuts, raw"",""quantity"":20,""unit"":""g"",""kcal"":110}],""totalKcal"":541,""mealType"":""unknown"",""timeOffset"":""PT0M""}",multi-food-data.csv:000996
multi-food-data.csv:000997,100g plain nonfat greek yogurt + 200 gr raspberries + 30 gr raw english walnut halves + rolled whole grain oats 30 g snack,[],"{""items"":[{""name"":""yogurt, greek, plain, nonfat"",""quantity"":100,""unit"":""g"",""kcal"":61},{""name"":""raspberries, raw"",""quantity"":200,""unit"":""g"",""kcal"":103},{""name"":""nuts, walnuts, english, halves, raw"",""quantity"":30,""unit"":""g"",""kcal"":204},{""name"":""oats, whole grain, rolled, old fashioned"",""quantity"":30,""unit"":""g"",""kcal"":114}],""totalKcal"":482,""mealType"":""snack"",""timeOffset"":""PT0M""}",multi-food-data.csv:000997
multi-food-data.csv:000998,ate plain nonfat yogurt g100 + 150 grams blueberries + raw english walnut halves 15 gr + 30 grams rolled whole grain oats 352 cal bf,[],"{""items"":[{""name"":""yogurt, plain, nonfat"",""quantity"":100,""unit"":""g"",""kcal"":50},{""name"":""blueberries, raw"",""quantity"":150,""unit"":""g"",""kcal"":86},{""name"":""nuts, walnuts, english, halves, raw"",""quantity"":15,""unit"":""g"",""kcal"":102},{""name"":""oats, whole grain, rolled, old fashioned"",""quantity"":30,""unit"":""g"",""kcal"":114}],""totalKcal"":352,""mealType"":""breakfast"",""timeOffset"":""PT0M""}",multi-food-data.csv:000998
multi-food-data.csv:000999,tbsp3 commercial hummus + g50 raw roma tomato + whole wheat bread slice2 + 1 slice swiss cheese lunch,[],"{""items"":[{""name"":""hummus, commercial"",""quantity"":3,""unit"":""tablespoon"",""kcal"":116},{""name"":""tomato, roma"",""quantity"":50,""unit"":""g"",""kcal"":9},{""name"":""bread, whole-wheat, commercially prepared"",""quantity"":2,""unit"":""slice"",""kcal"":163},{""name"":""cheese, swiss"",""quantity"":1,""unit"":""slice"",""kcal"":43}],""totalKcal"":331,""mealType"":""lunch"",""timeOffset"":""PT0M""}",multi-food-data.csv:000999
multi-food-data.csv:001000,ate white bread 2 slices + ham 1 slice + cheddar cheese 1 slice + 50 gr raw romaine lettuce 239 cal breakfast -11h,[],"{""items"":[{""name"":""bread, white, commercially prepared"",""quantity"":2,""unit"":""slice"",""kcal"":147},{""name"":""ham, sliced, pre-packaged, deli meat (96%fat free, water added)"",""quantity"":1,""unit"":""slice"",""kcal"":14},{""name"":""cheese, cheddar"",""quantity"":1,""unit"":""slice"",""kcal"":69},{""name"":""lettuce, romaine, green, raw"",""quantity"":50,""unit"":""g"",""kcal"":9}],""totalKcal"":239,""mealType"":""breakfast"",""timeOffset"":""-PT11H""}",multi-food-data.csv:001000
