"activityName","averageHeartRate","calories","distance","distanceUnit","duration","elevationGain","pace","poolLength","poolLengthUnit","speed","steps","swimLengths"
"Walk",94,192,,,1331000,24.38,,,,,1878,
"Walk",94,302,,,2202000,27.43,,,,,2786,
"Walk",98,354,,,2458000,21.34,,,,,3035,
"Walk",97,145,,,1024000,21.34,,,,,1284,
"Walk",93,121,,,973000,3.05,,,,,1065,
"Run",144,396,3.85,"Kilometer",1465000,38.41,385.36,,,9.34,3901,
"Walk",97,252,,,1844000,24.38,,,,,2094,
"Walk",97,454,,,3123000,64.01,,,,,4185,
"Walk",106,470,,,2867000,30.48,,,,,4698,
"Run",146,339,3.45,"Kilometer",1264000,12.5,370.62,,,9.71,3384,
"Walk",88,104,,,922000,3.05,,,,,867,
"Walk",101,292,,,1997000,21.34,,,,,2303,
"Sport",119,633,,,3175000,,,,,,3915,
"Walk",97,195,,,1485000,21.34,,,,,1524,
"Walk",114,221,,,1126000,0,,,,,2152,
"Walk",113,248,,,1229000,39.62,,,,,2265,
"Walk",98,351,,,2560000,42.67,,,,,2761,
"Walk",106,173,,,973000,30.48,,,,,1373,
"Sport",96,141,,,1126000,,,,,,780,
"Walk",110,166,,,921000,24.38,,,,,1332,
"Walk",104,338,,,2202000,60.96,,,,,2395,
"Treadmill",127,639,3.09,"Kilometer",3155000,285.29,,,,3.53,3288,
"Walk",98,139,,,973000,3.05,,,,,1164,
"Walk",96,159,,,1178000,0,,,,,1267,
"Sport",119,1122,,,5786000,,,,,,7252,
"Walk",100,135,,,922000,21.34,,,,,1093,
"Walk",98,127,,,973000,3.05,,,,,986,
"Walk",98,145,,,1024000,3.05,,,,,1232,
"Walk",102,864,,,5428000,91.44,,,,,7789,
"Run",141,461,3.99,"Kilometer",1810000,349.3,461.55,,,7.8,3981,
"Walk",106,575,,,3584000,48.77,,,,,4675,
"Walk",107,240,,,1383000,33.53,,,,,2167,
"Walk",100,200,,,1332000,6.1,,,,,1825,
"Treadmill",126,93,0.96,"Kilometer",434000,0,,,,8.05,959,
"Treadmill",157,539,4.44,"Kilometer",1792000,364.24,,,,9.02,4526,
"Walk",87,214,,,1536000,30.48,,,,,2243,
"Walk",89,137,,,1025000,27.43,,,,,1429,
"Walk",99,166,,,1025000,33.53,,,,,1599,
"Sport",117,853,,,4403000,,,,,,5397,
"Walk",85,109,,,922000,3.05,,,,,991,
"Walk",92,203,,,1383000,18.29,,,,,1868,
"Walk",91,274,,,2202000,33.53,,,,,2188,
"Walk",87,128,,,973000,12.19,,,,,1076,
"Walk",102,172,,,1178000,9.14,,,,,1468,
"Walk",89,337,,,2714000,36.58,,,,,3183,
"Treadmill",140,630,5.61,"Kilometer",2420000,71.02,,,,8.37,5727,
"Walk",99,164,,,1127000,24.38,,,,,1415,
"Sport",112,729,,,4301000,,,,,,4841,
"Walk",101,159,,,1024000,24.38,,,,,1398,
"Walk",96,172,,,1127000,30.48,,,,,1620,
"Sport",85,112,,,1229000,,,,,,446,
"Walk",92,156,,,1178000,33.53,,,,,1530,
"Walk",98,165,,,1126000,24.38,,,,,1559,
"Walk",101,181,,,1178000,30.48,,,,,1618,
"Walk",98,172,,,1126000,9.14,,,,,1660,
"Walk",104,204,,,1331000,15.24,,,,,1906,
"Walk",89,151,,,1229000,3.05,,,,,1162,
"Walk",101,188,,,1229000,12.19,,,,,1708,
"Walk",97,243,,,1639000,27.43,,,,,2175,
"Walk",96,177,,,1229000,12.19,,,,,1633,
"Walk",100,574,,,3738000,57.91,,,,,5543,
"Walk",93,328,,,2560000,27.43,,,,,3098,
"Walk",96,157,,,1076000,3.05,,,,,1491,
"Walk",106,183,,,1075000,27.43,,,,,1669,
"Walk",94,184,,,1331000,0,,,,,1603,
"Walk",109,219,,,1280000,36.58,,,,,1877,
"Walk",103,237,,,1737000,39.62,,,,,2272,
"Walk",103,325,,,1997000,51.82,,,,,3233,
"Walk",86,173,,,1536000,0,,,,,1447,
"Walk",102,282,,,1792000,36.58,,,,,2725,
"Walk",102,189,,,1229000,0,,,,,1731,
"Walk",97,306,,,2151000,30.48,,,,,2756,
"Walk",100,875,,,5889000,88.39,,,,,8348,
"Walk",102,159,,,1075000,3.05,,,,,1377,
"Walk",102,154,,,1024000,9.14,,,,,1384,
"Walk",106,494,,,3072000,45.72,,,,,3813,
"Walk",105,840,,,5018000,91.44,,,,,7441,
"Walk",95,140,,,1024000,12.19,,,,,1219,
"Walk",87,155,,,1178000,27.43,,,,,1457,
"Run",163,454,3.86,"Kilometer",1586000,31.09,381.83,,,9.43,3913,
"Walk",92,235,,,1741000,33.53,,,,,2107,
"Walk",92,265,,,1843000,67.06,,,,,2597,
"Walk",100,195,,,1229000,27.43,,,,,1828,
"Walk",92,151,,,1024000,27.43,,,,,1511,
"Walk",90,198,,,1433000,54.86,,,,,1890,
"Walk",96,222,,,1434000,39.62,,,,,2395,
"Treadmill",145,436,3.89,"Kilometer",1896000,89.31,,,,8.69,3996,
"Walk",99,405,,,2560000,45.72,,,,,4062,
"Walk",91,184,,,1484000,6.1,,,,,1693,
"Run",147,815,7.14,"Kilometer",3043000,53.65,407.67,,,8.83,7469,
"Walk",105,171,,,922000,24.38,,,,,1386,
"Run",52,2,0,"Kilometer",13000,0,,,,0,0,
"Walk",100,296,,,1894000,37.03,,,,,2649,
"Walk",97,252,,,1639000,24.38,,,,,2535,
"Treadmill",147,491,4,"Kilometer",2053000,175.87,,,,7.97,4206,
"Walk",105,531,,,3226000,64.01,,,,,4527,
"Walk",106,264,,,1587000,18.29,,,,,2437,
"Walk",106,266,,,1536000,45.72,,,,,2487,
"Sport",113,586,,,3379000,,,,,,3472,
"Walk",98,550,,,3534000,42.67,,,,,5538,
"Walk",93,137,,,1024000,15.24,,,,,1290,
"Walk",94,162,,,1127000,33.53,,,,,1691,
"Walk",105,172,,,972000,48.67,,,,,1681,
"Walk",101,140,,,922000,21.34,,,,,1251,
"Walk",92,248,,,1792000,30.48,,,,,2404,
"Walk",89,197,,,1690000,36.58,,,,,1757,
"Treadmill",148,562,5.36,"Kilometer",2017000,54.86,,,,9.51,5337,
"Walk",86,178,,,1485000,12.19,,,,,1588,
"Walk",98,556,,,3788000,57.91,,,,,4902,
"Walk",93,151,,,1075000,21.34,,,,,1382,
"Sport",136,289,,,1229000,,,,,,1629,
"Walk",101,145,,,921000,15.24,,,,,1182,
"Walk",100,234,,,1536000,27.43,,,,,2012,
"Walk",88,121,,,973000,18.29,,,,,1082,
"Run",139,752,7.07,"Kilometer",3167000,132.59,413.73,,,8.7,7150,
"Walk",85,555,,,4608000,21.34,,,,,5689,
"Walk",96,141,,,922000,6.1,,,,,1251,
"Walk",101,268,,,1689000,39.62,,,,,2266,
"Walk",85,131,,,1024000,9.14,,,,,1314,
"Sport",115,782,,,4301000,,,,,,4851,
"Walk",87,212,,,1741000,27.43,,,,,2015,
"Run",155,714,6.81,"Kilometer",2474000,94.49,364.62,,,9.87,6723,
"Walk",91,127,,,973000,3.05,,,,,1090,
"Walk",101,748,,,4659000,36.58,,,,,7356,
"Walk",100,617,,,4096000,54.86,,,,,5550,
"Walk",93,213,,,1536000,9.14,,,,,2036,
"Walk",83,111,,,973000,9.14,,,,,1040,
"Sport",117,1046,,,5427000,,,,,,6660,
"Walk",96,316,,,2151000,73.15,,,,,2915,
"Sport",88,123,,,1536000,,,,,,523,
"Sport",91,104,,,1024000,,,,,,703,
"Walk",103,150,,,922000,24.38,,,,,1308,
"Walk",100,195,,,1280000,24.38,,,,,1654,
"Treadmill",158,537,4.44,"Kilometer",2060000,81.38,,,,8.86,4524,
"Walk",101,466,,,3020000,36.58,,,,,4264,
"Treadmill",134,516,4.5,"Kilometer",2378000,92.96,,,,7.59,4895,
"Walk",96,124,,,973000,3.05,,,,,969,
"Sport",121,1011,,,4966000,,,,,,6824,
"Walk",97,160,,,1126000,12.19,,,,,1417,
"Walk",104,156,,,922000,0,,,,,1441,
"Walk",90,189,,,1484000,27.43,,,,,1883,
"Run",152,567,5.31,"Kilometer",2144000,45.42,380.8,,,9.45,4963,
"Walk",113,194,,,1075000,0,,,,,1777,
"Walk",100,216,,,1434000,0,,,,,2040,
"Treadmill",123,456,4.3,"Kilometer",2107000,39.93,,,,7.36,4360,
"Walk",102,151,,,973000,18.29,,,,,1390,
"Walk",99,140,,,973000,0,,,,,1236,
"Walk",101,242,,,1616000,39.62,,,,,2217,
"Walk",103,186,,,1178000,33.53,,,,,1703,
"Walk",95,341,,,2406000,24.38,,,,,3105,
"Walk",90,164,,,1229000,24.38,,,,,1670,
"Run",134,274,2.37,"Kilometer",1240000,62.79,468.9,,,7.68,2476,
"Run",133,283,2.39,"Kilometer",2102000,9.45,499.9,,,7.2,2519,
"Walk",84,165,,,1535000,0,,,,,1432,
"Run",159,486,3.71,"Kilometer",1717000,70.71,436.59,,,8.25,4056,
"Walk",100,190,,,1331000,24.38,,,,,1502,
"Sport",133,1197,,,5171000,,,,,,8223,
"Walk",104,194,,,1331000,27.43,,,,,1470,
"Walk",92,180,,,1485000,0,,,,,1394,
"Walk",94,193,,,1331000,9.14,,,,,1668,
"Walk",83,107,,,973000,0,,,,,997,
"Sport",129,952,,,4297000,,,,,,6392,
"Run",150,493,4.27,"Kilometer",1901000,153.31,409.63,,,8.79,4671,
"Walk",95,249,,,1843000,0,,,,,2146,
"Walk",98,144,,,1024000,0,,,,,1215,
"Walk",108,401,,,2253000,0,,,,,3841,
"Walk",95,211,,,1536000,27.43,,,,,1678,
"Walk",81,102,,,922000,6.1,,,,,932,
"Treadmill",140,577,4.61,"Kilometer",2470000,82.3,,,,7.38,5015,
"Walk",101,158,,,1075000,0,,,,,1336,
"Walk",107,232,,,1433000,0,,,,,1748,
"Run",145,416,3.99,"Kilometer",1758000,76.81,377.12,,,9.55,3815,
"Walk",92,152,,,1170000,0,,,,,1361,
"Walk",87,134,,,1075000,0,,,,,1255,
"Walk",105,447,,,2663000,0,,,,,3965,
"Walk",96,128,,,973000,0,,,,,915,
"Walk",100,169,,,1075000,45.72,,,,,1498,
"Walk",97,216,,,1434000,0,,,,,1788,
"Walk",87,118,,,941000,0,,,,,1077,
"Walk",83,150,,,1382000,9.14,,,,,1249,
"Walk",98,971,,,6577000,15.24,,,,,8315,
"Walk",87,148,,,1178000,3.05,,,,,1362,
"Walk",100,369,,,2253000,60.96,,,,,3744,
"Walk",101,395,,,2611000,18.29,,,,,3415,
"Walk",92,139,,,1024000,3.05,,,,,1259,
"Walk",102,168,,,1076000,3.05,,,,,1203,
"Walk",99,452,,,2918000,42.67,,,,,3909,
"Walk",100,846,,,5581000,106.68,,,,,7599,
"Walk",96,151,,,1076000,0,,,,,1279,
"Walk",108,459,,,2764000,85.34,,,,,3846,
"Walk",108,105,,,922000,21.34,,,,,1139,
"Run",136,544,9.36,"Kilometer",4315000,128.02,439.64,,,8.19,10034,
"Walk",97,186,,,1280000,30.48,,,,,1939,
"Sport",95,258,,,1792000,,,,,,2741,
"Walk",88,197,,,1433000,60.96,,,,,1861,
"Walk",104,150,,,921000,33.53,,,,,1561,
"Run",131,842,,,3789000,201.17,,,,,8804,
"Walk",93,197,,,1331000,40.64,,,,,1867,
"Walk",114,1128,,,6144000,82.3,,,,,10958,
"Walk",96,374,,,2612000,88.39,,,,,3893,
"Walk",100,300,,,1997000,21.34,,,,,3345,
"Walk",95,130,,,922000,24.38,,,,,1505,
"Walk",90,215,,,1587000,45.72,,,,,2473,
"Run",142,1211,10.43,"Kilometer",4861000,186.54,460.45,,,7.82,11880,
"Walk",95,142,,,973000,27.43,,,,,1572,
"Walk",96,355,,,2406000,85.34,,,,,3942,
"Walk",102,525,,,3379000,97.54,,,,,5229,
"Run",147,864,7.07,"Kilometer",3610000,194.46,473.28,,,7.61,8064,
"Walk",102,160,,,1126000,0,,,,,1490,
"Aerobic Workout",114,179,,,973000,,,,,,1724,
"Walk",95,151,,,922000,24.38,,,,,1491,
"Walk",107,387,,,2509000,60.96,,,,,3876,
"Walk",95,131,,,973000,27.43,,,,,1481,
"Walk",98,367,,,2458000,51.82,,,,,3708,
"Run",147,1062,8.81,"Kilometer",4271000,189.28,468.07,,,7.69,10211,
"Walk",71,131,,,973000,39.62,,,,,1563,
"Walk",121,552,,,3943000,124.97,,,,,5771,
"Run",153,591,5.16,"Kilometer",2258000,82.6,436.27,,,8.25,5635,
"Walk",95,1404,,,10446000,228.6,,,,,14958,
"Walk",104,888,,,5479000,167.64,,,,,8917,
"Walk",109,168,,,1024000,30.48,,,,,1677,
"Walk",97,483,,,3379000,70.1,,,,,5399,
"Walk",92,140,,,1075000,27.43,,,,,1623,
"Walk",88,392,,,3073000,91.44,,,,,4686,
"Run",130,1062,10.15,"Kilometer",5255000,289.56,470.03,,,7.66,11350,
"Walk",87,246,,,1945000,15.24,,,,,3340,
"Walk",93,469,,,3226000,82.3,,,,,5526,
"Walk",99,135,,,922000,27.43,,,,,1453,
"Walk",96,583,,,3891000,124.97,,,,,6378,
"Run",140,553,5.01,"Kilometer",2324000,154.84,460.61,,,7.82,5548,
"Walk",93,141,,,922000,33.53,,,,,1569,
"Walk",89,760,,,5530000,137.16,,,,,9142,
"Walk",87,116,,,1024000,0,,,,,1699,
"Walk",96,157,,,1024000,67.06,,,,,1423,
"Sport",101,799,,,5429000,,,,,,7905,
"Walk",92,584,,,4403000,79.25,,,,,6662,
"Walk",96,144,,,1024000,30.48,,,,,1580,
"Walk",104,164,,,973000,33.53,,,,,1658,
"Sport",108,191,,,1177000,,,,,,1768,
"Walk",98,427,,,2868000,6.1,,,,,4365,
"Walk",97,758,,,5018000,143.26,,,,,8605,
"Walk",97,144,,,921000,33.53,,,,,1597,
"Walk",106,321,,,1894000,33.53,,,,,3184,
"Walk",91,429,,,3123000,112.78,,,,,4436,
"Walk",100,153,,,1024000,33.53,,,,,1616,
"Run",126,896,,,4046000,173.74,,,,,9509,
"Walk",109,171,,,1024000,27.43,,,,,1620,
"Walk",106,568,,,3175000,109.73,,,,,5735,
"Walk",108,242,,,1434000,28.7,,,,,2524,
"Aerobic Workout",117,237,,,1178000,,,,,,1995,
"Sport",109,744,,,4199000,,,,,,6472,
"Aerobic Workout",105,218,,,1382000,,,,,,1747,
"Walk",69,116,,,1639000,6.1,,,,,1305,
"Walk",85,99,,,1024000,3.05,,,,,958,
"Walk",98,556,,,3892000,48.77,,,,,5682,
"Run",121,1088,6.52,"Kilometer",6096000,418.19,836.58,,,4.3,8859,
"Run",114,178,,,1075000,9.14,,,,,1639,
"Run",130,468,,,2099000,42.67,,,,,5095,
"Walk",96,774,,,5223000,160.12,,,,,8893,
"Walk",100,161,,,1024000,24.38,,,,,1663,
"Walk",101,258,,,1536000,60.96,,,,,2674,
"Run",94,137,,,922000,0,,,,,1766,
"Walk",111,238,,,1331000,36.58,,,,,2306,
"Walk",88,400,,,3022000,91.44,,,,,4748,
"Walk",93,161,,,1126000,30.48,,,,,1763,
"Run",131,1035,9.28,"Kilometer",4865000,187.45,486.87,,,7.39,10783,
"Walk",96,667,,,4557000,124.97,,,,,7287,
"Walk",98,722,,,4813000,82.3,,,,,8140,
"Treadmill",114,1000,5.79,"Kilometer",6048000,37.8,,,,3.45,7931,
"Walk",97,181,,,1281000,33.53,,,,,1718,
"Walk",98,961,,,6657000,149.35,,,,,10387,
"Walk",85,130,,,973000,27.43,,,,,1544,
"Walk",105,192,,,1229000,36.58,,,,,2102,
"Walk",95,597,,,4250000,94.49,,,,,6223,
"Treadmill",133,1111,6.51,"Kilometer",4991000,45.72,,,,4.7,9149,
"Walk",101,576,,,3687000,115.82,,,,,5819,
"Walk",103,194,,,1178000,9.14,,,,,1981,
"Walk",102,152,,,1024000,27.43,,,,,1593,
"Walk",91,450,,,3430000,106.68,,,,,5093,
"Walk",107,169,,,1075000,30.48,,,,,1686,
"Walk",94,152,,,1076000,6.1,,,,,1520,
"Walk",95,169,,,1024000,70.1,,,,,1597,
"Run",,1199,11.51,"Kilometer",28486000,,419.92,,,8.57,11273,
"Run",145,1142,9.56,"Kilometer",4635000,700.13,472.19,,,7.62,11023,
"Walk",79,78,,,973000,0,,,,,735,
"Run",141,652,5.91,"Kilometer",2641000,128.02,442.2,,,8.14,6522,
"Walk",95,996,,,6964000,152.4,,,,,9693,
"Walk",101,1083,,,6759000,173.74,,,,,11386,
"Walk",100,626,,,4199000,82.3,,,,,6557,
"Run",135,628,5.45,"Kilometer",4277000,27.13,475.14,,,7.58,6013,
"Walk",100,421,,,2714000,85.34,,,,,4234,
"Walk",97,509,,,3329000,91.44,,,,,5436,
"Walk",101,829,,,5070000,143.26,,,,,8633,
"Walk",99,635,,,4097000,124.97,,,,,7028,
"Sport",104,399,,,2611000,,,,,,3868,
"Walk",102,589,,,3687000,73.15,,,,,6271,
"Walk",102,402,,,2714000,61.87,,,,,3463,
"Aerobic Workout",104,467,,,2918000,,,,,,4006,
"Walk",112,943,,,5530000,149.35,,,,,8688,
"Walk",67,133,,,1024000,27.43,,,,,1617,
"Walk",114,184,,,973000,27.43,,,,,1569,
"Walk",102,225,,,1485000,30.48,,,,,2254,
"Run",134,1011,7.67,"Kilometer",6324000,4.27,566.26,,,6.36,9104,
"Walk",120,560,,,2970000,73.15,,,,,5110,
"Walk",156,349,,,1843000,70.1,,,,,3245,
"Walk",74,161,,,1331000,36.58,,,,,1845,
"Walk",108,919,,,5274000,216.41,,,,,9358,
"Walk",89,565,,,4147000,106.68,,,,,6390,
"Walk",102,154,,,921000,30.48,,,,,1544,
"Run",139,1038,9.12,"Kilometer",4450000,245.97,468.02,,,7.69,10134,
"Walk",90,409,,,3175000,106.68,,,,,4799,
"Walk",103,715,,,4571000,140.21,,,,,7542,
"Walk",100,150,,,973000,30.48,,,,,1609,
"Bike",127,296,0,"Kilometer",1475000,0.61,,,,0,,
"Run",140,761,6.92,"Kilometer",4266000,35.36,453.95,,,7.93,7582,
"Walk",100,504,,,3328000,92.91,,,,,5109,
"Walk",104,345,,,2048000,15.24,,,,,3402,
"Walk",113,621,,,3277000,82.3,,,,,6061,
"Walk",97,826,,,5377000,155.45,,,,,9367,
"Walk",99,138,,,921000,27.43,,,,,1508,
"Walk",96,484,,,3431000,90.42,,,,,4920,
"Walk",95,379,,,2662000,64.01,,,,,4120,
"Walk",96,138,,,922000,30.48,,,,,1517,
"Walk",118,480,,,2458000,57.91,,,,,4511,
"Run",144,1142,9.6,"Kilometer",4665000,219.15,470.34,,,7.65,11077,
"Walk",95,371,,,2509000,100.58,,,,,4094,
"Walk",94,586,,,4044000,85.34,,,,,6893,
"Walk",107,966,,,5684000,161.54,,,,,10239,
"Walk",110,179,,,1024000,33.53,,,,,1636,
"Bike",125,372,0,"Kilometer",1889000,3.96,,,,0,,
"Run",130,513,4.2,"Kilometer",4305000,33.53,562.27,,,6.4,4977,
"Walk",103,210,,,1280000,30.48,,,,,1921,
"Sport",102,393,,,2508000,,,,,,3633,
"Walk",92,247,,,1945000,21.34,,,,,2781,
"Walk",101,144,,,921000,54.86,,,,,1304,
"Walk",96,134,,,921000,30.48,,,,,1584,
"Walk",109,165,,,1024000,30.48,,,,,1851,
"Sport",96,312,,,2202000,,,,,,3198,
"Walk",97,407,,,3072000,67.06,,,,,3906,
"Run",134,914,7.56,"Kilometer",4660000,74.07,527.31,,,6.83,9070,
"Walk",83,162,,,1485000,27.43,,,,,1649,
"Walk",86,241,,,2099000,54.86,,,,,2492,
"Walk",98,231,,,1587000,27.43,,,,,2409,
"Bike",128,859,0,"Kilometer",4183000,68.28,,,,0,,
"Walk",96,155,,,1178000,30.48,,,,,1614,
"Walk",88,125,,,1024000,24.38,,,,,1301,
"Walk",113,184,,,1024000,42.67,,,,,1736,
"Walk",99,170,,,1126000,24.38,,,,,1820,
"Sport",106,292,,,1792000,,,,,,2632,
"Walk",92,212,,,1536000,48.77,,,,,2412,
"Run",144,1238,11.26,"Kilometer",5195000,196.9,444.48,,,8.1,12357,
"Walk",78,153,,,1177000,30.48,,,,,1833,
"Walk",107,486,,,3174000,100.58,,,,,4915,
"Walk",96,443,,,3021000,100.58,,,,,4955,
"Walk",81,201,,,1690000,36.58,,,,,2011,
"Walk",103,1005,,,6298000,210.31,,,,,10973,
"Walk",109,183,,,973000,33.53,,,,,1516,
"Walk",107,569,,,3328000,104.55,,,,,5190,
"Walk",112,198,,,1127000,39.62,,,,,1875,
"Walk",115,774,,,4045000,161.54,,,,,6880,
"Sport",63,180,,,1332000,,,,,,1873,
"Sport",101,173,,,1229000,,,,,,1500,
"Sport",97,251,,,1741000,,,,,,2758,
"Aerobic Workout",78,115,,,1177000,,,,,,1647,
"Walk",100,551,,,3737000,103.63,,,,,5572,
"Sport",83,523,,,3788000,,,,,,5792,
"Walk",100,540,,,3533000,85.34,,,,,5183,
"Sport",97,776,,,5581000,,,,,,7509,
"Run",147,629,,,2611000,73.15,,,,,5488,
"Sport",106,502,,,3072000,,,,,,4888,
"Run",136,924,,,3891000,158.5,,,,,8875,
"Aerobic Workout",80,87,,,973000,,,,,,972,
"Walk",98,157,,,921000,27.43,,,,,1556,
"Walk",100,399,,,2662000,82.3,,,,,4211,
"Walk",96,163,,,1126000,36.58,,,,,1777,
"Walk",99,567,,,3942000,79.25,,,,,5412,
"Walk",98,278,,,2048000,39.62,,,,,2644,
"Walk",100,497,,,3328000,91.44,,,,,5222,
"Walk",98,279,,,1997000,15.24,,,,,3276,
"Walk",110,307,,,1792000,67.06,,,,,3082,
"Walk",94,252,,,1894000,51.82,,,,,2845,
"Run",109,210,,,1178000,30.48,,,,,2352,
"Walk",107,242,,,1331000,73.15,,,,,2557,
"Run",116,489,,,2611000,67.06,,,,,5392,
"Walk",96,170,,,1228000,30.48,,,,,1827,
"Walk",103,170,,,1075000,30.48,,,,,1751,
"Sport",94,154,,,1126000,,,,,,1565,
"Walk",95,534,,,3738000,85.34,,,,,6114,
"Run",141,239,,,1024000,20.68,,,,,2153,
"Run",93,105,0.9,"Kilometer",4642000,0,878.65,,,4.1,1295,
"Walk",98,162,,,1024000,67.06,,,,,1513,
"Walk",99,301,,,1894000,64.01,,,,,3119,
"Walk",92,333,,,2662000,24.38,,,,,3726,
"Walk",102,782,,,5069000,88.39,,,,,7811,
"Run",129,998,5.57,"Kilometer",5279000,302.67,883.18,,,4.08,8014,
"Walk",98,150,,,1075000,33.53,,,,,1658,
"Walk",93,559,,,4096000,85.34,,,,,6357,
"Walk",96,156,,,1024000,33.53,,,,,1652,
"Walk",101,487,,,3277000,88.39,,,,,5337,
"Walk",96,452,,,3123000,79.25,,,,,4947,
"Aerobic Workout",133,1320,,,6298000,,,,,,9961,
"Walk",103,845,,,5222000,164.59,,,,,8436,
"Walk",104,169,,,1024000,39.62,,,,,1698,
"Walk",114,536,,,2970000,57.91,,,,,5085,
"Walk",108,478,,,2765000,103.63,,,,,4870,
"Walk",90,430,,,3174000,106.68,,,,,5001,
"Walk",95,537,,,3686000,128.02,,,,,5808,
"Swim",,187,0.83,"Kilometer",1434000,,1738.18,25,"Meter",2.07,,33
"Sport",95,520,,,3943000,,,,,,5161,
"Walk",98,160,,,1280000,21.34,,,,,1448,
"Walk",112,565,,,3276000,134.11,,,,,6086,
"Run",122,613,,,3123000,115.82,,,,,6643,
"Sport",100,415,,,2969000,,,,,,4460,
"Walk",92,188,,,1536000,30.48,,,,,2055,
"Run",151,681,,,2662000,185.93,,,,,6334,
"Walk",115,297,,,1792000,76.2,,,,,2576,
"Run",147,1196,9.68,"Kilometer",5027000,299.62,480.86,,,7.49,11288,
"Walk",95,822,,,6092000,185.93,,,,,8152,
"Walk",93,177,,,1280000,12.19,,,,,2051,
"Walk",99,246,,,1638000,60.96,,,,,2349,
"Sport",102,760,,,5068000,,,,,,7509,
"Walk",104,1149,,,7015000,155.45,,,,,12343,
"Walk",81,98,,,921000,6.1,,,,,1038,
"Walk",88,494,,,3942000,79.25,,,,,5329,
"Run",136,1055,0,"Kilometer",4644000,3.66,,,,0,9620,
"Walk",100,586,,,3584000,121.92,,,,,5806,
"Cross Country Skiing",122,1360,8.68,"Kilometer",7181000,364.85,,,,4.66,11360,
"Walk",102,726,,,4659000,121.92,,,,,7301,
"Walk",99,156,,,973000,70.1,,,,,1612,
"Walk",96,859,,,5786000,161.54,,,,,9968,
"Sport",105,540,,,3482000,,,,,,4832,
"Walk",97,201,,,1536000,3.05,,,,,1924,
"Sport",102,216,,,1484000,,,,,,2001,
"Sport",104,336,,,2150000,,,,,,3188,
"Walk",102,241,,,1639000,0,,,,,2426,
"Sport",100,289,,,1945000,,,,,,2738,
"Sport",103,665,,,4249000,,,,,,6357,
"Sport",98,181,,,1433000,,,,,,1456,
"Sport",103,205,,,1433000,,,,,,1784,
"Walk",107,276,,,1690000,12.19,,,,,2959,
"Walk",97,569,,,3789000,93.88,,,,,6655,
"Run",120,807,,,3994000,176.02,,,,,9094,
"Walk",101,178,,,1126000,3.05,,,,,1723,
"Walk",73,198,,,1536000,9.14,,,,,2410,
"Walk",102,352,,,2202000,33.53,,,,,3314,
"Walk",108,905,,,5017000,149.35,,,,,8784,
"Walk",113,198,,,1075000,39.62,,,,,1830,
"Walk",101,373,,,2406000,76.2,,,,,3756,
"Outdoor Bike",96,187,,,1253000,3.05,,,,,,
"Walk",99,634,,,4198000,87.27,,,,,6488,
"Run",136,1333,8.36,"Kilometer",7806000,370.33,704.17,,,5.11,10570,
"Walk",99,421,,,2765000,12.19,,,,,4293,
"Walk",101,371,,,2765000,9.14,,,,,3338,
"Walk",89,256,,,1792000,70.1,,,,,2514,
"Sport",91,244,,,1997000,,,,,,2370,
"Walk",98,121,,,922000,27.43,,,,,1117,
"Walk",94,453,,,3430000,103.63,,,,,4584,
"Walk",97,219,,,1536000,0,,,,,2208,
"Walk",112,688,,,3891000,100.58,,,,,6454,
"Walk",95,588,,,4301000,51.82,,,,,5906,
"Walk",106,475,,,2918000,76.2,,,,,4654,
"Run",128,1375,11.09,"Kilometer",6825000,202.08,583.18,,,6.17,10810,
"Walk",97,318,,,2202000,0,,,,,2972,
"Walk",106,638,,,3737000,121.92,,,,,6341,
"Run",119,242,,,1332000,33.53,,,,,2344,
"Walk",116,249,,,1280000,60.96,,,,,2320,
"Walk",105,821,,,5120000,252.98,,,,,8817,
"Run",128,1671,9.55,"Kilometer",8433000,777.24,811.02,,,4.44,12612,
"Walk",100,567,,,3857000,128.02,,,,,6006,
"Run",139,707,,,2918000,137.16,,,,,7099,
"Aerobic Workout",134,374,,,1639000,,,,,,3348,
"Walk",108,343,,,1997000,84.33,,,,,3383,
"Run",119,218,,,1126000,51.82,,,,,2238,
"Walk",107,195,,,1229000,42.67,,,,,1934,
"Walk",95,229,,,1689000,42.67,,,,,2408,
"Walk",108,958,,,5940000,94.49,,,,,9911,
"Walk",102,165,,,1024000,71.73,,,,,1574,
"Sport",96,151,,,1127000,,,,,,1603,
"Walk",107,1127,,,6656000,97.54,,,,,11796,
"Outdoor Bike",96,498,,,3539000,0,,,,,,
"Sport",100,241,,,1638000,,,,,,2408,
"Outdoor Bike",93,122,,,922000,3.05,,,,,,
"Walk",107,311,,,2355000,30.48,,,,,3171,
"Walk",103,235,,,1946000,27.43,,,,,2535,
"Walk",118,144,,,922000,0,,,,,1429,
"Walk",106,306,,,2202000,27.43,,,,,3283,
"Walk",99,264,,,1997000,6.1,,,,,3105,
"Walk",91,111,,,1075000,0,,,,,1009,
"Walk",102,219,,,1843000,9.14,,,,,1732,
"Treadmill",126,164,1.55,"Kilometer",975000,2.44,,,,6.18,1468,
"Treadmill",167,524,4.02,"Kilometer",1949000,36.27,,,,7.43,4024,
"Walk",102,192,,,1434000,3.05,,,,,1862,
"Walk",100,175,,,1331000,6.1,,,,,1759,
"Walk",108,313,,,2100000,21.34,,,,,3281,
"Walk",111,193,,,1280000,15.24,,,,,2211,
"Walk",101,232,,,1741000,0,,,,,2658,
"Walk",96,284,,,2458000,12.19,,,,,3068,
"Walk",118,319,,,1945000,48.77,,,,,3042,
"Walk",114,264,,,1587000,33.53,,,,,2570,
"Walk",111,195,,,1331000,9.14,,,,,2201,
"Walk",111,252,,,1741000,12.19,,,,,2590,
"Walk",114,234,,,1484000,6.1,,,,,2524,
"Walk",109,222,,,1485000,6.1,,,,,2362,
"Walk",110,250,,,1689000,6.1,,,,,2753,
"Walk",98,331,,,2406000,36.58,,,,,3344,
"Walk",122,242,,,1382000,9.14,,,,,2162,
"Walk",130,218,,,1075000,24.38,,,,,1824,
"Walk",99,226,,,1690000,6.1,,,,,2619,
"Walk",110,226,,,1434000,12.19,,,,,2434,
"Walk",114,283,,,1741000,12.19,,,,,2862,
"Walk",95,138,,,1076000,15.24,,,,,1331,
"Walk",98,127,,,973000,0,,,,,1431,
"Walk",112,351,,,2253000,12.19,,,,,3332,
"Walk",114,412,,,2611000,24.38,,,,,3250,
"Walk",110,406,,,3072000,30.48,,,,,3853,
"Walk",112,249,,,1690000,27.43,,,,,2519,
"Walk",108,325,,,2253000,21.34,,,,,3459,
"Walk",115,242,,,1537000,6.1,,,,,2618,
"Walk",110,250,,,1639000,39.62,,,,,2622,
"Walk",98,264,,,2100000,12.19,,,,,2790,
"Treadmill",164,550,5.04,"Kilometer",2144000,1.83,,,,8.51,4691,
"Walk",124,245,,,1331000,6.1,,,,,2203,
"Walk",111,134,,,922000,15.24,,,,,1366,
"Walk",101,126,,,973000,3.05,,,,,1508,
"Walk",105,263,,,1997000,15.24,,,,,2815,
"Walk",116,242,,,1536000,6.1,,,,,2636,
"Walk",108,218,,,1536000,6.1,,,,,2498,
"Walk",101,149,,,1178000,6.1,,,,,1839,
"Walk",100,184,,,1280000,27.43,,,,,2051,
"Walk",111,269,,,1946000,24.38,,,,,1997,
"Walk",112,202,,,1331000,9.14,,,,,2256,
"Walk",112,197,,,1331000,6.1,,,,,2162,
"Walk",103,254,,,1792000,9.14,,,,,2790,
"Walk",116,296,,,1741000,9.14,,,,,2921,
"Walk",110,259,,,1690000,9.14,,,,,2667,
"Walk",123,280,,,1536000,9.14,,,,,2443,
"Walk",113,226,,,1433000,6.1,,,,,2272,
"Walk",94,188,,,1792000,15.24,,,,,1723,
"Walk",114,217,,,1332000,6.1,,,,,2229,
"Hockey",,370,,,3000000,,,,,,0,
"Cross Country Skiing",132,248,2.1,"Kilometer",2382000,82.91,,,,3.17,3236,
"Cross Country Skiing",139,336,2.66,"Kilometer",2927000,407.82,,,,3.26,4081,
"Cross Country Skiing",131,321,2.55,"Kilometer",3221000,62.18,,,,2.85,3824,
"Run",116,71,1.16,"Kilometer",732000,18.59,629.74,,,5.72,1353,
"Treadmill",142,278,4.54,"Kilometer",2232000,116.13,,,,7.33,5004,
"Run",146,61,0.94,"Kilometer",468000,25.3,484.6,,,7.43,1031,
"Run",147,324,5.6,"Kilometer",2490000,259.99,433.05,,,8.31,6075,
"Walk",109,107,,,1382000,3.05,,,,,2243,
"Walk",98,161,,,1792000,97.54,,,,,2439,
"Run",147,364,5.37,"Kilometer",3408000,80.89,633.9,,,5.68,5792,
"Run",153,182,2.86,"Kilometer",1320000,50.6,437.96,,,8.22,3225,
"Run",148,275,5.01,"Kilometer",2072000,87.17,409.25,,,8.8,5286,
"Treadmill",178,232,3.45,"Kilometer",1350000,205.13,,,,9.22,3607,
"Walk",116,106,,,1024000,70.1,,,,,1687,
"Run",137,107,2.07,"Kilometer",956000,11.58,449.17,,,8.01,2223,
"Aerobic Workout",124,157,,,1792000,,,,,,2150,
"Walk",110,438,,,5274000,97.54,,,,,7921,
"Run",135,359,6.45,"Kilometer",2981000,72.54,461.35,,,7.8,7352,
"Walk",108,77,,,922000,30.48,,,,,1288,
"Run",158,314,5.21,"Kilometer",2160000,83.21,409.91,,,8.78,5631,
"Walk",104,67,,,1025000,12.19,,,,,1095,
"Walk",115,89,,,1024000,3.05,,,,,1455,
"Walk",118,105,,,1024000,76.2,,,,,1513,
"Treadmill",153,341,4.99,"Kilometer",2529000,266.4,,,,7.11,5724,
"Walk",120,84,,,921000,41.86,,,,,1362,
"Walk",100,99,,,1587000,6.1,,,,,1595,
"Run",161,346,1.16,"Kilometer",2470000,243.23,2003.36,,,1.8,5564,
"Run",131,271,4.71,"Kilometer",2348000,90.83,497.71,,,7.23,5821,
"Sport",115,192,,,2099000,,,,,,3081,
"Aerobic Workout",129,96,,,973000,,,,,,1652,
"Run",,297,5.74,"Kilometer",2272000,,395.6,,,9.1,5663,
"Run",148,291,4.57,"Kilometer",2223000,72.24,484.4,,,7.43,5650,
"Treadmill",142,345,4.43,"Kilometer",2779000,227.99,,,,5.7,6031,
"Walk",108,96,,,1331000,3.05,,,,,2191,
"Walk",103,163,,,1741000,106.68,,,,,2592,
"Run",137,50,0.88,"Kilometer",501000,1.52,553.43,,,6.5,1053,
"Walk",103,93,,,973000,73.15,,,,,1361,
"Walk",114,162,,,1792000,43.64,,,,,3241,
"Run",148,455,8.14,"Kilometer",3563000,434.65,417.73,,,8.62,8790,
"Walk",114,108,,,1178000,48.77,,,,,1834,
"Walk",122,88,,,921000,30.48,,,,,1677,
"Hike",114,639,9.67,"Kilometer",6878000,196.29,716.79,,,5.02,12137,
"Walk",110,296,,,3277000,94.49,,,,,5832,
"Walk",116,100,,,1075000,33.53,,,,,1697,
"Treadmill",128,304,5.1,"Kilometer",2713000,137.16,,,,6.7,6031,
"Treadmill",133,304,4.26,"Kilometer",2884000,373.08,,,,5.79,5050,
"Walk",98,151,,,2202000,6.1,,,,,2556,
"Walk",101,179,,,2202000,12.19,,,,,3390,
"Run",155,294,5.45,"Kilometer",2393000,85.34,375.22,,,9.59,5103,
"Run",153,400,7.23,"Kilometer",3123000,141.12,392.64,,,9.17,7042,
"Run",146,276,5.31,"Kilometer",2162000,5.79,372.31,,,9.67,4917,
"Walk",98,79,,,1076000,6.1,,,,,1404,
"Run",119,96,1.74,"Kilometer",1251000,31.39,526.23,,,6.84,1974,
"Run",163,442,8.05,"Kilometer",3199000,186.54,344.52,,,10.45,7415,
"Walk",103,122,,,1536000,15.24,,,,,2108,
"Walk",107,119,,,1433000,9.14,,,,,2162,
"Walk",100,82,,,1076000,0,,,,,1431,
"Walk",99,93,,,1229000,0,,,,,1528,
"Run",155,297,5.78,"Kilometer",2117000,75.29,346.07,,,10.4,5196,
"Walk",98,143,,,1945000,3.05,,,,,2548,
"Walk",97,136,,,1741000,3.05,,,,,2404,
"Walk",103,117,,,1536000,3.05,,,,,2174,
"Run",154,428,8.26,"Kilometer",3074000,47.55,351.12,,,10.25,7582,
"Walk",99,122,,,1536000,24.38,,,,,2195,
"Walk",103,87,,,1075000,12.19,,,,,1550,
"Walk",107,75,,,973000,9.14,,,,,1163,
"Run",145,308,6.26,"Kilometer",2375000,36.88,361.42,,,9.96,5992,
"Walk",108,86,,,1076000,0,,,,,1453,
"Walk",103,80,,,1075000,6.1,,,,,1419,
"Run",135,320,5.4,"Kilometer",3010000,17.07,496.33,,,7.25,5957,
"Walk",105,78,,,973000,3.05,,,,,1470,
"Walk",103,86,,,1075000,3.05,,,,,1500,
"Walk",100,101,,,1434000,0,,,,,1641,
"Run",155,374,8.22,"Kilometer",3102000,51.21,325.5,,,11.06,7152,
"Walk",102,77,,,972000,3.05,,,,,1544,
"Walk",107,75,,,922000,12.19,,,,,1370,
"Run",157,241,5.04,"Kilometer",1819000,17.37,329.47,,,10.93,4454,
"Walk",93,99,,,1423000,0,,,,,1663,
"Walk",101,94,,,1382000,0,,,,,1607,
"Hike",104,957,9.52,"Kilometer",13219000,637.95,1388.32,,,2.59,14866,
"Walk",88,42,,,973000,0,,,,,582,
"Sport",108,239,,,3175000,,,,,,2753,
"Run",146,269,5.49,"Kilometer",2407000,98.76,381.47,,,9.44,5365,
"Walk",117,76,,,973000,0,,,,,1173,
"Walk",107,80,,,973000,0,,,,,1480,
"Walk",107,78,,,973000,18.29,,,,,1419,
"Run",153,226,5.06,"Kilometer",1665000,4.27,328.88,,,10.95,4410,
"Walk",112,111,,,1280000,3.05,,,,,2101,
"Walk",110,89,,,1075000,6.1,,,,,1495,
"Walk",103,101,,,1280000,27.43,,,,,1922,
"Walk",99,315,,,4761000,54.86,,,,,5182,
"Walk",108,101,,,1229000,24.38,,,,,1873,
"Walk",104,151,,,1536000,128.02,,,,,2183,
"Walk",102,445,,,6246000,70.1,,,,,7697,
"Treadmill",127,313,3.31,"Kilometer",7065000,67.67,,,,3.48,3771,
"Sport",103,173,,,2662000,,,,,,2480,
"Walk",109,165,,,1895000,30.48,,,,,3280,
"Run",145,241,4.93,"Kilometer",1967000,78.03,387.99,,,9.28,4749,
"Sport",123,159,,,1638000,,,,,,1680,
"Walk",112,91,,,973000,48.77,,,,,1203,
"Treadmill",141,300,5.22,"Kilometer",2578000,46.03,,,,7.27,5497,
"Walk",101,108,,,1126000,73.15,,,,,1496,
"Run",157,391,6.35,"Kilometer",2754000,125.88,420.51,,,8.56,6732,
"Sport",98,245,,,3789000,,,,,,3630,
"Aerobic Workout",127,160,,,1588000,,,,,,2967,
"Cross Country Skiing",120,377,,,4096000,,,,,,5994,
"Walk",107,216,,,2662000,42.67,,,,,4218,
"Aerobic Workout",105,182,,,1894000,,,,,,2952,
"Sport",103,90,,,1075000,,,,,,1388,
"Aerobic Workout",100,81,,,921000,,,,,,1432,
"Hike",103,163,1.27,"Kilometer",1865000,207.83,1467.54,,,2.45,1869,
"Walk",96,162,,,2048000,3.05,,,,,3037,
"Run",154,262,4.85,"Kilometer",1898000,75.59,390.77,,,9.21,4756,
"Tennis",108,453,3.72,"Kilometer",7723000,14.63,,,,1.73,5606,
"Run",146,363,7.3,"Kilometer",2778000,86.87,375.67,,,9.58,7111,
"Hike",,659,4,"Kilometer",6180000,0,1545,,,2.33,5943,
"Walk",114,251,,,2765000,79.25,,,,,4835,
"Run",158,263,4.7,"Kilometer",1890000,77.42,375.91,,,9.58,4575,
"Hike",97,111,0.63,"Kilometer",1697000,97.74,2684.83,,,1.34,1063,
"Cross Country Skiing",107,308,3.83,"Kilometer",4583000,290.47,,,,4.22,5535,
"Walk",105,206,,,2509000,85.34,,,,,3925,
"Run",151,520,9.15,"Kilometer",3810000,162.46,415.59,,,8.66,9817,
"Run",158,31,0.57,"Kilometer",243000,1.83,411.49,,,8.75,595,
"Run",152,374,6.52,"Kilometer",3223000,227.38,418.13,,,8.61,6757,
"Run",153,440,7.68,"Kilometer",3153000,106.38,396.79,,,9.07,7793,
"Walk",107,185,,,2151000,54.86,,,,,3564,
"Sport",111,139,,,1587000,,,,,,2437,
"Walk",108,349,,,3994000,79.25,,,,,6419,
"Sport",112,235,,,2714000,,,,,,3322,
"Cross Country Skiing",122,173,,,1639000,,,,,,2300,
"Walk",99,131,,,1075000,18.29,,,,,1110,
"Walk",102,221,,,1536000,33.53,,,,,2311,
"Outdoor Bike",108,170,,,1229000,37.74,,,,,,
"Outdoor Bike",110,165,,,1126000,32,,,,,,
"Walk",91,254,,,2560000,21.34,,,,,2214,
"Run",142,408,3.7,"Kilometer",1726000,28.35,463.86,,,7.76,4283,
"Walk",93,88,,,922000,0,,,,,900,
"Outdoor Bike",106,298,,,2201000,19.56,,,,,,
"Outdoor Bike",121,179,,,1076000,42.67,,,,,,
"Outdoor Bike",106,398,,,2868000,24.38,,,,,,
"Walk",103,430,,,3277000,6.1,,,,,3419,
"Walk",97,267,,,2406000,15.24,,,,,3147,
"Outdoor Bike",113,180,,,1076000,42.67,,,,,,
"Outdoor Bike",116,177,,,1075000,30.48,,,,,,
"Walk",137,265,,,1228000,0,,,,,2382,
"Walk",98,158,,,1331000,20.68,,,,,1409,
"Walk",97,124,,,973000,15.24,,,,,1124,
"Outdoor Bike",105,173,,,1178000,45.72,,,,,,
"Outdoor Bike",99,279,,,2355000,24.38,,,,,,
"Walk",110,192,,,1280000,24.38,,,,,1576,
"Walk",108,154,,,1075000,27.43,,,,,1416,
"Walk",118,236,,,1280000,0,,,,,1931,
"Walk",98,693,,,5888000,36.32,,,,,7381,
"Outdoor Bike",104,187,,,1331000,36.58,,,,,,
"Outdoor Bike",99,138,,,1075000,28.24,,,,,,
"Outdoor Bike",111,137,,,1126000,0,,,,,,
"Walk",105,433,,,3533000,36.58,,,,,3543,
"Walk",98,181,,,1587000,0,,,,,1669,
"Walk",103,197,,,1485000,6.1,,,,,1844,
"Walk",103,257,,,1998000,45.72,,,,,2404,
"Outdoor Bike",108,155,,,1025000,39.62,,,,,,
"Walk",102,295,,,2253000,51.82,,,,,2839,
"Walk",106,157,,,1178000,12.19,,,,,1365,
"Outdoor Bike",101,161,,,1331000,9.14,,,,,,
"Outdoor Bike",97,140,,,1178000,27.43,,,,,,
"Run",111,479,3.8,"Kilometer",2756000,128.32,717.89,,,5.01,5142,
"Walk",101,149,,,1178000,15.24,,,,,1342,
"Outdoor Bike",111,188,,,1229000,42.67,,,,,,
"Outdoor Bike",102,154,,,1177000,30.68,,,,,,
"Walk",106,145,,,1075000,21.34,,,,,1207,
"Outdoor Bike",104,170,,,1280000,32.41,,,,,,
"Outdoor Bike",97,135,,,1126000,33.22,,,,,,
"Outdoor Bike",108,164,,,1127000,45.72,,,,,,
"Outdoor Bike",104,198,,,1536000,23.11,,,,,,
"Walk",104,139,,,922000,0,,,,,1609,
"Walk",115,177,,,1178000,15.24,,,,,1384,
"Walk",104,284,,,2048000,45.72,,,,,2874,
"Outdoor Bike",107,169,,,1178000,33.53,,,,,,
"Outdoor Bike",104,170,,,1280000,31.8,,,,,,
"Walk",110,283,,,1895000,76.2,,,,,2709,
"Walk",105,108,,,921000,0,,,,,756,
"Walk",92,233,,,1945000,0,,,,,2304,
"Walk",100,131,,,1177000,12.19,,,,,1251,
"Walk",97,140,,,1433000,0,,,,,1105,
"Walk",97,706,,,6042000,48.77,,,,,7695,
"Walk",97,163,,,1434000,6.1,,,,,1536,
"Run",107,412,3.45,"Kilometer",3084000,75.9,815.19,,,4.42,4687,
"Treadmill",129,385,2.67,"Kilometer",2000000,6.1,,,,5.14,3657,
"Walk",105,652,,,5479000,70.1,,,,,6013,
"Walk",103,131,,,922000,9.14,,,,,1230,
"Walk",99,115,,,973000,0,,,,,1280,
"Treadmill",133,411,4.22,"Kilometer",1826000,3.66,,,,8.34,4591,
"Walk",94,646,,,5481000,24.38,,,,,6409,
"Walk",101,337,,,2611000,30.48,,,,,2886,
"Walk",97,314,,,2611000,39.62,,,,,3071,
"Walk",100,460,,,3380000,42.67,,,,,4090,
"Walk",99,180,,,1332000,0,,,,,1925,
"Treadmill",144,665,5.13,"Kilometer",2691000,12.8,,,,6.83,5687,
"Outdoor Bike",99,163,,,1229000,36.58,,,,,,
"Outdoor Bike",107,329,,,2355000,12.19,,,,,,
"Walk",107,459,,,3380000,27.43,,,,,3797,
"Outdoor Bike",111,262,,,1792000,6.1,,,,,,
"Outdoor Bike",122,200,,,1126000,39.62,,,,,,
"Outdoor Bike",102,281,,,2048000,21.34,,,,,,
"Walk",107,183,,,1280000,15.24,,,,,1480,
"Walk",95,135,,,1177000,12.19,,,,,1238,
"Walk",96,119,,,921000,3.05,,,,,1075,
"Walk",104,266,,,1843000,27.43,,,,,2352,
"Walk",95,144,,,1177000,12.19,,,,,1413,
"Walk",91,225,,,2048000,21.34,,,,,1962,
"Walk",102,136,,,973000,15.24,,,,,1258,
"Outdoor Bike",109,171,,,1126000,21.34,,,,,,
"Outdoor Bike",88,88,,,1075000,12.19,,,,,,
"Walk",98,297,,,2201000,36.58,,,,,2684,
"Walk",110,202,,,1280000,0,,,,,2123,
"Outdoor Bike",106,235,,,1843000,0,,,,,,
"Outdoor Bike",107,163,,,1177000,18.29,,,,,,
"Walk",101,233,,,1741000,27.43,,,,,2015,
"Outdoor Bike",111,179,,,1177000,33.53,,,,,,
"Outdoor Bike",107,295,,,2099000,6.1,,,,,,
"Walk",101,159,,,1331000,21.34,,,,,1274,
"Walk",105,168,,,1178000,24.38,,,,,1516,
"Walk",105,513,,,3481000,36.58,,,,,5769,
"Run",104,376,2.75,"Kilometer",2827000,116.13,874.23,,,4.12,3888,
"Walk",102,194,,,1331000,15.24,,,,,2016,
"Walk",101,594,,,4557000,12.19,,,,,5453,
"Outdoor Bike",102,157,,,1229000,24.38,,,,,,
"Outdoor Bike",107,172,,,1178000,36.58,,,,,,
"Outdoor Bike",113,165,,,1075000,30.48,,,,,,
"Outdoor Bike",104,195,,,1588000,21.34,,,,,,
"Walk",96,243,,,2150000,6.1,,,,,2278,
"Outdoor Bike",101,349,,,2611000,18.29,,,,,,
"Walk",101,188,,,1280000,21.34,,,,,1860,
"Outdoor Bike",112,289,,,1997000,33.53,,,,,,
"Outdoor Bike",114,162,,,1076000,12.19,,,,,,
"Outdoor Bike",92,153,,,1127000,36.58,,,,,,
"Outdoor Bike",93,114,,,1228000,15.24,,,,,,
"Outdoor Bike",101,74,,,921000,2.49,,,,,,
"Outdoor Bike",119,190,,,1178000,33.53,,,,,,
"Outdoor Bike",104,153,,,1126000,24.38,,,,,,
"Walk",108,168,,,1126000,21.34,,,,,1345,
"Bike",128,104,0,"Kilometer",595000,0,,,,0,,
"Bike",137,62,0,"Kilometer",305000,0,,,,0,,
"Walk",102,191,,,1536000,0,,,,,2016,
"Walk",100,219,,,1587000,9.14,,,,,2388,
"Walk",104,239,,,1690000,27.43,,,,,1993,
"Outdoor Bike",85,117,,,1126000,27.43,,,,,,
"Outdoor Bike",94,131,,,1126000,27.43,,,,,,
"Outdoor Bike",94,124,,,1024000,21.18,,,,,,
"Outdoor Bike",96,132,,,1126000,18.29,,,,,,
"Outdoor Bike",104,147,,,1126000,7.06,,,,,,
"Outdoor Bike",100,145,,,1177000,15.24,,,,,,
"Walk",114,204,,,1126000,18.29,,,,,1357,
"Outdoor Bike",86,101,,,973000,21.34,,,,,,
"Walk",102,197,,,1485000,42.67,,,,,1802,
"Walk",101,164,,,1229000,21.34,,,,,1407,
"Walk",104,132,,,973000,18.29,,,,,1258,
"Walk",108,160,,,973000,54.86,,,,,1624,
"Walk",105,143,,,1076000,18.29,,,,,1217,
"Walk",98,307,,,2355000,64.01,,,,,2794,
"Walk",97,483,,,4045000,70.1,,,,,4951,
"Walk",105,717,,,5120000,128.02,,,,,7454,
"Walk",101,918,,,7066000,170.69,,,,,9751,
"Walk",97,111,,,973000,4.22,,,,,1107,
"Walk",96,129,,,1127000,9.14,,,,,1096,
"Walk",111,249,,,1587000,70.1,,,,,2286,
"Walk",101,441,,,3379000,39.62,,,,,5403,
"Walk",104,181,,,1433000,16.92,,,,,1635,
"Walk",103,148,,,1229000,15.24,,,,,1362,
"Outdoor Bike",105,132,,,1178000,13,,,,,,
"Walk",106,205,,,1536000,39.62,,,,,1984,
"Walk",106,157,,,1127000,36.58,,,,,1519,
"Walk",100,429,,,3225000,94.49,,,,,4473,
"Walk",102,222,,,1331000,3.05,,,,,2218,
"Walk",73,145,,,973000,20.68,,,,,1698,
"Walk",99,142,,,1024000,9.14,,,,,1095,
"Outdoor Bike",110,197,,,1280000,27.43,,,,,,
"Run",153,662,7,"Kilometer",2363000,91.75,338.48,,,10.64,6769,
"Run",169,793,7.19,"Kilometer",2625000,100.28,364.27,,,9.88,7385,
"Outdoor Bike",96,127,,,1126000,15.34,,,,,,
"Outdoor Bike",112,248,,,1536000,18.29,,,,,,
"Outdoor Bike",99,135,,,1127000,9.14,,,,,,
"Outdoor Bike",93,128,,,1281000,9.14,,,,,,
"Outdoor Bike",77,104,,,1229000,18.29,,,,,,
"Outdoor Bike",121,221,,,1178000,15.24,,,,,,
"Outdoor Bike",69,57,,,1434000,3.05,,,,,,
"Treadmill",147,476,4.88,"Kilometer",1802000,235.61,,,,9.68,5013,
"Treadmill",142,500,5.27,"Kilometer",1938000,119.79,,,,9.81,5417,
"Treadmill",143,554,5.05,"Kilometer",2119000,39.62,,,,8.51,5467,
"Treadmill",123,678,7.77,"Kilometer",3404000,62.18,,,,9.26,8042,
"Treadmill",135,676,7.17,"Kilometer",2764000,105.46,,,,9.29,7465,
"Treadmill",133,520,5,"Kilometer",2158000,49.38,,,,8.34,5442,
"Treadmill",118,580,7,"Kilometer",2732000,204.22,,,,9.24,7256,
"Walk",105,137,,,922000,0,,,,,1062,
"Run",142,613,6.7,"Kilometer",2408000,145.69,358.62,,,10.04,6626,
"Run",144,474,4.54,"Kilometer",1934000,35.97,399.21,,,9.02,4985,
"Walk",110,285,,,1536000,3.05,,,,,3023,
"Walk",104,256,,,1485000,18.29,,,,,2869,
"Outdoor Bike",115,235,,,1382000,21.34,,,,,,
"Outdoor Bike",83,84,,,1075000,12.19,,,,,,
"Outdoor Bike",116,241,,,1434000,15.24,,,,,,
"Outdoor Bike",88,82,,,1229000,3.05,,,,,,
"Treadmill",147,240,1.94,"Kilometer",970000,15.55,,,,7.75,2291,
"Treadmill",162,412,3.6,"Kilometer",1479000,47.55,,,,9.16,4078,
"Treadmill",141,458,4.3,"Kilometer",1825000,68.89,,,,8.6,4955,
"Run",150,638,6.52,"Kilometer",2421000,354.48,369.05,,,9.75,6495,
"Walk",100,164,,,1206000,12.19,,,,,1460,
"Walk",100,169,,,1229000,0,,,,,1476,
"Treadmill",135,419,4.04,"Kilometer",1989000,35.36,,,,7.93,4809,
"Walk",98,160,,,973000,9.14,,,,,1832,
"Walk",94,150,,,921000,15.24,,,,,1682,
"Treadmill",128,512,4.61,"Kilometer",2371000,143.26,,,,6.91,5786,
"Treadmill",106,341,3.72,"Kilometer",1803000,5.49,,,,7.44,4568,
"Outdoor Bike",99,146,,,1177000,3.05,,,,,,
"Outdoor Bike",116,221,,,1331000,42.67,,,,,,
"Treadmill",127,376,2.51,"Kilometer",1822000,4.57,,,,4.98,3605,
"Outdoor Bike",120,234,,,1332000,60.96,,,,,,
"Run",144,558,6.2,"Kilometer",2282000,70.1,372.5,,,9.66,6315,
"Treadmill",126,382,4.67,"Kilometer",1808000,103.94,,,,9.26,4812,
"Run",145,582,6.19,"Kilometer",2421000,259.69,381.96,,,9.43,6449,
"Outdoor Bike",83,102,,,1177000,21.34,,,,,,
"Outdoor Bike",112,226,,,1382000,24.38,,,,,,
"Outdoor Bike",94,131,,,1075000,33.53,,,,,,
"Treadmill",138,529,5.61,"Kilometer",2224000,184.71,,,,9.02,5856,
"Outdoor Bike",118,223,,,1280000,30.48,,,,,,
"Outdoor Bike",97,144,,,1280000,30.48,,,,,,
"Outdoor Bike",97,161,,,1484000,12.19,,,,,,
"Outdoor Bike",87,102,,,1075000,27.43,,,,,,
"Outdoor Bike",107,201,,,1434000,15.24,,,,,,
"Outdoor Bike",93,124,,,1178000,15.24,,,,,,
"Outdoor Bike",102,176,,,1536000,6.1,,,,,,
"Outdoor Bike",79,112,,,1433000,15.24,,,,,,
"Walk",89,253,,,2253000,18.29,,,,,2241,
"Treadmill",136,287,2.95,"Kilometer",1206000,0.31,,,,8.83,3113,
"Outdoor Bike",109,225,,,1536000,9.14,,,,,,
"Outdoor Bike",83,105,,,1177000,30.48,,,,,,
"Treadmill",111,319,2.88,"Kilometer",1806000,0,,,,5.68,3594,
"Outdoor Bike",106,209,,,1485000,15.24,,,,,,
"Outdoor Bike",93,146,,,1331000,15.24,,,,,,
"Outdoor Bike",105,203,,,1434000,15.24,,,,,,
"Outdoor Bike",93,113,,,1178000,15.24,,,,,,
"Walk",110,189,,,1076000,0,,,,,1864,
"Walk",101,171,,,1331000,3.05,,,,,1519,
"Treadmill",116,362,4.45,"Kilometer",1804000,19.2,,,,8.81,4728,
"Outdoor Bike",113,232,,,1536000,12.19,,,,,,
"Outdoor Bike",84,106,,,1331000,12.19,,,,,,
"Outdoor Bike",101,174,,,1536000,6.1,,,,,,
"Outdoor Bike",87,107,,,1024000,15.24,,,,,,
"Walk",103,260,,,1690000,3.05,,,,,2819,
"Walk",107,242,,,1383000,21.34,,,,,2597,
"Outdoor Bike",100,146,,,1331000,9.14,,,,,,
"Outdoor Bike",71,68,,,1075000,6.1,,,,,,
"Outdoor Bike",77,101,,,1433000,27.43,,,,,,
"Outdoor Bike",95,122,,,1126000,18.29,,,,,,
"Walk",101,215,,,1485000,9.14,,,,,2225,
"Treadmill",138,290,3.06,"Kilometer",1212000,10.67,,,,9.03,3315,
"Walk",99,153,,,972000,9.14,,,,,1528,
"Walk",96,151,,,1126000,21.34,,,,,1468,
"Outdoor Bike",87,118,,,1229000,18.29,,,,,,
"Outdoor Bike",86,110,,,1177000,21.34,,,,,,
"Treadmill",146,303,2.88,"Kilometer",1213000,86.87,,,,8.53,3237,
"Run",114,23,0.26,"Kilometer",152000,1.83,580.78,,,6.2,322,
"Outdoor Bike",105,176,,,1382000,0,,,,,,
"Outdoor Bike",87,99,,,1075000,15.24,,,,,,
"Outdoor Bike",112,179,,,1177000,9.14,,,,,,
"Outdoor Bike",89,113,,,1229000,15.24,,,,,,
"Run",128,158,1.38,"Kilometer",1070000,28.65,551.46,,,6.53,1651,
"Walk",126,271,,,1332000,33.53,,,,,2640,
"Outdoor Bike",99,170,,,1485000,12.19,,,,,,
"Outdoor Bike",84,120,,,1229000,15.24,,,,,,
"Treadmill",156,403,3.69,"Kilometer",1495000,42.67,,,,9,4274,
"Walk",108,175,,,1024000,6.1,,,,,1630,
"Walk",110,203,,,1229000,21.34,,,,,1718,
"Walk",89,148,,,1127000,27.43,,,,,1417,
"Outdoor Bike",115,236,,,1433000,18.29,,,,,,
"Outdoor Bike",99,125,,,1075000,21.34,,,,,,
"Run",102,39,0.36,"Kilometer",242000,0.61,618.12,,,5.82,423,
"Run",116,46,0.3,"Kilometer",259000,10.67,715.15,,,5.03,372,
"Outdoor Bike",123,288,,,1536000,9.14,,,,,,
"Outdoor Bike",84,82,,,1229000,6.1,,,,,,
"Run",123,117,0.91,"Kilometer",622000,4.57,619.21,,,5.81,1182,
"Outdoor Bike",119,289,,,1587000,6.1,,,,,,
"Outdoor Bike",106,188,,,1280000,6.1,,,,,,
"Treadmill",128,342,3.38,"Kilometer",1502000,63.09,,,,8.02,4103,
"Outdoor Bike",111,239,,,1536000,9.14,,,,,,
"Outdoor Bike",89,128,,,1178000,24.38,,,,,,
"Treadmill",130,403,3.59,"Kilometer",2067000,74.68,,,,7.17,4527,
"Outdoor Bike",129,285,,,1331000,33.53,,,,,,
"Outdoor Bike",105,167,,,1178000,27.43,,,,,,
"Outdoor Bike",128,277,,,1382000,21.34,,,,,,
"Run",163,411,4.27,"Kilometer",1421000,22.25,331.6,,,10.86,4065,
"Walk",112,186,,,1075000,18.29,,,,,1992,
"Walk",89,207,,,1843000,6.1,,,,,1640,
"Run",140,615,6.2,"Kilometer",2467000,180.14,399.41,,,9.01,6821,
"Outdoor Bike",91,118,,,1229000,6.1,,,,,,
"Outdoor Bike",121,250,,,1331000,36.58,,,,,,
"Outdoor Bike",96,140,,,1126000,33.53,,,,,,
"Outdoor Bike",118,248,,,1280000,30.48,,,,,,
"Outdoor Bike",96,153,,,1177000,30.48,,,,,,
"Outdoor Bike",113,234,,,1383000,36.58,,,,,,
"Outdoor Bike",115,200,,,1229000,27.43,,,,,,
"Walk",99,176,,,1177000,18.29,,,,,1641,
"Outdoor Bike",129,265,,,1280000,27.43,,,,,,
"Run",147,411,4.34,"Kilometer",1586000,63.4,364.4,,,9.88,4543,
"Walk",95,134,,,1024000,3.05,,,,,1169,
"Walk",95,178,,,1331000,6.1,,,,,1783,
"Run",139,444,4.75,"Kilometer",1789000,64.31,382,,,9.42,4921,
"Outdoor Bike",98,139,,,1075000,27.43,,,,,,
"Outdoor Bike",142,287,,,1229000,42.67,,,,,,
"Outdoor Bike",86,120,,,1127000,42.67,,,,,,
"Outdoor Bike",130,273,,,1331000,33.53,,,,,,
"Run",152,589,6.01,"Kilometer",2345000,122.53,365.08,,,9.86,6040,
"Run",140,572,6.29,"Kilometer",2469000,95.1,372.31,,,9.67,6480,
"Outdoor Bike",90,125,,,1178000,33.53,,,,,,
"Walk",92,210,,,1690000,9.14,,,,,1940,
"Walk",89,173,,,1280000,6.1,,,,,1893,
"Outdoor Bike",118,272,,,1536000,21.34,,,,,,
"Outdoor Bike",90,148,,,1331000,30.48,,,,,,
"Outdoor Bike",123,247,,,1331000,21.34,,,,,,
"Outdoor Bike",83,115,,,1177000,39.62,,,,,,
"Treadmill",135,449,4.56,"Kilometer",1909000,74.68,,,,8.6,5003,
"Run",109,75,0.73,"Kilometer",456000,4.57,610.54,,,5.9,932,
"Run",151,317,3.46,"Kilometer",1530000,9.14,346.68,,,10.38,3402,
"Walk",110,296,,,1741000,24.38,,,,,3426,
"Run",152,442,5.06,"Kilometer",1826000,31.09,335.5,,,10.73,4880,
"Walk",105,146,,,972000,15.24,,,,,1379,
"Run",105,50,0.47,"Kilometer",451000,4.57,726.65,,,4.95,572,
"Run",153,435,4.35,"Kilometer",1641000,34.14,376.42,,,9.56,4539,
"Run",157,410,4.32,"Kilometer",1642000,42.67,346.1,,,10.4,4230,
"Walk",92,200,,,1587000,18.29,,,,,1909,
"Run",144,434,5.01,"Kilometer",1673000,101.19,334.65,,,10.76,4770,
"Walk",89,230,,,1945000,6.1,,,,,1848,
"Run",152,425,5,"Kilometer",1705000,39.62,313.7,,,11.48,4582,
"Walk",91,132,,,1383000,6.1,,,,,1483,
"Walk",117,156,,,1178000,15.24,,,,,1703,
"Walk",104,202,,,1741000,27.43,,,,,1938,
"Walk",111,181,,,1229000,67.06,,,,,1954,
"Treadmill",155,711,8.85,"Kilometer",3475000,8.53,,,,9.16,7831,
"Walk",116,153,,,1177000,0,,,,,1535,
"Treadmill",148,674,10.59,"Kilometer",3431000,38.1,,,,11.11,8918,
"Treadmill",152,596,6.75,"Kilometer",3012000,579.73,,,,8.08,5997,
"Walk",113,208,,,1654000,0,,,,,1995,
"Treadmill",140,322,4.38,"Kilometer",1805000,14.63,,,,8.72,3929,
"Run",110,26,0.31,"Kilometer",154000,0,491.9,,,7.32,365,
"Run",145,1165,18.43,"Kilometer",6125000,167.95,332.21,,,10.84,16470,
"Treadmill",170,263,3.69,"Kilometer",1299000,59.74,,,,11.21,3286,
"Walk",106,153,,,1331000,6.1,,,,,2279,
"Treadmill",152,815,11.27,"Kilometer",4080000,153.92,,,,9.88,10266,
"Treadmill",148,590,6.83,"Kilometer",3123000,115.82,,,,7.88,6522,
"Walk",112,270,,,2099000,6.1,,,,,3495,
"Treadmill",124,359,3.53,"Kilometer",2538000,103.94,,,,5.01,3591,
"Run",136,895,15.6,"Kilometer",5107000,91.44,327.14,,,11,13897,
"Treadmill",142,512,8.12,"Kilometer",2791000,53.04,,,,10.48,7302,
"Walk",111,120,,,922000,15.24,,,,,1188,
"Treadmill",110,106,1.45,"Kilometer",792000,0.91,,,,6.62,1468,
"Treadmill",150,481,5.35,"Kilometer",2549000,82.3,,,,7.57,5255,
"Treadmill",137,631,9.52,"Kilometer",3635000,31.7,,,,9.37,8846,
"Treadmill",144,541,5.82,"Kilometer",3016000,426.72,,,,6.96,5596,
"Walk",92,110,,,922000,15.24,,,,,1483,
"Walk",97,120,,,1280000,9.14,,,,,1681,
"Treadmill",79,6,0.08,"Kilometer",78000,0,,,,3.82,97,
"Treadmill",147,1176,18.59,"Kilometer",6221000,218.54,,,,10.6,16577,
"Outdoor Bike",111,389,,,2919000,10.36,,,,,,
"Treadmill",138,644,9.93,"Kilometer",3627000,69.19,,,,9.82,9084,
"Sport",106,184,,,1536000,,,,,,2181,
"Outdoor Bike",117,167,,,1229000,6.1,,,,,,
"Treadmill",160,459,5.6,"Kilometer",2252000,81.38,,,,8.97,5160,
"Treadmill",145,597,9.3,"Kilometer",3090000,57.91,,,,10.78,8280,
"Treadmill",142,624,10.1,"Kilometer",3373000,57,,,,10.68,8997,
"Treadmill",164,873,9.84,"Kilometer",4089000,505.66,,,,8.59,9157,
"Treadmill",119,714,11.32,"Kilometer",5316000,307.85,,,,7.62,9837,
"Run",151,1694,25.49,"Kilometer",8900000,899.77,340.75,,,10.56,24119,
"Walk",99,149,,,1485000,9.14,,,,,1840,
"Walk",106,188,,,1792000,9.14,,,,,1963,
"Treadmill",161,622,8.29,"Kilometer",3021000,279.5,,,,9.76,7028,
"Treadmill",136,605,10.79,"Kilometer",3456000,22.86,,,,11.19,9040,
"Treadmill",156,570,7.33,"Kilometer",2829000,98.45,,,,9.27,6332,
"Hike",100,487,2.01,"Kilometer",4266000,445.92,2136.77,,,1.68,3403,
"Hike",95,550,2.27,"Kilometer",5427000,455.37,2392.18,,,1.5,4242,
"Hike",104,646,3.2,"Kilometer",5018000,502.31,1583.35,,,2.27,4873,
"Treadmill",138,657,9.77,"Kilometer",3801000,253.29,,,,9.46,8399,
"Hike",82,36,0.05,"Kilometer",633000,0.91,13346.02,,,0.27,158,
"Hike",93,673,3.49,"Kilometer",5263000,497.43,1477.71,,,2.44,5398,
"Treadmill",143,179,2.61,"Kilometer",971000,9.45,,,,9.49,2256,
"Treadmill",147,695,11.52,"Kilometer",3951000,77.42,,,,11.15,9684,
"Walk",83,257,,,3379000,15.24,,,,,2838,
"Treadmill",164,429,4.97,"Kilometer",2040000,163.98,,,,8.59,4425,
"Walk",106,190,,,1741000,0,,,,,2728,
"Treadmill",142,628,10.33,"Kilometer",3436000,96.62,,,,10.83,8816,
"Sport",94,106,,,973000,,,,,,1285,
"Treadmill",162,512,7.19,"Kilometer",2436000,436.17,,,,10.55,6146,
"Treadmill",138,453,8.12,"Kilometer",2731000,56.08,,,,11.15,6894,
"Treadmill",144,496,6.23,"Kilometer",2974000,308.15,,,,7.81,5561,
"Hike",95,904,3.56,"Kilometer",9244000,884.53,2594.36,,,1.39,6407,
"Run",147,757,11.19,"Kilometer",4290000,66.14,351.05,,,10.25,10405,
"Walk",95,792,3.05,"Kilometer",8791000,746.46,2897.01,,,1.24,5751,
"Hike",97,1360,7.14,"Kilometer",12990000,1187.2,1829.31,,,1.97,10658,
"Walk",105,241,,,2150000,6.1,,,,,2234,
"Treadmill",146,581,9.67,"Kilometer",3113000,242.32,,,,11.07,8165,
"Treadmill",157,560,7.57,"Kilometer",2821000,274.02,,,,9.53,6598,
"Treadmill",119,189,2.88,"Kilometer",1334000,0.31,,,,7.65,2604,
"Treadmill",141,714,9.82,"Kilometer",4334000,244.15,,,,8.63,8724,
"Treadmill",163,606,8.13,"Kilometer",3141000,163.98,,,,10.03,7116,
"Treadmill",144,452,7.95,"Kilometer",2507000,48.77,,,,11.35,6705,
"Treadmill",142,465,8.09,"Kilometer",2677000,60.66,,,,11.33,6863,
"Walk",102,124,,,1229000,6.1,,,,,2203,
"Run",114,1725,14.95,"Kilometer",32777000,381.15,2193.08,,,1.64,13984,
"Treadmill",145,246,4.14,"Kilometer",1478000,4.57,,,,11,3492,
"Treadmill",145,297,5.23,"Kilometer",1621000,14.02,,,,11.53,4396,
"Sport",104,114,,,922000,,,,,,1022,
"Sport",112,700,,,4966000,,,,,,5100,
"Treadmill",147,455,7.6,"Kilometer",2541000,44.5,,,,11.31,6419,
"Sport",94,440,,,3277000,,,,,,3715,
"Sport",91,424,,,3686000,,,,,,3420,
"Treadmill",138,145,2.16,"Kilometer",887000,2.44,,,,8.78,1884,
"Treadmill",171,483,5.57,"Kilometer",2339000,221.89,,,,9.06,4877,
"Walk",79,98,,,1228000,12.19,,,,,1093,
"Treadmill",133,576,10.44,"Kilometer",3577000,21.34,,,,10.41,8903,
"Treadmill",167,573,8.59,"Kilometer",2822000,85.34,,,,11.32,7264,
"Walk",98,94,,,922000,6.1,,,,,1171,
"Treadmill",164,445,5.46,"Kilometer",2319000,67.97,,,,8.97,4841,
"Treadmill",119,21,0.29,"Kilometer",165000,0,,,,6.4,283,
"Treadmill",148,680,11.28,"Kilometer",11422000,83.21,,,,11.24,9530,
"Walk",108,109,,,921000,6.1,,,,,1253,
"Treadmill",162,485,7.06,"Kilometer",2379000,104.55,,,,10.62,6118,
"Sport",106,298,,,2048000,,,,,,2032,
"Sport",94,309,,,3380000,,,,,,2175,
"Treadmill",127,330,5.52,"Kilometer",2329000,8.23,,,,9.07,4776,
"Walk",90,107,,,973000,9.14,,,,,1395,
"Swim",,349,1.9,"Kilometer",3226000,,1697.89,25,"Meter",2.12,,76
"Walk",97,125,,,1025000,3.05,,,,,1819,
"Hike",84,623,2.53,"Kilometer",8014000,658.06,3189.79,,,1.13,4335,
"Treadmill",150,167,2.8,"Kilometer",1051000,9.14,,,,10.77,2396,
"Sport",97,616,,,6400000,,,,,,4446,
"Treadmill",151,653,10.64,"Kilometer",3478000,68.28,,,,11.38,9009,
"Treadmill",146,718,11.5,"Kilometer",4113000,94.18,,,,10.58,9787,
"Treadmill",163,565,7.38,"Kilometer",2723000,364.54,,,,9.7,6450,
"Treadmill",154,550,8.86,"Kilometer",2792000,39.32,,,,11.3,7472,
"Treadmill",114,847,12.58,"Kilometer",6590000,237.44,,,,6.81,11463,
"Treadmill",161,795,12.13,"Kilometer",3889000,458.72,,,,11.55,10250,
"Walk",106,106,,,973000,15.24,,,,,1144,
"Treadmill",136,467,8.15,"Kilometer",2704000,53.95,,,,10.79,6964,
"Treadmill",141,252,2.69,"Kilometer",1406000,125.58,,,,6.77,2436,
"Treadmill",161,758,11.61,"Kilometer",3714000,199.34,,,,11.65,9796,
"Treadmill",172,319,4.16,"Kilometer",1673000,43.89,,,,10.16,3623,
"Sport",99,119,,,922000,,,,,,880,
"Treadmill",133,788,12,"Kilometer",5187000,265.18,,,,8.51,10541,
"Treadmill",161,765,10.44,"Kilometer",3733000,817.17,,,,10.02,8863,
"Hike",91,1508,4.69,"Kilometer",21282000,1080.52,4534.78,,,0.79,8369,
"Treadmill",152,723,11.77,"Kilometer",3747000,95.1,,,,11.22,9966,
"Treadmill",157,515,5.48,"Kilometer",2763000,96.32,,,,7.48,4987,
"Treadmill",145,656,11.21,"Kilometer",3542000,63.09,,,,11.35,9506,
"Hike",98,489,2.07,"Kilometer",4385000,430.68,2116.85,,,1.7,3557,
"Treadmill",148,543,8.84,"Kilometer",2842000,78.94,,,,11.14,7491,
"Treadmill",157,419,5.16,"Kilometer",2072000,82.6,,,,8.98,4610,
"Hike",97,1291,5.01,"Kilometer",10479000,1274.67,2089.95,,,1.72,9692,
"Hike",98,627,2.74,"Kilometer",4980000,460.55,1815.02,,,1.98,5174,
"Treadmill",151,570,9.29,"Kilometer",2896000,79.25,,,,11.49,7840,
"Treadmill",151,662,10.8,"Kilometer",3694000,38.71,,,,11.41,9136,
"Sport",100,757,,,6298000,,,,,,5664,
"Sport",103,184,,,1587000,,,,,,1907,
"Treadmill",136,578,8.21,"Kilometer",3548000,46.33,,,,8.6,7203,
"Walk",98,96,,,973000,6.1,,,,,926,
"Treadmill",158,529,6.93,"Kilometer",2700000,41.45,,,,9.64,5966,
"Walk",99,106,,,973000,12.19,,,,,1369,
"Treadmill",142,667,11.58,"Kilometer",3735000,1.52,,,,11.51,9841,
"Treadmill",150,593,9.81,"Kilometer",3032000,37.8,,,,11.6,8343,
"Treadmill",159,560,7.41,"Kilometer",2808000,53.04,,,,9.97,6501,
"Treadmill",129,661,11.75,"Kilometer",4035000,2.13,,,,10.49,10201,
"Treadmill",150,492,7.22,"Kilometer",2693000,27.74,,,,10.14,6309,
"Walk",109,120,,,973000,24.38,,,,,1603,
"Treadmill",130,649,11.63,"Kilometer",4017000,1.83,,,,10.43,9977,
"Sport",111,112,,,922000,,,,,,1157,
"Sport",124,341,,,2407000,,,,,,3677,
"Walk",98,497,,,4403000,3.05,,,,,6712,
"Walk",103,123,,,1024000,15.24,,,,,1513,
"Hike",87,765,3.1,"Kilometer",6601000,784.56,2131.27,,,1.69,5205,
"Treadmill",95,158,1.82,"Kilometer",2013000,1.83,,,,3.39,1684,
"Walk",100,145,,,1536000,27.23,,,,,1629,
"Hike",85,7,0,"Kilometer",92000,0,26300.58,,,0.14,7,
"Hike",97,1531,6.01,"Kilometer",16538000,1384.1,2729.08,,,1.32,9537,
"Treadmill",144,640,10.52,"Kilometer",3446000,6.71,,,,10.89,8937,
"Treadmill",132,513,9.6,"Kilometer",3169000,2.74,,,,11.38,8159,
"Sport",102,498,,,3174000,,,,,,4506,
"Run",139,557,8.82,"Kilometer",3271000,154.23,355.88,,,10.12,7873,
"Run",150,710,10.68,"Kilometer",3810000,169.77,344.18,,,10.46,9563,
"Run",114,89,1.37,"Kilometer",677000,8.53,491.98,,,7.32,1264,
"Run",162,819,11.66,"Kilometer",4024000,158.5,333.66,,,10.79,10234,
"Run",130,223,4.06,"Kilometer",1385000,85.34,340.55,,,10.57,3641,
"Run",162,527,8.08,"Kilometer",2824000,359.97,315.46,,,11.41,7065,
"Sport",105,447,,,3840000,,,,,,2749,
"Run",171,551,7.61,"Kilometer",2481000,296.88,325.77,,,11.05,6715,
"Run",163,906,13.33,"Kilometer",4229000,160.02,316.84,,,11.36,11639,
"Run",155,849,10.91,"Kilometer",4359000,102.72,387.27,,,9.3,9983,
"Run",140,833,11.31,"Kilometer",5000000,164.29,441.3,,,8.16,10071,
"Run",84,521,2.24,"Kilometer",9112000,56.08,4085.87,,,0.88,3424,
"Run",146,625,10.03,"Kilometer",3371000,125.27,335.87,,,10.72,8893,
"Walk",94,147,,,1587000,5.03,,,,,1513,
"Treadmill",138,774,4.94,"Kilometer",3842000,1.22,,,,4.59,6512,
"Walk",101,178,,,1280000,9.14,,,,,2327,
"Run",144,224,1.78,"Kilometer",913000,76.2,517.04,,,6.96,2104,
"Treadmill",156,626,5.08,"Kilometer",2462000,0.31,,,,7.43,5384,
"Walk",150,249,,,1177000,5.28,,,,,2101,
"Run",153,749,4.15,"Kilometer",3903000,2.74,728.46,,,4.94,6922,
"Walk",96,254,,,1639000,57.91,,,,,2930,
"Walk",96,149,,,1228000,21.34,,,,,1317,
"Treadmill",159,1010,6.59,"Kilometer",3800000,6.1,,,,6.24,8798,
"Walk",113,233,,,1383000,82.3,,,,,2295,
"Walk",106,196,,,1280000,12.14,,,,,2446,
"Walk",109,253,,,1536000,85.34,,,,,2624,
"Treadmill",78,0,0,"Kilometer",4246000,0,,,,0,0,
"Walk",98,234,,,1741000,9.14,,,,,2979,
"Run",133,1340,11.83,"Kilometer",6299000,99.37,527.89,,,6.82,15795,
"Run",157,780,5.79,"Kilometer",3032000,1.83,523.3,,,6.88,7756,
"Walk",100,166,,,1332000,24.38,,,,,1606,
"Treadmill",135,678,5.31,"Kilometer",3115000,5.18,,,,6.11,7144,
"Walk",107,242,,,1485000,82.3,,,,,2469,
"Run",142,178,1.73,"Kilometer",763000,72.85,430.29,,,8.37,1897,
"Treadmill",101,9,0.01,"Kilometer",110000,,,,,0.24,31,
"Aerobic Workout",123,464,,,2611000,,,,,,3937,
"Run",130,112,1.46,"Kilometer",654000,5.49,406.87,,,8.85,1527,
"Run",147,173,1.78,"Kilometer",751000,76.51,413.19,,,8.71,1843,
"Run",164,701,,,2714000,3.05,,,,,6120,
"Treadmill",76,0,0,"Kilometer",4000,0,,,,0,0,
"Walk",106,246,,,1740000,18.29,,,,,2786,
"Walk",92,217,,,1639000,3.05,,,,,2611,
"Run",147,174,1.72,"Kilometer",742000,75.9,425.24,,,8.47,1775,
"Treadmill",111,543,4,"Kilometer",3370000,1.52,,,,4.25,5318,
"Run",132,151,1.88,"Kilometer",744000,7.32,387.67,,,9.29,1839,
"Run",146,1103,,,4762000,76.2,,,,,12307,
"Walk",99,167,,,1331000,6.1,,,,,2158,
"Run",147,771,,,3569000,6.1,,,,,7746,
"Treadmill",148,1001,7.26,"Kilometer",4256000,12.19,,,,6.12,9004,
"Walk",104,278,,,1946000,48.77,,,,,3238,
"Run",151,128,1.18,"Kilometer",560000,36.58,439.69,,,8.19,1281,
"Run",115,65,0.7,"Kilometer",470000,23.47,644.01,,,5.59,811,
"Walk",108,242,,,1433000,85.34,,,,,2480,
"Treadmill",134,910,5.49,"Kilometer",4589000,16.46,,,,4.22,6830,
"Walk",101,132,,,973000,6.1,,,,,1121,
"Walk",91,163,,,1484000,3.05,,,,,1457,
"Walk",103,183,,,1331000,12.19,,,,,2308,
"Walk",109,252,,,1638000,6.1,,,,,2685,
"Walk",91,236,,,1946000,9.14,,,,,2639,
"Walk",91,146,,,1178000,9.14,,,,,1531,
"Run",141,175,1.79,"Kilometer",761000,80.16,422.96,,,8.51,1875,
"Treadmill",133,736,4.65,"Kilometer",3636000,7.01,,,,4.61,6003,
"Run",131,125,1.75,"Kilometer",955000,9.75,358.29,,,10.05,1548,
"Treadmill",138,1448,16.57,"Kilometer",6617000,1.52,,,,8.97,16082,
"Run",107,122,1.39,"Kilometer",911000,6.1,576.46,,,6.25,1606,
"Walk",114,250,,,1485000,79.25,,,,,2459,
"Walk",103,181,,,1331000,12.19,,,,,2320,
"Walk",101,258,,,1587000,97.54,,,,,2691,
"Walk",101,216,,,1638000,6.1,,,,,2560,
"Run",138,170,1.81,"Kilometer",749000,75.9,412.37,,,8.73,1885,
"Treadmill",140,757,7.4,"Kilometer",3364000,5.49,,,,7.92,7880,
"Walk",106,256,,,1639000,85.34,,,,,2530,
"Walk",105,176,,,1229000,15.24,,,,,2220,
"Treadmill",151,757,5.97,"Kilometer",3133000,10.36,,,,6.82,6606,
"Walk",107,268,,,1690000,85.34,,,,,2653,
"Run",137,175,1.79,"Kilometer",785000,73.15,434.95,,,8.28,1945,
"Treadmill",104,38,0.13,"Kilometer",294000,,,,,1.6,192,
"Aerobic Workout",147,253,,,1076000,,,,,,2183,
"Run",127,145,1.87,"Kilometer",705000,7.32,375.79,,,9.58,1801,
"Walk",105,244,,,1536000,76.2,,,,,2602,
"Treadmill",146,286,2.67,"Kilometer",1263000,0.31,,,,7.63,2894,
"Walk",98,145,,,1126000,27.43,,,,,1305,
"Walk",98,184,,,1434000,5.79,,,,,2393,
"Aerobic Workout",126,280,,,1537000,,,,,,2392,
"Sport",111,200,,,1331000,,,,,,1558,
"Aerobic Workout",119,232,,,1382000,,,,,,1685,
"Run",153,1928,23.16,"Kilometer",7752000,175.57,331.73,,,10.85,19904,
"Run",110,138,1.44,"Kilometer",831000,5.49,575.15,,,6.26,1737,
"Run",126,301,,,1536000,26.82,,,,,3616,
"Treadmill",148,1032,8.85,"Kilometer",4456000,93.57,,,,7.12,10010,
"Treadmill",141,840,5.63,"Kilometer",3895000,1.52,,,,5.21,7374,
"Treadmill",164,640,4.92,"Kilometer",2375000,7.01,,,,7.37,5788,
"Treadmill",145,897,6.89,"Kilometer",3964000,28.96,,,,6.22,7624,
"Treadmill",145,719,7.78,"Kilometer",3071000,1.22,,,,9.03,8010,
"Walk",98,117,,,921000,3.05,,,,,1225,
"Sport",107,878,,,6503000,,,,,,6109,
"Sport",102,115,,,922000,,,,,,830,
"Walk",96,138,,,973000,3.05,,,,,1661,
"Run",138,870,10.99,"Kilometer",4469000,158.19,359.37,,,10.02,10278,
"Walk",98,165,,,1383000,3.05,,,,,1570,
"Sport",110,783,,,5324000,,,,,,6518,
"Walk",105,153,,,973000,0,,,,,1677,
"Run",142,612,6.9,"Kilometer",2658000,57.3,385.06,,,9.35,6936,
"Treadmill",162,1317,11.56,"Kilometer",4908000,42.06,,,,8.38,11956,
"Swim",,112,0.57,"Kilometer",922000,,1603.48,25,"Meter",2.25,,23
"Treadmill",160,571,5.5,"Kilometer",2200000,37.8,,,,9.01,5484,
"Walk",98,142,,,1024000,3.05,,,,,1657,
"Run",156,788,9.96,"Kilometer",3087000,67.06,312.79,,,11.51,8014,
"Treadmill",162,1011,9.02,"Kilometer",3910000,53.34,,,,8.26,8942,
"Treadmill",,0,0,"Kilometer",4000,0,,,,5.49,2,
"Run",134,750,10.93,"Kilometer",3369000,74.07,310.83,,,11.58,8835,
"Treadmill",151,465,4.13,"Kilometer",1906000,15.55,,,,7.73,4142,
"Walk",118,199,,,1331000,36.58,,,,,1614,
"Aerobic Workout",107,509,,,3687000,,,,,,3678,
"Walk",100,442,,,3380000,21.34,,,,,5261,
"Run",148,610,7.13,"Kilometer",2494000,56.69,349.56,,,10.3,6535,
"Run",150,684,7.97,"Kilometer",2786000,139.29,349.99,,,10.29,7228,
"Walk",102,170,,,1280000,9.14,,,,,1459,
"Walk",96,152,,,1126000,21.34,,,,,1556,
"Run",180,1647,16.17,"Kilometer",5719000,119.18,334.28,,,10.77,14715,
"Run",136,159,1.82,"Kilometer",723000,77.11,395.51,,,9.1,1851,
"Treadmill",106,663,5.42,"Kilometer",4290000,3.05,,,,4.51,7146,
"Run",142,178,1.82,"Kilometer",765000,75.29,417.23,,,8.63,1946,
"Treadmill",113,499,3.51,"Kilometer",3016000,47.85,,,,4.17,4655,
"Run",140,849,11.15,"Kilometer",3872000,72.54,339.25,,,10.61,9501,
"Treadmill",138,796,6.06,"Kilometer",3690000,50.6,,,,5.85,6891,
"Run",144,771,8.85,"Kilometer",3235000,124.05,365.24,,,9.86,8444,
"Treadmill",135,904,5.12,"Kilometer",4355000,2.74,,,,4.23,6802,
"Aerobic Workout",120,695,,,3789000,,,,,,5543,
"Walk",94,183,,,1331000,12.19,,,,,2171,
"Walk",89,204,,,1485000,18.29,,,,,2454,
"Walk",84,185,,,1383000,18.29,,,,,2098,
"Run",139,183,1.8,"Kilometer",753000,75.29,420.98,,,8.55,1855,
"Treadmill",105,1380,7.08,"Kilometer",10144000,46.33,,,,2.49,9680,
"Walk",102,243,,,1485000,85.34,,,,,2515,
"Walk",112,190,,,1126000,12.19,,,,,2084,
"Run",144,177,1.75,"Kilometer",756000,75.9,431.56,,,8.34,1776,
"Aerobic Workout",114,540,,,3328000,,,,,,5087,
"Sport",100,177,,,1382000,,,,,,1060,
"Sport",112,651,,,4353000,,,,,,2726,
"Sport",123,207,,,1178000,,,,,,874,
"Run",139,776,10.22,"Kilometer",3669000,102.11,347.61,,,10.36,8796,
"Run",154,164,1.6,"Kilometer",685000,74.37,401.47,,,8.97,1594,
"Treadmill",113,623,4.56,"Kilometer",3890000,1.83,,,,4.2,6196,
"Run",146,151,1.78,"Kilometer",646000,14.63,357.24,,,10.08,1604,
"Run",139,227,1.96,"Kilometer",1417000,80.47,511.92,,,7.03,2208,
"Treadmill",142,636,7.13,"Kilometer",2829000,4.57,,,,9.02,6920,
"Run",144,131,1.79,"Kilometer",595000,12.19,330.67,,,10.89,1518,
"Walk",105,261,,,1741000,51.82,,,,,2860,
"Treadmill",136,1062,9.27,"Kilometer",5359000,46.03,,,,6.21,9371,
"Run",137,178,1.85,"Kilometer",895000,79.25,427.68,,,8.42,1940,
"Treadmill",104,111,0.81,"Kilometer",807000,2.44,,,,3.56,1087,
"Treadmill",122,709,4.96,"Kilometer",4109000,15.24,,,,4.33,6566,
"Run",134,128,1.76,"Kilometer",673000,11.89,369.06,,,9.75,1622,
"Sport",107,228,,,1280000,,,,,,1500,
"Walk",107,212,,,1332000,82.3,,,,,2259,
"Walk",101,187,,,1280000,21.34,,,,,2427,
"Run",138,169,1.83,"Kilometer",801000,77.11,423.76,,,8.5,1919,
"Treadmill",119,678,4.35,"Kilometer",4139000,1.52,,,,3.77,5839,
"Walk",112,250,,,1537000,88.39,,,,,2402,
"Walk",105,135,,,973000,27.43,,,,,1322,
"Run",131,1005,9.64,"Kilometer",5260000,298.4,521.37,,,6.9,8988,
"Walk",105,125,,,921000,2.18,,,,,1505,
"Walk",98,107,,,922000,9.14,,,,,936,
"Run",134,86,1.05,"Kilometer",392000,0.31,371.22,,,9.7,956,
"Sport",128,982,,,5376000,,,,,,7273,
"Run",130,221,2.3,"Kilometer",1086000,78.94,472.34,,,7.62,2413,
"Run",116,143,1.41,"Kilometer",870000,6.1,625.5,,,5.76,1746,
"Run",126,126,1.33,"Kilometer",659000,26.82,472.24,,,7.62,1451,
"Treadmill",0,0,0,"Kilometer",246000,,,,,0,3,
"Treadmill",131,1390,9.58,"Kilometer",8312000,112.78,,,,4.8,12584,
"Treadmill",142,604,6.78,"Kilometer",2731000,7.93,,,,8.84,6809,
"Walk",102,256,,,1792000,27.43,,,,,3235,
"Treadmill",147,830,7.88,"Kilometer",3827000,34.75,,,,7.87,8245,
"Walk",106,163,,,1178000,9.14,,,,,2139,
"Run",144,153,1.77,"Kilometer",760000,73.46,403.2,,,8.93,1736,
"Treadmill",124,379,2.27,"Kilometer",2193000,,,,,3.73,3031,
"Run",139,129,1.69,"Kilometer",603000,4.88,356.34,,,10.1,1541,
"Run",149,155,1.77,"Kilometer",657000,75.9,365.62,,,9.85,1639,
"Treadmill",154,1016,9.33,"Kilometer",4293000,7.32,,,,7.93,9154,
"Run",149,95,1.35,"Kilometer",505000,10.67,343.21,,,10.49,1179,
"Run",143,584,8.11,"Kilometer",2530000,56.69,315.96,,,11.39,6597,
"Walk",110,205,,,1280000,81.79,,,,,2152,
"Treadmill",153,761,3.51,"Kilometer",3392000,1.83,,,,3.73,4656,
"Walk",108,182,,,1280000,9.14,,,,,2324,
"Run",135,160,1.96,"Kilometer",1426000,77.72,434.06,,,8.29,1969,
"Run",143,708,9.75,"Kilometer",3168000,76.2,325.02,,,11.08,8098,
"Run",83,5,0.03,"Kilometer",426000,1.22,1563.59,,,2.3,35,
"Aerobic Workout",116,1301,,,7629000,,,,,,12119,
"Treadmill",110,1254,10.35,"Kilometer",9635000,38.71,,,,3.97,11214,
"Run",119,857,8.84,"Kilometer",4939000,260.3,526.83,,,6.83,8246,
"Run",127,106,1.15,"Kilometer",756000,6.1,531.18,,,6.78,1263,
"Treadmill",143,807,8.59,"Kilometer",6034000,1.22,,,,8.56,9122,
"Run",130,34,0.39,"Kilometer",231000,3.66,527.68,,,6.82,370,
"Walk",109,240,,,1485000,88.39,,,,,2357,
"Treadmill",146,702,7.25,"Kilometer",3029000,4.57,,,,8.58,7693,
"Treadmill",131,497,3.36,"Kilometer",2662000,0.91,,,,4.52,3251,
"Run",120,170,1.87,"Kilometer",1101000,58.52,531.44,,,6.77,1993,
"Walk",99,358,,,2867000,33.53,,,,,4056,
"Run",134,164,1.94,"Kilometer",912000,74.07,444.09,,,8.11,1978,
"Treadmill",127,1470,10.94,"Kilometer",8190000,3.35,,,,4.78,12421,
"Run",128,137,1.5,"Kilometer",989000,9.14,478.89,,,7.52,1618,
"Walk",100,661,,,4967000,6.1,,,,,7537,
"Treadmill",152,809,7.28,"Kilometer",3411000,7.01,,,,7.66,7481,
"Walk",110,214,,,1331000,85.34,,,,,2119,
"Treadmill",128,773,5.11,"Kilometer",4228000,0,,,,4.34,5823,
"Walk",101,167,,,1229000,9.14,,,,,2178,
"Run",142,767,10.09,"Kilometer",3488000,151.79,337.97,,,10.65,8707,
"Walk",95,181,,,1331000,0,,,,,1838,
"Treadmill",144,815,9.82,"Kilometer",3694000,24.99,,,,9.83,9157,
"Treadmill",115,1241,8.92,"Kilometer",8192000,59.44,,,,3.9,10122,
"Walk",110,146,,,973000,30.48,,,,,1177,
"Walk",105,158,,,1127000,0,,,,,1873,
"Run",124,993,10.86,"Kilometer",5558000,328.88,484.81,,,7.43,9794,
"Aerobic Workout",118,762,,,4404000,,,,,,7036,
"Sport",113,478,,,2895000,,,,,,3080,
"Swim",,713,3.18,"Kilometer",6196000,,1951.5,25,"Meter",1.84,,127
"Treadmill",132,569,4.58,"Kilometer",2837000,1.52,,,,5.81,5185,
"Run",137,160,1.82,"Kilometer",755000,78.03,411.53,,,8.75,1894,
"Treadmill",128,370,2.3,"Kilometer",3070000,0,,,,4.33,3090,
"Run",141,134,1.73,"Kilometer",576000,7.32,324.91,,,11.08,1470,
"Treadmill",137,892,10.02,"Kilometer",4177000,7.93,,,,8.6,9721,
"Walk",114,228,,,1332000,88.39,,,,,2219,
"Treadmill",125,463,2.86,"Kilometer",2504000,2.44,,,,4.12,3838,
"Run",119,142,1.52,"Kilometer",863000,7.01,548.67,,,6.56,1772,
"Walk",104,243,,,1485000,88.39,,,,,2575,
"Run",105,139,1.5,"Kilometer",1307000,10.67,614.18,,,5.86,1821,
"Aerobic Workout",118,1062,,,6094000,,,,,,9768,
"Treadmill",135,890,8.79,"Kilometer",4232000,58.52,,,,7.48,9071,
"Walk",100,210,,,1485000,6.1,,,,,2672,
"Treadmill",131,732,4.01,"Kilometer",3674000,1.22,,,,3.92,5355,
"Walk",103,236,,,1639000,9.14,,,,,2775,
"Walk",97,179,,,1332000,9.14,,,,,2359,
"Walk",111,218,,,1280000,85.34,,,,,2211,
"Run",106,46,0.52,"Kilometer",313000,0,621.84,,,5.79,604,
"Walk",99,174,,,1178000,3.05,,,,,2096,
"Run",148,615,7.83,"Kilometer",2593000,150.88,325.78,,,11.05,6460,
"Treadmill",145,841,8.14,"Kilometer",3741000,12.19,,,,7.82,7223,
"Swim",,656,3.1,"Kilometer",5939000,,1915.81,25,"Meter",1.88,,124
"Sport",113,211,,,1280000,,,,,,1732,
"Run",136,929,11.67,"Kilometer",4447000,180.14,366,,,9.84,10472,
"Walk",97,319,,,2304000,12.19,,,,,3992,
"Treadmill",137,675,6.48,"Kilometer",3437000,10.06,,,,7.29,6436,
"Run",130,1127,14.45,"Kilometer",6084000,439.22,369.78,,,9.74,13435,
"Run",142,797,10.93,"Kilometer",3600000,63.09,321.74,,,11.19,9026,
"Run",128,1176,16.33,"Kilometer",6238000,524.56,350.48,,,10.27,14529,
"Treadmill",135,819,10.3,"Kilometer",3869000,2.74,,,,9.77,9379,
"Sport",107,1037,,,7321000,,,,,,7312,
"Run",148,771,10.08,"Kilometer",3393000,76.81,321.71,,,11.19,8316,
"Run",146,1147,15.04,"Kilometer",4819000,274.32,320.43,,,11.23,12640,
"Walk",95,340,,,2509000,103.63,,,,,3991,
"Treadmill",136,1253,11.94,"Kilometer",6070000,69.8,,,,7.18,11171,
"Treadmill",139,741,8.89,"Kilometer",3310000,0.31,,,,9.67,7997,
"Run",143,899,12.73,"Kilometer",3933000,92.66,299.38,,,12.02,10036,
"Treadmill",144,708,8.91,"Kilometer",3124000,6.71,,,,10.57,7735,
"Run",148,1619,20.19,"Kilometer",6575000,149.66,325.56,,,11.06,17606,
"Run",146,1669,21.2,"Kilometer",7722000,610.51,334.1,,,10.78,18316,
"Walk",99,181,,,1331000,6.1,,,,,2107,
"Walk",96,575,,,5260000,0,,,,,5555,
"Walk",101,137,,,973000,15.24,,,,,1419,
"Walk",105,156,,,1024000,6.1,,,,,1577,
"Walk",113,154,,,922000,12.19,,,,,1505,
"Walk",102,240,,,1895000,12.19,,,,,2446,
"Walk",109,310,,,1946000,30.48,,,,,3301,
"Walk",103,180,,,1229000,24.38,,,,,2034,
"Walk",98,121,,,1024000,12.19,,,,,1189,
"Run",144,540,5.6,"Kilometer",2377000,2.13,410.12,,,8.78,5528,
"Walk",103,158,,,1127000,6.1,,,,,1838,
"Walk",111,164,,,1177000,6.1,,,,,1365,
"Walk",97,124,,,1024000,0,,,,,1322,
"Walk",102,126,,,1024000,0,,,,,1478,
"Walk",107,148,,,1075000,24.38,,,,,1366,
"Walk",108,141,,,973000,12.19,,,,,1603,
"Walk",112,149,,,1024000,15.24,,,,,1442,
"Walk",95,212,,,2048000,6.1,,,,,1978,
"Walk",99,360,,,3021000,30.48,,,,,3786,
"Walk",108,173,,,1383000,6.1,,,,,1657,
"Walk",98,213,,,1741000,9.14,,,,,2431,
"Run",166,565,3.91,"Kilometer",2594000,1.22,543.76,,,6.62,5115,
"Walk",100,133,,,1178000,9.14,,,,,1271,
"Walk",106,126,,,922000,3.05,,,,,1465,
"Walk",118,147,,,972000,12.19,,,,,1199,
"Walk",101,200,,,1536000,0,,,,,2043,
"Walk",129,602,,,3123000,21.34,,,,,4826,
"Aerobic Workout",127,167,,,922000,,,,,,1156,
"Walk",109,164,,,1177000,0,,,,,1704,
"Walk",96,726,,,6144000,33.53,,,,,8504,
"Walk",101,635,,,4710000,18.29,,,,,6847,
"Walk",111,182,,,1127000,6.1,,,,,1911,
"Walk",109,154,,,1024000,21.34,,,,,1319,
"Walk",113,171,,,1075000,15.24,,,,,1739,
"Walk",96,457,,,3738000,36.58,,,,,4607,
"Walk",101,232,,,1894000,0,,,,,2518,
"Walk",111,217,,,1332000,24.38,,,,,2390,
"Walk",103,155,,,1024000,42.67,,,,,1527,
"Walk",112,257,,,1638000,9.14,,,,,2476,
"Aerobic Workout",125,328,,,1741000,,,,,,3013,
"Walk",94,114,,,1024000,15.24,,,,,1120,
"Walk",106,214,,,1536000,6.1,,,,,2041,
"Walk",120,291,,,1639000,3.05,,,,,2585,
"Walk",104,132,,,921000,6.1,,,,,1306,
"Walk",100,266,,,1997000,3.05,,,,,2963,
"Walk",100,179,,,1536000,3.05,,,,,1766,
"Aerobic Workout",128,388,,,2202000,,,,,,2650,
"Aerobic Workout",121,364,,,2099000,,,,,,3725,
"Walk",112,135,,,921000,6.1,,,,,1344,
"Walk",107,150,,,1126000,12.19,,,,,1841,
"Walk",105,134,,,972000,9.14,,,,,1636,
"Walk",100,108,,,922000,6.1,,,,,888,
"Walk",96,218,,,1741000,30.48,,,,,2307,
"Walk",107,1247,,,8243000,210.31,,,,,13776,
"Walk",104,367,,,2611000,39.62,,,,,3998,
"Treadmill",167,359,4.87,"Kilometer",1838000,0,,,,9.58,4826,
"Walk",110,106,,,1127000,21.34,,,,,1415,
"Walk",117,120,,,1075000,33.53,,,,,1484,
"Walk",103,155,,,1741000,21.34,,,,,1956,
"Treadmill",150,67,1.12,"Kilometer",437000,0.31,,,,9.66,1136,
"Run",168,307,4.36,"Kilometer",1606000,37.49,367.66,,,9.79,4375,
"Walk",120,177,,,1536000,27.43,,,,,2845,
"Walk",101,92,,,1076000,18.29,,,,,1424,
"Treadmill",158,114,1.83,"Kilometer",720000,0,,,,9.59,1852,
"Walk",109,104,,,1126000,27.43,,,,,1507,
"Walk",100,95,,,1332000,9.14,,,,,1317,
"Walk",116,137,,,1178000,6.1,,,,,1683,
"Walk",95,206,,,2765000,15.24,,,,,2998,
"Aerobic Workout",116,98,,,1076000,,,,,,1027,
"Walk",109,140,,,1537000,24.38,,,,,1931,
"Walk",109,131,,,1434000,24.38,,,,,1641,
"Treadmill",156,49,0.88,"Kilometer",334000,0,,,,9.97,895,
"Walk",108,101,,,1126000,33.53,,,,,1489,
"Walk",146,149,,,1024000,15.24,,,,,1777,
"Walk",110,132,,,1690000,6.71,,,,,1844,
"Treadmill",174,212,2.87,"Kilometer",1058000,0,,,,9.78,2892,
"Walk",110,160,,,1690000,27.43,,,,,2415,
"Walk",113,167,,,1792000,27.43,,,,,2049,
"Walk",105,106,,,1178000,30.48,,,,,1441,
"Treadmill",150,47,0.85,"Kilometer",352000,0.61,,,,9.52,891,
"Walk",103,98,,,1126000,33.53,,,,,1323,
"Walk",111,100,,,1127000,12.19,,,,,1512,
"Walk",98,119,,,1536000,30.48,,,,,1767,
"Walk",110,141,,,1639000,30.48,,,,,1938,
"Walk",104,105,,,1178000,30.48,,,,,1494,
"Treadmill",159,128,1.89,"Kilometer",737000,0,,,,9.53,1912,
"Walk",107,99,,,1075000,24.38,,,,,1357,
"Walk",108,111,,,1280000,18.29,,,,,1485,
"Walk",111,172,,,1536000,54.86,,,,,2657,
"Walk",108,182,,,2202000,39.62,,,,,2690,
"Walk",102,140,,,1639000,9.14,,,,,2355,
"Walk",105,109,,,1332000,18.29,,,,,1596,
"Treadmill",169,339,4.9,"Kilometer",1818000,5.18,,,,9.74,4915,
"Walk",102,90,,,1126000,15.24,,,,,1241,
"Treadmill",150,351,4.62,"Kilometer",2422000,19.81,,,,7.73,4912,
"Walk",105,91,,,1024000,3.05,,,,,1326,
"Walk",96,381,,,4762000,24.38,,,,,5701,
"Walk",100,229,,,2969000,6.1,,,,,3283,
"Walk",106,151,,,1588000,0,,,,,2310,
"Walk",103,347,,,4045000,9.14,,,,,5243,
"Walk",107,97,,,973000,3.05,,,,,1590,
"Walk",106,82,,,1024000,12.19,,,,,1137,
"Walk",105,168,,,1793000,33.53,,,,,2695,
"Walk",104,107,,,1331000,21.34,,,,,1507,
"Walk",106,166,,,1997000,30.48,,,,,2428,
"Walk",105,92,,,1127000,9.14,,,,,1476,
"Walk",108,143,,,1792000,3.05,,,,,1878,
"Walk",99,129,,,1946000,0,,,,,1602,
"Walk",105,129,,,1639000,12.19,,,,,1924,
"Walk",103,240,,,3021000,9.14,,,,,3675,
"Walk",103,214,,,2918000,30.48,,,,,2840,
"Outdoor Bike",106,141,,,1997000,0,,,,,,
"Walk",109,134,,,1331000,60.96,,,,,2141,
"Swim",,178,0.78,"Kilometer",3687000,,4757.42,25,"Meter",0.76,,31
"Walk",118,249,,,2253000,112.78,,,,,3988,
"Treadmill",174,358,4.73,"Kilometer",1796000,13.41,,,,9.54,4749,
"Walk",114,110,,,1127000,21.34,,,,,1558,
"Walk",108,553,,,5735000,12.19,,,,,9186,
"Walk",104,166,,,2048000,18.29,,,,,2514,
"Treadmill",177,360,4.78,"Kilometer",1806000,3.35,,,,9.57,4803,
"Walk",106,151,,,1741000,6.1,,,,,2302,
"Walk",100,89,,,1127000,23.32,,,,,1354,
"Walk",120,106,,,1076000,18.44,,,,,1296,
"Walk",110,181,,,1895000,3.05,,,,,3038,
"Walk",102,112,,,1382000,3.05,,,,,1673,
"Walk",109,92,,,922000,0,,,,,1484,
"Walk",110,111,,,1178000,6.1,,,,,1829,
"Walk",119,162,,,1537000,0,,,,,2516,
"Walk",110,106,,,1229000,21.34,,,,,1428,
"Treadmill",161,228,3.4,"Kilometer",1321000,0.31,,,,9.34,3444,
"Walk",107,107,,,1229000,24.38,,,,,1476,
"Walk",107,139,,,1383000,33.22,,,,,2001,
"Treadmill",154,210,3.28,"Kilometer",1255000,0,,,,9.48,3309,
"Walk",105,99,,,1229000,18.44,,,,,1467,
"Walk",107,100,,,1229000,9.14,,,,,1319,
"Walk",114,128,,,1331000,6.2,,,,,1688,
"Walk",107,221,,,2765000,27.43,,,,,3552,
"Walk",105,188,,,1895000,21.34,,,,,3053,
"Walk",109,108,,,1177000,30.48,,,,,1613,
"Treadmill",143,60,1.02,"Kilometer",534000,0,,,,9.01,1029,
"Walk",118,133,,,1229000,24.38,,,,,2094,
"Walk",109,123,,,1178000,38.91,,,,,1931,
"Walk",99,153,,,1997000,18.29,,,,,2184,
"Walk",94,138,,,1588000,15.24,,,,,2091,
"Walk",111,227,,,2253000,24.38,,,,,3953,
"Walk",105,107,,,1075000,3.05,,,,,1813,
"Walk",116,190,,,1742000,21.34,,,,,2736,
"Walk",106,508,,,5786000,128.02,,,,,8057,
"Walk",120,290,,,2560000,33.53,,,,,4844,
"Walk",107,422,,,4506000,60.96,,,,,6769,
"Walk",101,113,,,1383000,9.14,,,,,1563,
"Walk",105,349,,,3943000,21.34,,,,,5260,
"Walk",110,97,,,1024000,18.29,,,,,1323,
"Walk",107,106,,,1229000,27.43,,,,,1481,
"Walk",111,133,,,1434000,3.05,,,,,1837,
"Walk",111,1005,,,10088000,213.36,,,,,15754,
"Walk",112,246,,,2356000,45.31,,,,,3969,
"Walk",115,172,,,1587000,6.1,,,,,2690,
"Walk",116,204,,,1792000,73.15,,,,,3210,
"Walk",106,98,,,1228000,9.14,,,,,1461,
"Walk",118,108,,,1127000,12.19,,,,,1348,
"Walk",111,108,,,1076000,30.48,,,,,1429,
"Walk",110,154,,,1690000,18.39,,,,,2329,
"Walk",133,166,,,1229000,17.63,,,,,2426,
"Walk",111,92,,,921000,36.58,,,,,1349,
"Treadmill",114,351,2.59,"Kilometer",4830000,58.22,,,,1.94,3471,
"Walk",117,108,,,1075000,6.1,,,,,1882,
"Walk",110,327,,,3635000,112.78,,,,,4621,
"Run",148,206,3.14,"Kilometer",7636000,36.88,421.77,,,8.54,3308,
"Walk",130,177,,,1280000,0,,,,,2209,
"Walk",116,210,,,1895000,79.25,,,,,3391,
"Walk",115,226,,,2151000,51.82,,,,,3771,
"Walk",110,193,,,1997000,21.34,,,,,3268,
"Walk",107,85,,,973000,21.34,,,,,1323,
"Walk",106,350,,,3840000,18.29,,,,,5663,
"Walk",114,99,,,1024000,21.34,,,,,1376,
"Walk",113,361,,,3789000,39.62,,,,,5216,
"Walk",113,138,,,1331000,12.19,,,,,2361,
"Walk",111,243,,,2356000,39.62,,,,,3735,
"Walk",110,132,,,1331000,9.14,,,,,2254,
"Walk",112,197,,,1843000,60.96,,,,,3096,
"Treadmill",159,200,2.94,"Kilometer",1153000,0.31,,,,9.2,2961,
"Walk",109,207,,,2048000,21.34,,,,,3582,
"Walk",100,95,,,1177000,27.23,,,,,1437,
"Run",134,279,3.8,"Kilometer",1980000,44.5,520.23,,,6.92,4549,
"Walk",119,199,,,1689000,60.96,,,,,3048,
"Walk",108,234,,,2356000,57.91,,,,,3746,
"Walk",115,238,,,2151000,94.49,,,,,3701,
"Walk",111,265,,,2663000,45.72,,,,,4518,
"Walk",104,302,,,3277000,60.96,,,,,4571,
"Run",163,174,,,973000,27.43,,,,,2380,
"Walk",107,88,,,922000,9.14,,,,,1370,
"Walk",106,93,,,1024000,15.24,,,,,1491,
"Walk",110,98,,,973000,21.34,,,,,1481,
"Walk",113,142,,,1332000,12.19,,,,,2109,
"Walk",111,76,,,717000,6.1,,,,,1128,
"Walk",111,65,,,717000,3.05,,,,,923,
"Dancing",123,164,,,1485000,,,,,,1798,
"Treadmill",154,442,4.17,"Kilometer",2638000,5.18,,,,5.7,5219,
"Walk",116,105,,,1024000,6.1,,,,,1600,
"Walk",117,151,,,1382000,39.62,,,,,2005,
"Aerobic Workout",119,377,,,5400000,,,,,,2891,
"Walk",99,140,,,1690000,18.29,,,,,2305,
"Treadmill",164,706,7.64,"Kilometer",3836000,2.13,,,,7.08,8184,
"Walk",109,151,,,1536000,3.05,,,,,2608,
"Walk",119,193,,,1690000,12.19,,,,,3042,
"Treadmill",166,70,0.77,"Kilometer",386000,0.31,,,,7.16,843,
"Walk",109,133,,,1587000,18.29,,,,,1612,
"Walk",101,95,,,1229000,3.05,,,,,1360,
"Walk",114,130,,,1229000,15.24,,,,,2166,
"Walk",118,111,,,973000,9.14,,,,,1781,
"Treadmill",141,307,3.47,"Kilometer",2043000,10.36,,,,6.13,4263,
"Walk",117,164,,,1485000,12.19,,,,,2526,
"Walk",113,177,,,1690000,9.14,,,,,2980,
"Walk",104,86,,,973000,6.1,,,,,1262,
"Walk",115,106,,,1024000,9.14,,,,,1645,
"Treadmill",153,323,3.86,"Kilometer",1890000,5.49,,,,7.25,4222,
"Walk",117,189,,,1741000,42.67,,,,,2367,
"Walk",114,101,,,973000,6.1,,,,,1672,
"Treadmill",153,236,2.78,"Kilometer",1401000,5.49,,,,7.02,3061,
"Walk",122,288,,,2407000,42.67,,,,,3862,
"Treadmill",160,358,4.31,"Kilometer",1969000,7.62,,,,7.89,4667,
"Walk",121,236,,,2100000,39.62,,,,,3009,
"Walk",110,230,,,2406000,54.86,,,,,3207,
"Walk",106,90,,,1024000,18.29,,,,,1251,
"Walk",112,408,,,4147000,76.2,,,,,6022,
"Aerobic Workout",142,235,,,1639000,,,,,,2295,
"Walk",110,100,,,1024000,6.1,,,,,1466,
"Walk",102,101,,,1178000,9.14,,,,,1423,
"Treadmill",157,308,3.03,"Kilometer",1736000,1.22,,,,6.28,3701,
"Walk",101,97,,,1178000,12.19,,,,,1395,
"Walk",100,103,,,1332000,12.19,,,,,1504,
"Walk",114,139,,,1280000,27.43,,,,,2088,
"Walk",114,365,,,3175000,109.73,,,,,5576,
"Walk",124,252,,,2049000,12.19,,,,,3395,
"Walk",122,311,,,2355000,109.73,,,,,3963,
"Walk",101,136,,,1639000,15.24,,,,,1927,
"Walk",107,180,,,1946000,15.24,,,,,2881,
"Walk",100,133,,,1843000,21.34,,,,,1736,
"Walk",109,112,,,1127000,30.48,,,,,1648,
"Walk",107,95,,,973000,0,,,,,1268,
"Treadmill",136,263,2.91,"Kilometer",1810000,9.45,,,,5.8,3652,
"Run",170,305,,,1638000,6.1,,,,,3309,
"Walk",118,106,,,1076000,15.24,,,,,1287,
"Treadmill",155,229,2.57,"Kilometer",1322000,9.75,,,,6.99,2984,
"Walk",132,128,,,973000,45.72,,,,,1677,
"Walk",113,308,,,2816000,60.96,,,,,4713,
"Walk",120,145,,,1280000,15.24,,,,,2221,
"Walk",115,175,,,1639000,36.58,,,,,2541,
"Treadmill",166,147,1.65,"Kilometer",764000,2.44,,,,7.82,1819,
"Walk",127,144,,,1126000,24.38,,,,,1800,
"Treadmill",163,367,3.96,"Kilometer",2017000,0.61,,,,6.95,4442,
"Walk",122,101,,,973000,6.1,,,,,1156,
"Walk",106,120,,,1383000,24.38,,,,,1769,
"Walk",108,144,,,1383000,21.34,,,,,2287,
"Walk",117,99,,,921000,9.14,,,,,1584,
"Walk",125,201,,,1690000,30.48,,,,,3002,
"Skiing",102,2069,4.14,"Kilometer",19800000,21.34,4779.03,,,0.75,5883,
"Cross Country Skiing",109,702,7,"Kilometer",6600000,,,,,3.82,8081,
"Cross Country Skiing",108,302,7.7,"Kilometer",3431000,,,,,8.08,3803,
"Walk",109,88,,,922000,6.1,,,,,1273,
"Walk",117,364,,,3379000,12.19,,,,,6428,
"Walk",104,297,,,3124000,21.34,,,,,5269,
"Walk",136,197,,,1332000,13.11,,,,,2121,
"Treadmill",156,119,1.4,"Kilometer",697000,3.35,,,,7.27,1591,
"Walk",132,161,,,1229000,39.62,,,,,1944,
"Walk",114,98,,,1024000,9.14,,,,,1302,
"Walk",115,87,,,922000,9.14,,,,,1057,
"Yoga",94,337,,,4500000,,,,,,407,
"Circuit Training",151,323,,,3600000,,,,,,1073,
"Walk",117,111,,,1127000,21.34,,,,,1408,
"Walk",120,109,,,922000,18.29,,,,,1518,
"Treadmill",171,408,4.14,"Kilometer",2046000,8.53,,,,7.28,4713,
"Circuit Training",169,425,,,3441000,,,,,,1103,
"Walk",106,121,,,1485000,12.19,,,,,1770,
"Walk",104,131,,,1434000,12.19,,,,,2236,
"Circuit Training",162,552,,,3157000,16.76,,,,,2314,
"Walk",122,223,,,1946000,15.24,,,,,3623,
"Walk",127,245,,,1946000,57.91,,,,,3430,
"Walk",117,163,,,1587000,21.34,,,,,2047,
"Run",177,356,,,1485000,0,,,,,3584,
"Walk",103,162,,,1484000,9.14,,,,,1854,
"Walk",101,162,,,1536000,9.14,,,,,1745,
"Walk",93,92,,,1024000,6.1,,,,,785,
"Run",171,471,6.26,"Kilometer",2087000,0,332.83,,,10.82,5254,
"Walk",99,177,,,1638000,36.58,,,,,1872,
"Walk",92,159,,,1331000,15.24,,,,,2289,
"Run",172,446,6.22,"Kilometer",2017000,0,318,,,11.32,5109,
"Walk",106,173,,,1485000,39.62,,,,,1691,
"Run",169,267,3.71,"Kilometer",1196000,0,321.27,,,11.21,3048,
"Run",175,454,,,1997000,0,,,,,5060,
"Run",106,12,0.12,"Kilometer",99000,0.32,797.49,,,4.51,160,
"Walk",104,116,,,1075000,9.14,,,,,1428,
"Run",170,344,4.49,"Kilometer",1548000,0,344.41,,,10.45,3841,
"Walk",122,122,,,1024000,0,,,,,1111,
"Walk",109,132,,,1024000,15.24,,,,,1585,
"Walk",102,235,,,2099000,30.48,,,,,2990,
"Walk",97,188,,,1690000,27.43,,,,,2669,
"Walk",103,199,,,1639000,24.38,,,,,2616,
"Walk",115,260,,,1946000,18.29,,,,,2913,
"Walk",104,271,,,2458000,24.38,,,,,2959,
"Walk",111,167,,,1332000,42.67,,,,,1854,
"Walk",103,428,,,4096000,48.77,,,,,5051,
"Walk",96,156,,,1638000,27.43,,,,,1834,
"Run",162,379,,,1843000,0,,,,,4552,
"Walk",126,141,,,1024000,3.05,,,,,1047,
"Walk",97,139,,,1434000,15.24,,,,,1521,
"Walk",96,118,,,1331000,6.1,,,,,1296,
"Walk",94,105,,,1127000,6.1,,,,,1167,
"Walk",101,101,,,973000,3.05,,,,,1220,
"Run",175,301,,,1332000,0,,,,,3282,
"Walk",105,145,,,1126000,18.29,,,,,1895,
"Walk",106,176,,,1588000,76.2,,,,,1750,
"Walk",101,125,,,1127000,33.53,,,,,1553,
"Walk",107,441,,,3738000,176.78,,,,,4351,
"Walk",106,310,,,2816000,42.67,,,,,4340,
"Run",174,294,,,1281000,0,,,,,3133,
"Walk",105,112,,,1126000,0,,,,,1169,
"Walk",100,247,,,2560000,18.29,,,,,2947,
"Walk",110,126,,,1075000,12.19,,,,,1644,
"Walk",101,154,,,1331000,15.24,,,,,2169,
"Walk",107,150,,,1280000,15.24,,,,,1908,
"Walk",99,93,,,922000,0,,,,,1235,
"Walk",99,247,,,2355000,6.1,,,,,3155,
"Walk",98,86,,,921000,0,,,,,898,
"Walk",99,206,,,2150000,0,,,,,2524,
"Walk",100,179,,,1894000,6.1,,,,,2040,
"Walk",95,124,,,1331000,3.05,,,,,1637,
"Walk",105,481,,,4557000,3.05,,,,,5521,
"Walk",113,268,,,2150000,9.14,,,,,3366,
"Walk",95,137,,,1485000,3.05,,,,,1537,
"Walk",104,289,,,2611000,21.34,,,,,3583,
"Walk",98,429,,,4864000,36.58,,,,,4539,
"Walk",99,116,,,1024000,3.05,,,,,1504,
"Walk",98,814,,,7527000,384.05,,,,,7672,
"Walk",104,555,,,5581000,39.62,,,,,6947,
"Walk",106,246,,,1946000,137.16,,,,,2427,
"Walk",105,180,,,1741000,18.29,,,,,2605,
"Walk",119,139,,,1126000,3.05,,,,,1577,
"Walk",117,146,,,1076000,9.14,,,,,1665,
"Walk",107,211,,,1946000,64.01,,,,,2457,
"Walk",112,223,,,1741000,6.1,,,,,3053,
"Walk",123,333,,,2560000,12.19,,,,,3062,
"Walk",106,105,,,921000,9.14,,,,,1246,
"Walk",100,263,,,2253000,33.53,,,,,3718,
"Walk",106,192,,,1997000,45.72,,,,,2140,
"Outdoor Bike",84,199,,,2765000,73.15,,,,,,
"Sport",102,126,,,1383000,,,,,,851,
"Sport",99,155,,,1741000,,,,,,1293,
"Sport",105,109,,,973000,,,,,,1176,
"Walk",100,109,,,1076000,30.48,,,,,1043,
"Walk",107,182,,,1587000,45.72,,,,,1974,
"Walk",98,197,,,2304000,9.14,,,,,2093,
"Walk",129,211,,,1383000,0,,,,,2466,
"Walk",104,194,,,1843000,36.58,,,,,1939,
"Walk",123,323,,,2407000,3.05,,,,,3357,
"Walk",98,173,,,1536000,42.67,,,,,1874,
"Walk",98,602,,,6349000,112.78,,,,,6715,
"Walk",118,364,,,2868000,6.1,,,,,3692,
"Walk",103,232,,,2355000,45.72,,,,,2452,
"Walk",107,144,,,1229000,24.38,,,,,1962,
"Walk",143,254,,,1485000,0,,,,,2787,
"Walk",95,109,,,1177000,12.19,,,,,1144,
"Walk",103,796,,,7015000,207.26,,,,,11244,
"Walk",99,392,,,3840000,118.87,,,,,5125,
"Walk",99,872,,,7936000,262.13,,,,,11922,
"Walk",103,307,,,2611000,97.54,,,,,4258,
"Walk",102,531,,,4864000,128.02,,,,,6839,
"Walk",129,306,,,2150000,6.1,,,,,2958,
"Run",154,287,4.16,"Kilometer",1876000,3.35,436.49,,,8.25,4739,
"Walk",101,86,,,1177000,9.14,,,,,1104,
"Walk",106,85,,,973000,54.86,,,,,1286,
"Walk",,14,,,922000,0,,,,,0,
"Walk",106,159,,,1382000,21.34,,,,,2007,
"Walk",101,110,,,1178000,18.29,,,,,1163,
"Walk",99,78,,,922000,15.24,,,,,815,
"Outdoor Bike",120,160,,,1331000,3.05,,,,,,
"Walk",101,260,,,2867000,15.24,,,,,2677,
"Sport",105,140,,,1433000,,,,,,1529,
"Walk",104,166,,,1638000,76.2,,,,,1866,
"Outdoor Bike",85,52,,,1075000,0,,,,,,
"Walk",97,93,,,1178000,3.05,,,,,1110,
"Walk",105,244,,,1997000,27.43,,,,,2141,
"Walk",102,162,,,1383000,3.05,,,,,1388,
"Walk",112,480,,,3380000,134.11,,,,,4146,
"Walk",97,384,,,3636000,24.38,,,,,3182,
"Walk",103,175,,,1536000,6.1,,,,,1623,
"Walk",94,93,,,973000,6.1,,,,,646,
"Walk",106,130,,,922000,0,,,,,1215,
"Walk",100,202,,,1638000,24.38,,,,,1595,
"Walk",108,185,,,1280000,36.58,,,,,1943,
"Sport",107,131,,,921000,,,,,,1272,
"Walk",104,128,,,1075000,24.38,,,,,1000,
"Sport",110,224,,,1485000,,,,,,2318,
"Walk",107,265,,,1844000,48.77,,,,,2948,
"Walk",97,203,,,1741000,3.05,,,,,2089,
"Walk",103,312,,,2508000,12.19,,,,,3075,
"Walk",109,146,,,1024000,0,,,,,1680,
"Walk",104,145,,,1075000,3.05,,,,,1546,
"Walk",97,189,,,1741000,0,,,,,1998,
"Walk",101,530,,,4505000,9.14,,,,,4839,
"Walk",105,125,,,973000,3.05,,,,,1376,
"Walk",103,256,,,2151000,39.62,,,,,2300,
"Walk",106,165,,,1280000,64.01,,,,,1546,
"Walk",91,371,,,3994000,12.19,,,,,3047,
"Walk",111,161,,,1024000,21.34,,,,,1161,
"Walk",102,140,,,1229000,6.1,,,,,1055,
"Walk",101,210,,,1895000,24.38,,,,,1846,
"Walk",99,453,,,3891000,54.86,,,,,3752,
"Run",146,306,3.4,"Kilometer",1314000,2.13,391.03,,,9.21,3223,
"Outdoor Bike",119,424,,,2509000,0,,,,,,
"Outdoor Bike",94,164,,,1741000,0,,,,,,
"Sport",122,243,,,1484000,,,,,,1999,
"Run",165,400,4.56,"Kilometer",1531000,1.52,334.73,,,10.76,4080,
"Outdoor Bike",116,768,,,4864000,3.05,,,,,,
"Walk",97,253,,,2099000,33.53,,,,,2758,
"Outdoor Bike",113,926,,,5942000,6.1,,,,,,
"Run",150,494,6.2,"Kilometer",2295000,153.31,336.85,,,10.69,5561,
"Walk",91,100,,,1076000,18.29,,,,,902,
"Walk",103,224,,,1741000,39.62,,,,,2832,
"Walk",159,298,,,1485000,21.34,,,,,2532,
"Walk",115,174,,,1229000,21.34,,,,,1677,
"Walk",112,286,,,2202000,27.43,,,,,2843,
"Walk",110,194,,,1452000,12.19,,,,,2423,
"Walk",92,195,,,1580000,21.34,,,,,2583,
"Walk",100,204,,,1638000,27.43,,,,,2668,
"Walk",101,207,,,1690000,27.43,,,,,2611,
"Walk",114,210,,,1536000,24.38,,,,,2708,
"Treadmill",154,320,4.39,"Kilometer",2400000,1.52,,,,9.75,4208,
"Walk",111,209,,,1536000,24.38,,,,,2559,
"Walk",108,183,,,1332000,24.38,,,,,2422,
"Walk",97,153,,,1280000,15.24,,,,,2093,
"Walk",97,154,,,1280000,3.05,,,,,2176,
"Walk",106,162,,,1690000,30.48,,,,,1761,
"Walk",108,146,,,1178000,0,,,,,2033,
"Walk",107,155,,,1331000,0,,,,,1902,
"Walk",119,130,,,922000,6.1,,,,,1367,
"Walk",95,136,,,1229000,6.1,,,,,1866,
"Walk",112,233,,,1792000,3.05,,,,,2997,
"Walk",111,508,,,4045000,3.05,,,,,6092,
"Walk",99,429,,,4147000,0,,,,,4982,
"Walk",104,160,,,1178000,24.38,,,,,1970,
"Walk",118,294,,,2151000,36.58,,,,,3118,
"Walk",90,154,,,1331000,0,,,,,2206,
"Walk",103,157,,,1177000,24.38,,,,,2053,
"Walk",110,185,,,1331000,27.43,,,,,2480,
"Walk",149,178,,,973000,15.24,,,,,1726,
"Walk",103,208,,,1639000,27.43,,,,,2555,
"Walk",105,180,,,1280000,27.43,,,,,2402,
"Walk",128,286,,,1792000,30.48,,,,,2740,
"Walk",121,201,,,1332000,24.38,,,,,2364,
"Walk",108,194,,,1638000,15.24,,,,,2262,
"Walk",109,225,,,1792000,24.23,,,,,2705,
"Walk",106,183,,,1434000,24.38,,,,,2547,
"Walk",112,205,,,1587000,30.48,,,,,2623,
"Walk",125,184,,,1280000,6.1,,,,,2332,
"Walk",102,164,,,1382000,34.44,,,,,2163,
"Walk",100,182,,,1383000,24.38,,,,,2453,
"Walk",105,316,,,2816000,36.58,,,,,3588,
"Walk",122,298,,,2305000,24.38,,,,,3304,
"Walk",109,190,,,1382000,3.05,,,,,2589,
"Walk",120,166,,,1127000,24.38,,,,,2091,
"Walk",115,119,,,921000,27.43,,,,,1360,
"Walk",117,210,,,1485000,27.43,,,,,2533,
"Treadmill",144,562,6.17,"Kilometer",4498000,7.93,,,,7.29,7103,
"Walk",107,234,,,1997000,29.97,,,,,3019,
"Walk",121,211,,,1536000,9.14,,,,,2529,
"Walk",113,118,,,921000,24.38,,,,,1467,
"Walk",87,140,,,1229000,12.19,,,,,1908,
"Walk",111,212,,,1638000,27.43,,,,,2803,
"Walk",105,180,,,1331000,24.38,,,,,2418,
"Walk",107,190,,,1536000,15.24,,,,,2576,
"Walk",96,123,,,1024000,3.05,,,,,1832,
"Walk",95,122,,,973000,21.34,,,,,1705,
"Walk",105,173,,,1229000,24.38,,,,,2303,
"Walk",105,210,,,1639000,9.14,,,,,2546,
"Walk",99,187,,,1382000,24.38,,,,,2513,
"Walk",100,238,,,2150000,36.58,,,,,2969,
"Walk",113,197,,,1485000,24.38,,,,,2652,
"Walk",103,177,,,1434000,24.38,,,,,2336,
"Walk",115,219,,,1536000,36.58,,,,,2696,
"Walk",111,173,,,1433000,3.05,,,,,2359,
"Walk",106,159,,,1382000,6.1,,,,,2018,
"Walk",102,323,,,2868000,48.77,,,,,4203,
"Walk",108,160,,,1434000,0,,,,,2292,
"Walk",97,153,,,1536000,0,,,,,1947,
"Walk",98,395,,,3533000,45.72,,,,,5466,
"Walk",96,800,,,6912000,109.73,,,,,11606,
"Walk",89,807,,,8090000,94.49,,,,,11128,
"Walk",100,323,,,2662000,60.66,,,,,4643,
"Run",139,395,5.29,"Kilometer",3653000,97.23,424.4,,,8.48,6129,
"Walk",109,170,,,1281000,15.24,,,,,2333,
"Walk",130,177,,,1178000,0,,,,,1993,
"Walk",106,168,,,1280000,118.87,,,,,1626,
"Walk",111,100,,,973000,9.14,,,,,1531,
"Walk",106,257,,,2406000,6.1,,,,,3377,
"Walk",111,156,,,1229000,21.34,,,,,1980,
"Walk",104,192,,,1844000,21.34,,,,,2495,
"Walk",97,157,,,1281000,24.38,,,,,2224,
"Run",161,279,4.42,"Kilometer",2014000,32,319.06,,,11.28,4095,
"Walk",113,205,,,1690000,39.62,,,,,2473,
"Walk",103,181,,,1536000,24.38,,,,,2649,
"Treadmill",140,268,4.34,"Kilometer",1586000,0.61,,,,10.21,4033,
"Walk",109,172,,,1383000,57.91,,,,,2244,
"Walk",114,166,,,1178000,6.1,,,,,2240,
"Walk",108,335,,,2714000,42.67,,,,,4158,
"Run",154,270,4.08,"Kilometer",2286000,31.09,347.89,,,10.35,4082,
"Walk",113,226,,,1945000,18.29,,,,,2934,
"Walk",100,111,,,1178000,3.05,,,,,1483,
"Walk",104,170,,,1280000,24.38,,,,,2310,
"Walk",119,201,,,1434000,24.38,,,,,2550,
"Walk",111,268,,,2150000,24.38,,,,,3227,
"Walk",103,163,,,1331000,12.19,,,,,2388,
"Walk",106,246,,,1946000,42.67,,,,,3305,
"Run",166,276,3.8,"Kilometer",2133000,36.27,359.47,,,10.01,3967,
"Walk",109,239,,,1945000,30.48,,,,,3085,
"Run",141,667,9.99,"Kilometer",5569000,96.62,382.61,,,9.41,10472,
"Walk",101,609,,,5223000,207.26,,,,,8990,
"Walk",100,170,,,1331000,21.34,,,,,2350,
"Walk",101,176,,,1434000,12.19,,,,,2296,
"Walk",110,179,,,1332000,21.34,,,,,2351,
"Treadmill",153,479,6.11,"Kilometer",3715000,9.75,,,,9.16,6389,
"Walk",104,167,,,1382000,24.38,,,,,2272,
"Walk",105,186,,,1383000,24.38,,,,,2541,
"Walk",98,297,,,2714000,51.82,,,,,3873,
"Run",146,316,4.49,"Kilometer",2266000,40.84,374.52,,,9.61,4748,
"Walk",111,194,,,1433000,27.43,,,,,2583,
"Walk",106,218,,,1639000,30.48,,,,,2620,
"Run",149,315,4.41,"Kilometer",2337000,46.63,377.25,,,9.54,4723,
"Walk",95,641,,,5734000,109.73,,,,,9431,
"Walk",100,175,,,1382000,27.43,,,,,2420,
"Treadmill",140,180,2.48,"Kilometer",1008000,0,,,,8.88,2658,
"Walk",98,214,,,1997000,24.38,,,,,2784,
"Run",145,649,9.11,"Kilometer",6545000,60.05,391.67,,,9.19,10089,
"Walk",114,118,,,921000,9.14,,,,,1723,
"Walk",102,110,,,973000,12.19,,,,,1665,
"Walk",93,196,,,1843000,21.34,,,,,2733,
"Walk",105,139,,,1127000,12.19,,,,,1930,
"Walk",101,161,,,1433000,6.1,,,,,2407,
"Walk",97,178,,,1434000,30.48,,,,,2425,
"Run",142,311,5.29,"Kilometer",2574000,46.63,318.92,,,11.29,4892,
"Walk",98,177,,,1536000,21.34,,,,,2599,
"Walk",88,217,,,2150000,30.48,,,,,2851,
"Walk",116,167,,,1177000,12.19,,,,,2205,
"Treadmill",150,446,6.55,"Kilometer",3102000,111.56,,,,10.32,6324,
"Walk",105,186,,,1485000,30.48,,,,,2541,
"Walk",159,199,,,1076000,0,,,,,1890,
"Walk",114,154,,,1177000,0,,,,,2102,
"Run",148,365,5.04,"Kilometer",2702000,62.79,369.28,,,9.75,5067,
"Run",140,306,4.94,"Kilometer",2661000,64.31,357.01,,,10.08,4971,
"Walk",107,121,,,973000,24.38,,,,,1662,
"Walk",100,134,,,1076000,12.19,,,,,1848,
"Walk",123,181,,,1177000,27.43,,,,,2058,
"Walk",124,152,,,1075000,3.05,,,,,1893,
"Walk",89,158,,,1382000,18.29,,,,,2240,
"Walk",93,253,,,2765000,30.48,,,,,3363,
"Run",143,216,3.19,"Kilometer",1876000,24.99,361.73,,,9.95,3239,
"Walk",97,217,,,1946000,21.34,,,,,3042,
"Walk",94,208,,,1690000,24.38,,,,,2806,
"Run",152,333,4.73,"Kilometer",2473000,48.77,353.39,,,10.19,4755,
"Walk",100,166,,,1331000,30.48,,,,,2369,
"Walk",89,155,,,1331000,21.34,,,,,2227,
"Walk",101,125,,,1075000,36.58,,,,,1654,
"Treadmill",148,561,7.59,"Kilometer",3862000,21.95,,,,9.77,7659,
"Walk",109,174,,,1434000,12.19,,,,,2282,
"Walk",110,152,,,1229000,3.05,,,,,2206,
"Walk",108,270,,,2304000,27.43,,,,,3156,
"Walk",93,227,,,1996000,30.48,,,,,3090,
"Walk",96,116,,,1075000,39.62,,,,,1546,
"Yoga",82,104,,,4343000,484.94,,,,,9,
"Walk",96,302,,,2560000,39.62,,,,,4487,
"Walk",104,192,,,1560000,18.29,,,,,2678,
"Walk",113,201,,,1536000,30.48,,,,,2673,
"Walk",93,611,,,5325000,42.67,,,,,9028,
"Walk",93,222,,,1997000,27.43,,,,,3162,
"Walk",96,173,,,1280000,24.38,,,,,2342,
"Walk",101,125,,,1076000,9.14,,,,,1800,
"Walk",94,174,,,1639000,15.24,,,,,2423,
"Walk",110,168,,,1280000,6.1,,,,,2333,
"Treadmill",141,408,5.86,"Kilometer",2971000,36.88,,,,9.24,6283,
"Walk",115,142,,,1024000,0,,,,,1791,
"Walk",103,192,,,1536000,27.43,,,,,2534,
"Walk",175,215,,,1024000,6.1,,,,,2004,
"Walk",113,177,,,1331000,0,,,,,2259,
"Walk",98,144,,,1434000,9.14,,,,,1846,
"Run",140,538,7.2,"Kilometer",4112000,24.69,401.16,,,8.97,8088,
"Walk",87,152,,,1280000,0,,,,,2225,
"Run",147,518,7.15,"Kilometer",4940000,40.84,397.1,,,9.07,8057,
"Walk",100,375,,,3840000,12.19,,,,,4790,
"Walk",98,234,,,2458000,39.62,,,,,3038,
"Walk",102,112,,,1024000,0,,,,,1584,
"Walk",100,113,,,973000,0,,,,,1569,
"Walk",88,382,,,4147000,6.1,,,,,5227,
"Walk",103,179,,,1587000,18.29,,,,,2395,
"Walk",92,123,,,1178000,0,,,,,1802,
"Walk",112,175,,,1331000,27.43,,,,,2279,
"Walk",93,193,,,1843000,21.34,,,,,2593,
"Walk",109,172,,,1280000,27.43,,,,,2345,
"Treadmill",153,443,5.65,"Kilometer",2914000,27.13,,,,8.83,6344,
"Walk",125,135,,,921000,15.24,,,,,1537,
"Walk",105,117,,,972000,18.29,,,,,1625,
"Walk",95,296,,,2611000,42.67,,,,,4282,
"Walk",99,176,,,1536000,24.38,,,,,2477,
"Walk",96,212,,,2048000,27.43,,,,,2783,
"Walk",100,156,,,1229000,6.1,,,,,2221,
"Walk",107,147,,,1127000,30.48,,,,,1960,
"Walk",91,159,,,1228000,33.53,,,,,2169,
"Walk",123,143,,,973000,7.16,,,,,1848,
"Run",147,508,6.94,"Kilometer",3849000,82.3,394.7,,,9.12,7925,
"Outdoor Bike",90,116,,,1741000,3.05,,,,,,
"Walk",106,144,,,1126000,27.43,,,,,1963,
"Walk",106,143,,,1126000,27.43,,,,,1984,
"Walk",97,180,,,1587000,45.72,,,,,2262,
"Walk",100,173,,,1280000,24.38,,,,,2359,
"Treadmill",145,458,6.03,"Kilometer",3468000,199.64,,,,8.28,6846,
"Walk",95,225,,,1997000,36.58,,,,,3051,
"Walk",91,268,,,2458000,36.58,,,,,3664,
"Walk",110,184,,,1433000,21.34,,,,,2420,
"Walk",93,215,,,2202000,33.53,,,,,2614,
"Run",155,337,4.36,"Kilometer",2213000,45.42,380.01,,,9.47,4704,
"Walk",92,540,,,4352000,64.01,,,,,7524,
"Run",149,335,4.21,"Kilometer",2330000,54.25,408.66,,,8.81,4889,
"Run",136,206,3.02,"Kilometer",2226000,26.82,412.45,,,8.73,3479,
"Run",149,223,2.92,"Kilometer",2147000,24.38,415.6,,,8.66,3412,
"Walk",94,247,,,1945000,21.34,,,,,3519,
"Walk",94,255,,,2253000,27.43,,,,,3606,
"Walk",106,178,,,1382000,27.43,,,,,2354,
"Walk",99,161,,,1690000,18.29,,,,,1975,
"Walk",101,247,,,2304000,30.48,,,,,3034,
"Walk",99,171,,,1280000,27.43,,,,,2354,
"Walk",106,194,,,1485000,30.48,,,,,2546,
"Run",154,325,3.99,"Kilometer",2321000,50.29,417.14,,,8.63,4751,
"Walk",102,187,,,1434000,24.38,,,,,2424,
"Walk",87,210,,,1843000,24.38,,,,,2849,
"Walk",101,192,,,1588000,24.38,,,,,2449,
"Treadmill",142,514,6.49,"Kilometer",4175000,136.55,,,,8.08,7784,
"Walk",96,215,,,1792000,124.97,,,,,2775,
"Walk",87,327,,,3533000,48.77,,,,,4241,
"Run",143,317,4.33,"Kilometer",2667000,71.32,425.77,,,8.46,5269,
"Walk",106,185,,,1383000,24.38,,,,,2500,
"Treadmill",145,640,7.74,"Kilometer",4979000,238.66,,,,8.02,9498,
"Walk",100,233,,,2099000,64.01,,,,,2745,
"Walk",91,194,,,1792000,27.43,,,,,2556,
"Walk",105,119,,,921000,9.14,,,,,1569,
"Walk",90,346,,,3328000,30.48,,,,,4610,
"Walk",96,166,,,1332000,20.98,,,,,2401,
"Walk",95,210,,,1638000,6.1,,,,,3067,
"Walk",98,224,,,1792000,33.53,,,,,3079,
"Walk",111,136,,,1076000,3.05,,,,,1978,
"Walk",100,203,,,2099000,12.19,,,,,2537,
"Run",142,638,8.2,"Kilometer",4393000,78.94,417.09,,,8.63,9305,
"Walk",90,397,,,3430000,15.24,,,,,5833,
"Run",137,293,4.29,"Kilometer",2705000,45.72,409.69,,,8.79,4979,
"Walk",99,435,,,3993000,15.24,,,,,5947,
"Walk",101,97,,,921000,0,,,,,1257,
"Walk",112,144,,,1075000,18.29,,,,,1852,
"Walk",110,161,,,1229000,3.05,,,,,2120,
"Walk",93,213,,,1843000,15.24,,,,,2984,
"Walk",91,338,,,2816000,24.38,,,,,4456,
"Run",151,311,3.82,"Kilometer",2144000,42.37,405,,,8.89,4438,
"Walk",80,214,,,2150000,36.58,,,,,2879,
"Run",145,818,10.65,"Kilometer",5535000,113.39,401.16,,,8.97,12309,
"Run",146,442,5.59,"Kilometer",3000000,65.23,405.85,,,8.87,6463,
"Run",152,314,3.71,"Kilometer",2171000,39.93,403.6,,,8.92,4308,
"Walk",127,245,,,1536000,24.38,,,,,2648,
"Run",154,553,6.69,"Kilometer",3721000,81.08,397.76,,,9.05,7763,
"Run",148,1022,16.15,"Kilometer",6807000,171.91,320.11,,,11.25,14898,
"Run",158,326,4.93,"Kilometer",2098000,39.32,323.09,,,11.14,4538,
"Walk",122,239,,,1536000,45.72,,,,,2753,
"Run",143,312,4.7,"Kilometer",2122000,38.71,328.01,,,10.98,4394,
"Run",146,276,4.62,"Kilometer",2070000,40.84,321.35,,,11.2,4313,
"Walk",104,275,,,2355000,30.48,,,,,3335,
"Walk",109,293,,,2047000,42.67,,,,,4027,
"Walk",107,265,,,2048000,22.96,,,,,3682,
"Walk",107,282,,,2457000,33.53,,,,,3482,
"Run",149,295,4.48,"Kilometer",2073000,45.42,343.97,,,10.47,4375,
"Walk",95,305,,,2560000,76.2,,,,,4192,
"Run",146,1200,18.92,"Kilometer",7870000,150.57,331.31,,,10.87,18417,
"Run",145,272,4.36,"Kilometer",2086000,46.63,345.33,,,10.42,4260,
"Walk",113,512,,,3526000,57.91,,,,,5924,
"Walk",116,322,,,2099000,21.34,,,,,3965,
"Walk",94,304,,,2304000,18.29,,,,,4165,
"Walk",122,178,,,1126000,9.14,,,,,1751,
"Treadmill",146,522,5.03,"Kilometer",2564000,6.1,,,,7.01,5493,
"Walk",112,304,,,2151000,9.14,,,,,3892,
"Walk",112,98,,,666000,6.1,,,,,944,
"Walk",89,63,,,666000,6.1,,,,,642,
"Walk",97,196,,,1844000,12.19,,,,,1995,
"Run",114,485,5.78,"Kilometer",3589000,126.49,564.73,,,6.37,4987,
"Run",116,319,3.54,"Kilometer",2136000,202.39,556.26,,,6.47,3108,
"Aerobic Workout",120,622,,,3943000,,,,,,6208,
"Walk",111,285,,,1997000,12.19,,,,,3706,
"Walk",102,448,,,4148000,57.91,,,,,4435,
"Run",73,0,0,"Kilometer",24000,0,,,,0,0,
"Treadmill",109,215,2.37,"Kilometer",9794000,0.31,,,,5.88,2865,
"Walk",109,294,,,1997000,18.29,,,,,3698,
"Walk",121,346,,,2099000,18.29,,,,,3840,
"Treadmill",113,146,0.17,"Kilometer",1329000,7.93,,,,0.46,278,
"Walk",121,279,,,1638000,42.67,,,,,2832,
"Walk",114,343,,,2151000,18.29,,,,,3991,
"Walk",97,105,,,973000,9.14,,,,,1254,
"Run",99,737,6.94,"Kilometer",6840000,299.01,755.54,,,4.76,10290,
"Walk",97,487,,,3687000,137.16,,,,,6870,
"Walk",95,252,,,2048000,12.19,,,,,3781,
"Walk",98,82,,,768000,6.1,,,,,1046,
"Walk",104,297,,,2100000,18.29,,,,,3991,
"Treadmill",128,435,0.38,"Kilometer",2707000,34.75,,,,0.5,841,
"Run",115,579,7.04,"Kilometer",4182000,204.22,549.76,,,6.55,5984,
"Run",124,815,8.74,"Kilometer",4904000,354.48,571.69,,,6.3,7659,
"Run",128,699,6.97,"Kilometer",4512000,176.17,594.35,,,6.06,6340,
"Walk",99,74,,,614000,3.05,,,,,911,
"Walk",141,125,,,615000,15.24,,,,,1028,
"Walk",119,95,,,614000,9.14,,,,,1027,
"Walk",100,94,,,717000,15.24,,,,,1212,
"Walk",101,94,,,716000,12.19,,,,,1180,
"Walk",101,84,,,666000,21.34,,,,,1001,
"Walk",100,83,,,666000,12.19,,,,,977,
"Walk",124,112,,,666000,6.1,,,,,1065,
"Walk",98,278,,,2355000,67.06,,,,,3362,
"Walk",94,178,,,1689000,15.24,,,,,2095,
"Walk",104,92,,,768000,6.1,,,,,1092,
"Run",100,585,6.89,"Kilometer",4400000,157.58,643.5,,,5.59,6277,
"Run",109,693,7.37,"Kilometer",4924000,177.39,673.6,,,5.34,7072,
"Run",112,604,6.91,"Kilometer",4222000,123.44,618.84,,,5.82,6307,
"Walk",93,243,,,1997000,12.19,,,,,3754,
"Walk",97,122,,,1024000,12.19,,,,,1418,
"Walk",96,310,,,2406000,45.72,,,,,4036,
"Walk",117,142,,,922000,9.14,,,,,1573,
"Treadmill",130,593,6.76,"Kilometer",3204000,36.27,,,,7.56,7154,
"Walk",94,74,,,717000,6.1,,,,,738,
"Walk",112,317,,,2150000,9.14,,,,,4032,
"Walk",110,306,,,2048000,60.96,,,,,3575,
"Walk",102,290,,,2202000,12.19,,,,,3923,
"Treadmill",126,595,5.95,"Kilometer",3396000,55.47,,,,6.27,6911,
"Run",72,2340,8.57,"Kilometer",51901000,645.67,5860.81,,,0.61,16693,
"Run",102,723,6.95,"Kilometer",6400000,307.24,710.53,,,5.07,10235,
"Walk",126,350,,,2049000,12.19,,,,,3793,
"Walk",92,351,,,3277000,24.38,,,,,4238,
"Walk",117,355,,,2151000,18.29,,,,,3928,
"Walk",88,191,,,1792000,18.29,,,,,2233,
"Treadmill",58,1343,4.6,"Kilometer",43398000,1.83,,,,0.38,6624,
"Walk",91,247,,,2048000,12.19,,,,,3732,
"Walk",90,116,,,973000,12.19,,,,,1548,
"Walk",95,200,,,1639000,21.34,,,,,2557,
"Walk",99,272,,,1997000,18.29,,,,,3804,
"Treadmill",116,323,3.46,"Kilometer",1894000,0.61,,,,6.44,4213,
"Walk",98,287,,,2151000,30.48,,,,,3353,
"Walk",94,231,,,1844000,9.14,,,,,3238,
"Walk",94,138,,,1332000,6.1,,,,,1620,
"Walk",116,341,,,2150000,18.29,,,,,3891,
"Walk",94,100,,,819000,12.19,,,,,1232,
"Run",121,922,7.84,"Kilometer",5120000,300.84,658.14,,,5.47,11107,
"Walk",94,294,,,2253000,33.53,,,,,3868,
"Walk",95,217,,,1946000,15.24,,,,,2416,
"Run",119,1345,13.11,"Kilometer",8057000,446.53,620.98,,,5.8,11870,
"Run",120,1646,14.46,"Kilometer",9706000,612.34,677.01,,,5.32,13955,
"Walk",100,88,,,768000,15.24,,,,,754,
"Run",118,1771,18.04,"Kilometer",10805000,575.46,605.8,,,5.94,16399,
"Run",113,504,4.7,"Kilometer",3437000,106.38,736.83,,,4.89,4137,
"Run",116,1523,15.48,"Kilometer",9729000,635.51,635.25,,,5.67,13835,
"Run",96,27,0.07,"Kilometer",273000,2.09,3765,,,0.96,90,
"Aerobic Workout",126,655,,,3687000,,,,,,5654,
"Run",110,631,5.69,"Kilometer",4447000,200.56,790.75,,,4.55,5633,
"Run",121,1381,12.14,"Kilometer",8036000,535.84,657.27,,,5.48,11722,
"Run",129,1367,12.22,"Kilometer",7424000,507.19,614.72,,,5.86,11346,
"Run",122,1519,13.8,"Kilometer",8865000,644.04,649.83,,,5.54,13268,
"Walk",101,173,,,1383000,48.77,,,,,1814,
"Run",128,876,8.14,"Kilometer",4774000,349.91,598.22,,,6.02,7434,
"Run",88,1010,8.68,"Kilometer",9048000,334.67,986.6,,,3.65,13139,
"Walk",94,255,,,1996000,12.19,,,,,3718,
"Walk",95,288,,,2100000,57.91,,,,,3710,
"Walk",90,281,,,2356000,9.14,,,,,3995,
"Treadmill",116,477,5.08,"Kilometer",2817000,23.47,,,,6.41,6171,
"Walk",102,281,,,2049000,6.1,,,,,3778,
"Walk",111,118,,,768000,27.43,,,,,1355,
"Walk",103,319,,,2253000,15.24,,,,,4181,
"Treadmill",105,217,0.28,"Kilometer",2049000,2.74,,,,0.49,481,
"Run",127,766,6.57,"Kilometer",4269000,166.73,658.71,,,5.47,5989,
"Run",115,1185,8.76,"Kilometer",7733000,380.39,888.82,,,4.05,8918,
"Walk",97,248,,,1946000,64.01,,,,,3152,
"Run",134,1478,10.55,"Kilometer",7909000,411.18,757.6,,,4.75,9587,
"Walk",93,248,,,1997000,12.19,,,,,3690,
"Walk",95,252,,,1946000,18.29,,,,,3644,
"Walk",112,98,,,666000,12.19,,,,,1014,
"Walk",102,90,,,768000,6.1,,,,,737,
"Treadmill",96,669,6.99,"Kilometer",6749000,34.14,,,,3.7,7295,
"Walk",110,328,,,2202000,18.29,,,,,4145,
"Walk",89,61,,,614000,12.19,,,,,929,
"Run",125,1740,17.22,"Kilometer",9925000,570.59,582.24,,,6.18,15465,
"Run",131,597,5.59,"Kilometer",3269000,164.9,587.54,,,6.13,5164,
"Run",126,1206,11.33,"Kilometer",7056000,417.58,631.25,,,5.7,9934,
"Run",123,1197,11.48,"Kilometer",7018000,498.35,617.5,,,5.83,10666,
"Walk",94,260,,,2100000,12.19,,,,,3866,
"Run",139,997,7.04,"Kilometer",6859000,323.7,714.68,,,5.04,10347,
"Walk",89,67,,,717000,6.1,,,,,753,
"Walk",97,91,,,820000,6.1,,,,,866,
"Walk",89,274,,,2201000,9.14,,,,,4034,
"Walk",92,171,,,1434000,18.29,,,,,1872,
"Bike",140,60,0,"Kilometer",2605000,9.45,,,,0,,
"Walk",95,276,,,2099000,131.06,,,,,3228,
"Walk",103,75,,,615000,6.1,,,,,804,
"Walk",99,532,,,4404000,167.64,,,,,5743,
"Walk",104,146,,,1178000,3.05,,,,,1427,
"Walk",100,71,,,614000,0,,,,,757,
"Run",90,1228,11.39,"Kilometer",9892000,339.24,878.18,,,4.1,16057,
"Run",142,917,5.95,"Kilometer",6011000,306.32,731.81,,,4.92,9965,
"Walk",124,382,,,2151000,9.14,,,,,4008,
"Run",117,899,9.52,"Kilometer",5562000,249.02,586.58,,,6.14,8572,
"Run",126,829,7.92,"Kilometer",4730000,200.86,600.34,,,6,7404,
"Run",124,1062,10.28,"Kilometer",6111000,326.14,600.96,,,5.99,9128,
"Run",120,1273,11.83,"Kilometer",7576000,495.3,643.26,,,5.6,10972,
"Walk",98,271,,,2048000,9.14,,,,,3784,
"Walk",99,374,,,3072000,60.96,,,,,3958,
"Run",88,1059,7.46,"Kilometer",14014000,299.62,1646.44,,,2.19,10855,
"Walk",93,276,,,2150000,12.19,,,,,4034,
"Run",112,1466,13.17,"Kilometer",9324000,428.24,713.27,,,5.05,12130,
"Run",111,1454,11.67,"Kilometer",10164000,822.66,881.05,,,4.09,11482,
"Run",113,303,2.92,"Kilometer",1964000,134.42,684.95,,,5.26,2842,
"Run",91,970,7.62,"Kilometer",8485000,347.78,908.7,,,3.96,12220,
"Walk",90,258,,,2048000,12.19,,,,,3774,
"Walk",90,272,,,1997000,54.86,,,,,3658,
"Walk",92,257,,,1997000,15.24,,,,,3737,
"Walk",81,292,,,2304000,39.62,,,,,3683,
"Walk",98,351,,,2611000,15.24,,,,,4430,
"Walk",103,306,,,2100000,51.82,,,,,3677,
"Walk",111,335,,,1946000,33.53,,,,,3527,
"Walk",76,341,,,2406000,51.82,,,,,4393,
"Run",113,1219,9.93,"Kilometer",8153000,337.72,727.77,,,4.95,14943,
"Walk",111,100,,,717000,9.14,,,,,849,
"Run",111,1003,6.56,"Kilometer",6536000,315.77,996.3,,,3.61,9057,
"Sport",100,153,,,1382000,,,,,,1471,
"Walk",105,86,,,666000,9.14,,,,,794,
"Run",114,1482,13.81,"Kilometer",9460000,448.97,687.22,,,5.24,13161,
"Run",121,1221,11.34,"Kilometer",7400000,238.96,661.33,,,5.44,9981,
"Run",110,798,8.41,"Kilometer",5089000,362.1,614.26,,,5.86,8062,
"Sport",67,118,,,1280000,,,,,,1449,
"Run",117,1627,15.76,"Kilometer",10071000,513.59,644.09,,,5.59,14550,
"Run",109,1106,8.99,"Kilometer",7486000,495.3,846.59,,,4.25,8539,
"Run",88,1179,11.29,"Kilometer",11074000,336.19,884.34,,,4.07,16254,
"Walk",113,316,,,1997000,15.24,,,,,3820,
"Walk",95,322,,,2332000,60.96,,,,,3970,
"Walk",89,66,,,615000,0,,,,,893,
"Walk",88,98,,,717000,24.38,,,,,1078,
"Walk",92,373,,,3482000,21.34,,,,,3979,
"Walk",112,299,,,1997000,18.29,,,,,2722,
"Walk",109,310,,,2048000,64.01,,,,,3666,
"Walk",97,341,,,2458000,21.34,,,,,4229,
"Run",,1,0.03,"Kilometer",89000,1.78,3316.81,,,1.09,29,
"Sport",100,236,,,1997000,,,,,,2458,
"Run",112,1503,13.07,"Kilometer",10393000,231.95,802.55,,,4.49,12756,
"Run",99,1272,10.88,"Kilometer",10034000,339.55,931.35,,,3.87,11722,
"Walk",105,98,,,666000,3.05,,,,,1089,
"Walk",105,172,,,1177000,0,,,,,1748,
"Walk",100,92,,,768000,3.05,,,,,1036,
"Walk",97,573,,,4762000,30.48,,,,,6545,
"Walk",102,551,,,4046000,36.58,,,,,5990,
"Run",108,1128,10.83,"Kilometer",7305000,800.71,674.34,,,5.34,10047,
"Walk",104,447,,,3328000,33.53,,,,,5405,
"Run",120,1863,13.19,"Kilometer",11572000,655.63,877.06,,,4.1,18312,
"Walk",100,803,,,6758000,33.53,,,,,9389,
"Walk",101,436,,,3379000,18.29,,,,,5593,
"Outdoor Bike",67,131,,,1587000,48.77,,,,,,
"Walk",102,183,,,1382000,0,,,,,1883,
"Walk",107,160,,,1127000,0,,,,,1816,
"Walk",97,165,,,1433000,0,,,,,1734,
"Walk",107,226,,,1690000,3.05,,,,,2283,
"Sport",96,312,,,2765000,,,,,,3212,
"Run",83,1615,8.87,"Kilometer",20774000,289.56,2341.92,,,1.54,11883,
"Run",122,1247,10.87,"Kilometer",7195000,472.44,661.54,,,5.44,10903,
"Sport",122,163,,,972000,,,,,,1330,
"Run",115,1534,13.58,"Kilometer",9582000,514.81,705.08,,,5.11,14339,
"Walk",107,126,,,870000,18.29,,,,,1571,
"Bike",129,348,0,"Kilometer",4791000,90.83,,,,0,,
"Walk",58,1769,6.36,"Kilometer",54522000,147.83,8578.67,,,0.42,7957,
"Bike",121,771,0,"Kilometer",4922000,549.25,,,,0,,
"Walk",92,578,5.36,"Kilometer",5344000,136.85,997.15,,,3.61,6463,
"Outdoor Bike",146,939,,,4557000,100.58,,,,,,
"Walk",104,958,9.7,"Kilometer",6887000,212.75,709.45,,,5.07,11724,
"Bike",141,1009,0,"Kilometer",5125000,500.48,,,,0,,
"Walk",73,1189,6.1,"Kilometer",23318000,133.5,3824.31,,,0.94,7595,
"Walk",98,1109,11.34,"Kilometer",9070000,284.07,799.32,,,4.5,13714,
"Bike",113,414,33.02,"Kilometer",6286000,553.21,,,,20.06,,
"Bike",122,1235,42.18,"Kilometer",8490000,728.47,,,,19.45,,
"Walk",99,145,,,1228000,5.89,,,,,1379,
"Walk",104,500,,,3379000,143.26,,,,,6282,
"Bike",138,1053,36.84,"Kilometer",6653000,623.62,,,,19.99,,
"Walk",98,745,,,5581000,262.13,,,,,8697,
"Bike",127,538,32.07,"Kilometer",6842000,685.8,,,,17.92,,
"Walk",106,407,,,2867000,88.39,,,,,4595,
"Bike",150,1520,38.72,"Kilometer",7881000,673.91,,,,19.92,,
"Walk",110,100,,,665000,27.43,,,,,1008,
"Aerobic Workout",110,170,,,1126000,,,,,,1767,
"Walk",97,191,,,1587000,3.05,,,,,1783,
"Bike",133,1035,31.56,"Kilometer",7728000,318.21,,,,19.69,,
"Walk",96,73,,,615000,0,,,,,596,
"Walk",108,86,,,615000,2.18,,,,,790,
"Walk",103,106,,,871000,0,,,,,779,
"Walk",92,71,,,614000,12.19,,,,,640,
"Walk",106,82,,,922000,15.24,,,,,942,
"Walk",102,82,,,922000,15.24,,,,,858,
"Walk",112,94,,,973000,15.24,,,,,841,
"Walk",104,91,,,1126000,15.24,,,,,905,
"Walk",104,264,,,2816000,9.14,,,,,2910,
"Aerobic Workout",101,169,,,1740000,,,,,,2223,
"Aerobic Workout",102,164,,,1638000,,,,,,2160,
"Walk",106,84,,,973000,15.24,,,,,892,
"Walk",108,147,,,1485000,39.62,,,,,1858,
"Walk",110,94,,,922000,15.24,,,,,991,
"Walk",102,87,,,921000,15.24,,,,,993,
"Walk",105,96,,,1075000,18.29,,,,,951,
"Outdoor Bike",73,62,,,1229000,0,,,,,,
"Walk",103,199,,,1844000,15.24,,,,,2571,
"Walk",118,173,,,1434000,6.1,,,,,2067,
"Walk",102,92,,,922000,15.24,,,,,1064,
"Walk",106,95,,,1024000,15.24,,,,,1030,
"Walk",106,109,,,1178000,18.29,,,,,1067,
"Outdoor Bike",71,75,,,1434000,0,,,,,,
