input,activityName,averageHeartRate,kcal,distance,distanceUnit,duration,elevationGain,pace,poolLength,poolLengthUnit,speed,steps,swimLengths
walk 192kcal 22.2min 94bpm,Walk,94,192,,,1332000,,,,,,,
walk kcal302 2202sec hr94,Walk,94,302,,,2202000,,,,,,,
walk min41 21.34m gain 3035 steps 354kcal 98b,Walk,98,354,,,2460000,21.34,,,,,3035,
walk 17 min 145kcal 21.34m gain 97bpm,Walk,97,145,,,1020000,21.34,,,,,,
walk 3.05m gain 1065steps 16.2 b93 121kcal,Walk,93,121,,,972000,3.05,,,,,1065,
run hr144 3901 steps sec1465 3.85 km,Run,144,,3.85,km,1465000,,380.52,,,9.46,3901,
walk 2.09ksteps b97 +24.38m 30.7 kcal252,Walk,97,252,,,1842000,24.38,,,,,2090,
walk kcal454 steps4185 52min 3sec,Walk,,454,,,3123000,,,,,,4185,
walk 47min 47sec step4698 kcal470 bpm106,Walk,106,470,,,2867000,,,,,,4698,
run 21m4s 146 bpm 339kcal k3.45,Run,146,339,3.45,km,1264000,,366.38,,,9.83,,
walk kcal104 867 steps 88b 922s up3.05m,Walk,88,104,,,922000,3.05,,,,,867,
walk kcal292 33.3 101 bpm step2303,Walk,101,292,,,1998000,,,,,,2303,
sport 3915steps 119b 52.9min 633kcal,Sport,119,633,,,3174000,,,,,,3915,
walk b97 kcal195 24.8min 21.34m gain steps1524,Walk,97,195,,,1488000,21.34,,,,,1524,
walk 18min 46sec kcal221 b114 step2152,Walk,114,221,,,1126000,,,,,,2152,
walk gain39.62m min20 kcal248,Walk,,248,,,1200000,39.62,,,,,,
walk bpm98 min43 2.76k steps elev42.67m,Walk,98,,,,2580000,42.67,,,,,2760,
walk min16 avg106,Walk,106,,,,960000,,,,,,,
sport 18.8 780 steps kcal141,Sport,,141,,,1128000,,,,,,780,
walk kcal166 15m21s b110,Walk,110,166,,,921000,,,,,,,
walk step2395 sec2202 kcal338 104hr,Walk,104,338,,,2202000,,,,,,2395,
treadmill gain285.29m 3155sec k3.09 639kcal,Treadmill,,639,3.09,km,3155000,285.29,1021.04,,,3.53,,
walk 16.2min 98hr up3.05m 139kcal steps1.16k,Walk,98,139,,,972000,3.05,,,,,1160,
walk 1.27ksteps 19min 38sec kcal159 hr96,Walk,96,159,,,1178000,,,,,,1270,
sport 119bpm kcal1122 96min,Sport,119,1122,,,5760000,,,,,,,
walk 1093 steps sec922 gain21.34m 135kcal,Walk,,135,,,922000,21.34,,,,,1093,
walk 986 steps 127kcal 16.2 elev3.05m,Walk,,127,,,972000,3.05,,,,,986,
walk steps1232 kcal145 98bpm 3.05m gain 17 min,Walk,98,145,,,1020000,3.05,,,,,1232,
walk 5428sec hr102 91.44m gain 864kcal,Walk,102,864,,,5428000,91.44,,,,,,
run elev349.3m hr141 1810sec 3990m 461kcal step3981,Run,141,461,3.99,km,1810000,349.3,453.63,,,7.94,3981,
walk 4.68ksteps 59.7min 575kcal,Walk,,575,,,3582000,,,,,,4680,
walk 23min 3sec 240kcal 2167steps,Walk,,240,,,1383000,,,,,,2167,
walk 100b 22m12s,Walk,100,,,,1332000,,,,,,,
treadmill 959steps b126 0.96km,Treadmill,126,,0.96,km,,,,,,,959,
treadmill m4440 hr157 1792s 539kcal,Treadmill,157,539,4.44,km,1792000,,403.6,,,8.92,,
walk 214kcal 87hr 25m36s,Walk,87,214,,,1536000,,,,,,,
walk 17 min 137kcal 89b,Walk,89,137,,,1020000,,,,,,,
walk 17min 5sec 166kcal elev33.53m avg99 step1599,Walk,99,166,,,1025000,33.53,,,,,1599,
sport 5397steps kcal853 117b 73.4min,Sport,117,853,,,4404000,,,,,,5397,
walk 991 steps 15m22s 109kcal 85hr,Walk,85,109,,,922000,,,,,,991,
walk +18.29m hr92 1868steps 23.1 203kcal,Walk,92,203,,,1386000,18.29,,,,,1868,
walk kcal274 min37 2188 steps avg91,Walk,91,274,,,2220000,,,,,,2188,
walk 1076 steps 87b 16.2min up12.19m,Walk,87,,,,972000,12.19,,,,,1076,
walk 20min step1468 bpm102 172kcal,Walk,102,172,,,1200000,,,,,,1468,
walk kcal337 45min 14sec,Walk,,337,,,2714000,,,,,,,
treadmill sec2420 630kcal,Treadmill,,630,,,2420000,,,,,,,
walk 164kcal +24.38m b99 18min 47sec steps1415,Walk,99,164,,,1127000,24.38,,,,,1415,
sport avg112 steps4.84k min72 kcal729,Sport,112,729,,,4320000,,,,,,4840,
walk steps1398 up24.38m hr101 159kcal 17 min,Walk,101,159,,,1020000,24.38,,,,,1398,
walk bpm96 18.8 1620 steps 172kcal up30.48m,Walk,96,172,,,1128000,30.48,,,,,1620,
sport 446 steps kcal112 20m29s b85,Sport,85,112,,,1229000,,,,,,446,
walk 92bpm 19.6 steps1530,Walk,92,,,,1176000,,,,,,1530,
walk 165kcal 18.8min b98 step1559,Walk,98,165,,,1128000,,,,,,1559,
walk 1178sec 101hr 1.62k steps,Walk,101,,,,1178000,,,,,,1620,
walk hr98 sec1126 172kcal steps1660,Walk,98,172,,,1126000,,,,,,1660,
walk 22.2 104hr +15.24m steps1906,Walk,104,,,,1332000,15.24,,,,,1906,
walk steps1162 20.5 151kcal,Walk,,151,,,1230000,,,,,,1162,
walk 12.19m gain 188kcal 101b 20min 29sec steps1708,Walk,101,188,,,1229000,12.19,,,,,1708,
walk 1639sec 97 bpm,Walk,97,,,,1639000,,,,,,,
walk 1633steps 177kcal sec1229,Walk,,177,,,1229000,,,,,,1633,
walk b100 5543 steps 1h2m18s 574kcal,Walk,100,574,,,3738000,,,,,,5543,
walk 42m40s 328kcal,Walk,,328,,,2560000,,,,,,,
walk elev3.05m bpm96 18 min 157kcal 1.49ksteps,Walk,96,157,,,1080000,3.05,,,,,1490,
walk 17.9min avg106,Walk,106,,,,1074000,,,,,,,
walk 1331sec kcal184 1603steps b94,Walk,94,184,,,1331000,,,,,,1603,
walk step1877 21.3min b109 kcal219,Walk,109,219,,,1278000,,,,,,1877,
walk 28.9min 2272steps 237kcal,Walk,,237,,,1734000,,,,,,2272,
walk kcal325 33m17s 3233 steps,Walk,,325,,,1997000,,,,,,3233,
walk 25min 36sec kcal173,Walk,,173,,,1536000,,,,,,,
walk 29min 52sec 102b 282kcal elev36.58m steps2725,Walk,102,282,,,1792000,36.58,,,,,2725,
walk 102b 189kcal 1229sec,Walk,102,189,,,1229000,,,,,,,
walk 306kcal avg97 36 min,Walk,97,306,,,2160000,,,,,,,
walk 100b 98min,Walk,100,,,,5880000,,,,,,,
walk bpm102 kcal159 17.9 elev3.05m steps1377,Walk,102,159,,,1074000,3.05,,,,,1377,
walk 17.1min steps1.38k up9.14m kcal154 avg102,Walk,102,154,,,1026000,9.14,,,,,1380,
walk 51.2min 106bpm,Walk,106,,,,3072000,,,,,,,
walk b105 840kcal 5018s steps7441 gain91.44m,Walk,105,840,,,5018000,91.44,,,,,7441,
walk 1219 steps 1024s,Walk,,,,,1024000,,,,,,1219,
walk 87bpm min20,Walk,87,,,,1200000,,,,,,,
run step3913 26min 3860m,Run,,,3.86,km,1560000,,404.15,,,8.91,3913,
walk 29min 1sec 235kcal 92b,Walk,92,235,,,1741000,,,,,,,
walk step2597 bpm92 31 min elev67.06m kcal265,Walk,92,265,,,1860000,67.06,,,,,2597,
walk 20m29s b100,Walk,100,,,,1229000,,,,,,,
walk 17min 27.43m gain 151kcal,Walk,,151,,,1020000,27.43,,,,,,
walk 23.9min 198kcal 1.89k steps 90b gain54.86m,Walk,90,198,,,1434000,54.86,,,,,1890,
walk 24 min steps2395,Walk,,,,,1440000,,,,,,2395,
treadmill 1896sec 2.42 mi,Treadmill,,,3.89,km,1896000,,486.83,,,7.39,,
walk bpm99 43min 405kcal,Walk,99,405,,,2580000,,,,,,,
walk kcal184 24min 44sec,Walk,,184,,,1484000,,,,,,,
run 147bpm 815kcal 7.14 km up53.65m 7.47ksteps 50.7min,Run,147,815,7.14,km,3042000,53.65,426.05,,,8.45,7470,
walk avg105 171kcal,Walk,105,171,,,,,,,,,,
walk 31m34s 296kcal 100b,Walk,100,296,,,1894000,,,,,,,
walk elev24.38m kcal252 steps2535 27.3,Walk,,252,,,1638000,24.38,,,,,2535,
treadmill kcal491 4000 m step4206 34.2,Treadmill,,491,4.0,km,2052000,,513,,,7.02,4206,
walk kcal531 3226s hr105,Walk,105,531,,,3226000,,,,,,,
walk kcal264 106 bpm 26.4min,Walk,106,264,,,1584000,,,,,,,
walk 25.6min kcal266 2.49k steps 106bpm,Walk,106,266,,,1536000,,,,,,2490,
sport 56 min 3472steps kcal586 hr113,Sport,113,586,,,3360000,,,,,,3472,
walk 58min 54sec +42.67m 550kcal avg98 steps5538,Walk,98,550,,,3534000,42.67,,,,,5538,
walk kcal137 hr93 17min 4sec gain15.24m,Walk,93,137,,,1024000,15.24,,,,,,
walk 18min 47sec 162kcal step1691,Walk,,162,,,1127000,,,,,,1691,
walk up48.67m 172kcal step1681 16m12s 105bpm,Walk,105,172,,,972000,48.67,,,,,1681,
walk 15m22s 140kcal 101bpm,Walk,101,140,,,922000,,,,,,,
walk 248kcal up30.48m hr92 29.9 steps2.4k,Walk,92,248,,,1794000,30.48,,,,,2400,
walk 36.58m gain 28.2min,Walk,,,,,1692000,36.58,,,,,,
treadmill 5.36k 33.6,Treadmill,,,5.36,km,2016000,,376.12,,,9.57,,
walk 25min avg86,Walk,86,,,,1500000,,,,,,,
walk 556kcal avg98 up57.91m 1h 3min 8sec,Walk,98,556,,,3788000,57.91,,,,,,
walk 17m55s gain21.34m,Walk,,,,,1075000,21.34,,,,,,
sport 289kcal steps1629 136bpm 20.5min,Sport,136,289,,,1230000,,,,,,1629,
walk 145kcal 101b 15m21s step1182,Walk,101,145,,,921000,,,,,,1182,
walk 26min kcal234,Walk,,234,,,1560000,,,,,,,
walk 16m13s 121kcal,Walk,,121,,,973000,,,,,,,
run +132.59m km7.07 752kcal 52.8,Run,,752,7.07,km,3168000,132.59,448.09,,,8.03,,
walk kcal555 5689 steps bpm85 1h 16min 48sec,Walk,85,555,,,4608000,,,,,,5689,
walk 15m22s steps1.25k avg96 kcal141 +6.1m,Walk,96,141,,,922000,6.1,,,,,1250,
walk 28m9s 101 bpm 2266 steps elev39.62m kcal268,Walk,101,268,,,1689000,39.62,,,,,2266,
walk 1024s 85hr 131kcal up9.14m,Walk,85,131,,,1024000,9.14,,,,,,
sport 4301s 4851steps,Sport,,,,,4301000,,,,,,4851,
walk 29min 2.02ksteps kcal212 87bpm,Walk,87,212,,,1740000,,,,,,2020,
run 6.72ksteps +94.49m 714kcal 155 bpm 41min 14sec km6.81,Run,155,714,6.81,km,2474000,94.49,363.29,,,9.91,6720,
walk 1.09k steps 16m13s,Walk,,,,,973000,,,,,,1090,
walk 101hr 77.7min 748kcal,Walk,101,748,,,4662000,,,,,,,
walk 100 bpm steps5.55k 617kcal up54.86m 1h 8min 16sec,Walk,100,617,,,4096000,54.86,,,,,5550,
walk 93hr 9.14m gain 2.04ksteps 25min 36sec 213kcal,Walk,93,213,,,1536000,9.14,,,,,2040,
walk 111kcal 83hr 16m13s,Walk,83,111,,,973000,,,,,,,
sport 1h30m27s 1046kcal,Sport,,1046,,,5427000,,,,,,,
walk kcal316 35m51s steps2915,Walk,,316,,,2151000,,,,,,2915,
sport 25min 36sec 523steps b88,Sport,88,,,,1536000,,,,,,523,
sport step703 hr91 sec1024 kcal104,Sport,91,104,,,1024000,,,,,,703,
walk 15.4min elev24.38m step1308 kcal150 bpm103,Walk,103,150,,,924000,24.38,,,,,1308,
walk kcal195 1280s,Walk,,195,,,1280000,,,,,,,
treadmill k4.44 34min 20sec 158hr kcal537,Treadmill,158,537,4.44,km,2060000,,463.96,,,7.76,,
walk 50min 20sec b101,Walk,101,,,,3020000,,,,,,,
treadmill 39m38s 4.9k steps,Treadmill,,,,,2378000,,,,,,4900,
walk 969 steps 16m13s,Walk,,,,,973000,,,,,,969,
sport 6824steps 83min hr121 kcal1011,Sport,121,1011,,,4980000,,,,,,6824,
walk 97b 18min 46sec gain12.19m steps1.42k 160kcal,Walk,97,160,,,1126000,12.19,,,,,1420,
walk 156kcal 15.4min,Walk,,156,,,924000,,,,,,,
walk 24min 44sec gain27.43m,Walk,,,,,1484000,27.43,,,,,,
run 152hr 4963 steps 35min 44sec 5310m,Run,152,,5.31,km,2144000,,403.77,,,8.92,4963,
walk steps1777 kcal194 min18 bpm113,Walk,113,194,,,1080000,,,,,,1777,
walk 216kcal 100bpm 23min 54sec,Walk,100,216,,,1434000,,,,,,,
treadmill 35.1 k4.3,Treadmill,,,4.3,km,2106000,,489.77,,,7.35,,
walk bpm102 16m13s 18.29m gain kcal151 steps1.39k,Walk,102,151,,,973000,18.29,,,,,1390,
walk 16 min steps1.24k,Walk,,,,,960000,,,,,,1240,
walk 26min 56sec +39.62m kcal242 2217 steps,Walk,,242,,,1616000,39.62,,,,,2217,
walk b103 186kcal 19m38s elev33.53m,Walk,103,186,,,1178000,33.53,,,,,,
walk 40.1 3105steps bpm95 kcal341,Walk,95,341,,,2406000,,,,,,3105,
walk 164kcal 90 bpm 20min 24.38m gain,Walk,90,164,,,1200000,24.38,,,,,,
run 274kcal 2.37km,Run,,274,2.37,km,,,,,,,,
walk kcal165 25m35s,Walk,,165,,,1535000,,,,,,,
run 29 min 159hr,Run,159,,,,1740000,,,,,,,
walk 22m11s 1502 steps,Walk,,,,,1331000,,,,,,1502,
sport 1197kcal b133 5171sec,Sport,133,1197,,,5171000,,,,,,,
walk steps1.47k 22min 11sec,Walk,,,,,1331000,,,,,,1470,
walk step1394 bpm92 kcal180 24.8min,Walk,92,180,,,1488000,,,,,,1394,
walk b94 193kcal step1668 22m11s,Walk,94,193,,,1331000,,,,,,1668,
walk 107kcal 16.2min step997 avg83,Walk,83,107,,,972000,,,,,,997,
sport kcal952 1h11m37s,Sport,,952,,,4297000,,,,,,,
run elev153.31m 2.65mi 31.7min,Run,,,4.26,km,1902000,153.31,445.98,,,8.07,,
walk 2.15k steps kcal249 95bpm 30min 43sec,Walk,95,249,,,1843000,,,,,,2150,
walk bpm98 min17,Walk,98,,,,1020000,,,,,,,
walk min38 401kcal 3.84ksteps avg108,Walk,108,401,,,2280000,,,,,,3840,
walk 211kcal up27.43m 1536s,Walk,,211,,,1536000,27.43,,,,,,
walk kcal102 15.4min 81bpm elev6.1m step932,Walk,81,102,,,924000,6.1,,,,,932,
treadmill 577kcal 41min 10sec m4610,Treadmill,,577,4.61,km,2470000,,535.79,,,6.72,,
walk 158kcal 101bpm 17.9min 1336 steps,Walk,101,158,,,1074000,,,,,,1336,
walk hr107 1433s,Walk,107,,,,1433000,,,,,,,
run 145bpm up76.81m 3.99 km 416kcal 3.82ksteps 29m18s,Run,145,416,3.99,km,1758000,76.81,440.6,,,8.17,3820,
walk 19.5 kcal152 1.36k steps 92 bpm,Walk,92,152,,,1170000,,,,,,1360,
walk 87bpm min18,Walk,87,,,,1080000,,,,,,,
walk kcal447 bpm105 44m23s 3.97k steps,Walk,105,447,,,2663000,,,,,,3970,
walk 96 bpm kcal128 16min 915steps,Walk,96,128,,,960000,,,,,,915,
walk kcal169 17.9min,Walk,,169,,,1074000,,,,,,,
walk 216kcal 97bpm 23m54s,Walk,97,216,,,1434000,,,,,,,
walk 15.7 1.08ksteps 118kcal,Walk,,118,,,942000,,,,,,1080,
walk kcal150 83b min23 up9.14m steps1.25k,Walk,83,150,,,1380000,9.14,,,,,1250,
walk bpm98 971kcal 110 min 8315 steps,Walk,98,971,,,6600000,,,,,,8315,
walk 19min 38sec kcal148 +3.05m 1.36k steps 87 bpm,Walk,87,148,,,1178000,3.05,,,,,1360,
walk 3.74k steps 37m33s,Walk,,,,,2253000,,,,,,3740,
walk kcal395 101 bpm 3.42ksteps 43m31s,Walk,101,395,,,2611000,,,,,,3420,
walk min17 139kcal 3.05m gain 92 bpm,Walk,92,139,,,1020000,3.05,,,,,,
walk 168kcal 1076sec 1203steps 102 bpm,Walk,102,168,,,1076000,,,,,,1203,
walk 48.6min 99bpm elev42.67m kcal452,Walk,99,452,,,2916000,42.67,,,,,,
walk 1h33m1s 846kcal 7.6k steps 100bpm,Walk,100,846,,,5581000,,,,,,7600,
walk hr96 step1279 17min 56sec kcal151,Walk,96,151,,,1076000,,,,,,1279,
walk +85.34m avg108 46m4s 459kcal,Walk,108,459,,,2764000,85.34,,,,,,
walk 15min 22sec kcal105,Walk,,105,,,922000,,,,,,,
run 71.9min 9.36km elev128.02m b136,Run,136,,9.36,km,4314000,128.02,460.9,,,7.81,,
walk hr97 21m20s,Walk,97,,,,1280000,,,,,,,
sport kcal258 30min bpm95,Sport,95,258,,,1800000,,,,,,,
walk 88 bpm kcal197 sec1433 1861steps,Walk,88,197,,,1433000,,,,,,1861,
walk kcal150 15m21s,Walk,,150,,,921000,,,,,,,
run kcal842 up201.17m hr131 steps8.8k sec3789,Run,131,842,,,3789000,201.17,,,,,8800,
walk 22min kcal197 steps1867,Walk,,197,,,1320000,,,,,,1867,
walk 1h42m24s kcal1128 steps10.96k,Walk,,1128,,,6144000,,,,,,10960,
walk +88.39m hr96 sec2612 kcal374,Walk,96,374,,,2612000,88.39,,,,,,
walk +21.34m 33.3 hr100 step3345 300kcal,Walk,100,300,,,1998000,21.34,,,,,3345,
walk 1.51k steps avg95 min15 kcal130 up24.38m,Walk,95,130,,,900000,24.38,,,,,1510,
walk steps2473 90hr 26min 27sec kcal215 gain45.72m,Walk,90,215,,,1587000,45.72,,,,,2473,
run 1h 21min 1sec 11880steps 10.43 km,Run,,,10.43,km,4861000,,466.06,,,7.72,11880,
walk +27.43m bpm95 step1572 kcal142 973s,Walk,95,142,,,973000,27.43,,,,,1572,
walk steps3942 40.1 kcal355,Walk,,355,,,2406000,,,,,,3942,
walk 56min 19sec steps5.23k kcal525 hr102 gain97.54m,Walk,102,525,,,3379000,97.54,,,,,5230,
run 7.07 km gain194.46m 864kcal 1h0m10s 8.06ksteps avg147,Run,147,864,7.07,km,3610000,194.46,510.61,,,7.05,8060,
walk 102bpm 18m46s steps1.49k kcal160,Walk,102,160,,,1126000,,,,,,1490,
aerobic workout 1724 steps 973s bpm114 179kcal,Aerobic Workout,114,179,,,973000,,,,,,1724,
walk 15.4min 95bpm kcal151 steps1491,Walk,95,151,,,924000,,,,,,1491,
walk 3876steps 107 bpm,Walk,107,,,,,,,,,,3876,
walk min16 kcal131 up27.43m,Walk,,131,,,960000,27.43,,,,,,
walk sec2458 367kcal bpm98 step3708,Walk,98,367,,,2458000,,,,,,3708,
run 4271sec 8810 m,Run,,,8.81,km,4271000,,484.79,,,7.43,,
walk kcal131 step1563 16.2min 71 bpm,Walk,71,131,,,972000,,,,,,1563,
walk 1h5m43s step5771,Walk,,,,,3943000,,,,,,5771,
run 5.16k kcal591 37m38s 153hr,Run,153,591,5.16,km,2258000,,437.6,,,8.23,,
walk 174.1 +228.6m b95 kcal1404 steps14958,Walk,95,1404,,,10446000,228.6,,,,,14958,
walk 91.3 167.64m gain steps8.92k 104b 888kcal,Walk,104,888,,,5478000,167.64,,,,,8920,
walk b109 up30.48m sec1024,Walk,109,,,,1024000,30.48,,,,,,
walk 56.3 b97 steps5399 kcal483,Walk,97,483,,,3378000,,,,,,5399,
walk 92 bpm kcal140 1.62k steps 17.9,Walk,92,140,,,1074000,,,,,,1620,
walk kcal392 51 min,Walk,,392,,,3060000,,,,,,,
run 10150m 1h 27min 35sec 1062kcal,Run,,1062,10.15,km,5255000,,517.73,,,6.95,,
walk 1945sec 87hr kcal246,Walk,87,246,,,1945000,,,,,,,
walk 469kcal sec3226,Walk,,469,,,3226000,,,,,,,
walk 135kcal sec922 hr99,Walk,99,135,,,922000,,,,,,,
walk 1h 4min 51sec 6.38k steps kcal583 96hr,Walk,96,583,,,3891000,,,,,,6380,
run 38.7min 5.01k 553kcal,Run,,553,5.01,km,2322000,,463.47,,,7.77,,
walk steps1.57k 15m22s kcal141,Walk,,141,,,922000,,,,,,1570,
walk 760kcal 9.14k steps up137.16m 1h32m10s b89,Walk,89,760,,,5530000,137.16,,,,,9140,
walk 116kcal hr87 17min 4sec step1699,Walk,87,116,,,1024000,,,,,,1699,
walk 1024s 96 bpm kcal157 1423 steps +67.06m,Walk,96,157,,,1024000,67.06,,,,,1423,
sport 799kcal bpm101 90.5min,Sport,101,799,,,5430000,,,,,,,
walk gain79.25m hr92 73.4min kcal584,Walk,92,584,,,4404000,79.25,,,,,,
walk 1580 steps 17.1 96bpm kcal144 elev30.48m,Walk,96,144,,,1026000,30.48,,,,,1580,
walk 16min 13sec step1658,Walk,,,,,973000,,,,,,1658,
sport kcal191 108bpm 19.6 steps1.77k,Sport,108,191,,,1176000,,,,,,1770,
walk 4365 steps gain6.1m 427kcal sec2868 b98,Walk,98,427,,,2868000,6.1,,,,,4365,
walk +143.26m 97bpm 1h 23min 38sec kcal758,Walk,97,758,,,5018000,143.26,,,,,,
walk kcal144 97b steps1.6k 15 min,Walk,97,144,,,900000,,,,,,1600,
walk 31m34s kcal321 3.18k steps avg106 33.53m gain,Walk,106,321,,,1894000,33.53,,,,,3180,
walk 429kcal 52min 3sec,Walk,,429,,,3123000,,,,,,,
walk steps1616 100hr 17.1min 33.53m gain kcal153,Walk,100,153,,,1026000,33.53,,,,,1616,
run b126 67.4min kcal896,Run,126,896,,,4044000,,,,,,,
walk 171kcal min17,Walk,,171,,,1020000,,,,,,,
walk 106hr 52min 55sec,Walk,106,,,,3175000,,,,,,,
walk 23min 54sec elev28.7m,Walk,,,,,1434000,28.7,,,,,,
aerobic workout 117hr sec1178,Aerobic Workout,117,,,,1178000,,,,,,,
sport 1h9m59s 6472 steps 744kcal,Sport,,744,,,4199000,,,,,,6472,
aerobic workout 23min 2sec 218kcal hr105,Aerobic Workout,105,218,,,1382000,,,,,,,
walk kcal116 1639sec,Walk,,116,,,1639000,,,,,,,
walk 17min 4sec kcal99,Walk,,99,,,1024000,,,,,,,
walk b98 up48.77m sec3892,Walk,98,,,,3892000,48.77,,,,,,
run kcal178 sec1075 114b +9.14m,Run,114,178,,,1075000,9.14,,,,,,
run 35 130 bpm up42.67m 5.1k steps kcal468,Run,130,468,,,2100000,42.67,,,,,5100,
walk 96 bpm elev160.12m 87min step8893 774kcal,Walk,96,774,,,5220000,160.12,,,,,8893,
walk 100hr 17m4s 1.66k steps up24.38m 161kcal,Walk,100,161,,,1024000,24.38,,,,,1660,
walk step2674 bpm101 258kcal,Walk,101,258,,,,,,,,,2674,
run 15m22s 94hr 1766steps 137kcal,Run,94,137,,,922000,,,,,,1766,
walk bpm111 min22 238kcal 2306 steps,Walk,111,238,,,1320000,,,,,,2306,
walk steps4748 min50 88 bpm,Walk,88,,,,3000000,,,,,,4748,
walk 1126sec 93 bpm 161kcal,Walk,93,161,,,1126000,,,,,,,
run 1035kcal sec4865 bpm131 5.77mi,Run,131,1035,9.29,km,4865000,,523.91,,,6.87,,
walk 7.29k steps 4557s 96hr 667kcal,Walk,96,667,,,4557000,,,,,,7290,
walk bpm98 4813sec 722kcal steps8140,Walk,98,722,,,4813000,,,,,,8140,
treadmill km5.79 up37.8m 1000kcal bpm114 steps7.93k 6048s,Treadmill,114,1000,5.79,km,6048000,37.8,1044.56,,,3.45,7930,
walk min21 181kcal avg97,Walk,97,181,,,1260000,,,,,,,
walk 111 min 10.39k steps 149.35m gain,Walk,,,,,6660000,149.35,,,,,10390,
walk kcal130 sec973 85hr up27.43m,Walk,85,130,,,973000,27.43,,,,,,
walk 20.5 kcal192 step2102 up36.58m,Walk,,192,,,1230000,36.58,,,,,2102,
walk hr95 up94.49m 6.22k steps kcal597 70.8min,Walk,95,597,,,4248000,94.49,,,,,6220,
treadmill 6.51km min83,Treadmill,,,6.51,km,4980000,,764.98,,,4.71,,
walk steps5819 1h 1min 27sec 576kcal,Walk,,576,,,3687000,,,,,,5819,
walk 1.98k steps min20 103bpm,Walk,103,,,,1200000,,,,,,1980,
walk 27.43m gain 152kcal min17,Walk,,152,,,1020000,27.43,,,,,,
walk 450kcal 57.2min,Walk,,450,,,3432000,,,,,,,
walk 1686steps 18min 107b kcal169,Walk,107,169,,,1080000,,,,,,1686,
walk 1.52ksteps 152kcal 94b 17min 56sec,Walk,94,152,,,1076000,,,,,,1520,
walk 169kcal 17min 4sec avg95 step1597,Walk,95,169,,,1024000,,,,,,1597,
run 1h 17min 15sec 1142kcal k9.56,Run,,1142,9.56,km,4635000,,484.83,,,7.43,,
walk 78kcal 735steps 16.2min 79bpm,Walk,79,78,,,972000,,,,,,735,
run kcal652 44min 1sec 141bpm 5.91k,Run,141,652,5.91,km,2641000,,446.87,,,8.06,,
walk 1h56m4s up152.4m step9693 996kcal b95,Walk,95,996,,,6964000,152.4,,,,,9693,
walk kcal1083 11.39ksteps 1h 52min 39sec elev173.74m,Walk,,1083,,,6759000,173.74,,,,,11390,
walk 70 min 626kcal,Walk,,626,,,4200000,,,,,,,
run 6013 steps sec4277 5.45km +27.13m 628kcal bpm135,Run,135,628,5.45,km,4277000,27.13,784.77,,,4.59,6013,
walk steps4234 hr100 gain85.34m kcal421 45min 14sec,Walk,100,421,,,2714000,85.34,,,,,4234,
walk avg97 steps5.44k 509kcal 55.5,Walk,97,509,,,3330000,,,,,,5440,
walk +143.26m 8633 steps sec5070,Walk,,,,,5070000,143.26,,,,,8633,
walk 635kcal b99 steps7.03k 1h 8min 17sec,Walk,99,635,,,4097000,,,,,,7030,
sport kcal399 sec2611,Sport,,399,,,2611000,,,,,,,
walk hr102 589kcal sec3687,Walk,102,589,,,3687000,,,,,,,
walk up61.87m kcal402 102bpm 45m14s,Walk,102,402,,,2714000,61.87,,,,,,
aerobic workout 104 bpm 2918sec 467kcal steps4006,Aerobic Workout,104,467,,,2918000,,,,,,4006,
walk hr112 5530s kcal943,Walk,112,943,,,5530000,,,,,,,
walk 133kcal 1.62k steps 67hr,Walk,67,133,,,,,,,,,1620,
walk elev27.43m 1.57k steps bpm114 16.2min kcal184,Walk,114,184,,,972000,27.43,,,,,1570,
walk 25min 225kcal b102 2254steps,Walk,102,225,,,1500000,,,,,,2254,
walk 560kcal 5.11ksteps 49m30s,Walk,,560,,,2970000,,,,,,5110,
walk 349kcal 30.7min 156 bpm,Walk,156,349,,,1842000,,,,,,,
walk 74b 22m11s,Walk,74,,,,1331000,,,,,,,
walk 87.9min 9358 steps,Walk,,,,,5274000,,,,,,9358,
walk 6.39k steps hr89 1h9m7s,Walk,89,,,,4147000,,,,,,6390,
walk steps1544 102b 15.3,Walk,102,,,,918000,,,,,,1544,
run 9120m 139b 245.97m gain 1h 14min 10sec,Run,139,,9.12,km,4450000,245.97,487.94,,,7.38,,
walk 4799 steps min53,Walk,,,,,3180000,,,,,,4799,
walk avg103 4571sec 715kcal,Walk,103,715,,,4571000,,,,,,,
walk steps1.61k 16min 100bpm,Walk,100,,,,960000,,,,,,1610,
bike up0.61m kcal296 min25 hr127,Bike,127,296,,,1500000,0.61,,,,,,
run 71 min 4.3 mi kcal761,Run,,761,6.92,km,4260000,,615.59,,,5.85,,
walk 5109steps 55.5,Walk,,,,,3330000,,,,,,5109,
walk kcal345 step3402 elev15.24m 34min 8sec,Walk,,345,,,2048000,15.24,,,,,3402,
walk 6061 steps 3277s,Walk,,,,,3277000,,,,,,6061,
walk elev155.45m 826kcal 5377s,Walk,,826,,,5377000,155.45,,,,,,
walk 99bpm 138kcal steps1508 15.3min,Walk,99,138,,,918000,,,,,,1508,
walk 484kcal 4.92k steps 57.2min,Walk,,484,,,3432000,,,,,,4920,
walk 95 bpm 379kcal 2662sec,Walk,95,379,,,2662000,,,,,,,
walk kcal138 step1517 15min 22sec,Walk,,138,,,922000,,,,,,1517,
walk 480kcal step4511 41min 118 bpm,Walk,118,480,,,2460000,,,,,,4511,
run up219.15m 144bpm 1h17m45s 11.08ksteps 1142kcal km9.6,Run,144,1142,9.6,km,4665000,219.15,485.94,,,7.41,11080,
walk up100.58m steps4094 41.8min b95 371kcal,Walk,95,371,,,2508000,100.58,,,,,4094,
walk 67.4min 94hr steps6.89k,Walk,94,,,,4044000,,,,,,6890,
walk +161.54m 966kcal 107b 95min 10239 steps,Walk,107,966,,,5700000,161.54,,,,,10239,
walk 17min 4sec 1636steps 179kcal hr110 up33.53m,Walk,110,179,,,1024000,33.53,,,,,1636,
bike 3.96m gain sec1889 kcal372 125b,Bike,125,372,,,1889000,3.96,,,,,,
walk kcal210 21.3 1921 steps,Walk,,210,,,1278000,,,,,,1921,
sport 393kcal bpm102 41m48s,Sport,102,393,,,2508000,,,,,,,
walk 32.4 247kcal 2781 steps 92hr elev21.34m,Walk,92,247,,,1944000,21.34,,,,,2781,
walk 15m21s 101bpm kcal144 elev54.86m,Walk,101,144,,,921000,54.86,,,,,,
walk 30.48m gain sec921 134kcal,Walk,,134,,,921000,30.48,,,,,,
walk 17min 4sec kcal165 +30.48m,Walk,,165,,,1024000,30.48,,,,,,
sport 3.2ksteps kcal312 36m42s,Sport,,312,,,2202000,,,,,,3200,
walk 97 bpm 51.2 407kcal 3.91k steps,Walk,97,407,,,3072000,,,,,,3910,
run 77.7 m7560,Run,,,7.56,km,4662000,,616.67,,,5.84,,
walk gain27.43m b83 162kcal 24.8min,Walk,83,162,,,1488000,27.43,,,,,,
walk 34m59s 86 bpm,Walk,86,,,,2099000,,,,,,,
walk 231kcal sec1587 2.41ksteps,Walk,,231,,,1587000,,,,,,2410,
bike 859kcal elev68.28m 1h 9min 43sec,Bike,,859,,,4183000,68.28,,,,,,
walk 19m38s avg96,Walk,96,,,,1178000,,,,,,,
walk bpm88 17.1min 125kcal steps1301 24.38m gain,Walk,88,125,,,1026000,24.38,,,,,1301,
walk 17 min kcal184,Walk,,184,,,1020000,,,,,,,
walk 1820 steps sec1126,Walk,,,,,1126000,,,,,,1820,
sport steps2.63k kcal292 106bpm 30 min,Sport,106,292,,,1800000,,,,,,2630,
walk 25min 36sec avg92 steps2.41k 212kcal,Walk,92,212,,,1536000,,,,,,2410,
run 144 bpm 86.6min 11.26km,Run,144,,11.26,km,5196000,,461.46,,,7.8,,
walk kcal153 1.83ksteps 78hr 19.6min 30.48m gain,Walk,78,153,,,1176000,30.48,,,,,1830,
walk steps4.92k 52min 54sec,Walk,,,,,3174000,,,,,,4920,
walk elev100.58m step4955 sec3021 96b 443kcal,Walk,96,443,,,3021000,100.58,,,,,4955,
walk 28m10s 81 bpm 2.01k steps,Walk,81,,,,1690000,,,,,,2010,
walk 1h44m58s step10973,Walk,,,,,6298000,,,,,,10973,
walk 109 bpm 973s +33.53m 1.52k steps kcal183,Walk,109,183,,,973000,33.53,,,,,1520,
walk up104.55m 55min 28sec kcal569 bpm107,Walk,107,569,,,3328000,104.55,,,,,,
walk 198kcal 112 bpm 1127sec,Walk,112,198,,,1127000,,,,,,,
walk up161.54m steps6.88k 1h 7min 25sec,Walk,,,,,4045000,161.54,,,,,6880,
sport 22m12s 180kcal 63bpm steps1.87k,Sport,63,180,,,1332000,,,,,,1870,
sport 20.5min 101b kcal173,Sport,101,173,,,1230000,,,,,,,
sport bpm97 sec1741 251kcal steps2758,Sport,97,251,,,1741000,,,,,,2758,
aerobic workout 78b 19min 37sec,Aerobic Workout,78,,,,1177000,,,,,,,
walk 551kcal sec3737 up103.63m,Walk,,551,,,3737000,103.63,,,,,,
sport 1h 3min 8sec 83 bpm,Sport,83,,,,3788000,,,,,,,
walk up85.34m 100bpm 5183 steps 540kcal 58.9min,Walk,100,540,,,3534000,85.34,,,,,5183,
sport 1h 33min 1sec 97hr step7509 776kcal,Sport,97,776,,,5581000,,,,,,7509,
run sec2611 bpm147,Run,147,,,,2611000,,,,,,,
sport 51.2 106hr step4888 502kcal,Sport,106,502,,,3072000,,,,,,4888,
run 136bpm +158.5m kcal924 64.8min,Run,136,924,,,3888000,158.5,,,,,,
aerobic workout 16.2min b80,Aerobic Workout,80,,,,972000,,,,,,,
walk kcal157 15m21s,Walk,,157,,,921000,,,,,,,
walk 44.4min +82.3m kcal399 steps4211 avg100,Walk,100,399,,,2664000,82.3,,,,,4211,
walk 163kcal 36.58m gain 19 min 1.78k steps 96b,Walk,96,163,,,1140000,36.58,,,,,1780,
walk elev79.25m 99hr 3942sec kcal567,Walk,99,567,,,3942000,79.25,,,,,,
walk 2644 steps kcal278 98hr 34 min,Walk,98,278,,,2040000,,,,,,2644,
walk avg100 91.44m gain 55min 28sec 497kcal,Walk,100,497,,,3328000,91.44,,,,,,
walk hr98 steps3276 33.3min,Walk,98,,,,1998000,,,,,,3276,
walk 110b 30 min 3.08ksteps kcal307,Walk,110,307,,,1800000,,,,,,3080,
walk steps2845 252kcal hr94 31.6 up51.82m,Walk,94,252,,,1896000,51.82,,,,,2845,
run 109bpm 19m38s 210kcal 2352 steps,Run,109,210,,,1178000,,,,,,2352,
walk 242kcal bpm107 22 min,Walk,107,242,,,1320000,,,,,,,
run 116 bpm 2611sec elev67.06m 5.39ksteps kcal489,Run,116,489,,,2611000,67.06,,,,,5390,
walk 1228s b96,Walk,96,,,,1228000,,,,,,,
walk elev30.48m hr103 1751 steps 17min 55sec kcal170,Walk,103,170,,,1075000,30.48,,,,,1751,
sport bpm94 steps1.57k 1126s 154kcal,Sport,94,154,,,1126000,,,,,,1570,
walk sec3738 85.34m gain 95bpm steps6114 534kcal,Walk,95,534,,,3738000,85.34,,,,,6114,
run up20.68m 239kcal 17.1 141hr 2.15k steps,Run,141,239,,,1026000,20.68,,,,,2150,
walk 17.1 kcal162 98bpm 1513 steps,Walk,98,162,,,1026000,,,,,,1513,
walk 301kcal 31.6min hr99,Walk,99,301,,,1896000,,,,,,,
walk kcal333 3.73ksteps min44,Walk,,333,,,2640000,,,,,,3730,
walk kcal782 88.39m gain bpm102 1h 24min 29sec,Walk,102,782,,,5069000,88.39,,,,,,
walk up33.53m 1075s 1658 steps 150kcal bpm98,Walk,98,150,,,1075000,33.53,,,,,1658,
walk 93bpm 1h 8min 16sec 559kcal gain85.34m,Walk,93,559,,,4096000,85.34,,,,,,
walk 17.1min 96hr kcal156 1652steps 33.53m gain,Walk,96,156,,,1026000,33.53,,,,,1652,
walk kcal487 avg101 step5337 gain88.39m 54.6,Walk,101,487,,,3276000,88.39,,,,,5337,
walk steps4.95k 452kcal b96 gain79.25m sec3123,Walk,96,452,,,3123000,79.25,,,,,4950,
aerobic workout steps9.96k 1320kcal sec6298 b133,Aerobic Workout,133,1320,,,6298000,,,,,,9960,
walk 845kcal 1h 27min 2sec hr103 steps8.44k +164.59m,Walk,103,845,,,5222000,164.59,,,,,8440,
walk 104 bpm 17min 4sec kcal169,Walk,104,169,,,1024000,,,,,,,
walk 49.5min 5.09k steps 536kcal 114hr,Walk,114,536,,,2970000,,,,,,5090,
walk 46.1min 478kcal,Walk,,478,,,2766000,,,,,,,
walk 52.9 430kcal 5ksteps,Walk,,430,,,3174000,,,,,,5000,
walk elev128.02m kcal537 3686s 5.81k steps,Walk,,537,,,3686000,128.02,,,,,5810,
swim km0.83 25m pool 23.9 kcal187,Swim,,187,0.83,km,1434000,,1727.71,25,m,2.08,,
sport 520kcal 1h 5min 43sec,Sport,,520,,,3943000,,,,,,,
walk 160kcal elev21.34m 1.45k steps 98hr 21.3min,Walk,98,160,,,1278000,21.34,,,,,1450,
walk 565kcal 6086 steps 54.6 hr112,Walk,112,565,,,3276000,,,,,,6086,
run kcal613 elev115.82m steps6.64k 52,Run,,613,,,3120000,115.82,,,,,6640,
sport 415kcal 49m29s step4460 100 bpm,Sport,100,415,,,2969000,,,,,,4460,
walk 25.6 92hr 2.06k steps kcal188 gain30.48m,Walk,92,188,,,1536000,30.48,,,,,2060,
run 6334 steps 681kcal +185.93m 44m22s,Run,,681,,,2662000,185.93,,,,,6334,
walk steps2576 min30 kcal297,Walk,,297,,,1800000,,,,,,2576,
run 1h 23min 47sec 1196kcal,Run,,1196,,,5027000,,,,,,,
walk gain185.93m steps8152 6092sec bpm95,Walk,95,,,,6092000,185.93,,,,,8152,
walk steps2.05k avg93 sec1280 kcal177,Walk,93,177,,,1280000,,,,,,2050,
walk 246kcal 99 bpm min27 2.35ksteps 60.96m gain,Walk,99,246,,,1620000,60.96,,,,,2350,
sport 1h 24min 28sec 760kcal,Sport,,760,,,5068000,,,,,,,
walk 12343 steps 1149kcal 1h 56min 55sec 155.45m gain hr104,Walk,104,1149,,,7015000,155.45,,,,,12343,
walk 98kcal 1038steps 15.3 avg81,Walk,81,98,,,918000,,,,,,1038,
walk b88 1h 5min 42sec,Walk,88,,,,3942000,,,,,,,
run bpm136 4644s kcal1055,Run,136,1055,,,4644000,,,,,,,
walk 59.7min b100 up121.92m kcal586,Walk,100,586,,,3582000,121.92,,,,,,
cross country skiing 122hr km8.68 1h 59min 41sec,Cross Country Skiing,122,,8.68,km,7181000,,827.3,,,4.35,,
walk 1h17m39s 726kcal,Walk,,726,,,4659000,,,,,,,
walk 156kcal 16min 13sec,Walk,,156,,,973000,,,,,,,
walk 96 bpm 96 min,Walk,96,,,,5760000,,,,,,,
sport 105hr 58min kcal540,Sport,105,540,,,3480000,,,,,,,
walk min26 bpm97 kcal201 step1924 gain3.05m,Walk,97,201,,,1560000,3.05,,,,,1924,
sport step2001 24m44s 102hr,Sport,102,,,,1484000,,,,,,2001,
sport sec2150 3.19ksteps 104bpm 336kcal,Sport,104,336,,,2150000,,,,,,3190,
walk step2426 27.3 bpm102 241kcal,Walk,102,241,,,1638000,,,,,,2426,
sport 289kcal 100hr step2738 32min 25sec,Sport,100,289,,,1945000,,,,,,2738,
sport 71min step6357 kcal665 103 bpm,Sport,103,665,,,4260000,,,,,,6357,
sport hr98 1456 steps 23.9min,Sport,98,,,,1434000,,,,,,1456,
sport 23.9 kcal205 steps1784,Sport,,205,,,1434000,,,,,,1784,
walk min28 276kcal bpm107,Walk,107,276,,,1680000,,,,,,,
walk step6655 3789s kcal569,Walk,,569,,,3789000,,,,,,6655,
run 67 min elev176.02m,Run,,,,,4020000,176.02,,,,,,
walk 101bpm 18.8min kcal178,Walk,101,178,,,1128000,,,,,,,
walk 73 bpm kcal198 25min 36sec elev9.14m,Walk,73,198,,,1536000,9.14,,,,,,
walk 3314steps up33.53m 36.7,Walk,,,,,2202000,33.53,,,,,3314,
walk 108 bpm 1h23m37s 905kcal,Walk,108,905,,,5017000,,,,,,,
walk 18min 113b 39.62m gain,Walk,113,,,,1080000,39.62,,,,,,
walk 3756 steps 40min 6sec,Walk,,,,,2406000,,,,,,3756,
outdoor bike 20.9min kcal187 b96 up3.05m,Outdoor Bike,96,187,,,1254000,3.05,,,,,,
walk elev87.27m hr99 sec4198,Walk,99,,,,4198000,87.27,,,,,,
walk hr99 12.19m gain 46min 5sec 421kcal,Walk,99,421,,,2765000,12.19,,,,,,
walk gain9.14m 46.1 step3338 101 bpm 371kcal,Walk,101,371,,,2766000,9.14,,,,,3338,
walk 29m52s 2.51k steps kcal256,Walk,,256,,,1792000,,,,,,2510,
sport 2.37ksteps 1997sec kcal244 91hr,Sport,91,244,,,1997000,,,,,,2370,
walk bpm98 sec922 kcal121,Walk,98,121,,,922000,,,,,,,
walk elev103.63m 4.58k steps kcal453 hr94 57.2min,Walk,94,453,,,3432000,103.63,,,,,4580,
walk 1536s 97b kcal219 2208 steps,Walk,97,219,,,1536000,,,,,,2208,
walk 1h4m51s step6454,Walk,,,,,3891000,,,,,,6454,
walk +51.82m 95 bpm 1h 11min 41sec,Walk,95,,,,4301000,51.82,,,,,,
walk b106 +76.2m kcal475 4654steps 48m38s,Walk,106,475,,,2918000,76.2,,,,,4654,
run 6.89 mi 10.81ksteps 128 bpm 1h 53min 45sec,Run,128,,11.09,km,6825000,,615.51,,,5.85,10810,
walk 37 min step2972 kcal318 97hr,Walk,97,318,,,2220000,,,,,,2972,
walk 6.34k steps 1h2m17s 106hr,Walk,106,,,,3737000,,,,,,6340,
run 1332sec 2344 steps,Run,,,,,1332000,,,,,,2344,
walk 116b 21.3min kcal249,Walk,116,249,,,1278000,,,,,,,
walk 105 bpm kcal821 85.3min,Walk,105,821,,,5118000,,,,,,,
walk 1h4m17s kcal567,Walk,,567,,,3857000,,,,,,,
run 7099 steps kcal707 bpm139 48m38s up137.16m,Run,139,707,,,2918000,137.16,,,,,7099,
aerobic workout kcal374 3.35ksteps sec1639,Aerobic Workout,,374,,,1639000,,,,,,3350,
walk 33 min steps3383,Walk,,,,,1980000,,,,,,3383,
run 2.24ksteps 18.8min kcal218 119 bpm,Run,119,218,,,1128000,,,,,,2240,
walk 20min kcal195,Walk,,195,,,1200000,,,,,,,
walk 2408steps 229kcal 28.1min,Walk,,229,,,1686000,,,,,,2408,
walk 958kcal b108 9911steps 1h 39min +94.49m,Walk,108,958,,,5940000,94.49,,,,,9911,
walk 17min 4sec kcal165,Walk,,165,,,1024000,,,,,,,
sport 18.8min b96,Sport,96,,,,1128000,,,,,,,
walk 97.54m gain 1h50m56s,Walk,,,,,6656000,97.54,,,,,,
outdoor bike 58m59s 498kcal b96,Outdoor Bike,96,498,,,3539000,,,,,,,
sport kcal241 2408 steps 27.3min bpm100,Sport,100,241,,,1638000,,,,,,2408,
outdoor bike elev3.05m 15min b93 kcal122,Outdoor Bike,93,122,,,900000,3.05,,,,,,
walk up30.48m 2355s steps3.17k,Walk,,,,,2355000,30.48,,,,,3170,
walk 32min 26sec 103bpm,Walk,103,,,,1946000,,,,,,,
walk 118bpm 15.4 144kcal 1429 steps,Walk,118,144,,,924000,,,,,,1429,
walk 306kcal 36min 42sec b106 steps3.28k,Walk,106,306,,,2202000,,,,,,3280,
walk elev6.1m 264kcal step3105 33.3min,Walk,,264,,,1998000,6.1,,,,,3105,
walk 17m55s step1009,Walk,,,,,1075000,,,,,,1009,
walk avg102 30min 43sec 219kcal steps1.73k,Walk,102,219,,,1843000,,,,,,1730,
treadmill 1.55k hr126 16m15s,Treadmill,126,,1.55,km,975000,,629.03,,,5.72,,
treadmill 32min 29sec 4020m 4024 steps hr167,Treadmill,167,,4.02,km,1949000,,484.83,,,7.43,4024,
walk elev3.05m sec1434 192kcal steps1862,Walk,,192,,,1434000,3.05,,,,,1862,
walk 22min 11sec elev6.1m 100hr,Walk,100,,,,1331000,6.1,,,,,,
walk 35min gain21.34m kcal313,Walk,,313,,,2100000,21.34,,,,,,
walk 2.21ksteps bpm111 21.3 193kcal +15.24m,Walk,111,193,,,1278000,15.24,,,,,2210,
walk 232kcal steps2.66k 29m1s 101bpm,Walk,101,232,,,1741000,,,,,,2660,
walk kcal284 b96 41 min,Walk,96,284,,,2460000,,,,,,,
walk 3042 steps kcal319 32m25s 48.77m gain bpm118,Walk,118,319,,,1945000,48.77,,,,,3042,
walk b114 kcal264 26.4min steps2570,Walk,114,264,,,1584000,,,,,,2570,
walk avg111 1331s elev9.14m kcal195 2201steps,Walk,111,195,,,1331000,9.14,,,,,2201,
walk 12.19m gain b111 2.59k steps kcal252 29min 1sec,Walk,111,252,,,1741000,12.19,,,,,2590,
walk min25 234kcal 2.52ksteps 114b,Walk,114,234,,,1500000,,,,,,2520,
walk 24m45s kcal222 109hr,Walk,109,222,,,1485000,,,,,,,
walk 2.75k steps 28.1,Walk,,,,,1686000,,,,,,2750,
walk 40m6s up36.58m,Walk,,,,,2406000,36.58,,,,,,
walk steps2162 23min 2sec,Walk,,,,,1382000,,,,,,2162,
walk 17min 55sec 218kcal up24.38m 130 bpm steps1824,Walk,130,218,,,1075000,24.38,,,,,1824,
walk 2.62ksteps 28min 10sec elev6.1m kcal226 b99,Walk,99,226,,,1690000,6.1,,,,,2620,
walk 23.9min 110 bpm kcal226 2.43ksteps,Walk,110,226,,,1434000,,,,,,2430,
walk 2.86ksteps 29min,Walk,,,,,1740000,,,,,,2860,
walk 1.33ksteps kcal138 17m56s,Walk,,138,,,1076000,,,,,,1330,
walk 16.2 127kcal 1.43ksteps 98 bpm,Walk,98,127,,,972000,,,,,,1430,
walk 37m33s step3332,Walk,,,,,2253000,,,,,,3332,
walk 114bpm 3250steps elev24.38m 2611sec 412kcal,Walk,114,412,,,2611000,24.38,,,,,3250,
walk elev30.48m kcal406 51 min 3853steps b110,Walk,110,406,,,3060000,30.48,,,,,3853,
walk 1690s kcal249 steps2519 112hr elev27.43m,Walk,112,249,,,1690000,27.43,,,,,2519,
walk 37.5min 325kcal elev21.34m 3459 steps,Walk,,325,,,2250000,21.34,,,,,3459,
walk kcal242 25m37s 2.62k steps,Walk,,242,,,1537000,,,,,,2620,
walk 1639sec 2622steps,Walk,,,,,1639000,,,,,,2622,
walk 35min 12.19m gain 264kcal,Walk,,264,,,2100000,12.19,,,,,,
treadmill 5.04k 35.7min avg164,Treadmill,164,,5.04,km,2142000,,425,,,8.47,,
walk 245kcal 22m11s 124bpm steps2203,Walk,124,245,,,1331000,,,,,,2203,
walk 1366steps +15.24m kcal134 15min 22sec 111bpm,Walk,111,134,,,922000,15.24,,,,,1366,
walk 16m13s 101hr,Walk,101,,,,973000,,,,,,,
walk 105 bpm 33m17s elev15.24m,Walk,105,,,,1997000,15.24,,,,,,
walk steps2636 hr116 26 min elev6.1m 242kcal,Walk,116,242,,,1560000,6.1,,,,,2636,
walk 218kcal 108 bpm 1536s 2.5k steps,Walk,108,218,,,1536000,,,,,,2500,
walk 6.1m gain 19min 38sec 1.84k steps,Walk,,,,,1178000,6.1,,,,,1840,
walk 100hr 2051 steps 21min 20sec kcal184,Walk,100,184,,,1280000,,,,,,2051,
walk kcal269 b111 32.4min,Walk,111,269,,,1944000,,,,,,,
walk up9.14m b112 2.26ksteps 22m11s kcal202,Walk,112,202,,,1331000,9.14,,,,,2260,
walk 112 bpm 1331sec,Walk,112,,,,1331000,,,,,,,
walk 30 min 2.79ksteps 254kcal 103b,Walk,103,254,,,1800000,,,,,,2790,
walk 29min 296kcal +9.14m,Walk,,296,,,1740000,9.14,,,,,,
walk steps2.67k 28.2 259kcal 110 bpm,Walk,110,259,,,1692000,,,,,,2670,
walk 123hr kcal280 +9.14m 25min 36sec,Walk,123,280,,,1536000,9.14,,,,,,
walk min24 226kcal,Walk,,226,,,1440000,,,,,,,
walk 1723 steps 29min 52sec kcal188 gain15.24m,Walk,,188,,,1792000,15.24,,,,,1723,
walk 217kcal 1332sec,Walk,,217,,,1332000,,,,,,,
hockey 370kcal 50 min,Hockey,,370,,,3000000,,,,,,,
cross country skiing 39min 42sec steps3236 248kcal km2.1,Cross Country Skiing,,248,2.1,km,2382000,,1134.29,,,3.17,3236,
cross country skiing km2.66 407.82m gain 48.8min,Cross Country Skiing,,,2.66,km,2928000,407.82,1100.75,,,3.27,,
cross country skiing 54min 2.55km 62.18m gain 131bpm kcal321 steps3.82k,Cross Country Skiing,131,321,2.55,km,3240000,62.18,1270.59,,,2.83,3820,
run 1.35ksteps 12.2min km1.16,Run,,,1.16,km,732000,,631.03,,,5.7,1350,
treadmill 37 min 278kcal bpm142 4.54k,Treadmill,142,278,4.54,km,2220000,,488.99,,,7.36,,
run 146bpm 0.58 mi kcal61 468sec,Run,146,61,0.93,km,468000,,501.38,,,7.18,,
run step6075 41.5min 5.6 km,Run,,,5.6,km,2490000,,444.64,,,8.1,6075,
walk 2243 steps elev3.05m bpm109 kcal107 23m2s,Walk,109,107,,,1382000,3.05,,,,,2243,
walk sec1792 161kcal 2.44ksteps 98 bpm,Walk,98,161,,,1792000,,,,,,2440,
run 364kcal 56.8 5792 steps,Run,,364,,,3408000,,,,,,5792,
run elev50.6m 3.23k steps 2.86km kcal182 153b 22min,Run,153,182,2.86,km,1320000,50.6,461.54,,,7.8,3230,
run up87.17m kcal275 3.11 mi 5.29ksteps 148b 2072sec,Run,148,275,5.01,km,2072000,87.17,413.98,,,8.7,5290,
treadmill 178 bpm 3.61k steps 232kcal km3.45 22.5min +205.13m,Treadmill,178,232,3.45,km,1350000,205.13,391.3,,,9.2,3610,
walk 17.1min 1687 steps 106kcal avg116 gain70.1m,Walk,116,106,,,1026000,70.1,,,,,1687,
run 15m56s k2.07 bpm137,Run,137,,2.07,km,956000,,461.84,,,7.79,,
aerobic workout b124 157kcal 29m52s,Aerobic Workout,124,157,,,1792000,,,,,,,
walk avg110 steps7.92k 438kcal 1h27m54s,Walk,110,438,,,5274000,,,,,,7920,
run hr135 49.7 6450 m,Run,135,,6.45,km,2982000,,462.33,,,7.79,,
walk 30.48m gain 77kcal 15.4min step1288 b108,Walk,108,77,,,924000,30.48,,,,,1288,
run 5.21k 36,Run,,,5.21,km,2160000,,414.59,,,8.68,,
walk 1.1k steps 17.1 elev12.19m bpm104,Walk,104,,,,1026000,12.19,,,,,1100,
walk 1455steps elev3.05m 17 min 89kcal hr115,Walk,115,89,,,1020000,3.05,,,,,1455,
walk 17m4s kcal105,Walk,,105,,,1024000,,,,,,,
treadmill 4990m 153 bpm kcal341,Treadmill,153,341,4.99,km,,,,,,,,
walk b120 kcal84 elev41.86m step1362 min15,Walk,120,84,,,900000,41.86,,,,,1362,
walk 1.6k steps 26 min +6.1m,Walk,,,,,1560000,6.1,,,,,1600,
run 271kcal 4.71k,Run,,271,4.71,km,,,,,,,,
sport kcal192 35min,Sport,,192,,,2100000,,,,,,,
aerobic workout 16min 1652 steps,Aerobic Workout,,,,,960000,,,,,,1652,
run 297kcal steps5663 km5.74 sec2272,Run,,297,5.74,km,2272000,,395.82,,,9.1,5663,
run 37min kcal291,Run,,291,,,2220000,,,,,,,
treadmill 142 bpm 46min steps6.03k kcal345,Treadmill,142,345,,,2760000,,,,,,6030,
walk 96kcal 22min 11sec,Walk,,96,,,1331000,,,,,,,
walk 1741s 106.68m gain 2592steps kcal163 avg103,Walk,103,163,,,1741000,106.68,,,,,2592,
run 8 min up1.52m 50kcal 0.88 km 137hr 1053steps,Run,137,50,0.88,km,480000,1.52,545.45,,,6.6,1053,
walk 16m13s b103 93kcal,Walk,103,93,,,973000,,,,,,,
walk 29m52s 162kcal 3.24k steps gain43.64m 114b,Walk,114,162,,,1792000,43.64,,,,,3240,
run 455kcal 148b steps8790 sec3563 elev434.65m mi5.06,Run,148,455,8.14,km,3563000,434.65,437.54,,,8.23,8790,
walk 19min 38sec 108kcal elev48.77m avg114 1834 steps,Walk,114,108,,,1178000,48.77,,,,,1834,
walk 122b kcal88 1677steps 15.3min gain30.48m,Walk,122,88,,,918000,30.48,,,,,1677,
hike bpm114 639kcal gain196.29m 12137 steps mi6.01 115 min,Hike,114,639,9.67,km,6900000,196.29,713.39,,,5.05,12137,
walk kcal296 54m37s avg110,Walk,110,296,,,3277000,,,,,,,
walk step1697 up33.53m 18min 100kcal hr116,Walk,116,100,,,1080000,33.53,,,,,1697,
treadmill 2713sec 5.1k,Treadmill,,,5.1,km,2713000,,531.96,,,6.77,,
treadmill steps5.05k 4.26km 48.1min,Treadmill,,,4.26,km,2886000,,677.46,,,5.31,5050,
walk 36.7min 6.1m gain steps2.56k 151kcal bpm98,Walk,98,151,,,2202000,6.1,,,,,2560,
walk 3390steps avg101 179kcal 36.7,Walk,101,179,,,2202000,,,,,,3390,
run 39min 53sec 5103steps kcal294 85.34m gain km5.45 155bpm,Run,155,294,5.45,km,2393000,85.34,439.08,,,8.2,5103,
run 52m3s kcal400,Run,,400,,,3123000,,,,,,,
run km5.31 2162sec,Run,,,5.31,km,2162000,,407.16,,,8.84,,
walk 79kcal 17.9 elev6.1m 1404steps,Walk,,79,,,1074000,6.1,,,,,1404,
run 1251s km1.74 up31.39m,Run,,,1.74,km,1251000,31.39,718.97,,,5.01,,
run 53.3min gain186.54m kcal442 avg163,Run,163,442,,,3198000,186.54,,,,,,
walk 25min 36sec 2108steps 122kcal,Walk,,122,,,1536000,,,,,,2108,
walk 23.9min +9.14m 119kcal,Walk,,119,,,1434000,9.14,,,,,,
walk bpm100 18min,Walk,100,,,,1080000,,,,,,,
walk b99 steps1.53k 93kcal min20,Walk,99,93,,,1200000,,,,,,1530,
run gain75.29m 35min 17sec 297kcal,Run,,297,,,2117000,75.29,,,,,,
walk 3.05m gain 143kcal 2.55k steps 98hr 32min 25sec,Walk,98,143,,,1945000,3.05,,,,,2550,
walk 29m1s 136kcal 97 bpm 2404 steps,Walk,97,136,,,1741000,,,,,,2404,
walk 103hr min26 2.17ksteps kcal117,Walk,103,117,,,1560000,,,,,,2170,
run 51.2 km8.26 avg154,Run,154,,8.26,km,3072000,,371.91,,,9.68,,
walk 122kcal b99 26min steps2.2k,Walk,99,122,,,1560000,,,,,,2200,
walk kcal87 1550steps b103 18 min 12.19m gain,Walk,103,87,,,1080000,12.19,,,,,1550,
walk kcal75 16m13s,Walk,,75,,,973000,,,,,,,
run kcal308 min40 3.89mi,Run,,308,6.26,km,2400000,,383.37,,,9.39,,
walk 17min 56sec 1.45k steps kcal86 b108,Walk,108,86,,,1076000,,,,,,1450,
walk 17min 55sec 103 bpm kcal80 1419steps gain6.1m,Walk,103,80,,,1075000,6.1,,,,,1419,
run 50.2 elev17.07m 320kcal 5400 m,Run,,320,5.4,km,3012000,17.07,557.78,,,6.45,,
walk 78kcal 16m13s avg105,Walk,105,78,,,973000,,,,,,,
walk kcal86 b103 17m55s,Walk,103,86,,,1075000,,,,,,,
walk 23.9 step1641 kcal101 b100,Walk,100,101,,,1434000,,,,,,1641,
run km8.22 3102sec 374kcal,Run,,374,8.22,km,3102000,,377.37,,,9.54,,
walk 1.54ksteps hr102 +3.05m 16.2min kcal77,Walk,102,77,,,972000,3.05,,,,,1540,
walk 15min kcal75 107hr step1370,Walk,107,75,,,900000,,,,,,1370,
run 241kcal 1819s,Run,,241,,,1819000,,,,,,,
walk 23.7min 99kcal steps1.66k 93b,Walk,93,99,,,1422000,,,,,,1660,
walk 23min 2sec hr101 1607 steps kcal94,Walk,101,94,,,1382000,,,,,,1607,
hike k9.52 957kcal 3h 40min 19sec,Hike,,957,9.52,km,13219000,,1388.55,,,2.59,,
walk 16.2 steps582 kcal42 hr88,Walk,88,42,,,972000,,,,,,582,
sport 108bpm kcal239 52.9 2.75k steps,Sport,108,239,,,3174000,,,,,,2750,
run 40m7s 3.41mi kcal269,Run,,269,5.49,km,2407000,,438.6,,,8.21,,
walk 16min 117bpm 76kcal,Walk,117,76,,,960000,,,,,,,
walk 16min 13sec kcal80 1.48ksteps hr107,Walk,107,80,,,973000,,,,,,1480,
walk 16m13s kcal78 1419steps hr107,Walk,107,78,,,973000,,,,,,1419,
run 226kcal hr153 steps4410 5.06km elev4.27m min28,Run,153,226,5.06,km,1680000,4.27,332.02,,,10.84,4410,
walk elev3.05m 21m20s 111kcal,Walk,,111,,,1280000,3.05,,,,,,
walk 17m55s +6.1m hr110 steps1495 kcal89,Walk,110,89,,,1075000,6.1,,,,,1495,
walk +27.43m 103bpm kcal101 21.3 1.92k steps,Walk,103,101,,,1278000,27.43,,,,,1920,
walk 315kcal 99bpm 4761sec,Walk,99,315,,,4761000,,,,,,,
walk 101kcal 1229sec,Walk,,101,,,1229000,,,,,,,
walk 25m36s up128.02m 104bpm 151kcal,Walk,104,151,,,1536000,128.02,,,,,,
walk 104.1 bpm102 7.7ksteps kcal445,Walk,102,445,,,6246000,,,,,,7700,
treadmill 117.8min km3.31 3.77k steps,Treadmill,,,3.31,km,7068000,,2135.35,,,1.69,3770,
sport 2662s b103 steps2.48k 173kcal,Sport,103,173,,,2662000,,,,,,2480,
walk kcal165 31min 35sec,Walk,,165,,,1895000,,,,,,,
run 4.93 km 33 min bpm145,Run,145,,4.93,km,1980000,,401.62,,,8.96,,
sport steps1.68k 27m18s,Sport,,,,,1638000,,,,,,1680,
walk steps1.2k 91kcal 16m13s,Walk,,91,,,973000,,,,,,1200,
treadmill sec2578 km5.22,Treadmill,,,5.22,km,2578000,,493.87,,,7.29,,
walk 18.8min kcal108 steps1496,Walk,,108,,,1128000,,,,,,1496,
run 6.35km steps6732 gain125.88m bpm157 45.9min 391kcal,Run,157,391,6.35,km,2754000,125.88,433.7,,,8.3,6732,
sport 3789s step3630 kcal245 avg98,Sport,98,245,,,3789000,,,,,,3630,
aerobic workout 127b 2967 steps 160kcal 26m28s,Aerobic Workout,127,160,,,1588000,,,,,,2967,
cross country skiing avg120 68.3min,Cross Country Skiing,120,,,,4098000,,,,,,,
walk 4218steps +42.67m 44 min bpm107 216kcal,Walk,107,216,,,2640000,42.67,,,,,4218,
aerobic workout 2952 steps 105 bpm kcal182 sec1894,Aerobic Workout,105,182,,,1894000,,,,,,2952,
sport steps1388 17min 55sec,Sport,,,,,1075000,,,,,,1388,
aerobic workout 15min 21sec 1432steps kcal81 hr100,Aerobic Workout,100,81,,,921000,,,,,,1432,
hike 1.27km min31,Hike,,,1.27,km,1860000,,1464.57,,,2.46,,
walk up3.05m 34 min kcal162,Walk,,162,,,2040000,3.05,,,,,,
run up75.59m avg154 31min 38sec 262kcal,Run,154,262,,,1898000,75.59,,,,,,
tennis 5.61ksteps 2h 8min 43sec kcal453 3.72km,Tennis,,453,3.72,km,7723000,,2076.08,,,1.73,5610,
run 146bpm 4.54mi kcal363 46m18s,Run,146,363,7.31,km,2778000,,380.21,,,9.47,,
hike step5943 103 km4,Hike,,,4.0,km,6180000,,1545,,,2.33,5943,
walk gain79.25m 2765s b114,Walk,114,,,,2765000,79.25,,,,,,
run 4.7 km step4575 31.5min,Run,,,4.7,km,1890000,,402.13,,,8.95,4575,
hike 1063 steps 97.74m gain 28.3 97hr 0.63 km 111kcal,Hike,97,111,0.63,km,1698000,97.74,2695.24,,,1.34,1063,
cross country skiing 308kcal 5535steps 107bpm elev290.47m 3.83 km sec4583,Cross Country Skiing,107,308,3.83,km,4583000,290.47,1196.61,,,3.01,5535,
walk kcal206 41.8min 3925 steps 105hr,Walk,105,206,,,2508000,,,,,,3925,
run 63.5 9.15k 520kcal,Run,,520,9.15,km,3810000,,416.39,,,8.65,,
run kcal31 4min avg158 570m,Run,158,31,0.57,km,240000,,421.05,,,8.55,,
run 6757steps 4.05 mi sec3223 hr152,Run,152,,6.52,km,3223000,,494.49,,,7.28,6757,
run 7680m 52min 33sec bpm153,Run,153,,7.68,km,3153000,,410.55,,,8.77,,
walk avg107 35min 51sec up54.86m 185kcal,Walk,107,185,,,2151000,54.86,,,,,,
sport step2437 hr111 26.4min,Sport,111,,,,1584000,,,,,,2437,
walk 349kcal 6419 steps 108bpm 1h6m34s,Walk,108,349,,,3994000,,,,,,6419,
sport kcal235 45 min bpm112,Sport,112,235,,,2700000,,,,,,,
cross country skiing step2300 122b 27min,Cross Country Skiing,122,,,,1620000,,,,,,2300,
walk kcal131 elev18.29m 17m55s 99hr,Walk,99,131,,,1075000,18.29,,,,,,
walk 25min 36sec hr102 kcal221 +33.53m 2311steps,Walk,102,221,,,1536000,33.53,,,,,2311,
outdoor bike kcal170 20min 29sec 108b up37.74m,Outdoor Bike,108,170,,,1229000,37.74,,,,,,
outdoor bike 165kcal 18m46s 110hr +32m,Outdoor Bike,110,165,,,1126000,32,,,,,,
walk gain21.34m 91bpm 43 min,Walk,91,,,,2580000,21.34,,,,,,
run 3700m 408kcal 28m46s,Run,,408,3.7,km,1726000,,466.49,,,7.72,,
walk 15m22s bpm93 steps900,Walk,93,,,,922000,,,,,,900,
outdoor bike bpm106 2201sec 19.56m gain,Outdoor Bike,106,,,,2201000,19.56,,,,,,
outdoor bike kcal179 121hr 18min 42.67m gain,Outdoor Bike,121,179,,,1080000,42.67,,,,,,
outdoor bike 398kcal hr106 sec2868 24.38m gain,Outdoor Bike,106,398,,,2868000,24.38,,,,,,
walk 3419steps 54m37s,Walk,,,,,3277000,,,,,,3419,
walk elev15.24m kcal267 bpm97 40.1min,Walk,97,267,,,2406000,15.24,,,,,,
outdoor bike 17m56s avg113 kcal180,Outdoor Bike,113,180,,,1076000,,,,,,,
outdoor bike kcal177 17min 55sec,Outdoor Bike,,177,,,1075000,,,,,,,
walk b137 20m28s 265kcal 2.38k steps,Walk,137,265,,,1228000,,,,,,2380,
walk 22min 11sec 158kcal steps1.41k hr98 20.68m gain,Walk,98,158,,,1331000,20.68,,,,,1410,
walk 16.2 1124 steps 97hr,Walk,97,,,,972000,,,,,,1124,
outdoor bike 173kcal 20 min,Outdoor Bike,,173,,,1200000,,,,,,,
outdoor bike 39 min 279kcal,Outdoor Bike,,279,,,2340000,,,,,,,
walk steps1576 b110 21m20s,Walk,110,,,,1280000,,,,,,1576,
walk 154kcal avg108 18 min,Walk,108,154,,,1080000,,,,,,,
walk avg118 1.93ksteps 21.3 kcal236,Walk,118,236,,,1278000,,,,,,1930,
walk sec5888 kcal693,Walk,,693,,,5888000,,,,,,,
outdoor bike 104b 36.58m gain kcal187 22min 11sec,Outdoor Bike,104,187,,,1331000,36.58,,,,,,
outdoor bike 138kcal 1075s bpm99,Outdoor Bike,99,138,,,1075000,,,,,,,
outdoor bike kcal137 19min avg111,Outdoor Bike,111,137,,,1140000,,,,,,,
walk 58m53s 433kcal 3.54k steps bpm105,Walk,105,433,,,3533000,,,,,,3540,
walk 26m27s 181kcal,Walk,,181,,,1587000,,,,,,,
walk hr103 24.8 1.84ksteps kcal197,Walk,103,197,,,1488000,,,,,,1840,
walk 2404 steps 257kcal 33min elev45.72m 103 bpm,Walk,103,257,,,1980000,45.72,,,,,2404,
outdoor bike b108 kcal155 39.62m gain 17min,Outdoor Bike,108,155,,,1020000,39.62,,,,,,
walk 2839 steps 37.5min 102hr 295kcal,Walk,102,295,,,2250000,,,,,,2839,
walk b106 gain12.19m min20 steps1365 157kcal,Walk,106,157,,,1200000,12.19,,,,,1365,
outdoor bike 101b 9.14m gain 22min,Outdoor Bike,101,,,,1320000,9.14,,,,,,
outdoor bike 19.6min 140kcal hr97,Outdoor Bike,97,140,,,1176000,,,,,,,
run k3.8 45min 56sec,Run,,,3.8,km,2756000,,725.26,,,4.96,,
walk 101bpm 149kcal +15.24m 1178s,Walk,101,149,,,1178000,15.24,,,,,,
outdoor bike 188kcal 20.5min,Outdoor Bike,,188,,,1230000,,,,,,,
outdoor bike 19m37s kcal154 30.68m gain bpm102,Outdoor Bike,102,154,,,1177000,30.68,,,,,,
walk 1075sec bpm106 gain21.34m,Walk,106,,,,1075000,21.34,,,,,,
outdoor bike elev32.41m 21min 170kcal avg104,Outdoor Bike,104,170,,,1260000,32.41,,,,,,
outdoor bike 1126sec 97b +33.22m kcal135,Outdoor Bike,97,135,,,1126000,33.22,,,,,,
outdoor bike 45.72m gain 19 min bpm108 164kcal,Outdoor Bike,108,164,,,1140000,45.72,,,,,,
outdoor bike 25m36s 198kcal,Outdoor Bike,,198,,,1536000,,,,,,,
walk 15m22s kcal139,Walk,,139,,,922000,,,,,,,
walk avg115 min20 kcal177 15.24m gain,Walk,115,177,,,1200000,15.24,,,,,,
walk min34 kcal284 avg104 steps2874 +45.72m,Walk,104,284,,,2040000,45.72,,,,,2874,
outdoor bike 169kcal 19m38s hr107 up33.53m,Outdoor Bike,107,169,,,1178000,33.53,,,,,,
outdoor bike 170kcal 1280s bpm104,Outdoor Bike,104,170,,,1280000,,,,,,,
walk 31m35s 76.2m gain 2.71k steps,Walk,,,,,1895000,76.2,,,,,2710,
walk 15m21s step756 105hr,Walk,105,,,,921000,,,,,,756,
walk kcal233 2.3ksteps b92 32.4min,Walk,92,233,,,1944000,,,,,,2300,
walk 20 min 100bpm 131kcal gain12.19m 1251steps,Walk,100,131,,,1200000,12.19,,,,,1251,
walk hr97 1433sec kcal140,Walk,97,140,,,1433000,,,,,,,
walk kcal706 100.7min up48.77m 97hr,Walk,97,706,,,6042000,48.77,,,,,,
walk 23m54s 1.54ksteps bpm97 kcal163 +6.1m,Walk,97,163,,,1434000,6.1,,,,,1540,
treadmill 2.67 km bpm129 33min 20sec,Treadmill,129,,2.67,km,2000000,,749.06,,,4.81,,
walk 91.3min 652kcal steps6013,Walk,,652,,,5478000,,,,,,6013,
walk 15.4min kcal131 elev9.14m,Walk,,131,,,924000,9.14,,,,,,
walk 973sec 99bpm,Walk,99,,,,973000,,,,,,,
treadmill 133b 4.59k steps 30.4 kcal411 elev3.66m 4.22km,Treadmill,133,411,4.22,km,1824000,3.66,432.23,,,8.33,4590,
walk 91min 646kcal,Walk,,646,,,5460000,,,,,,,
walk 43.5min 337kcal 2.89k steps,Walk,,337,,,2610000,,,,,,2890,
walk kcal314 3071 steps 43.5min 97bpm,Walk,97,314,,,2610000,,,,,,3071,
walk kcal460 56 min bpm100 4090 steps,Walk,100,460,,,3360000,,,,,,4090,
walk 180kcal 22.2min,Walk,,180,,,1332000,,,,,,,
treadmill avg144 kcal665 44min 51sec mi3.19,Treadmill,144,665,5.13,km,2691000,,524.17,,,6.87,,
outdoor bike 20min 29sec 163kcal elev36.58m 99bpm,Outdoor Bike,99,163,,,1229000,36.58,,,,,,
outdoor bike sec2355 hr107 12.19m gain 329kcal,Outdoor Bike,107,329,,,2355000,12.19,,,,,,
walk 459kcal steps3.8k 107b 56.3min,Walk,107,459,,,3378000,,,,,,3800,
outdoor bike 111hr 29min 52sec 262kcal,Outdoor Bike,111,262,,,1792000,,,,,,,
outdoor bike avg122 18m46s 200kcal,Outdoor Bike,122,200,,,1126000,,,,,,,
outdoor bike 281kcal hr102 34m8s elev21.34m,Outdoor Bike,102,281,,,2048000,21.34,,,,,,
walk 1480steps 21.3 15.24m gain 183kcal bpm107,Walk,107,183,,,1278000,15.24,,,,,1480,
walk kcal135 step1238 1177s,Walk,,135,,,1177000,,,,,,1238,
walk 96hr 15.3min kcal119 1.08ksteps,Walk,96,119,,,918000,,,,,,1080,
walk +27.43m 104b 2352steps 30m43s,Walk,104,,,,1843000,27.43,,,,,2352,
walk 19min 37sec 144kcal,Walk,,144,,,1177000,,,,,,,
walk 34.1min 91hr up21.34m,Walk,91,,,,2046000,21.34,,,,,,
walk elev15.24m kcal136 steps1258 973sec,Walk,,136,,,973000,15.24,,,,,1258,
outdoor bike sec1126 171kcal,Outdoor Bike,,171,,,1126000,,,,,,,
outdoor bike 88kcal 17min 55sec +12.19m,Outdoor Bike,,88,,,1075000,12.19,,,,,,
walk 2201s 297kcal up36.58m bpm98,Walk,98,297,,,2201000,36.58,,,,,,
walk 1280s step2123 kcal202 hr110,Walk,110,202,,,1280000,,,,,,2123,
outdoor bike 30m43s 235kcal bpm106,Outdoor Bike,106,235,,,1843000,,,,,,,
outdoor bike 20 min 107 bpm,Outdoor Bike,107,,,,1200000,,,,,,,
walk kcal233 29min 1sec,Walk,,233,,,1741000,,,,,,,
outdoor bike 19.6min kcal179,Outdoor Bike,,179,,,1176000,,,,,,,
outdoor bike 34m59s avg107 295kcal,Outdoor Bike,107,295,,,2099000,,,,,,,
walk up21.34m avg101 kcal159 22.2min,Walk,101,159,,,1332000,21.34,,,,,,
walk 19min 38sec avg105,Walk,105,,,,1178000,,,,,,,
walk 513kcal 3481sec 105b,Walk,105,513,,,3481000,,,,,,,
walk 22min 11sec +15.24m kcal194,Walk,,194,,,1331000,15.24,,,,,,
walk 76 101hr 594kcal 5453steps,Walk,101,594,,,4560000,,,,,,5453,
outdoor bike kcal157 20m29s elev24.38m avg102,Outdoor Bike,102,157,,,1229000,24.38,,,,,,
outdoor bike 19m38s avg107,Outdoor Bike,107,,,,1178000,,,,,,,
outdoor bike 165kcal 17.9min,Outdoor Bike,,165,,,1074000,,,,,,,
outdoor bike up21.34m bpm104 26m28s,Outdoor Bike,104,,,,1588000,21.34,,,,,,
walk 35min 50sec 243kcal up6.1m,Walk,,243,,,2150000,6.1,,,,,,
outdoor bike up18.29m kcal349 2611sec,Outdoor Bike,,349,,,2611000,18.29,,,,,,
walk 21min 20sec kcal188,Walk,,188,,,1280000,,,,,,,
outdoor bike 33m17s 289kcal up33.53m,Outdoor Bike,,289,,,1997000,33.53,,,,,,
outdoor bike gain12.19m 17min 56sec kcal162 114b,Outdoor Bike,114,162,,,1076000,12.19,,,,,,
outdoor bike 153kcal b92 elev36.58m 18m47s,Outdoor Bike,92,153,,,1127000,36.58,,,,,,
outdoor bike kcal114 20m28s 93b,Outdoor Bike,93,114,,,1228000,,,,,,,
outdoor bike bpm101 min15 74kcal,Outdoor Bike,101,74,,,900000,,,,,,,
outdoor bike 33.53m gain 19m38s 190kcal 119hr,Outdoor Bike,119,190,,,1178000,33.53,,,,,,
outdoor bike kcal153 1126s 24.38m gain 104bpm,Outdoor Bike,104,153,,,1126000,24.38,,,,,,
walk 1126s 1345steps,Walk,,,,,1126000,,,,,,1345,
bike 9m55s 128 bpm kcal104,Bike,128,104,,,595000,,,,,,,
bike avg137 kcal62 5min,Bike,137,62,,,300000,,,,,,,
walk kcal191 25.6min 102b,Walk,102,191,,,1536000,,,,,,,
walk 2.39ksteps 219kcal 100 bpm sec1587,Walk,100,219,,,1587000,,,,,,2390,
walk 1690sec 1.99ksteps 239kcal,Walk,,239,,,1690000,,,,,,1990,
outdoor bike 117kcal sec1126 avg85,Outdoor Bike,85,117,,,1126000,,,,,,,
outdoor bike 131kcal 18min 46sec gain27.43m,Outdoor Bike,,131,,,1126000,27.43,,,,,,
outdoor bike kcal124 up21.18m 94hr 17.1min,Outdoor Bike,94,124,,,1026000,21.18,,,,,,
outdoor bike 132kcal 18min 46sec,Outdoor Bike,,132,,,1126000,,,,,,,
outdoor bike 18min 46sec avg104 147kcal 7.06m gain,Outdoor Bike,104,147,,,1126000,7.06,,,,,,
outdoor bike kcal145 20min hr100,Outdoor Bike,100,145,,,1200000,,,,,,,
walk avg114 kcal204 18m46s,Walk,114,204,,,1126000,,,,,,,
outdoor bike kcal101 86hr 16m13s +21.34m,Outdoor Bike,86,101,,,973000,21.34,,,,,,
walk 102hr 1802steps 24min 45sec,Walk,102,,,,1485000,,,,,,1802,
walk 101 bpm 20m29s,Walk,101,,,,1229000,,,,,,,
walk 973s bpm104,Walk,104,,,,973000,,,,,,,
walk 16.2 kcal160 step1624,Walk,,160,,,972000,,,,,,1624,
walk 1.22k steps 143kcal 1076sec,Walk,,143,,,1076000,,,,,,1220,
walk 39.2 kcal307 98hr steps2.79k,Walk,98,307,,,2352000,,,,,,2790,
walk 1h 7min 25sec 70.1m gain hr97 483kcal,Walk,97,483,,,4045000,70.1,,,,,,
walk 105b sec5120,Walk,105,,,,5120000,,,,,,,
walk b101 1h 57min 46sec,Walk,101,,,,7066000,,,,,,,
walk 97bpm 973s kcal111,Walk,97,111,,,973000,,,,,,,
walk 18min 47sec 129kcal,Walk,,129,,,1127000,,,,,,,
walk 26.4min bpm111 249kcal,Walk,111,249,,,1584000,,,,,,,
walk 101 bpm 56min gain39.62m,Walk,101,,,,3360000,39.62,,,,,,
walk step1635 16.92m gain kcal181 avg104 23m53s,Walk,104,181,,,1433000,16.92,,,,,1635,
walk min20 1.36k steps 148kcal +15.24m 103hr,Walk,103,148,,,1200000,15.24,,,,,1360,
outdoor bike kcal132 19.6min,Outdoor Bike,,132,,,1176000,,,,,,,
walk gain39.62m 1984steps 25.6min 205kcal,Walk,,205,,,1536000,39.62,,,,,1984,
walk elev36.58m 1519steps 18.8 106b 157kcal,Walk,106,157,,,1128000,36.58,,,,,1519,
walk 100b kcal429 53min 45sec steps4473,Walk,100,429,,,3225000,,,,,,4473,
walk 2.22ksteps hr102 22 min 222kcal,Walk,102,222,,,1320000,,,,,,2220,
walk 73hr kcal145 1698 steps elev20.68m 16m13s,Walk,73,145,,,973000,20.68,,,,,1698,
walk 142kcal step1095 99b 17min 4sec,Walk,99,142,,,1024000,,,,,,1095,
outdoor bike avg110 elev27.43m 21.3min kcal197,Outdoor Bike,110,197,,,1278000,27.43,,,,,,
run 153bpm 6769steps 39.4 7000 m 662kcal 91.75m gain,Run,153,662,7.0,km,2364000,91.75,337.71,,,10.66,6769,
run k7.19 43.8min 169hr kcal793,Run,169,793,7.19,km,2628000,,365.51,,,9.85,,
outdoor bike 18min 46sec +15.34m bpm96 127kcal,Outdoor Bike,96,127,,,1126000,15.34,,,,,,
outdoor bike hr112 25min 36sec kcal248,Outdoor Bike,112,248,,,1536000,,,,,,,
outdoor bike 135kcal sec1127 99hr,Outdoor Bike,99,135,,,1127000,,,,,,,
outdoor bike kcal128 93b 21min,Outdoor Bike,93,128,,,1260000,,,,,,,
outdoor bike 20.5min gain18.29m 77b 104kcal,Outdoor Bike,77,104,,,1230000,18.29,,,,,,
outdoor bike 19.6min kcal221 +15.24m,Outdoor Bike,,221,,,1176000,15.24,,,,,,
outdoor bike kcal57 up3.05m 69hr 23min 54sec,Outdoor Bike,69,57,,,1434000,3.05,,,,,,
treadmill 30 476kcal 4.88k,Treadmill,,476,4.88,km,1800000,,368.85,,,9.76,,
treadmill 500kcal k5.27 sec1938 b142,Treadmill,142,500,5.27,km,1938000,,367.74,,,9.79,,
treadmill 35min 19sec 5467steps,Treadmill,,,,,2119000,,,,,,5467,
treadmill mi4.83 56.7,Treadmill,,,7.77,km,3402000,,437.66,,,8.23,,
treadmill up105.46m mi4.46 steps7.47k 46.1 bpm135 kcal676,Treadmill,135,676,7.18,km,2766000,105.46,385.36,,,9.34,7470,
treadmill 35min 58sec 520kcal 5km,Treadmill,,520,5.0,km,2158000,,431.6,,,8.34,,
treadmill 7km 7256 steps 118b 45m32s 204.22m gain 580kcal,Treadmill,118,580,7.0,km,2732000,204.22,390.29,,,9.22,7256,
walk 105b 15 min kcal137,Walk,105,137,,,900000,,,,,,,
run min40 km6.7,Run,,,6.7,km,2400000,,358.21,,,10.05,,
run min32 mi2.82 step4985,Run,,,4.54,km,1920000,,423.06,,,8.51,4985,
walk 3.02k steps 110b 25.6min 285kcal,Walk,110,285,,,1536000,,,,,,3020,
walk 104b 2869steps 256kcal 24.8min,Walk,104,256,,,1488000,,,,,,2869,
outdoor bike 115 bpm 23m2s 21.34m gain kcal235,Outdoor Bike,115,235,,,1382000,21.34,,,,,,
outdoor bike 1075s 12.19m gain 84kcal b83,Outdoor Bike,83,84,,,1075000,12.19,,,,,,
outdoor bike bpm116 15.24m gain 23min 54sec kcal241,Outdoor Bike,116,241,,,1434000,15.24,,,,,,
outdoor bike 20.5min 88b 82kcal,Outdoor Bike,88,82,,,1230000,,,,,,,
treadmill 2.29k steps 16m10s 147bpm mi1.21,Treadmill,147,,1.95,km,970000,,498.12,,,7.23,2290,
treadmill 3.6k 24.6min,Treadmill,,,3.6,km,1476000,,410,,,8.78,,
treadmill 4300m 30.4min,Treadmill,,,4.3,km,1824000,,424.19,,,8.49,,
run hr150 40m21s 6.5k steps,Run,150,,,,2421000,,,,,,6500,
walk b100 kcal164 gain12.19m 20m6s step1460,Walk,100,164,,,1206000,12.19,,,,,1460,
walk 1.48ksteps 1229s hr100 169kcal,Walk,100,169,,,1229000,,,,,,1480,
treadmill steps4809 +35.36m 33.1min bpm135 kcal419 4.04km,Treadmill,135,419,4.04,km,1986000,35.36,491.58,,,7.32,4809,
walk elev9.14m kcal160 16.2min,Walk,,160,,,972000,9.14,,,,,,
walk 15.3 kcal150 1.68k steps hr94 elev15.24m,Walk,94,150,,,918000,15.24,,,,,1680,
treadmill 128hr 4.61 km 40 min 5786steps 512kcal 143.26m gain,Treadmill,128,512,4.61,km,2400000,143.26,520.61,,,6.92,5786,
treadmill km3.72 30min 3sec 4568steps,Treadmill,,,3.72,km,1803000,,484.68,,,7.43,4568,
outdoor bike 19min 37sec +3.05m avg99 kcal146,Outdoor Bike,99,146,,,1177000,3.05,,,,,,
outdoor bike 116hr 221kcal min22,Outdoor Bike,116,221,,,1320000,,,,,,,
treadmill km2.51 376kcal 1822sec hr127,Treadmill,127,376,2.51,km,1822000,,725.9,,,4.96,,
outdoor bike 120bpm 22m12s elev60.96m 234kcal,Outdoor Bike,120,234,,,1332000,60.96,,,,,,
run kcal558 38 6.2k 144hr,Run,144,558,6.2,km,2280000,,367.74,,,9.79,,
treadmill 30m8s 2.9mi 126bpm 382kcal steps4.81k up103.94m,Treadmill,126,382,4.67,km,1808000,103.94,387.39,,,9.29,4810,
run 40.4min kcal582,Run,,582,,,2424000,,,,,,,
outdoor bike 21.34m gain 19m37s,Outdoor Bike,,,,,1177000,21.34,,,,,,
outdoor bike 226kcal 112b 23min 24.38m gain,Outdoor Bike,112,226,,,1380000,24.38,,,,,,
outdoor bike 94 bpm kcal131 17min 55sec gain33.53m,Outdoor Bike,94,131,,,1075000,33.53,,,,,,
treadmill 5610 m bpm138 529kcal 37min 4sec,Treadmill,138,529,5.61,km,2224000,,396.43,,,9.08,,
outdoor bike hr118 sec1280 up30.48m kcal223,Outdoor Bike,118,223,,,1280000,30.48,,,,,,
outdoor bike 21m20s 30.48m gain b97 144kcal,Outdoor Bike,97,144,,,1280000,30.48,,,,,,
outdoor bike elev12.19m 161kcal b97 24.7min,Outdoor Bike,97,161,,,1482000,12.19,,,,,,
outdoor bike 102kcal 17min 55sec 87 bpm,Outdoor Bike,87,102,,,1075000,,,,,,,
outdoor bike 1434sec +15.24m kcal201,Outdoor Bike,,201,,,1434000,15.24,,,,,,
outdoor bike 1178s 93bpm up15.24m kcal124,Outdoor Bike,93,124,,,1178000,15.24,,,,,,
outdoor bike up6.1m sec1536 avg102,Outdoor Bike,102,,,,1536000,6.1,,,,,,
outdoor bike 23.9min kcal112,Outdoor Bike,,112,,,1434000,,,,,,,
walk steps2241 37min 33sec 253kcal,Walk,,253,,,2253000,,,,,,2241,
treadmill sec1206 km2.95,Treadmill,,,2.95,km,1206000,,408.81,,,8.81,,
outdoor bike 9.14m gain 25.6min 225kcal hr109,Outdoor Bike,109,225,,,1536000,9.14,,,,,,
outdoor bike 83 bpm 105kcal +30.48m 20 min,Outdoor Bike,83,105,,,1200000,30.48,,,,,,
treadmill 30min 6sec hr111 319kcal 2.88 km,Treadmill,111,319,2.88,km,1806000,,627.08,,,5.74,,
outdoor bike up15.24m 106bpm 209kcal 25min,Outdoor Bike,106,209,,,1500000,15.24,,,,,,
outdoor bike up15.24m min22 93 bpm 146kcal,Outdoor Bike,93,146,,,1320000,15.24,,,,,,
outdoor bike 203kcal +15.24m 105b 23.9min,Outdoor Bike,105,203,,,1434000,15.24,,,,,,
outdoor bike 93hr 113kcal 19min 38sec,Outdoor Bike,93,113,,,1178000,,,,,,,
walk bpm110 1.86ksteps kcal189 17m56s,Walk,110,189,,,1076000,,,,,,1860,
walk 22.2min bpm101 171kcal gain3.05m,Walk,101,171,,,1332000,3.05,,,,,,
treadmill 116 bpm 30min 4sec,Treadmill,116,,,,1804000,,,,,,,
outdoor bike avg113 25min 36sec 232kcal +12.19m,Outdoor Bike,113,232,,,1536000,12.19,,,,,,
outdoor bike kcal106 min22,Outdoor Bike,,106,,,1320000,,,,,,,
outdoor bike 25.6min gain6.1m 174kcal,Outdoor Bike,,174,,,1536000,6.1,,,,,,
outdoor bike 17.1min 107kcal,Outdoor Bike,,107,,,1026000,,,,,,,
walk +3.05m 103 bpm kcal260 step2819 28min,Walk,103,260,,,1680000,3.05,,,,,2819,
walk step2597 up21.34m 23 min 107hr,Walk,107,,,,1380000,21.34,,,,,2597,
outdoor bike 22min 9.14m gain kcal146,Outdoor Bike,,146,,,1320000,9.14,,,,,,
outdoor bike 17.9min 71b kcal68 6.1m gain,Outdoor Bike,71,68,,,1074000,6.1,,,,,,
outdoor bike hr77 +27.43m 101kcal 23m53s,Outdoor Bike,77,101,,,1433000,27.43,,,,,,
outdoor bike 18.8min +18.29m 122kcal,Outdoor Bike,,122,,,1128000,18.29,,,,,,
walk 1485sec bpm101 kcal215 2.23k steps,Walk,101,215,,,1485000,,,,,,2230,
treadmill 138b 3.32k steps 20m12s gain10.67m kcal290 1.9mi,Treadmill,138,290,3.06,km,1212000,10.67,396.37,,,9.08,3320,
walk kcal153 1528steps gain9.14m hr99 972s,Walk,99,153,,,972000,9.14,,,,,1528,
walk 19min 96bpm 21.34m gain 1.47k steps,Walk,96,,,,1140000,21.34,,,,,1470,
outdoor bike +18.29m kcal118 b87 20min 29sec,Outdoor Bike,87,118,,,1229000,18.29,,,,,,
outdoor bike sec1177 110kcal gain21.34m,Outdoor Bike,,110,,,1177000,21.34,,,,,,
treadmill 303kcal km2.88 steps3.24k +86.87m 146bpm 20m13s,Treadmill,146,303,2.88,km,1213000,86.87,421.18,,,8.55,3240,
run sec152 0.26 km,Run,,,0.26,km,152000,,584.62,,,6.16,,
outdoor bike avg105 1382s 176kcal,Outdoor Bike,105,176,,,1382000,,,,,,,
outdoor bike 1075s kcal99 bpm87 up15.24m,Outdoor Bike,87,99,,,1075000,15.24,,,,,,
outdoor bike 179kcal up9.14m 112b 1177sec,Outdoor Bike,112,179,,,1177000,9.14,,,,,,
outdoor bike 89bpm 20 min kcal113 gain15.24m,Outdoor Bike,89,113,,,1200000,15.24,,,,,,
run 1070s 1380m,Run,,,1.38,km,1070000,,775.36,,,4.64,,
walk kcal271 22.2 2640 steps,Walk,,271,,,1332000,,,,,,2640,
outdoor bike hr99 1485sec kcal170,Outdoor Bike,99,170,,,1485000,,,,,,,
outdoor bike kcal120 20m29s avg84,Outdoor Bike,84,120,,,1229000,,,,,,,
treadmill 3690m 24m55s bpm156,Treadmill,156,,3.69,km,1495000,,405.15,,,8.89,,
walk steps1.63k 17.1min 175kcal up6.1m,Walk,,175,,,1026000,6.1,,,,,1630,
walk kcal203 +21.34m 20.5min,Walk,,203,,,1230000,21.34,,,,,,
walk up27.43m 18.8 kcal148 1.42k steps,Walk,,148,,,1128000,27.43,,,,,1420,
outdoor bike gain18.29m b115 24 min kcal236,Outdoor Bike,115,236,,,1440000,18.29,,,,,,
outdoor bike 125kcal 17min 55sec,Outdoor Bike,,125,,,1075000,,,,,,,
run 4min 423 steps,Run,,,,,240000,,,,,,423,
outdoor bike 25min 36sec +9.14m,Outdoor Bike,,,,,1536000,9.14,,,,,,
outdoor bike 84bpm 82kcal gain6.1m 20min 29sec,Outdoor Bike,84,82,,,1229000,6.1,,,,,,
run 10min 22sec k0.91,Run,,,0.91,km,622000,,683.52,,,5.27,,
outdoor bike avg119 26m27s kcal289 elev6.1m,Outdoor Bike,119,289,,,1587000,6.1,,,,,,
outdoor bike 21m20s kcal188 b106,Outdoor Bike,106,188,,,1280000,,,,,,,
treadmill 3.38 km b128 elev63.09m steps4103 kcal342 25,Treadmill,128,342,3.38,km,1500000,63.09,443.79,,,8.11,4103,
outdoor bike 25min 36sec gain9.14m kcal239,Outdoor Bike,,239,,,1536000,9.14,,,,,,
outdoor bike 19.6min 128kcal elev24.38m,Outdoor Bike,,128,,,1176000,24.38,,,,,,
treadmill step4527 3590 m 403kcal gain74.68m 2067sec b130,Treadmill,130,403,3.59,km,2067000,74.68,575.77,,,6.25,4527,
outdoor bike gain33.53m 285kcal 22.2min 129b,Outdoor Bike,129,285,,,1332000,33.53,,,,,,
outdoor bike kcal167 105hr 19m38s,Outdoor Bike,105,167,,,1178000,,,,,,,
outdoor bike kcal277 gain21.34m 23m2s bpm128,Outdoor Bike,128,277,,,1382000,21.34,,,,,,
run 411kcal 163hr m4270,Run,163,411,4.27,km,,,,,,,,
walk steps1.99k 112hr 186kcal 17.9,Walk,112,186,,,1074000,,,,,,1990,
walk 207kcal 30min 43sec 89b,Walk,89,207,,,1843000,,,,,,,
run 41.1min kcal615,Run,,615,,,2466000,,,,,,,
outdoor bike 20m29s bpm91,Outdoor Bike,91,,,,1229000,,,,,,,
outdoor bike 22 min kcal250,Outdoor Bike,,250,,,1320000,,,,,,,
outdoor bike 18m46s 96hr,Outdoor Bike,96,,,,1126000,,,,,,,
outdoor bike 21m20s 248kcal 118 bpm gain30.48m,Outdoor Bike,118,248,,,1280000,30.48,,,,,,
outdoor bike kcal153 19min 37sec 30.48m gain b96,Outdoor Bike,96,153,,,1177000,30.48,,,,,,
outdoor bike min23 36.58m gain 113b kcal234,Outdoor Bike,113,234,,,1380000,36.58,,,,,,
outdoor bike 115 bpm +27.43m 20m29s 200kcal,Outdoor Bike,115,200,,,1229000,27.43,,,,,,
walk 1.64ksteps 19.6min kcal176 99 bpm,Walk,99,176,,,1176000,,,,,,1640,
outdoor bike gain27.43m 1280s kcal265,Outdoor Bike,,265,,,1280000,27.43,,,,,,
run hr147 4340 m sec1586,Run,147,,4.34,km,1586000,,365.44,,,9.85,,
walk 17 min +3.05m,Walk,,,,,1020000,3.05,,,,,,
walk 22.2min b95 178kcal,Walk,95,178,,,1332000,,,,,,,
run kcal444 139 bpm mi2.95 29.8,Run,139,444,4.75,km,1788000,,376.61,,,9.56,,
outdoor bike 18min kcal139,Outdoor Bike,,139,,,1080000,,,,,,,
outdoor bike 20min 29sec 287kcal,Outdoor Bike,,287,,,1229000,,,,,,,
outdoor bike 120kcal 18min 47sec 42.67m gain b86,Outdoor Bike,86,120,,,1127000,42.67,,,,,,
outdoor bike 130bpm 22min 273kcal up33.53m,Outdoor Bike,130,273,,,1320000,33.53,,,,,,
run 3.73mi 39min 5sec step6040,Run,,,6.0,km,2345000,,390.65,,,9.22,6040,
run 41m9s mi3.91,Run,,,6.29,km,2469000,,392.37,,,9.18,,
outdoor bike 19m38s b90 125kcal,Outdoor Bike,90,125,,,1178000,,,,,,,
walk 1690s +9.14m,Walk,,,,,1690000,9.14,,,,,,
walk 1893 steps 89 bpm 173kcal sec1280,Walk,89,173,,,1280000,,,,,,1893,
outdoor bike 1536sec bpm118,Outdoor Bike,118,,,,1536000,,,,,,,
outdoor bike 148kcal 22.2min 90bpm,Outdoor Bike,90,148,,,1332000,,,,,,,
outdoor bike 247kcal +21.34m 22m11s 123bpm,Outdoor Bike,123,247,,,1331000,21.34,,,,,,
outdoor bike kcal115 19m37s elev39.62m 83hr,Outdoor Bike,83,115,,,1177000,39.62,,,,,,
treadmill 31m49s 4.56 km,Treadmill,,,4.56,km,1909000,,418.64,,,8.6,,
run 932steps 7.6 kcal75 km0.73,Run,,75,0.73,km,456000,,624.66,,,5.76,932,
run 3.46km 151hr 25min 30sec,Run,151,,3.46,km,1530000,,442.2,,,8.14,,
walk 29m1s 110b,Walk,110,,,,1741000,,,,,,,
run 30.4min 3.14 mi,Run,,,5.05,km,1824000,,360.95,,,9.97,,
walk kcal146 avg105 steps1.38k 16.2min,Walk,105,146,,,972000,,,,,,1380,
run 435kcal steps4539 2.7 mi 27min 21sec,Run,,435,4.35,km,1641000,,377.66,,,9.53,4539,
run 4.32km 27m22s elev42.67m,Run,,,4.32,km,1642000,42.67,380.09,,,9.47,,
walk 1.91ksteps 26.4,Walk,,,,,1584000,,,,,,1910,
run 144hr 5.01km 4770steps elev101.19m 27.9 434kcal,Run,144,434,5.01,km,1674000,101.19,334.13,,,10.77,4770,
walk +6.1m kcal230 avg89 1848 steps sec1945,Walk,89,230,,,1945000,6.1,,,,,1848,
run 28min 25sec 4.58ksteps 425kcal hr152 m5000 up39.62m,Run,152,425,5.0,km,1705000,39.62,341,,,10.56,4580,
walk 23m3s 1483 steps kcal132 91b,Walk,91,132,,,1383000,,,,,,1483,
walk 1178s elev15.24m 1.7k steps b117,Walk,117,,,,1178000,15.24,,,,,1700,
walk kcal202 29m1s bpm104 1.94k steps,Walk,104,202,,,1741000,,,,,,1940,
walk 111b kcal181 min20,Walk,111,181,,,1200000,,,,,,,
treadmill 5.5mi kcal711,Treadmill,,711,8.85,km,,,,,,,,
walk avg116 20 min step1535 153kcal,Walk,116,153,,,1200000,,,,,,1535,
treadmill 57min 11sec kcal674 +38.1m 8.92k steps b148 10590 m,Treadmill,148,674,10.59,km,3431000,38.1,323.98,,,11.11,8920,
treadmill +579.73m 6.75 km 152b 6ksteps kcal596 50min 12sec,Treadmill,152,596,6.75,km,3012000,579.73,446.22,,,8.07,6000,
walk sec1654 avg113 steps2k,Walk,113,,,,1654000,,,,,,2000,
treadmill 30.1min 4.38k,Treadmill,,,4.38,km,1806000,,412.33,,,8.73,,
run 0.19mi b110 step365 3 min 26kcal,Run,110,26,0.31,km,180000,,588.67,,,6.12,365,
run +167.95m 102.1min avg145 step16470 18430 m 1165kcal,Run,145,1165,18.43,km,6126000,167.95,332.39,,,10.83,16470,
treadmill 1299sec k3.69,Treadmill,,,3.69,km,1299000,,352.03,,,10.23,,
walk 22min 11sec 153kcal 2.28ksteps bpm106,Walk,106,153,,,1331000,,,,,,2280,
treadmill 11.27km +153.92m kcal815 10266 steps,Treadmill,,815,11.27,km,,153.92,,,,,10266,
treadmill 6.83 km 6.52k steps kcal590 52m3s,Treadmill,,590,6.83,km,3123000,,457.25,,,7.87,6520,
walk 34min 59sec steps3.5k up6.1m 270kcal,Walk,,270,,,2099000,6.1,,,,,3500,
treadmill kcal359 42.3min bpm124 2.19 mi,Treadmill,124,359,3.52,km,2538000,,720.11,,,5,,
run 15.6km 1h 25min 7sec b136,Run,136,,15.6,km,5107000,,327.37,,,11,,
treadmill 5.05 mi 47 min 512kcal,Treadmill,,512,8.13,km,2820000,,346.98,,,10.38,,
walk 111 bpm 15m22s kcal120 step1188,Walk,111,120,,,922000,,,,,,1188,
treadmill k1.45 avg110,Treadmill,110,,1.45,km,,,,,,,,
treadmill 150 bpm 42min 29sec,Treadmill,150,,,,2549000,,,,,,,
treadmill 9520 m 60.6min,Treadmill,,,9.52,km,3636000,,381.93,,,9.43,,
treadmill 541kcal 50m16s mi3.62,Treadmill,,541,5.83,km,3016000,,517.69,,,6.95,,
walk 922s up15.24m steps1483 92b kcal110,Walk,92,110,,,922000,15.24,,,,,1483,
walk kcal120 steps1681 21min 20sec,Walk,,120,,,1280000,,,,,,1681,
treadmill 79 bpm 6kcal step97 1m18s 0.08 km,Treadmill,79,6,0.08,km,78000,,975,,,3.69,97,
treadmill k18.59 104min,Treadmill,,,18.59,km,6240000,,335.66,,,10.73,,
outdoor bike 49min 389kcal bpm111 gain10.36m,Outdoor Bike,111,389,,,2940000,10.36,,,,,,
treadmill b138 1h0m27s 9.08ksteps kcal644,Treadmill,138,644,,,3627000,,,,,,9080,
sport b106 2181steps 25min 36sec kcal184,Sport,106,184,,,1536000,,,,,,2181,
outdoor bike 6.1m gain b117 20.5min kcal167,Outdoor Bike,117,167,,,1230000,6.1,,,,,,
treadmill avg160 km5.6 37min 32sec kcal459,Treadmill,160,459,5.6,km,2252000,,402.14,,,8.95,,
treadmill kcal597 51min 30sec b145 9.3km,Treadmill,145,597,9.3,km,3090000,,332.26,,,10.83,,
treadmill up57m km10.1 kcal624 step8997 56min avg142,Treadmill,142,624,10.1,km,3360000,57,332.67,,,10.82,8997,
treadmill steps9.16k 68min 9.84 km,Treadmill,,,9.84,km,4080000,,414.63,,,8.68,9160,
treadmill kcal714 k11.32 1h28m36s,Treadmill,,714,11.32,km,5316000,,469.61,,,7.67,,
run 15.84 mi sec8900,Run,,,25.49,km,8900000,,349.13,,,10.31,,
walk 149kcal hr99 24m45s 1.84k steps,Walk,99,149,,,1485000,,,,,,1840,
walk 188kcal 29.9min,Walk,,188,,,1794000,,,,,,,
treadmill b161 50.4min,Treadmill,161,,,,3024000,,,,,,,
treadmill 58min 9.04k steps kcal605,Treadmill,,605,,,3480000,,,,,,9040,
treadmill 6.33k steps +98.45m 570kcal min47 avg156 7.33 km,Treadmill,156,570,7.33,km,2820000,98.45,384.72,,,9.36,6330,
hike 487kcal k2.01,Hike,,487,2.01,km,,,,,,,,
hike kcal550 1h 30min 27sec 2.27km,Hike,,550,2.27,km,5427000,,2390.75,,,1.51,,
hike 3.2km 83.6 steps4.87k,Hike,,,3.2,km,5016000,,1567.5,,,2.3,4870,
treadmill 9770m 63min 657kcal 8.4k steps +253.29m 138b,Treadmill,138,657,9.77,km,3780000,253.29,386.9,,,9.3,8400,
hike 633sec 158steps km0.05 36kcal,Hike,,36,0.05,km,633000,,12660,,,0.28,158,
hike km3.49 1h27m43s,Hike,,,3.49,km,5263000,,1508.02,,,2.39,,
treadmill 16.2min 1.62 mi 2256steps kcal179,Treadmill,,179,2.61,km,972000,,372.82,,,9.66,2256,
treadmill up77.42m 9684steps 695kcal 147hr 11.52 km sec3951,Treadmill,147,695,11.52,km,3951000,77.42,342.97,,,10.5,9684,
walk sec3379 hr83 2838 steps,Walk,83,,,,3379000,,,,,,2838,
treadmill km4.97 164bpm kcal429 34,Treadmill,164,429,4.97,km,2040000,,410.46,,,8.77,,
walk 190kcal steps2.73k 106bpm 1741s,Walk,106,190,,,1741000,,,,,,2730,
treadmill 57.3 628kcal +96.62m k10.33,Treadmill,,628,10.33,km,3438000,96.62,332.82,,,10.82,,
sport 1.29ksteps sec973 kcal106 94b,Sport,94,106,,,973000,,,,,,1290,
treadmill 6.15k steps 162hr 40.6min kcal512,Treadmill,162,512,,,2436000,,,,,,6150,
treadmill 45m31s 453kcal,Treadmill,,453,,,2731000,,,,,,,
treadmill 6230m 49m34s up308.15m 5561steps 144 bpm 496kcal,Treadmill,144,496,6.23,km,2974000,308.15,477.37,,,7.54,5561,
hike 2h 34min 4sec k3.56 904kcal,Hike,,904,3.56,km,9244000,,2596.63,,,1.39,,
run bpm147 4290sec steps10405 11.19 km,Run,147,,11.19,km,4290000,,383.38,,,9.39,10405,
walk 146.5min b95 3.05km,Walk,95,,3.05,km,8790000,,2881.97,,,1.25,,
hike 7140 m b97 3h 36min 30sec kcal1360,Hike,97,1360,7.14,km,12990000,,1819.33,,,1.98,,
walk 35min 50sec 105hr,Walk,105,,,,2150000,,,,,,,
treadmill 51min 53sec 9.67km 146b,Treadmill,146,,9.67,km,3113000,,321.92,,,11.18,,
treadmill 6598steps 47,Treadmill,,,,,2820000,,,,,,6598,
treadmill 119 bpm up0.31m m2880 min22,Treadmill,119,,2.88,km,1320000,0.31,458.33,,,7.85,,
treadmill steps8724 72.2 714kcal 6.1 mi,Treadmill,,714,9.82,km,4332000,,441.28,,,8.16,8724,
treadmill 8.13km 52.4,Treadmill,,,8.13,km,3144000,,386.72,,,9.31,,
treadmill 7.95k 48.77m gain 41.8min,Treadmill,,,7.95,km,2508000,48.77,315.47,,,11.41,,
treadmill steps6863 mi5.03 45 min,Treadmill,,,8.1,km,2700000,,333.54,,,10.79,6863,
walk 102hr 124kcal up6.1m 20min 29sec step2203,Walk,102,124,,,1229000,6.1,,,,,2203,
treadmill km4.14 145bpm 24m38s kcal246,Treadmill,145,246,4.14,km,1478000,,357,,,10.08,,
treadmill 297kcal sec1621 3.25mi 4396 steps,Treadmill,,297,5.23,km,1621000,,309.92,,,11.62,4396,
sport 1022steps 104hr 114kcal 15min 22sec,Sport,104,114,,,922000,,,,,,1022,
sport kcal700 min83 bpm112 5.1k steps,Sport,112,700,,,4980000,,,,,,5100,
treadmill 455kcal 147 bpm steps6419 42.4min km7.6 gain44.5m,Treadmill,147,455,7.6,km,2544000,44.5,334.74,,,10.75,6419,
sport 54m37s 94b,Sport,94,,,,3277000,,,,,,,
sport kcal424 3686s,Sport,,424,,,3686000,,,,,,,
treadmill 14.8 k2.16,Treadmill,,,2.16,km,888000,,411.11,,,8.76,,
treadmill elev221.89m 39min km5.57,Treadmill,,,5.57,km,2340000,221.89,420.11,,,8.57,,
walk 20.5 79b step1093 12.19m gain 98kcal,Walk,79,98,,,1230000,12.19,,,,,1093,
treadmill 6.49 mi 3577s kcal576 hr133,Treadmill,133,576,10.44,km,3577000,,342.47,,,10.51,,
treadmill up85.34m 573kcal 47min 2sec m8590 step7264 167hr,Treadmill,167,573,8.59,km,2822000,85.34,328.52,,,10.96,7264,
walk 15min 22sec 94kcal 98hr step1171,Walk,98,94,,,922000,,,,,,1171,
treadmill km5.46 38min 39sec,Treadmill,,,5.46,km,2319000,,424.73,,,8.48,,
treadmill sec165 hr119 21kcal 283steps km0.29,Treadmill,119,21,0.29,km,165000,,568.97,,,6.33,283,
treadmill 190.4min m11280,Treadmill,,,11.28,km,11424000,,1012.77,,,3.55,,
walk b108 109kcal 15m21s 1.25k steps up6.1m,Walk,108,109,,,921000,6.1,,,,,1250,
treadmill 39.6min km7.06 6.12k steps bpm162,Treadmill,162,,7.06,km,2376000,,336.54,,,10.7,6120,
sport 298kcal 106 bpm sec2048,Sport,106,298,,,2048000,,,,,,,
sport kcal309 hr94 56min 20sec,Sport,94,309,,,3380000,,,,,,,
treadmill hr127 330kcal 4.78k steps elev8.23m 5.52 km 2329sec,Treadmill,127,330,5.52,km,2329000,8.23,421.92,,,8.53,4780,
walk hr90 1.4k steps 16.2 kcal107 gain9.14m,Walk,90,107,,,972000,9.14,,,,,1400,
swim kcal349 1.9km 54 min,Swim,,349,1.9,km,3240000,,1705.26,,,2.11,,
walk 125kcal 17.1min,Walk,,125,,,1026000,,,,,,,
hike 84 bpm step4335 kcal623 1.57mi up658.06m 133.6,Hike,84,623,2.53,km,8016000,658.06,3172.56,,,1.13,4335,
treadmill 17m31s 167kcal 2800 m,Treadmill,,167,2.8,km,1051000,,375.36,,,9.59,,
sport 1h 46min 40sec kcal616,Sport,,616,,,6400000,,,,,,,
treadmill steps9.01k sec3478 up68.28m,Treadmill,,,,,3478000,68.28,,,,,9010,
treadmill 68.5min mi7.15 718kcal up94.18m,Treadmill,,718,11.51,km,4110000,94.18,357.18,,,10.08,,
treadmill km7.38 kcal565 45.4,Treadmill,,565,7.38,km,2724000,,369.11,,,9.75,,
treadmill 46.5min 550kcal km8.86 steps7.47k,Treadmill,,550,8.86,km,2790000,,314.9,,,11.43,7470,
treadmill 109.8min 114bpm m12580,Treadmill,114,,12.58,km,6588000,,523.69,,,6.87,,
treadmill km12.13 kcal795 1h 4min 49sec,Treadmill,,795,12.13,km,3889000,,320.61,,,11.23,,
walk 15.24m gain min16 1.14ksteps b106 106kcal,Walk,106,106,,,960000,15.24,,,,,1140,
treadmill 45 min 467kcal bpm136 km8.15,Treadmill,136,467,8.15,km,2700000,,331.29,,,10.87,,
treadmill bpm141 23min,Treadmill,141,,,,1380000,,,,,,,
treadmill 1h1m54s 11.61 km,Treadmill,,,11.61,km,3714000,,319.9,,,11.25,,
treadmill 4.16 km 27m53s 172bpm,Treadmill,172,,4.16,km,1673000,,402.16,,,8.95,,
sport steps880 15.4 99hr,Sport,99,,,,924000,,,,,,880,
treadmill mi7.46 kcal788 avg133 1h 26min 27sec,Treadmill,133,788,12.01,km,5187000,,432.04,,,8.33,,
treadmill bpm161 up817.17m kcal765 62.2min steps8.86k km10.44,Treadmill,161,765,10.44,km,3732000,817.17,357.47,,,10.07,8860,
hike m4690 kcal1508 91b 5h54m42s,Hike,91,1508,4.69,km,21282000,,4537.74,,,0.79,,
treadmill 62.5min 723kcal,Treadmill,,723,,,3750000,,,,,,,
treadmill 5.48k 515kcal 157b 46,Treadmill,157,515,5.48,km,2760000,,503.65,,,7.15,,
treadmill 11.21km 656kcal 59m2s,Treadmill,,656,11.21,km,3542000,,315.97,,,11.39,,
hike kcal489 1h 13min 5sec 2070 m,Hike,,489,2.07,km,4385000,,2118.36,,,1.7,,
treadmill 47min 22sec 7491steps 8.84 km 543kcal,Treadmill,,543,8.84,km,2842000,,321.49,,,11.2,7491,
treadmill bpm157 steps4.61k km5.16 2072sec,Treadmill,157,,5.16,km,2072000,,401.55,,,8.97,4610,
hike 3.11mi min175 kcal1291 97hr,Hike,97,1291,5.01,km,10500000,,2097.88,,,1.72,,
hike 2.74 km 1h23m b98,Hike,98,,2.74,km,4980000,,1817.52,,,1.98,,
treadmill 48.3min 570kcal,Treadmill,,570,,,2898000,,,,,,,
treadmill bpm151 10.8k 662kcal sec3694,Treadmill,151,662,10.8,km,3694000,,342.04,,,10.53,,
sport 105 hr100 kcal757 5.66ksteps,Sport,100,757,,,6300000,,,,,,5660,
sport step1907 26m27s kcal184 avg103,Sport,103,184,,,1587000,,,,,,1907,
treadmill 59min 8sec mi5.1,Treadmill,,,8.21,km,3548000,,432.28,,,8.33,,
walk avg98 16.2min kcal96,Walk,98,96,,,972000,,,,,,,
treadmill 158b kcal529 gain41.45m steps5.97k 2700sec 6930m,Treadmill,158,529,6.93,km,2700000,41.45,389.61,,,9.24,5970,
walk 16min 13sec 99bpm 106kcal 1369 steps,Walk,99,106,,,973000,,,,,,1369,
treadmill 1h 2min 15sec 11580 m,Treadmill,,,11.58,km,3735000,,322.54,,,11.16,,
treadmill kcal593 50min 32sec 150bpm 9.81km elev37.8m 8343 steps,Treadmill,150,593,9.81,km,3032000,37.8,309.07,,,11.65,8343,
treadmill 560kcal 7410 m elev53.04m 46m48s hr159 6501 steps,Treadmill,159,560,7.41,km,2808000,53.04,378.95,,,9.5,6501,
treadmill 4035sec steps10.2k 11.75km,Treadmill,,,11.75,km,4035000,,343.4,,,10.48,10200,
treadmill 44.9min 7.22 km,Treadmill,,,7.22,km,2694000,,373.13,,,9.65,,
walk min16 109b kcal120 steps1603,Walk,109,120,,,960000,,,,,,1603,
treadmill km11.63 67 step9977 b130,Treadmill,130,,11.63,km,4020000,,345.66,,,10.41,9977,
sport 15m22s kcal112,Sport,,112,,,922000,,,,,,,
sport step3677 kcal341 124hr 40m7s,Sport,124,341,,,2407000,,,,,,3677,
walk 73.4min bpm98,Walk,98,,,,4404000,,,,,,,
walk 123kcal 1.51k steps 103 bpm 17min 4sec,Walk,103,123,,,1024000,,,,,,1510,
hike 784.56m gain hr87 765kcal steps5205 3.1km 110,Hike,87,765,3.1,km,6600000,784.56,2129.03,,,1.69,5205,
treadmill elev1.83m 158kcal km1.82 33min 33sec,Treadmill,,158,1.82,km,2013000,1.83,1106.04,,,3.25,,
walk 25min 36sec 145kcal,Walk,,145,,,1536000,,,,,,,
hike 2min 85hr kcal7 steps7,Hike,85,7,,,120000,,,,,,7,
hike 275.6min km6.01,Hike,,,6.01,km,16536000,,2751.41,,,1.31,,
treadmill 10.52 km min57,Treadmill,,,10.52,km,3420000,,325.1,,,11.07,,
treadmill sec3169 2.74m gain 132bpm 5.97 mi steps8159 kcal513,Treadmill,132,513,9.61,km,3169000,2.74,329.84,,,10.91,8159,
sport 102hr 52min 54sec,Sport,102,,,,3174000,,,,,,,
run mi5.48 139bpm 54.5 7.87k steps,Run,139,,8.82,km,3270000,,370.78,,,9.71,7870,
run 150b 63.5 6.64mi,Run,150,,10.69,km,3810000,,356.54,,,10.1,,
run 11min 1.37 km kcal89,Run,,89,1.37,km,660000,,481.75,,,7.47,,
run 11660m kcal819 avg162 10234steps 67.1min +158.5m,Run,162,819,11.66,km,4026000,158.5,345.28,,,10.43,10234,
run 130 bpm gain85.34m 23min 5sec 4.06 km,Run,130,,4.06,km,1385000,85.34,341.13,,,10.55,,
run 47.1 8.08 km hr162,Run,162,,8.08,km,2826000,,349.75,,,10.29,,
sport kcal447 1h4m,Sport,,447,,,3840000,,,,,,,
run 41 min 551kcal b171 7.61k,Run,171,551,7.61,km,2460000,,323.26,,,11.14,,
run sec4229 bpm163 mi8.28 11639 steps 906kcal elev160.02m,Run,163,906,13.33,km,4229000,160.02,317.36,,,11.34,11639,
run 1h 12min 39sec 6.78 mi,Run,,,10.91,km,4359000,,399.49,,,9.01,,
run 140hr 83.3 kcal833 km11.31,Run,140,833,11.31,km,4998000,,441.91,,,8.15,,
run m10030 146 bpm 625kcal min56,Run,146,625,10.03,km,3360000,,335,,,10.75,,
walk kcal147 5.03m gain 1587sec,Walk,,147,,,1587000,5.03,,,,,,
treadmill mi3.07 1h4m2s,Treadmill,,,4.94,km,3842000,,777.62,,,4.63,,
walk 21m20s kcal178,Walk,,178,,,1280000,,,,,,,
run 1780m 15.2 224kcal,Run,,224,1.78,km,912000,,512.36,,,7.03,,
treadmill kcal626 41min 3.16 mi,Treadmill,,626,5.09,km,2460000,,483.73,,,7.44,,
walk hr150 min20 2101 steps,Walk,150,,,,1200000,,,,,,2101,
walk min27 57.91m gain kcal254 96b,Walk,96,254,,,1620000,57.91,,,,,,
walk 96hr steps1317 20m28s kcal149,Walk,96,149,,,1228000,,,,,,1317,
treadmill 63.3 159bpm m6590,Treadmill,159,,6.59,km,3798000,,576.33,,,6.25,,
walk 2295steps 23.1min kcal233,Walk,,233,,,1386000,,,,,,2295,
walk kcal196 2446 steps bpm106 21min 20sec,Walk,106,196,,,1280000,,,,,,2446,
walk kcal253 25min 36sec +85.34m,Walk,,253,,,1536000,85.34,,,,,,
treadmill 0kcal 71min bpm78,Treadmill,78,0,,,4260000,,,,,,,
walk 1741sec kcal234,Walk,,234,,,1741000,,,,,,,
run 11.83km 133bpm 1h 44min 59sec,Run,133,,11.83,km,6299000,,532.46,,,6.76,,
run up1.83m km5.79 780kcal 7.76ksteps avg157 50.5min,Run,157,780,5.79,km,3030000,1.83,523.32,,,6.88,7760,
walk 22 min avg100,Walk,100,,,,1320000,,,,,,,
treadmill 51m55s 5.18m gain steps7144 km5.31,Treadmill,,,5.31,km,3115000,5.18,586.63,,,6.14,7144,
walk steps2.47k hr107 24m45s gain82.3m,Walk,107,,,,1485000,82.3,,,,,2470,
run 1730m 1.9k steps 12.7min,Run,,,1.73,km,762000,,440.46,,,8.17,1900,
aerobic workout avg123 43m31s kcal464,Aerobic Workout,123,464,,,2611000,,,,,,,
run 0.91 mi 654sec 1527 steps,Run,,,1.46,km,654000,,446.57,,,8.06,1527,
run k1.78 12m31s b147,Run,147,,1.78,km,751000,,421.91,,,8.53,,
run 45.2 avg164 6120 steps,Run,164,,,,2712000,,,,,,6120,
treadmill hr76 0kcal 0.1min,Treadmill,76,0,,,6000,,,,,,,
walk 106 bpm 29 246kcal step2786,Walk,106,246,,,1740000,,,,,,2786,
walk b92 217kcal 27min 19sec,Walk,92,217,,,1639000,,,,,,,
run 12.4 1.07mi kcal174,Run,,174,1.72,km,744000,,432.06,,,8.33,,
treadmill 56min 10sec 4k 111hr 543kcal,Treadmill,111,543,4.0,km,3370000,,842.5,,,4.27,,
run 744s kcal151 1.17mi 7.32m gain 1.84k steps avg132,Run,132,151,1.88,km,744000,7.32,395.13,,,9.11,1840,
run 4762s 1103kcal,Run,,1103,,,4762000,,,,,,,
walk 2.16ksteps 22min 11sec kcal167 hr99,Walk,99,167,,,1331000,,,,,,2160,
run 59m29s gain6.1m,Run,,,,,3569000,6.1,,,,,,
treadmill steps9004 1h 10min 56sec kcal1001 7.26km,Treadmill,,1001,7.26,km,4256000,,586.23,,,6.14,9004,
walk 104b 32.4 kcal278 3238 steps,Walk,104,278,,,1944000,,,,,,3238,
run 151bpm 9.3min kcal128,Run,151,128,,,558000,,,,,,,
run 65kcal km0.7 7m50s up23.47m steps811 b115,Run,115,65,0.7,km,470000,23.47,671.43,,,5.36,811,
walk 24min +85.34m 242kcal,Walk,,242,,,1440000,85.34,,,,,,
treadmill 1h16m29s 5.49 km 134bpm,Treadmill,134,,5.49,km,4589000,,835.88,,,4.31,,
walk steps1.12k 101 bpm sec973 kcal132,Walk,101,132,,,973000,,,,,,1120,
walk 24m44s steps1.46k 163kcal,Walk,,163,,,1484000,,,,,,1460,
walk sec1331 183kcal 2308 steps,Walk,,183,,,1331000,,,,,,2308,
walk 27.3 109bpm steps2685 kcal252 6.1m gain,Walk,109,252,,,1638000,6.1,,,,,2685,
walk 32 min 91b,Walk,91,,,,1920000,,,,,,,
walk 1531 steps kcal146 b91 sec1178,Walk,91,146,,,1178000,,,,,,1531,
run 12min 41sec step1875,Run,,,,,761000,,,,,,1875,
treadmill 3636s hr133,Treadmill,133,,,,3636000,,,,,,,
run 955s 1.75 km,Run,,,1.75,km,955000,,545.71,,,6.6,,
treadmill 1.52m gain 16.08ksteps 1448kcal 138hr 16570 m 1h50m17s,Treadmill,138,1448,16.57,km,6617000,1.52,399.34,,,9.01,16080,
run 1390 m 15.2min bpm107,Run,107,,1.39,km,912000,,656.12,,,5.49,,
walk bpm114 2.46k steps sec1485,Walk,114,,,,1485000,,,,,,2460,
walk 181kcal 22min,Walk,,181,,,1320000,,,,,,,
walk 2.69ksteps 26min 27sec 258kcal 101hr,Walk,101,258,,,1587000,,,,,,2690,
walk 2.56k steps 27m18s,Walk,,,,,1638000,,,,,,2560,
run 170kcal 12min 29sec 1.89ksteps 1.12 mi +75.9m 138hr,Run,138,170,1.8,km,749000,75.9,415.54,,,8.66,1890,
treadmill 140 bpm 3364s +5.49m steps7880 mi4.6 757kcal,Treadmill,140,757,7.4,km,3364000,5.49,454.41,,,7.92,7880,
walk 27 min kcal256 106bpm steps2530,Walk,106,256,,,1620000,,,,,,2530,
walk kcal176 bpm105 steps2220 20m29s,Walk,105,176,,,1229000,,,,,,2220,
treadmill 151bpm 757kcal 5.97 km step6606 gain10.36m min52,Treadmill,151,757,5.97,km,3120000,10.36,522.61,,,6.89,6606,
walk 28m10s kcal268 107bpm,Walk,107,268,,,1690000,,,,,,,
run 13.1min 1.79 km,Run,,,1.79,km,786000,,439.11,,,8.2,,
treadmill 4.9min 0.13 km,Treadmill,,,0.13,km,294000,,2261.54,,,1.59,,
aerobic workout 147bpm 2.18ksteps 253kcal 17m56s,Aerobic Workout,147,253,,,1076000,,,,,,2180,
run 127bpm 11.8min 1870 m,Run,127,,1.87,km,708000,,378.61,,,9.51,,
walk 2.6ksteps 25min 36sec hr105 kcal244,Walk,105,244,,,1536000,,,,,,2600,
treadmill 21 min b146 2.67km 2.89ksteps up0.31m kcal286,Treadmill,146,286,2.67,km,1260000,0.31,471.91,,,7.63,2890,
walk kcal145 avg98 18.8 1305 steps,Walk,98,145,,,1128000,,,,,,1305,
walk steps2.39k kcal184 23min 54sec,Walk,,184,,,1434000,,,,,,2390,
aerobic workout 280kcal step2392 bpm126 25min 37sec,Aerobic Workout,126,280,,,1537000,,,,,,2392,
sport kcal200 avg111 1558 steps min22,Sport,111,200,,,1320000,,,,,,1558,
aerobic workout 232kcal 23m2s,Aerobic Workout,,232,,,1382000,,,,,,,
run 14.39 mi b153 2h9m12s,Run,153,,23.16,km,7752000,,334.74,,,10.75,,
run 1.44km 13.8,Run,,,1.44,km,828000,,575,,,6.26,,
run min26 126 bpm 26.82m gain kcal301,Run,126,301,,,1560000,26.82,,,,,,
treadmill k8.85 148b 1h14m16s kcal1032,Treadmill,148,1032,8.85,km,4456000,,503.5,,,7.15,,
treadmill kcal840 elev1.52m 5.63 km 3895s,Treadmill,,840,5.63,km,3895000,1.52,691.83,,,5.2,,
treadmill k4.92 39min 35sec,Treadmill,,,4.92,km,2375000,,482.72,,,7.46,,
treadmill 1h 6min 4sec 6.89 km hr145,Treadmill,145,,6.89,km,3964000,,575.33,,,6.26,,
treadmill steps8010 719kcal 145bpm 7.78 km 3071s up1.22m,Treadmill,145,719,7.78,km,3071000,1.22,394.73,,,9.12,8010,
walk 15m21s kcal117 avg98 steps1.23k,Walk,98,117,,,921000,,,,,,1230,
sport 107b 1h 48min 23sec step6109 kcal878,Sport,107,878,,,6503000,,,,,,6109,
sport 102bpm kcal115 15.4min 830 steps,Sport,102,115,,,924000,,,,,,830,
walk 96 bpm 1661steps kcal138 16min 13sec,Walk,96,138,,,973000,,,,,,1661,
run 10.99 km 74min hr138,Run,138,,10.99,km,4440000,,404,,,8.91,,
walk 23.1 1.57k steps 165kcal,Walk,,165,,,1386000,,,,,,1570,
sport 110bpm 783kcal 1h 28min 44sec,Sport,110,783,,,5324000,,,,,,,
walk 16min 13sec 1.68ksteps kcal153,Walk,,153,,,973000,,,,,,1680,
run km6.9 612kcal +57.3m 6936 steps 44m18s 142b,Run,142,612,6.9,km,2658000,57.3,385.22,,,9.35,6936,
treadmill steps11.96k 7.18mi 1h21m48s,Treadmill,,,11.56,km,4908000,,424.75,,,8.48,11960,
swim pool 25m 15min 22sec 112kcal laps23,Swim,,112,0.58,km,922000,,1603.48,25,m,2.25,,23
treadmill 36.7min mi3.42 kcal571,Treadmill,,571,5.5,km,2202000,,400.08,,,9,,
walk 98 bpm kcal142 17.1 step1657,Walk,98,142,,,1026000,,,,,,1657,
run bpm156 3087s 6.19mi,Run,156,,9.96,km,3087000,,309.88,,,11.62,,
treadmill 1h5m10s 8942steps,Treadmill,,,,,3910000,,,,,,8942,
treadmill 4s 0kcal,Treadmill,,0,,,4000,,,,,,,
run steps8.84k 6.79mi gain74.07m 750kcal 3369sec 134bpm,Run,134,750,10.93,km,3369000,74.07,308.31,,,11.68,8840,
treadmill 2.57mi b151 31.8min,Treadmill,151,,4.14,km,1908000,,461.31,,,7.8,,
walk 1.61ksteps 22min 11sec 199kcal +36.58m,Walk,,199,,,1331000,36.58,,,,,1610,
aerobic workout 1h1m27s 509kcal 3.68k steps bpm107,Aerobic Workout,107,509,,,3687000,,,,,,3680,
walk 3380s steps5.26k bpm100,Walk,100,,,,3380000,,,,,,5260,
run 6535 steps km7.13 41.6,Run,,,7.13,km,2496000,,350.07,,,10.28,6535,
run 46m26s 150b 684kcal 4.95mi,Run,150,684,7.97,km,2786000,,349.73,,,10.29,,
walk 102b kcal170 9.14m gain 1280sec,Walk,102,170,,,1280000,9.14,,,,,,
walk kcal152 18m46s,Walk,,152,,,1126000,,,,,,,
run +119.18m 1h35m19s 1647kcal step14715 avg180 16.17km,Run,180,1647,16.17,km,5719000,119.18,353.68,,,10.18,14715,
run 12min 3sec 1.13mi steps1.85k elev77.11m 136b kcal159,Run,136,159,1.82,km,723000,77.11,397.57,,,9.06,1850,
treadmill 5.42km 4290s,Treadmill,,,5.42,km,4290000,,791.51,,,4.55,,
run 12min 45sec b142 1.13 mi 178kcal,Run,142,178,1.82,km,765000,,420.66,,,8.56,,
treadmill 3.51 km 113bpm 3016sec,Treadmill,113,,3.51,km,3016000,,859.26,,,4.19,,
run 9501steps 64.5min,Run,,,,,3870000,,,,,,9501,
treadmill 796kcal 6060m 1h1m30s,Treadmill,,796,6.06,km,3690000,,608.91,,,5.91,,
run 8850 m 3235sec,Run,,,8.85,km,3235000,,365.54,,,9.85,,
treadmill elev2.74m hr135 1h 12min 35sec 904kcal 6802 steps 3.18mi,Treadmill,135,904,5.12,km,4355000,2.74,850.97,,,4.23,6802,
aerobic workout kcal695 63 min,Aerobic Workout,,695,,,3780000,,,,,,,
walk 94bpm kcal183 1331sec,Walk,94,183,,,1331000,,,,,,,
walk 1485sec 204kcal 18.29m gain avg89 2.45k steps,Walk,89,204,,,1485000,18.29,,,,,2450,
walk up18.29m 23.1min avg84 kcal185,Walk,84,185,,,1386000,18.29,,,,,,
run 139hr 753s 183kcal,Run,139,183,,,753000,,,,,,,
treadmill 1380kcal step9680 2h49m4s,Treadmill,,1380,,,10144000,,,,,,9680,
walk steps2.52k 25min 243kcal,Walk,,243,,,1500000,,,,,,2520,
walk 18.8min 190kcal b112 elev12.19m,Walk,112,190,,,1128000,12.19,,,,,,
run up75.9m 13 min 177kcal 1750m,Run,,177,1.75,km,780000,75.9,445.71,,,8.08,,
aerobic workout 55.5 kcal540 b114 steps5.09k,Aerobic Workout,114,540,,,3330000,,,,,,5090,
sport 23min kcal177 avg100 1060 steps,Sport,100,177,,,1380000,,,,,,1060,
sport 651kcal avg112 72.5 2.73ksteps,Sport,112,651,,,4350000,,,,,,2730,
sport kcal207 step874 min20,Sport,,207,,,1200000,,,,,,874,
run 10.22 km 3669sec kcal776 gain102.11m,Run,,776,10.22,km,3669000,102.11,359,,,10.03,,
run steps1594 kcal164 685sec elev74.37m 154bpm km1.6,Run,154,164,1.6,km,685000,74.37,428.13,,,8.41,1594,
treadmill up1.83m steps6.2k 1h4m50s,Treadmill,,,,,3890000,1.83,,,,,6200,
run elev14.63m 1604 steps 11min 1.11mi,Run,,,1.79,km,660000,14.63,369.46,,,9.74,1604,
run 23m37s step2208 gain80.47m 1960 m 227kcal b139,Run,139,227,1.96,km,1417000,80.47,722.96,,,4.98,2208,
treadmill +4.57m 47min 9sec 7.13 km,Treadmill,,,7.13,km,2829000,4.57,396.77,,,9.07,,
run 10min 1.52ksteps +12.19m 1.79 km 131kcal 144hr,Run,144,131,1.79,km,600000,12.19,335.2,,,10.74,1520,
walk 105bpm 29 kcal261 steps2.86k,Walk,105,261,,,1740000,,,,,,2860,
treadmill kcal1062 9.27 km 89.3,Treadmill,,1062,9.27,km,5358000,,577.99,,,6.23,,
run 1.85km 178kcal 137b 1940steps sec895 gain79.25m,Run,137,178,1.85,km,895000,79.25,483.78,,,7.44,1940,
treadmill m810 13.4min,Treadmill,,,0.81,km,804000,,992.59,,,3.63,,
treadmill 1h 8min 29sec 4960 m,Treadmill,,,4.96,km,4109000,,828.43,,,4.35,,
run 11.2min 134b steps1.62k,Run,134,,,,672000,,,,,,1620,
sport 228kcal 21min 1500steps 107bpm,Sport,107,228,,,1260000,,,,,,1500,
walk 1332sec step2259 hr107,Walk,107,,,,1332000,,,,,,2259,
walk up21.34m 21m20s steps2.43k 187kcal,Walk,,187,,,1280000,21.34,,,,,2430,
run hr138 kcal169 1.83k 13.3min,Run,138,169,1.83,km,798000,,436.07,,,8.26,,
treadmill 69 119hr 4.35 km,Treadmill,119,,4.35,km,4140000,,951.72,,,3.78,,
walk 1537sec +88.39m steps2.4k,Walk,,,,,1537000,88.39,,,,,2400,
walk kcal135 16.2min hr105,Walk,105,135,,,972000,,,,,,,
run steps8.99k 5.99 mi 1h27m40s bpm131,Run,131,,9.64,km,5260000,,545.64,,,6.6,8990,
walk 105b 15.3min 125kcal,Walk,105,125,,,918000,,,,,,,
walk 15min 22sec steps936 98b,Walk,98,,,,922000,,,,,,936,
run 86kcal 134b 6m32s km1.05 gain0.31m step956,Run,134,86,1.05,km,392000,0.31,373.33,,,9.64,956,
sport 90min hr128,Sport,128,,,,5400000,,,,,,,
run up78.94m 18min 6sec,Run,,,,,1086000,78.94,,,,,,
run 1410m 14.5min,Run,,,1.41,km,870000,,617.02,,,5.83,,
run avg126 10min 59sec,Run,126,,,,659000,,,,,,,
treadmill 1390kcal 8312sec 131b 9.58 km,Treadmill,131,1390,9.58,km,8312000,,867.64,,,4.15,,
treadmill km6.78 604kcal 6.81k steps 45m31s,Treadmill,,604,6.78,km,2731000,,402.8,,,8.94,6810,
walk 1792s 256kcal 102bpm elev27.43m,Walk,102,256,,,1792000,27.43,,,,,,
treadmill 1h 3min 47sec m7880 up34.75m 8245 steps kcal830 147bpm,Treadmill,147,830,7.88,km,3827000,34.75,485.66,,,7.41,8245,
walk kcal163 20min 2139steps bpm106,Walk,106,163,,,1200000,,,,,,2139,
run 1770m steps1736 12m40s up73.46m,Run,,,1.77,km,760000,73.46,429.38,,,8.38,1736,
treadmill 1.41mi sec2193 379kcal,Treadmill,,379,2.27,km,2193000,,966.43,,,3.73,,
run 10min 3sec 1.05 mi 129kcal,Run,,129,1.69,km,603000,,356.84,,,10.09,,
run 10min 57sec 75.9m gain 1.77 km kcal155,Run,,155,1.77,km,657000,75.9,371.19,,,9.7,,
treadmill bpm154 1h 11min 33sec 9154steps km9.33,Treadmill,154,,9.33,km,4293000,,460.13,,,7.82,9154,
run 1.35km kcal95 8.4,Run,,95,1.35,km,504000,,373.33,,,9.64,,
run b143 42min 584kcal k8.11,Run,143,584,8.11,km,2520000,,310.73,,,11.59,,
walk steps2.15k 205kcal 21min 20sec elev81.79m 110 bpm,Walk,110,205,,,1280000,81.79,,,,,2150,
treadmill steps4656 56min 32sec 761kcal m3510 b153 elev1.83m,Treadmill,153,761,3.51,km,3392000,1.83,966.38,,,3.73,4656,
walk 182kcal 21min 20sec 108hr gain9.14m 2.32k steps,Walk,108,182,,,1280000,9.14,,,,,2320,
run km1.96 1969 steps 1426s,Run,,,1.96,km,1426000,,727.55,,,4.95,1969,
run 3168s 9.75k,Run,,,9.75,km,3168000,,324.92,,,11.08,,
aerobic workout step12119 b116 1301kcal 2h 7min 9sec,Aerobic Workout,116,1301,,,7629000,,,,,,12119,
treadmill 1254kcal 160.6 k10.35,Treadmill,,1254,10.35,km,9636000,,931.01,,,3.87,,
run steps8.25k 8.84 km 857kcal 1h22m19s,Run,,857,8.84,km,4939000,,558.71,,,6.44,8250,
run 127b kcal106 12.6 mi0.71,Run,127,106,1.14,km,756000,,661.63,,,5.44,,
treadmill 100.6 km8.59 up1.22m kcal807 143b step9122,Treadmill,143,807,8.59,km,6036000,1.22,702.68,,,5.12,9122,
run m390 3.9,Run,,,0.39,km,234000,,600,,,6,,
walk avg109 2357steps 1485s,Walk,109,,,,1485000,,,,,,2357,
treadmill kcal702 50.5min step7693,Treadmill,,702,,,3030000,,,,,,7693,
treadmill m3360 3251steps 44.4,Treadmill,,,3.36,km,2664000,,792.86,,,4.54,3251,
run up58.52m 1.87 km sec1101 hr120,Run,120,,1.87,km,1101000,58.52,588.77,,,6.11,,
walk 47.8min 358kcal steps4.06k,Walk,,358,,,2868000,,,,,,4060,
run 1.94km 15.2min 1978steps b134,Run,134,,1.94,km,912000,,470.1,,,7.66,1978,
treadmill kcal1470 127bpm min136 10940m,Treadmill,127,1470,10.94,km,8160000,,745.89,,,4.83,,
run 16.5 1.5 km kcal137 up9.14m step1618 128 bpm,Run,128,137,1.5,km,990000,9.14,660,,,5.45,1618,
walk steps7.54k 82.8min elev6.1m kcal661,Walk,,661,,,4968000,6.1,,,,,7540,
treadmill 56.9 +7.01m km7.28 steps7481 b152 kcal809,Treadmill,152,809,7.28,km,3414000,7.01,468.96,,,7.68,7481,
walk 110hr 22m11s,Walk,110,,,,1331000,,,,,,,
treadmill k5.11 1h10m28s,Treadmill,,,5.11,km,4228000,,827.4,,,4.35,,
walk 20.5 hr101 2178 steps kcal167,Walk,101,167,,,1230000,,,,,,2178,
run 767kcal 58min,Run,,767,,,3480000,,,,,,,
walk steps1.84k 22.2min,Walk,,,,,1332000,,,,,,1840,
treadmill up24.99m mi6.1 62min,Treadmill,,,9.82,km,3720000,24.99,378.93,,,9.5,,
treadmill steps10122 2h16m32s 1241kcal,Treadmill,,1241,,,8192000,,,,,,10122,
walk steps1177 kcal146 16.2 110b +30.48m,Walk,110,146,,,972000,30.48,,,,,1177,
walk 158kcal 1.87ksteps b105 19 min,Walk,105,158,,,1140000,,,,,,1870,
run 10.86 km 9794 steps 92.6 avg124 up328.88m 993kcal,Run,124,993,10.86,km,5556000,328.88,511.6,,,7.04,9794,
aerobic workout 118hr 73.4 steps7036,Aerobic Workout,118,,,,4404000,,,,,,7036,
sport 113hr kcal478 48m15s,Sport,113,478,,,2895000,,,,,,,
swim 1h 43min 16sec m3180 kcal713,Swim,,713,3.18,km,6196000,,1948.43,,,1.85,,
treadmill 4.58km kcal569 steps5185 47m17s,Treadmill,,569,4.58,km,2837000,,619.43,,,5.81,5185,
run 137bpm 1894 steps mi1.13 12.6min,Run,137,,1.82,km,756000,,415.71,,,8.66,1894,
treadmill sec3070 b128 3.09ksteps 370kcal 2.3 km,Treadmill,128,370,2.3,km,3070000,,1334.78,,,2.7,3090,
run 9.6min steps1.47k gain7.32m 141 bpm kcal134 1.73km,Run,141,134,1.73,km,576000,7.32,332.95,,,10.81,1470,
treadmill 10.02 km 9721 steps 1h9m37s up7.93m kcal892 137hr,Treadmill,137,892,10.02,km,4177000,7.93,416.87,,,8.64,9721,
walk up88.39m 228kcal min22 hr114,Walk,114,228,,,1320000,88.39,,,,,,
treadmill 463kcal 2.86 km 41.7min,Treadmill,,463,2.86,km,2502000,,874.83,,,4.12,,
run 863sec km1.52,Run,,,1.52,km,863000,,567.76,,,6.34,,
walk 2.58ksteps 25 min 88.39m gain 243kcal hr104,Walk,104,243,,,1500000,88.39,,,,,2580,
aerobic workout kcal1062 118 bpm 101.6min,Aerobic Workout,118,1062,,,6096000,,,,,,,
treadmill b135 5.46mi 9071steps 890kcal,Treadmill,135,890,8.79,km,,,,,,,9071,
walk 2.67k steps 24.8,Walk,,,,,1488000,,,,,,2670,
treadmill 4010 m 61 min elev1.22m avg131,Treadmill,131,,4.01,km,3660000,1.22,912.72,,,3.94,,
walk avg103 1639sec up9.14m,Walk,103,,,,1639000,9.14,,,,,,
walk step2359 up9.14m 22min 12sec 179kcal,Walk,,179,,,1332000,9.14,,,,,2359,
walk steps2211 kcal218 hr111 21.3,Walk,111,218,,,1278000,,,,,,2211,
run 313sec 0.52 km 106hr kcal46 604 steps,Run,106,46,0.52,km,313000,,601.92,,,5.98,604,
walk 19m38s gain3.05m,Walk,,,,,1178000,3.05,,,,,,
run up150.88m 148 bpm 43.2min kcal615,Run,148,615,,,2592000,150.88,,,,,,
treadmill 8.14k 1h 2min 21sec,Treadmill,,,8.14,km,3741000,,459.58,,,7.83,,
swim sec5939 3.1km,Swim,,,3.1,km,5939000,,1915.81,,,1.88,,
sport 1732steps bpm113 kcal211 21.3min,Sport,113,211,,,1278000,,,,,,1732,
run 11670 m steps10472 74.1min,Run,,,11.67,km,4446000,,380.98,,,9.45,10472,
walk 38m24s 97 bpm kcal319,Walk,97,319,,,2304000,,,,,,,
treadmill kcal675 bpm137 min57,Treadmill,137,675,,,3420000,,,,,,,
run 439.22m gain 13.44k steps 1127kcal 130hr 1h41m24s 8.98mi,Run,130,1127,14.45,km,6084000,439.22,420.98,,,8.55,13440,
run 797kcal 60 k10.93 hr142,Run,142,797,10.93,km,3600000,,329.37,,,10.93,,
run 1h43m58s kcal1176 16.33 km up524.56m,Run,,1176,16.33,km,6238000,524.56,382,,,9.42,,
treadmill 10300m gain2.74m steps9379 kcal819 135bpm 1h4m29s,Treadmill,135,819,10.3,km,3869000,2.74,375.63,,,9.58,9379,
sport 122min 107 bpm,Sport,107,,,,7320000,,,,,,,
run k10.08 sec3393,Run,,,10.08,km,3393000,,336.61,,,10.69,,
run 80 min 15.04km hr146 kcal1147,Run,146,1147,15.04,km,4800000,,319.15,,,11.28,,
walk +103.63m step3991 2509sec,Walk,,,,,2509000,103.63,,,,,3991,
treadmill 11171 steps 11.94 km kcal1253,Treadmill,,1253,11.94,km,,,,,,,11171,
treadmill 55min 10sec 139 bpm 7997steps 8.89 km,Treadmill,139,,8.89,km,3310000,,372.33,,,9.67,7997,
run step10036 1h 5min 33sec kcal899,Run,,899,,,3933000,,,,,,10036,
treadmill elev6.71m 52.1min 8.91 km,Treadmill,,,8.91,km,3126000,6.71,350.84,,,10.26,,
run 20190m 109.6min,Run,,,20.19,km,6576000,,325.71,,,11.05,,
run b146 2h8m42s k21.2,Run,146,,21.2,km,7722000,,364.25,,,9.88,,
walk step2107 181kcal 22.2 b99,Walk,99,181,,,1332000,,,,,,2107,
walk 96bpm 1h27m40s 575kcal,Walk,96,575,,,5260000,,,,,,,
walk 973sec bpm101 kcal137,Walk,101,137,,,973000,,,,,,,
walk 1.58k steps 17min 4sec +6.1m 156kcal 105hr,Walk,105,156,,,1024000,6.1,,,,,1580,
walk 113bpm 15m22s 1.51ksteps elev12.19m,Walk,113,,,,922000,12.19,,,,,1510,
walk kcal240 b102 2.45ksteps 12.19m gain sec1895,Walk,102,240,,,1895000,12.19,,,,,2450,
walk 3.3k steps elev30.48m 32.4min kcal310 109b,Walk,109,310,,,1944000,30.48,,,,,3300,
walk 2034steps hr103 20.5,Walk,103,,,,1230000,,,,,,2034,
walk kcal121 steps1.19k 17min,Walk,,121,,,1020000,,,,,,1190,
run gain2.13m 39.6 km5.6,Run,,,5.6,km,2376000,2.13,424.29,,,8.48,,
walk 18min 47sec 103 bpm,Walk,103,,,,1127000,,,,,,,
walk 164kcal bpm111 19.6min steps1.37k,Walk,111,164,,,1176000,,,,,,1370,
walk 17m4s kcal124 b97,Walk,97,124,,,1024000,,,,,,,
walk 17min 1478 steps kcal126 hr102,Walk,102,126,,,1020000,,,,,,1478,
walk steps1366 18 min,Walk,,,,,1080000,,,,,,1366,
walk 16 min 1603steps hr108 141kcal 12.19m gain,Walk,108,141,,,960000,12.19,,,,,1603,
walk 1.44ksteps 15.24m gain 149kcal 17min 4sec,Walk,,149,,,1024000,15.24,,,,,1440,
walk steps1.98k 212kcal 34m8s b95,Walk,95,212,,,2048000,,,,,,1980,
walk 50m21s 360kcal,Walk,,360,,,3021000,,,,,,,
walk 6.1m gain 23.1 173kcal 108b 1657steps,Walk,108,173,,,1386000,6.1,,,,,1657,
walk 29m1s 98hr,Walk,98,,,,1741000,,,,,,,
run step5115 3.91 km 166b up1.22m 2594sec kcal565,Run,166,565,3.91,km,2594000,1.22,663.43,,,5.43,5115,
walk bpm100 19m38s +9.14m,Walk,100,,,,1178000,9.14,,,,,,
walk kcal126 15.4 hr106 elev3.05m steps1465,Walk,106,126,,,924000,3.05,,,,,1465,
walk 16 min elev12.19m,Walk,,,,,960000,12.19,,,,,,
walk 25m36s b101,Walk,101,,,,1536000,,,,,,,
walk step4826 52min up21.34m 602kcal b129,Walk,129,602,,,3120000,21.34,,,,,4826,
aerobic workout bpm127 1156 steps 167kcal 15min 22sec,Aerobic Workout,127,167,,,922000,,,,,,1156,
walk 20 min kcal164,Walk,,164,,,1200000,,,,,,,
walk sec6144 kcal726 96hr +33.53m 8.5k steps,Walk,96,726,,,6144000,33.53,,,,,8500,
walk step6847 1h18m30s hr101 635kcal,Walk,101,635,,,4710000,,,,,,6847,
walk min19 111b 182kcal,Walk,111,182,,,1140000,,,,,,,
walk sec1024 steps1.32k 154kcal,Walk,,154,,,1024000,,,,,,1320,
walk bpm113 1739steps 171kcal sec1075,Walk,113,171,,,1075000,,,,,,1739,
walk 1h 2min 18sec +36.58m,Walk,,,,,3738000,36.58,,,,,,
walk 101bpm 32 min,Walk,101,,,,1920000,,,,,,,
walk 22min 12sec 217kcal b111 up24.38m 2390steps,Walk,111,217,,,1332000,24.38,,,,,2390,
walk elev42.67m 17.1 155kcal step1527,Walk,,155,,,1026000,42.67,,,,,1527,
walk 257kcal 2.48k steps sec1638,Walk,,257,,,1638000,,,,,,2480,
aerobic workout 29m1s b125 steps3.01k 328kcal,Aerobic Workout,125,328,,,1741000,,,,,,3010,
walk sec1024 b94,Walk,94,,,,1024000,,,,,,,
walk hr106 2041 steps kcal214 min26 up6.1m,Walk,106,214,,,1560000,6.1,,,,,2041,
walk 2585steps 27.3 avg120 291kcal up3.05m,Walk,120,291,,,1638000,3.05,,,,,2585,
walk 104bpm steps1.31k 15m21s,Walk,104,,,,921000,,,,,,1310,
walk up3.05m 2.96ksteps 33m17s 100hr kcal266,Walk,100,266,,,1997000,3.05,,,,,2960,
walk 25.6min elev3.05m 1.77ksteps 179kcal,Walk,,179,,,1536000,3.05,,,,,1770,
aerobic workout 36.7min 128 bpm,Aerobic Workout,128,,,,2202000,,,,,,,
aerobic workout 121hr steps3725 35min kcal364,Aerobic Workout,121,364,,,2100000,,,,,,3725,
walk +6.1m 15m21s 135kcal 112hr steps1.34k,Walk,112,135,,,921000,6.1,,,,,1340,
walk 1.84ksteps 18.8min b107,Walk,107,,,,1128000,,,,,,1840,
walk 134kcal 105hr step1636 16.2min,Walk,105,134,,,972000,,,,,,1636,
walk 922s 108kcal,Walk,,108,,,922000,,,,,,,
walk 29m1s 30.48m gain 218kcal,Walk,,218,,,1741000,30.48,,,,,,
walk 2h 17min 23sec 107 bpm kcal1247,Walk,107,1247,,,8243000,,,,,,,
walk steps4k 43min 31sec elev39.62m,Walk,,,,,2611000,39.62,,,,,4000,
treadmill m4870 30min 38sec,Treadmill,,,4.87,km,1838000,,377.41,,,9.54,,
walk kcal106 1415 steps 18m47s,Walk,,106,,,1127000,,,,,,1415,
walk min18 up33.53m kcal120 117hr,Walk,117,120,,,1080000,33.53,,,,,,
walk 103b 29 min 21.34m gain,Walk,103,,,,1740000,21.34,,,,,,
treadmill 1136 steps min7 1.12km,Treadmill,,,1.12,km,420000,,375,,,9.6,1136,
run elev37.49m kcal307 168 bpm 26m46s,Run,168,307,,,1606000,37.49,,,,,,
walk 177kcal +27.43m bpm120 2.85ksteps 26 min,Walk,120,177,,,1560000,27.43,,,,,2850,
walk 92kcal 17.9min b101 up18.29m,Walk,101,92,,,1074000,18.29,,,,,,
treadmill 12 min 1.14 mi steps1.85k 114kcal,Treadmill,,114,1.83,km,720000,,392.44,,,9.17,1850,
walk 104kcal elev27.43m 1.51ksteps bpm109 1126sec,Walk,109,104,,,1126000,27.43,,,,,1510,
walk 95kcal bpm100 gain9.14m 22m12s 1.32ksteps,Walk,100,95,,,1332000,9.14,,,,,1320,
walk 137kcal 1683steps 19min 38sec,Walk,,137,,,1178000,,,,,,1683,
walk 2998 steps 46 min 95 bpm 206kcal,Walk,95,206,,,2760000,,,,,,2998,
aerobic workout 1076sec 1.03ksteps b116 kcal98,Aerobic Workout,116,98,,,1076000,,,,,,1030,
walk b109 25min 37sec steps1.93k,Walk,109,,,,1537000,,,,,,1930,
walk elev24.38m hr109 23m54s,Walk,109,,,,1434000,24.38,,,,,,
treadmill 880m hr156 5m34s steps895 kcal49,Treadmill,156,49,0.88,km,334000,,379.55,,,9.49,895,
walk 101kcal min19,Walk,,101,,,1140000,,,,,,,
walk steps1.78k 149kcal 146b 1024s,Walk,146,149,,,1024000,,,,,,1780,
walk 132kcal 1844 steps 28min 10sec +6.71m,Walk,,132,,,1690000,6.71,,,,,1844,
treadmill kcal212 2.87k hr174 17m38s,Treadmill,174,212,2.87,km,1058000,,368.64,,,9.77,,
walk 2.42k steps 110bpm 28.2 160kcal,Walk,110,160,,,1692000,,,,,,2420,
walk 113 bpm 2049steps 29min 52sec,Walk,113,,,,1792000,,,,,,2049,
walk 1.44k steps 20min 105b,Walk,105,,,,1200000,,,,,,1440,
treadmill gain0.61m 0.85 km kcal47 steps891 6min 150hr,Treadmill,150,47,0.85,km,360000,0.61,423.53,,,8.5,891,
walk 18m46s avg103,Walk,103,,,,1126000,,,,,,,
walk 1127s kcal100,Walk,,100,,,1127000,,,,,,,
walk min26 119kcal,Walk,,119,,,1560000,,,,,,,
walk 27.3min 30.48m gain kcal141,Walk,,141,,,1638000,30.48,,,,,,
walk kcal105 19min 38sec,Walk,,105,,,1178000,,,,,,,
treadmill kcal128 1.89k 159b 737sec,Treadmill,159,128,1.89,km,737000,,389.95,,,9.23,,
walk 99kcal 107 bpm 17.9min,Walk,107,99,,,1074000,,,,,,,
walk avg108 steps1.49k 111kcal gain18.29m 1280s,Walk,108,111,,,1280000,18.29,,,,,1490,
walk 111 bpm steps2.66k 172kcal 25.6,Walk,111,172,,,1536000,,,,,,2660,
walk b108 36.7min +39.62m 182kcal,Walk,108,182,,,2202000,39.62,,,,,,
walk 102b 2.36k steps 27.3 kcal140 elev9.14m,Walk,102,140,,,1638000,9.14,,,,,2360,
walk 105hr min22,Walk,105,,,,1320000,,,,,,,
treadmill 3.04 mi kcal339 30.3min 5.18m gain,Treadmill,,339,4.89,km,1818000,5.18,371.6,,,9.69,,
walk 18m46s 102bpm,Walk,102,,,,1126000,,,,,,,
treadmill 2.87mi kcal351 150bpm 40 min,Treadmill,150,351,4.62,km,2400000,,519.61,,,6.93,,
walk 91kcal min17 steps1.33k,Walk,,91,,,1020000,,,,,,1330,
walk 1h19m22s 96bpm elev24.38m,Walk,96,,,,4762000,24.38,,,,,,
walk 2969sec steps3.28k,Walk,,,,,2969000,,,,,,3280,
walk 26 min kcal151,Walk,,151,,,1560000,,,,,,,
walk kcal347 1h 7min 25sec,Walk,,347,,,4045000,,,,,,,
walk 107b 16m13s,Walk,107,,,,973000,,,,,,,
walk 82kcal bpm106 gain12.19m 17m4s,Walk,106,82,,,1024000,12.19,,,,,,
walk 168kcal 29.9 b105 2.7k steps,Walk,105,168,,,1794000,,,,,,2700,
walk elev21.34m 107kcal 22min 11sec 104b step1507,Walk,104,107,,,1331000,21.34,,,,,1507,
walk 1997sec 106 bpm,Walk,106,,,,1997000,,,,,,,
walk 18m47s up9.14m,Walk,,,,,1127000,9.14,,,,,,
walk 29.9min b108 step1878 143kcal,Walk,108,143,,,1794000,,,,,,1878,
walk min32 1602 steps,Walk,,,,,1920000,,,,,,1602,
walk gain12.19m 27min 19sec,Walk,,,,,1639000,12.19,,,,,,
walk min50 kcal240 103bpm,Walk,103,240,,,3000000,,,,,,,
walk 103hr 2918s steps2.84k 214kcal,Walk,103,214,,,2918000,,,,,,2840,
outdoor bike 141kcal 33.3min b106,Outdoor Bike,106,141,,,1998000,,,,,,,
walk 134kcal 109 bpm sec1331 2.14ksteps,Walk,109,134,,,1331000,,,,,,2140,
swim m780 min61 178kcal,Swim,,178,0.78,km,3660000,,4692.31,,,0.77,,
walk 37.5min b118 kcal249 112.78m gain,Walk,118,249,,,2250000,112.78,,,,,,
treadmill 4.75ksteps 4.73km sec1796 174bpm,Treadmill,174,,4.73,km,1796000,,379.7,,,9.48,4750,
walk 18min 47sec 110kcal +21.34m 114bpm steps1.56k,Walk,114,110,,,1127000,21.34,,,,,1560,
walk 1h 35min 35sec step9186 hr108 kcal553,Walk,108,553,,,5735000,,,,,,9186,
walk 18.29m gain 34.1min kcal166 2.51ksteps 104bpm,Walk,104,166,,,2046000,18.29,,,,,2510,
treadmill 30.1min 4.78k b177,Treadmill,177,,4.78,km,1806000,,377.82,,,9.53,,
walk 151kcal steps2.3k 29 min,Walk,,151,,,1740000,,,,,,2300,
walk steps1.35k 89kcal sec1127 b100,Walk,100,89,,,1127000,,,,,,1350,
walk hr120 106kcal 17min 56sec,Walk,120,106,,,1076000,,,,,,,
walk 1895s 181kcal step3038,Walk,,181,,,1895000,,,,,,3038,
walk 23min 2sec b102 kcal112,Walk,102,112,,,1382000,,,,,,,
walk 92kcal avg109 sec922 steps1.48k,Walk,109,92,,,922000,,,,,,1480,
walk kcal111 19.6min bpm110,Walk,110,111,,,1176000,,,,,,,
walk 2.52k steps 26min 119bpm 162kcal,Walk,119,162,,,1560000,,,,,,2520,
walk +21.34m 110b 106kcal 20m29s 1428steps,Walk,110,106,,,1229000,21.34,,,,,1428,
treadmill 22 kcal228 2.11 mi bpm161,Treadmill,161,228,3.4,km,1320000,,388.73,,,9.26,,
walk elev24.38m 20m29s 1476steps,Walk,,,,,1229000,24.38,,,,,1476,
walk 1383s avg107 139kcal,Walk,107,139,,,1383000,,,,,,,
treadmill 1255sec 2.04mi,Treadmill,,,3.28,km,1255000,,382.27,,,9.42,,
walk 105hr 1229s kcal99 +18.44m,Walk,105,99,,,1229000,18.44,,,,,,
walk 100kcal gain9.14m 20min 29sec 1.32k steps bpm107,Walk,107,100,,,1229000,9.14,,,,,1320,
walk kcal128 22 min 114 bpm elev6.2m,Walk,114,128,,,1320000,6.2,,,,,,
walk 46m5s 221kcal,Walk,,221,,,2765000,,,,,,,
walk 188kcal steps3053 21.34m gain 1895sec 105 bpm,Walk,105,188,,,1895000,21.34,,,,,3053,
walk kcal108 1177s,Walk,,108,,,1177000,,,,,,,
treadmill 1029 steps m1020 8.9,Treadmill,,,1.02,km,534000,,523.53,,,6.88,1029,
walk min20 step2094 133kcal +24.38m,Walk,,133,,,1200000,24.38,,,,,2094,
walk 19min 38sec hr109 kcal123 gain38.91m,Walk,109,123,,,1178000,38.91,,,,,,
walk kcal153 33min 17sec,Walk,,153,,,1997000,,,,,,,
walk 26m28s +15.24m 2091steps b94 138kcal,Walk,94,138,,,1588000,15.24,,,,,2091,
walk 111b steps3.95k sec2253,Walk,111,,,,2253000,,,,,,3950,
walk 107kcal 1075sec,Walk,,107,,,1075000,,,,,,,
walk up21.34m steps2736 29 190kcal,Walk,,190,,,1740000,21.34,,,,,2736,
walk 508kcal 96.4min hr106 128.02m gain 8057 steps,Walk,106,508,,,5784000,128.02,,,,,8057,
walk 120b elev33.53m sec2560 kcal290,Walk,120,290,,,2560000,33.53,,,,,,
walk avg107 1h 15min 6sec,Walk,107,,,,4506000,,,,,,,
walk elev9.14m kcal113 1383s 101bpm steps1.56k,Walk,101,113,,,1383000,9.14,,,,,1560,
walk 3943sec elev21.34m 5.26k steps,Walk,,,,,3943000,21.34,,,,,5260,
walk up18.29m 110 bpm 17min 97kcal,Walk,110,97,,,1020000,18.29,,,,,,
walk hr107 1.48ksteps +27.43m 1229s 106kcal,Walk,107,106,,,1229000,27.43,,,,,1480,
walk 24min 111bpm 1.84ksteps 133kcal,Walk,111,133,,,1440000,,,,,,1840,
walk gain213.36m 111 bpm kcal1005 step15754 168.1,Walk,111,1005,,,10086000,213.36,,,,,15754,
walk 2356s kcal246 bpm112,Walk,112,246,,,2356000,,,,,,,
walk 2.69ksteps 172kcal 26.4min,Walk,,172,,,1584000,,,,,,2690,
walk step3210 204kcal 29.9 116b 73.15m gain,Walk,116,204,,,1794000,73.15,,,,,3210,
walk 20.5min kcal98 step1461,Walk,,98,,,1230000,,,,,,1461,
walk sec1127 elev12.19m kcal108,Walk,,108,,,1127000,12.19,,,,,,
walk 111hr 108kcal gain30.48m 17min 56sec,Walk,111,108,,,1076000,30.48,,,,,,
walk kcal154 28min,Walk,,154,,,1680000,,,,,,,
walk bpm133 kcal166 20min 29sec,Walk,133,166,,,1229000,,,,,,,
walk 92kcal b111 +36.58m 15m21s,Walk,111,92,,,921000,36.58,,,,,,
treadmill 2.59k 80.5min,Treadmill,,,2.59,km,4830000,,1864.86,,,1.93,,
walk 17min 55sec 108kcal 1882steps,Walk,,108,,,1075000,,,,,,1882,
walk b110 3635sec,Walk,110,,,,3635000,,,,,,,
walk step2209 21min 20sec 177kcal,Walk,,177,,,1280000,,,,,,2209,
walk 116 bpm kcal210 31.6min,Walk,116,210,,,1896000,,,,,,,
walk 35m51s 3771steps bpm115 elev51.82m 226kcal,Walk,115,226,,,2151000,51.82,,,,,3771,
walk 33 min avg110 +21.34m 193kcal,Walk,110,193,,,1980000,21.34,,,,,,
walk gain21.34m 973sec 107hr 85kcal,Walk,107,85,,,973000,21.34,,,,,,
walk 350kcal steps5.66k 64min,Walk,,350,,,3840000,,,,,,5660,
walk 114 bpm up21.34m min17 kcal99,Walk,114,99,,,1020000,21.34,,,,,,
walk 5216steps bpm113 3789sec kcal361,Walk,113,361,,,3789000,,,,,,5216,
walk 138kcal step2361 22min,Walk,,138,,,1320000,,,,,,2361,
walk sec2356 111b gain39.62m 243kcal,Walk,111,243,,,2356000,39.62,,,,,,
walk 132kcal 2254steps 110hr 22.2,Walk,110,132,,,1332000,,,,,,2254,
walk kcal197 steps3096 112hr 30min 43sec,Walk,112,197,,,1843000,,,,,,3096,
treadmill 19min 13sec 2.94k,Treadmill,,,2.94,km,1153000,,392.18,,,9.18,,
walk steps3582 207kcal 2048sec +21.34m 109b,Walk,109,207,,,2048000,21.34,,,,,3582,
walk kcal95 gain27.23m bpm100 min20,Walk,100,95,,,1200000,27.23,,,,,,
run kcal279 2.36 mi min33 hr134,Run,134,279,3.8,km,1980000,,521.32,,,6.91,,
walk 28m9s elev60.96m 119bpm,Walk,119,,,,1689000,60.96,,,,,,
walk +57.91m steps3746 bpm108 kcal234 39.3,Walk,108,234,,,2358000,57.91,,,,,3746,
walk up94.49m 3701steps 36min 238kcal,Walk,,238,,,2160000,94.49,,,,,3701,
walk 265kcal 44m23s,Walk,,265,,,2663000,,,,,,,
walk 302kcal 4.57k steps 60.96m gain 54.6min avg104,Walk,104,302,,,3276000,60.96,,,,,4570,
run elev27.43m 163bpm 16.2min 174kcal 2.38ksteps,Run,163,174,,,972000,27.43,,,,,2380,
walk elev9.14m 15.4min,Walk,,,,,924000,9.14,,,,,,
walk 106bpm 1491steps 17.1 93kcal,Walk,106,93,,,1026000,,,,,,1491,
walk +21.34m kcal98 min16 110b,Walk,110,98,,,960000,21.34,,,,,,
walk 22min 12sec up12.19m 113b step2109 142kcal,Walk,113,142,,,1332000,12.19,,,,,2109,
walk 11.9min elev6.1m kcal76 1128 steps,Walk,,76,,,714000,6.1,,,,,1128,
walk bpm111 717s 923 steps,Walk,111,,,,717000,,,,,,923,
dancing 123bpm 164kcal 24m45s steps1.8k,Dancing,123,164,,,1485000,,,,,,1800,
treadmill 44 min 154hr steps5219 5.18m gain kcal442 mi2.59,Treadmill,154,442,4.17,km,2640000,5.18,633.37,,,5.68,5219,
walk 17min 4sec 105kcal 1600 steps 116 bpm,Walk,116,105,,,1024000,,,,,,1600,
walk b117 23min elev39.62m 2.01k steps kcal151,Walk,117,151,,,1380000,39.62,,,,,2010,
aerobic workout 90min 119b,Aerobic Workout,119,,,,5400000,,,,,,,
walk 28m10s hr99,Walk,99,,,,1690000,,,,,,,
treadmill km7.64 3836s bpm164 kcal706 8184 steps up2.13m,Treadmill,164,706,7.64,km,3836000,2.13,502.09,,,7.17,8184,
walk 151kcal 2608 steps 25.6min +3.05m,Walk,,151,,,1536000,3.05,,,,,2608,
walk bpm119 elev12.19m 28min 10sec,Walk,119,,,,1690000,12.19,,,,,,
treadmill up0.31m bpm166 6m26s 0.77km,Treadmill,166,,0.77,km,386000,0.31,501.3,,,7.18,,
walk 26.4min 109 bpm steps1612,Walk,109,,,,1584000,,,,,,1612,
walk 95kcal 101b gain3.05m min20,Walk,101,95,,,1200000,3.05,,,,,,
walk 20m29s step2166 hr114 kcal130,Walk,114,130,,,1229000,,,,,,2166,
walk kcal111 b118 973sec,Walk,118,111,,,973000,,,,,,,
treadmill b141 34min 3sec mi2.16 307kcal,Treadmill,141,307,3.48,km,2043000,,587.71,,,6.13,,
walk up12.19m kcal164 24m45s avg117 steps2526,Walk,117,164,,,1485000,12.19,,,,,2526,
walk step2980 28.2 kcal177 hr113,Walk,113,177,,,1692000,,,,,,2980,
walk kcal86 steps1.26k 16.2min elev6.1m,Walk,,86,,,972000,6.1,,,,,1260,
walk 17.1min steps1.65k kcal106,Walk,,106,,,1026000,,,,,,1650,
treadmill 3860m 153b 31.5,Treadmill,153,,3.86,km,1890000,,489.64,,,7.35,,
walk elev42.67m 2367 steps 29 189kcal,Walk,,189,,,1740000,42.67,,,,,2367,
walk kcal101 16m13s,Walk,,101,,,973000,,,,,,,
treadmill 23.4 2.78km,Treadmill,,,2.78,km,1404000,,505.04,,,7.13,,
walk elev42.67m 40min 7sec 122b,Walk,122,,,,2407000,42.67,,,,,,
treadmill 4.67k steps 4.31km 160 bpm 32m49s,Treadmill,160,,4.31,km,1969000,,456.84,,,7.88,4670,
walk 236kcal bpm121 35min,Walk,121,236,,,2100000,,,,,,,
walk 230kcal sec2406 hr110,Walk,110,230,,,2406000,,,,,,,
walk 17min steps1251 90kcal,Walk,,90,,,1020000,,,,,,1251,
walk 112b min69,Walk,112,,,,4140000,,,,,,,
aerobic workout min27 142hr kcal235 2.3ksteps,Aerobic Workout,142,235,,,1620000,,,,,,2300,
walk 100kcal 17min 4sec,Walk,,100,,,1024000,,,,,,,
walk 19m38s kcal101 1.42ksteps elev9.14m,Walk,,101,,,1178000,9.14,,,,,1420,
treadmill kcal308 157 bpm 3701 steps sec1736 1.88 mi 1.22m gain,Treadmill,157,308,3.03,km,1736000,1.22,573.78,,,6.27,3701,
walk 101hr 12.19m gain steps1.4k 97kcal min20,Walk,101,97,,,1200000,12.19,,,,,1400,
walk 1504 steps 22.2min 103kcal up12.19m 100b,Walk,100,103,,,1332000,12.19,,,,,1504,
walk 21.3min hr114 up27.43m steps2.09k 139kcal,Walk,114,139,,,1278000,27.43,,,,,2090,
walk min53 hr114 step5576,Walk,114,,,,3180000,,,,,,5576,
walk sec2049 kcal252 avg124,Walk,124,252,,,2049000,,,,,,,
walk hr122 39min 15sec 3.96ksteps,Walk,122,,,,2355000,,,,,,3960,
walk sec1639 hr101 1927 steps,Walk,101,,,,1639000,,,,,,1927,
walk 107hr 1946s kcal180,Walk,107,180,,,1946000,,,,,,,
walk 30.7 step1736,Walk,,,,,1842000,,,,,,1736,
walk 109hr 19 min,Walk,109,,,,1140000,,,,,,,
walk kcal95 107b 1268 steps 16min 13sec,Walk,107,95,,,973000,,,,,,1268,
treadmill 1810s 2.91km,Treadmill,,,2.91,km,1810000,,621.99,,,5.79,,
run min27 305kcal,Run,,305,,,1620000,,,,,,,
walk 1287steps 17.9min,Walk,,,,,1074000,,,,,,1287,
treadmill 2.57km min22,Treadmill,,,2.57,km,1320000,,513.62,,,7.01,,
walk gain45.72m 132 bpm 128kcal steps1.68k 16min,Walk,132,128,,,960000,45.72,,,,,1680,
walk 47min 4713 steps bpm113,Walk,113,,,,2820000,,,,,,4713,
walk 2221steps 120 bpm gain15.24m 145kcal 21.3min,Walk,120,145,,,1278000,15.24,,,,,2221,
walk 115b 27m19s,Walk,115,,,,1639000,,,,,,,
treadmill 12min 44sec 1.65 km,Treadmill,,,1.65,km,764000,,463.03,,,7.77,,
walk 144kcal hr127 18min 46sec,Walk,127,144,,,1126000,,,,,,,
treadmill 163hr 33min 37sec 3.96km,Treadmill,163,,3.96,km,2017000,,509.34,,,7.07,,
walk avg122 16.2min,Walk,122,,,,972000,,,,,,,
walk +24.38m sec1383 hr106 1.77ksteps 120kcal,Walk,106,120,,,1383000,24.38,,,,,1770,
walk up21.34m 144kcal b108 23min,Walk,108,144,,,1380000,21.34,,,,,,
walk 99kcal hr117 1.58ksteps min15,Walk,117,99,,,900000,,,,,,1580,
walk 28.2min 125 bpm,Walk,125,,,,1692000,,,,,,,
skiing steps5.88k km4.14 5h 30min,Skiing,,,4.14,km,19800000,,4782.61,,,0.75,5880,
cross country skiing 110 min kcal702 steps8.08k 7000 m,Cross Country Skiing,,702,7.0,km,6600000,,942.86,,,3.82,8080,
cross country skiing 57.2 km7.7,Cross Country Skiing,,,7.7,km,3432000,,445.71,,,8.08,,
walk 88kcal b109 15m22s,Walk,109,88,,,922000,,,,,,,
walk bpm117 sec3379 kcal364,Walk,117,364,,,3379000,,,,,,,
walk 104 bpm 52.1min 297kcal,Walk,104,297,,,3126000,,,,,,,
walk 22min 136 bpm 13.11m gain 2121steps,Walk,136,,,,1320000,13.11,,,,,2121,
treadmill 11.6 1591steps,Treadmill,,,,,696000,,,,,,1591,
walk elev39.62m 20m29s,Walk,,,,,1229000,39.62,,,,,,
walk 17min 4sec kcal98 bpm114 steps1302 elev9.14m,Walk,114,98,,,1024000,9.14,,,,,1302,
walk hr115 9.14m gain steps1.06k 87kcal 15min 22sec,Walk,115,87,,,922000,9.14,,,,,1060,
yoga 337kcal steps407 hr94 4500s,Yoga,94,337,,,4500000,,,,,,407,
circuit training sec3600 151 bpm kcal323 1.07k steps,Circuit Training,151,323,,,3600000,,,,,,1070,
walk 1127s 1.41ksteps,Walk,,,,,1127000,,,,,,1410,
walk bpm120 109kcal +18.29m 15.4min,Walk,120,109,,,924000,18.29,,,,,,
treadmill 34.1 bpm171 4.71ksteps kcal408,Treadmill,171,408,,,2046000,,,,,,4710,
circuit training 57min 21sec step1103 kcal425,Circuit Training,,425,,,3441000,,,,,,1103,
walk elev12.19m 24min 45sec,Walk,,,,,1485000,12.19,,,,,,
walk 104bpm 1434sec 131kcal 2236 steps,Walk,104,131,,,1434000,,,,,,2236,
circuit training kcal552 avg162 3157s up16.76m,Circuit Training,162,552,,,3157000,16.76,,,,,,
walk 122 bpm 1946s,Walk,122,,,,1946000,,,,,,,
walk 32min 3430 steps 245kcal 127b,Walk,127,245,,,1920000,,,,,,3430,
walk sec1587 117b,Walk,117,,,,1587000,,,,,,,
run 24.8 kcal356 3.58ksteps 177hr,Run,177,356,,,1488000,,,,,,3580,
walk 1.85k steps 103bpm gain9.14m 24min 44sec 162kcal,Walk,103,162,,,1484000,9.14,,,,,1850,
walk hr101 162kcal steps1.75k 25.6,Walk,101,162,,,1536000,,,,,,1750,
walk bpm93 kcal92 6.1m gain 17 min,Walk,93,92,,,1020000,6.1,,,,,,
run 171b m6260 35 min 471kcal,Run,171,471,6.26,km,2100000,,335.46,,,10.73,,
walk 1638sec kcal177,Walk,,177,,,1638000,,,,,,,
walk 2.29k steps kcal159 22min 11sec hr92,Walk,92,159,,,1331000,,,,,,2290,
run 33m37s avg172 steps5109 6.22km,Run,172,,6.22,km,2017000,,324.28,,,11.1,5109,
walk avg106 173kcal min25,Walk,106,173,,,1500000,,,,,,,
run 1196s steps3.05k 3710 m 169hr kcal267,Run,169,267,3.71,km,1196000,,322.37,,,11.17,3050,
run b175 5.06k steps 33.3min,Run,175,,,,1998000,,,,,,5060,
walk 116kcal 1.43k steps 18min hr104 9.14m gain,Walk,104,116,,,1080000,9.14,,,,,1430,
run km4.49 steps3.84k 25.8min 344kcal b170,Run,170,344,4.49,km,1548000,,344.77,,,10.44,3840,
walk 17m4s steps1.11k 122 bpm 122kcal,Walk,122,122,,,1024000,,,,,,1110,
walk 132kcal 1024sec,Walk,,132,,,1024000,,,,,,,
walk 35min 102b step2990 kcal235 +30.48m,Walk,102,235,,,2100000,30.48,,,,,2990,
walk b97 steps2.67k 28.2 kcal188,Walk,97,188,,,1692000,,,,,,2670,
walk min27 2616 steps elev24.38m,Walk,,,,,1620000,24.38,,,,,2616,
walk +18.29m avg115 kcal260 32.4min,Walk,115,260,,,1944000,18.29,,,,,,
walk 271kcal min41 bpm104 2959 steps,Walk,104,271,,,2460000,,,,,,2959,
walk +42.67m 22m12s kcal167 111hr,Walk,111,167,,,1332000,42.67,,,,,,
walk 68.3min 103bpm 48.77m gain kcal428,Walk,103,428,,,4098000,48.77,,,,,,
walk 156kcal 27.3 steps1.83k,Walk,,156,,,1638000,,,,,,1830,
run 379kcal b162 31 min step4552,Run,162,379,,,1860000,,,,,,4552,
walk kcal141 b126 step1047 17min 4sec,Walk,126,141,,,1024000,,,,,,1047,
walk sec1434 bpm97 1.52k steps kcal139,Walk,97,139,,,1434000,,,,,,1520,
walk 22.2 up6.1m hr96 kcal118 1.3k steps,Walk,96,118,,,1332000,6.1,,,,,1300,
walk 105kcal 18m47s 1.17k steps,Walk,,105,,,1127000,,,,,,1170,
walk 16min 13sec kcal101 bpm101 +3.05m,Walk,101,101,,,973000,3.05,,,,,,
run 3.28k steps 22min 12sec 175hr kcal301,Run,175,301,,,1332000,,,,,,3280,
walk 105b 18.29m gain 145kcal min19 1.9k steps,Walk,105,145,,,1140000,18.29,,,,,1900,
walk 106hr 76.2m gain 26.5 step1750 kcal176,Walk,106,176,,,1590000,76.2,,,,,1750,
walk sec1127 bpm101 125kcal gain33.53m steps1553,Walk,101,125,,,1127000,33.53,,,,,1553,
walk kcal441 hr107 4351steps 62.3,Walk,107,441,,,3738000,,,,,,4351,
walk 4.34k steps 106hr min47 +42.67m kcal310,Walk,106,310,,,2820000,42.67,,,,,4340,
run avg174 step3133 kcal294 21.4,Run,174,294,,,1284000,,,,,,3133,
walk 112kcal 18m46s 105bpm,Walk,105,112,,,1126000,,,,,,,
walk 42m40s 100bpm,Walk,100,,,,2560000,,,,,,,
walk 17min 55sec 1.64k steps 110b kcal126,Walk,110,126,,,1075000,,,,,,1640,
walk hr101 elev15.24m 22m11s 154kcal,Walk,101,154,,,1331000,15.24,,,,,,
walk 1908steps avg107 21.3min,Walk,107,,,,1278000,,,,,,1908,
walk avg99 kcal93 15min,Walk,99,93,,,900000,,,,,,,
walk 3.16k steps bpm99 2355s kcal247,Walk,99,247,,,2355000,,,,,,3160,
walk 86kcal 15 min 898 steps,Walk,,86,,,900000,,,,,,898,
walk 206kcal 35min 50sec bpm99,Walk,99,206,,,2150000,,,,,,,
walk kcal179 31.6min,Walk,,179,,,1896000,,,,,,,
walk 1637steps kcal124 22min 11sec,Walk,,124,,,1331000,,,,,,1637,
walk kcal481 76 105hr steps5.52k 3.05m gain,Walk,105,481,,,4560000,3.05,,,,,5520,
walk 35m50s kcal268 bpm113,Walk,113,268,,,2150000,,,,,,,
walk 24min 45sec 1537 steps kcal137 hr95,Walk,95,137,,,1485000,,,,,,1537,
walk 44min 289kcal b104,Walk,104,289,,,2640000,,,,,,,
walk step4539 429kcal 81.1min 98bpm,Walk,98,429,,,4866000,,,,,,4539,
walk 99hr kcal116 1504steps gain3.05m 17m4s,Walk,99,116,,,1024000,3.05,,,,,1504,
walk 7.67k steps kcal814 125.5 avg98,Walk,98,814,,,7530000,,,,,,7670,
walk 104 bpm up39.62m 555kcal 1h 33min 1sec steps6947,Walk,104,555,,,5581000,39.62,,,,,6947,
walk min32 246kcal 137.16m gain 2427steps b106,Walk,106,246,,,1920000,137.16,,,,,2427,
walk 29min 2.61k steps,Walk,,,,,1740000,,,,,,2610,
walk up3.05m 119bpm 18.8min,Walk,119,,,,1128000,3.05,,,,,,
walk up9.14m 117hr steps1665 kcal146 min18,Walk,117,146,,,1080000,9.14,,,,,1665,
walk 211kcal 64.01m gain 1946s step2457,Walk,,211,,,1946000,64.01,,,,,2457,
walk 29m1s up6.1m avg112,Walk,112,,,,1741000,6.1,,,,,,
walk elev12.19m 123bpm 42.7min 333kcal steps3062,Walk,123,333,,,2562000,12.19,,,,,3062,
walk kcal105 avg106 min15,Walk,106,105,,,900000,,,,,,,
walk 2253sec gain33.53m 263kcal,Walk,,263,,,2253000,33.53,,,,,,
walk step2140 1997sec 192kcal,Walk,,192,,,1997000,,,,,,2140,
outdoor bike 84 bpm gain73.15m 199kcal 46m5s,Outdoor Bike,84,199,,,2765000,73.15,,,,,,
sport steps851 kcal126 102b 23.1min,Sport,102,126,,,1386000,,,,,,851,
sport 155kcal 99b 29m1s 1.29ksteps,Sport,99,155,,,1741000,,,,,,1290,
sport b105 1.18ksteps 16.2min 109kcal,Sport,105,109,,,972000,,,,,,1180,
walk avg100 109kcal 1076s,Walk,100,109,,,1076000,,,,,,,
walk 107b 182kcal 26m27s,Walk,107,182,,,1587000,,,,,,,
walk up9.14m kcal197 avg98,Walk,98,197,,,,9.14,,,,,,
walk 23.1min steps2.47k 129hr 211kcal,Walk,129,211,,,1386000,,,,,,2470,
walk 30.7 gain36.58m 104 bpm steps1939,Walk,104,,,,1842000,36.58,,,,,1939,
walk bpm123 +3.05m 323kcal 40min 7sec 3.36k steps,Walk,123,323,,,2407000,3.05,,,,,3360,
walk sec1536 avg98 173kcal,Walk,98,173,,,1536000,,,,,,,
walk bpm98 1h 45min 49sec 602kcal,Walk,98,602,,,6349000,,,,,,,
walk 47min 48sec 118b kcal364,Walk,118,364,,,2868000,,,,,,,
walk 103b 39.2min,Walk,103,,,,2352000,,,,,,,
walk kcal144 1.96ksteps 20m29s,Walk,,144,,,1229000,,,,,,1960,
walk hr143 steps2787 254kcal 24min 45sec,Walk,143,254,,,1485000,,,,,,2787,
walk up12.19m 19.6 hr95 1144 steps kcal109,Walk,95,109,,,1176000,12.19,,,,,1144,
walk steps11.24k 116.9,Walk,,,,,7014000,,,,,,11240,
walk 3840s b99,Walk,99,,,,3840000,,,,,,,
walk 11.92k steps hr99 2h12m16s elev262.13m kcal872,Walk,99,872,,,7936000,262.13,,,,,11920,
walk 4.26ksteps kcal307 43min 31sec b103,Walk,103,307,,,2611000,,,,,,4260,
walk +128.02m 6.84k steps 1h 21min 4sec b102,Walk,102,,,,4864000,128.02,,,,,6840,
walk steps2.96k up6.1m 35m50s hr129 306kcal,Walk,129,306,,,2150000,6.1,,,,,2960,
run avg154 4739steps 2.58 mi 31.3 3.35m gain 287kcal,Run,154,287,4.15,km,1878000,3.35,452.3,,,7.96,4739,
walk 19min 37sec bpm101 86kcal +9.14m 1.1ksteps,Walk,101,86,,,1177000,9.14,,,,,1100,
walk steps1286 16min,Walk,,,,,960000,,,,,,1286,
walk 15.4min kcal14,Walk,,14,,,924000,,,,,,,
walk 23min 106 bpm 159kcal,Walk,106,159,,,1380000,,,,,,,
walk 19.6 step1163,Walk,,,,,1176000,,,,,,1163,
walk 99b kcal78 15min 22sec 815 steps,Walk,99,78,,,922000,,,,,,815,
outdoor bike 120 bpm up3.05m kcal160 22min 11sec,Outdoor Bike,120,160,,,1331000,3.05,,,,,,
walk 47.8min 15.24m gain 260kcal step2677 b101,Walk,101,260,,,2868000,15.24,,,,,2677,
sport 1.53ksteps 105b 24min 140kcal,Sport,105,140,,,1440000,,,,,,1530,
walk gain76.2m 1866 steps kcal166 27.3,Walk,,166,,,1638000,76.2,,,,,1866,
outdoor bike kcal52 1075sec b85,Outdoor Bike,85,52,,,1075000,,,,,,,
walk 19.6min gain3.05m step1110,Walk,,,,,1176000,3.05,,,,,1110,
walk 2141 steps 1997s,Walk,,,,,1997000,,,,,,2141,
walk 1388 steps 23min 3sec kcal162 102hr,Walk,102,162,,,1383000,,,,,,1388,
walk 56.3 4146 steps 480kcal 112 bpm elev134.11m,Walk,112,480,,,3378000,134.11,,,,,4146,
walk 60.6min 384kcal,Walk,,384,,,3636000,,,,,,,
walk 25.6min 103hr steps1623,Walk,103,,,,1536000,,,,,,1623,
walk 94b kcal93 16 min,Walk,94,93,,,960000,,,,,,,
walk steps1.22k 106 bpm 15.4,Walk,106,,,,924000,,,,,,1220,
walk kcal202 gain24.38m sec1638,Walk,,202,,,1638000,24.38,,,,,,
walk 21.3min gain36.58m 1943steps 108 bpm kcal185,Walk,108,185,,,1278000,36.58,,,,,1943,
sport 15.3min 131kcal hr107,Sport,107,131,,,918000,,,,,,,
walk avg104 kcal128 gain24.38m sec1075 1ksteps,Walk,104,128,,,1075000,24.38,,,,,1000,
sport steps2318 224kcal 110b 24.8min,Sport,110,224,,,1488000,,,,,,2318,
walk 2948 steps kcal265 30m44s,Walk,,265,,,1844000,,,,,,2948,
walk sec1741 kcal203 2089 steps,Walk,,203,,,1741000,,,,,,2089,
walk 42min 312kcal,Walk,,312,,,2520000,,,,,,,
walk 17.1 kcal146 b109 1680steps,Walk,109,146,,,1026000,,,,,,1680,
walk 1.55ksteps bpm104 kcal145 17m55s,Walk,104,145,,,1075000,,,,,,1550,
walk 1741sec 97hr 2ksteps 189kcal,Walk,97,189,,,1741000,,,,,,2000,
walk step4839 101 bpm 530kcal 4505s,Walk,101,530,,,4505000,,,,,,4839,
walk steps1376 hr105 kcal125 16.2,Walk,105,125,,,972000,,,,,,1376,
walk 35.9min 103 bpm gain39.62m,Walk,103,,,,2154000,39.62,,,,,,
walk 21m20s 64.01m gain 106bpm 165kcal steps1.55k,Walk,106,165,,,1280000,64.01,,,,,1550,
walk 371kcal 1h6m34s,Walk,,371,,,3994000,,,,,,,
walk min17 111hr 161kcal,Walk,111,161,,,1020000,,,,,,,
walk gain6.1m 1055 steps 20m29s hr102 kcal140,Walk,102,140,,,1229000,6.1,,,,,1055,
walk kcal210 31m35s 101hr steps1.85k,Walk,101,210,,,1895000,,,,,,1850,
walk 1h 4min 51sec kcal453,Walk,,453,,,3891000,,,,,,,
run m3400 1314sec,Run,,,3.4,km,1314000,,386.47,,,9.32,,
outdoor bike 41m49s 119b kcal424,Outdoor Bike,119,424,,,2509000,,,,,,,
outdoor bike 29min 1sec 164kcal,Outdoor Bike,,164,,,1741000,,,,,,,
sport 24.7min 1999 steps 243kcal avg122,Sport,122,243,,,1482000,,,,,,1999,
run 25.5min 2.83mi +1.52m,Run,,,4.55,km,1530000,1.52,335.94,,,10.72,,
outdoor bike kcal768 bpm116 1h 21min 4sec,Outdoor Bike,116,768,,,4864000,,,,,,,
walk avg97 35 steps2758 kcal253,Walk,97,253,,,2100000,,,,,,2758,
outdoor bike elev6.1m 99min,Outdoor Bike,,,,,5940000,6.1,,,,,,
run 6.2km 38m15s 5561 steps kcal494 +153.31m 150bpm,Run,150,494,6.2,km,2295000,153.31,370.16,,,9.73,5561,
walk 17.9min kcal100,Walk,,100,,,1074000,,,,,,,
walk 103bpm 224kcal min29 +39.62m steps2.83k,Walk,103,224,,,1740000,39.62,,,,,2830,
walk 21.34m gain 24m45s,Walk,,,,,1485000,21.34,,,,,,
walk 20min avg115 1677 steps,Walk,115,,,,1200000,,,,,,1677,
walk kcal286 2.84ksteps 36min 42sec,Walk,,286,,,2202000,,,,,,2840,
walk avg110 24 min step2423 194kcal,Walk,110,194,,,1440000,,,,,,2423,
walk 26.3min kcal195 2.58k steps up21.34m,Walk,,195,,,1578000,21.34,,,,,2580,
walk 27.3 kcal204 100 bpm 2668 steps,Walk,100,204,,,1638000,,,,,,2668,
walk 2611 steps 28min 10sec gain27.43m hr101 kcal207,Walk,101,207,,,1690000,27.43,,,,,2611,
walk b114 25min 36sec,Walk,114,,,,1536000,,,,,,,
treadmill 4390 m 2400s kcal320 4.21ksteps,Treadmill,,320,4.39,km,2400000,,546.7,,,6.59,4210,
walk 1536s bpm111 2.56ksteps kcal209,Walk,111,209,,,1536000,,,,,,2560,
walk bpm108 22.2min kcal183,Walk,108,183,,,1332000,,,,,,,
walk 21.3min kcal153,Walk,,153,,,1278000,,,,,,,
walk avg97 gain3.05m 21.3min 154kcal,Walk,97,154,,,1278000,3.05,,,,,,
walk 28.2 30.48m gain 106hr 162kcal 1.76ksteps,Walk,106,162,,,1692000,30.48,,,,,1760,
walk 19m38s 108b 146kcal,Walk,108,146,,,1178000,,,,,,,
walk 155kcal steps1902 107hr 22.2,Walk,107,155,,,1332000,,,,,,1902,
walk 15m22s gain6.1m 1.37k steps kcal130,Walk,,130,,,922000,6.1,,,,,1370,
walk 20.5min steps1866,Walk,,,,,1230000,,,,,,1866,
walk 3ksteps 112 bpm kcal233 1792sec 3.05m gain,Walk,112,233,,,1792000,3.05,,,,,3000,
walk 6.09k steps elev3.05m sec4045 111 bpm kcal508,Walk,111,508,,,4045000,3.05,,,,,6090,
walk 429kcal hr99 4.98ksteps 69.1min,Walk,99,429,,,4146000,,,,,,4980,
walk 1.97k steps 19m38s,Walk,,,,,1178000,,,,,,1970,
walk 3.12k steps kcal294 elev36.58m b118 35.9,Walk,118,294,,,2154000,36.58,,,,,3120,
walk 22m11s 2.21k steps hr90 kcal154,Walk,90,154,,,1331000,,,,,,2210,
walk min20 157kcal gain24.38m,Walk,,157,,,1200000,24.38,,,,,,
walk 185kcal 27.43m gain 1331s 2480 steps 110bpm,Walk,110,185,,,1331000,27.43,,,,,2480,
walk 16.2min 1726steps,Walk,,,,,972000,,,,,,1726,
walk 2555steps b103 208kcal 27m19s gain27.43m,Walk,103,208,,,1639000,27.43,,,,,2555,
walk 105b 21 min step2402 kcal180,Walk,105,180,,,1260000,,,,,,2402,
walk 29m52s 286kcal steps2740,Walk,,286,,,1792000,,,,,,2740,
walk 2364 steps bpm121 22.2,Walk,121,,,,1332000,,,,,,2364,
walk +15.24m kcal194 steps2262 27 min,Walk,,194,,,1620000,15.24,,,,,2262,
walk kcal225 min30 avg109 step2705,Walk,109,225,,,1800000,,,,,,2705,
walk 23m54s 106 bpm 183kcal,Walk,106,183,,,1434000,,,,,,,
walk 26min 27sec 112bpm up30.48m 205kcal 2623 steps,Walk,112,205,,,1587000,30.48,,,,,2623,
walk steps2.33k 125hr 21.3,Walk,125,,,,1278000,,,,,,2330,
walk 164kcal +34.44m 102b min23,Walk,102,164,,,1380000,34.44,,,,,,
walk b100 2453 steps 23.1min,Walk,100,,,,1386000,,,,,,2453,
walk 46.9min 105b 3.59k steps 316kcal,Walk,105,316,,,2814000,,,,,,3590,
walk 3304 steps 38 min gain24.38m,Walk,,,,,2280000,24.38,,,,,3304,
walk 109hr elev3.05m steps2.59k kcal190 1382s,Walk,109,190,,,1382000,3.05,,,,,2590,
walk 18.8min kcal166 24.38m gain steps2091,Walk,,166,,,1128000,24.38,,,,,2091,
walk 15.3min kcal119 up27.43m avg115 1.36k steps,Walk,115,119,,,918000,27.43,,,,,1360,
walk 210kcal 24min 45sec,Walk,,210,,,1485000,,,,,,,
treadmill kcal562 1h 14min 58sec 7103steps 144hr,Treadmill,144,562,,,4498000,,,,,,7103,
walk 33.3min 3.02ksteps,Walk,,,,,1998000,,,,,,3020,
walk avg121 kcal211 sec1536,Walk,121,211,,,1536000,,,,,,,
walk avg113 min15,Walk,113,,,,900000,,,,,,,
walk min20 kcal140,Walk,,140,,,1200000,,,,,,,
walk 27.43m gain 27min,Walk,,,,,1620000,27.43,,,,,,
walk 22m11s kcal180 bpm105,Walk,105,180,,,1331000,,,,,,,
walk 190kcal 25min 36sec avg107,Walk,107,190,,,1536000,,,,,,,
walk 1.83k steps elev3.05m 96b kcal123 17.1,Walk,96,123,,,1026000,3.05,,,,,1830,
walk 16.2min kcal122,Walk,,122,,,972000,,,,,,,
walk 20min 29sec 173kcal,Walk,,173,,,1229000,,,,,,,
walk 27m19s kcal210 105 bpm,Walk,105,210,,,1639000,,,,,,,
walk min23 187kcal,Walk,,187,,,1380000,,,,,,,
walk 238kcal min36 up36.58m steps2.97k 100 bpm,Walk,100,238,,,2160000,36.58,,,,,2970,
walk 2.65k steps 197kcal bpm113 gain24.38m 24min 45sec,Walk,113,197,,,1485000,24.38,,,,,2650,
walk 177kcal 1434s,Walk,,177,,,1434000,,,,,,,
walk min26 2696steps,Walk,,,,,1560000,,,,,,2696,
walk steps2.36k kcal173 min24 b111,Walk,111,173,,,1440000,,,,,,2360,
walk 23min 2sec 106bpm elev6.1m 159kcal steps2018,Walk,106,159,,,1382000,6.1,,,,,2018,
walk sec2868 323kcal +48.77m,Walk,,323,,,2868000,48.77,,,,,,
walk 23min 54sec 160kcal,Walk,,160,,,1434000,,,,,,,
walk sec1536 153kcal avg97,Walk,97,153,,,1536000,,,,,,,
walk 98hr +45.72m kcal395 sec3533,Walk,98,395,,,3533000,45.72,,,,,,
walk min115 up109.73m kcal800 11.61k steps 96b,Walk,96,800,,,6900000,109.73,,,,,11610,
walk 94.49m gain kcal807 89b 2h14m50s,Walk,89,807,,,8090000,94.49,,,,,,
walk 323kcal 44m22s b100,Walk,100,323,,,2662000,,,,,,,
run up97.23m 5.29k 1h 0min 53sec kcal395,Run,,395,5.29,km,3653000,97.23,690.55,,,5.21,,
walk 21.4 2.33ksteps,Walk,,,,,1284000,,,,,,2330,
walk 1993steps 1178s 130b 177kcal,Walk,130,177,,,1178000,,,,,,1993,
walk 21m20s 106 bpm,Walk,106,,,,1280000,,,,,,,
walk gain9.14m kcal100 16.2min 1.53k steps,Walk,,100,,,972000,9.14,,,,,1530,
walk 40.1min kcal257,Walk,,257,,,2406000,,,,,,,
walk bpm111 kcal156 20.5 steps1.98k,Walk,111,156,,,1230000,,,,,,1980,
walk 31min steps2.5k,Walk,,,,,1860000,,,,,,2500,
walk min21 97 bpm,Walk,97,,,,1260000,,,,,,,
run 4420m 279kcal steps4.1k 2014s,Run,,279,4.42,km,2014000,,455.66,,,7.9,4100,
walk sec1690 +39.62m,Walk,,,,,1690000,39.62,,,,,,
walk 103hr 25min 36sec 181kcal,Walk,103,181,,,1536000,,,,,,,
treadmill sec1586 4.34 km,Treadmill,,,4.34,km,1586000,,365.44,,,9.85,,
walk gain57.91m 172kcal 23.1 2.24ksteps,Walk,,172,,,1386000,57.91,,,,,2240,
walk 2.24k steps kcal166 19.6min gain6.1m hr114,Walk,114,166,,,1176000,6.1,,,,,2240,
walk 45.2min kcal335 steps4.16k,Walk,,335,,,2712000,,,,,,4160,
run 4.08 km 38.1,Run,,,4.08,km,2286000,,560.29,,,6.43,,
walk 113hr 32min 25sec,Walk,113,,,,1945000,,,,,,,
walk 1178sec kcal111 elev3.05m 100b 1.48ksteps,Walk,100,111,,,1178000,3.05,,,,,1480,
walk kcal170 21m20s bpm104,Walk,104,170,,,1280000,,,,,,,
walk 23min 54sec avg119,Walk,119,,,,1434000,,,,,,,
walk steps3.23k 35min 50sec gain24.38m,Walk,,,,,2150000,24.38,,,,,3230,
walk 12.19m gain 2.39k steps 103b 22min kcal163,Walk,103,163,,,1320000,12.19,,,,,2390,
walk 106 bpm 1946s,Walk,106,,,,1946000,,,,,,,
run 2.36 mi elev36.27m 36min,Run,,,3.8,km,2160000,36.27,568.71,,,6.33,,
walk up30.48m 239kcal hr109 step3085 32.4,Walk,109,239,,,1944000,30.48,,,,,3085,
run k9.99 1h32m49s,Run,,,9.99,km,5569000,,557.46,,,6.46,,
walk gain207.26m 5223sec 8.99ksteps b101 kcal609,Walk,101,609,,,5223000,207.26,,,,,8990,
walk b100 170kcal 22.2 steps2350,Walk,100,170,,,1332000,,,,,,2350,
walk 23m54s 101 bpm,Walk,101,,,,1434000,,,,,,,
walk 179kcal steps2.35k 22min 12sec,Walk,,179,,,1332000,,,,,,2350,
treadmill 62 min m6110,Treadmill,,,6.11,km,3720000,,608.84,,,5.91,,
walk b104 1382s,Walk,104,,,,1382000,,,,,,,
walk 23m3s 24.38m gain,Walk,,,,,1383000,24.38,,,,,,
walk avg98 kcal297 sec2714 3.87k steps,Walk,98,297,,,2714000,,,,,,3870,
run kcal316 km4.49 4748steps b146 38 min +40.84m,Run,146,316,4.49,km,2280000,40.84,507.8,,,7.09,4748,
walk elev27.43m 23min 53sec 194kcal,Walk,,194,,,1433000,27.43,,,,,,
walk avg106 steps2620 27min 19sec 218kcal,Walk,106,218,,,1639000,,,,,,2620,
run 315kcal 39min,Run,,315,,,2340000,,,,,,,
walk sec5734 641kcal,Walk,,641,,,5734000,,,,,,,
walk 175kcal 23min 2sec,Walk,,175,,,1382000,,,,,,,
treadmill 16min 48sec steps2.66k km2.48 180kcal,Treadmill,,180,2.48,km,1008000,,406.45,,,8.86,2660,
walk 33.3min steps2784,Walk,,,,,1998000,,,,,,2784,
run 145bpm 9.11km 10.09k steps gain60.05m kcal649 sec6545,Run,145,649,9.11,km,6545000,60.05,718.44,,,5.01,10090,
walk steps1.72k 118kcal 15.3min up9.14m hr114,Walk,114,118,,,918000,9.14,,,,,1720,
walk 1665 steps 110kcal 102bpm 16 min 12.19m gain,Walk,102,110,,,960000,12.19,,,,,1665,
walk 30.7min 196kcal b93,Walk,93,196,,,1842000,,,,,,,
walk kcal139 1127sec,Walk,,139,,,1127000,,,,,,,
walk kcal161 steps2.41k elev6.1m 23min 53sec bpm101,Walk,101,161,,,1433000,6.1,,,,,2410,
walk sec1434 bpm97 178kcal,Walk,97,178,,,1434000,,,,,,,
run mi3.29 4.89k steps,Run,,,5.29,km,,,,,,,4890,
walk kcal177 25.6min hr98 gain21.34m,Walk,98,177,,,1536000,21.34,,,,,,
walk kcal217 35min 50sec,Walk,,217,,,2150000,,,,,,,
walk b116 12.19m gain 19min 37sec,Walk,116,,,,1177000,12.19,,,,,,
treadmill 51.7min step6324 kcal446 6.55km,Treadmill,,446,6.55,km,3102000,,473.59,,,7.6,6324,
walk 25min 186kcal 2541steps,Walk,,186,,,1500000,,,,,,2541,
walk 199kcal 1.89ksteps b159 17.9,Walk,159,199,,,1074000,,,,,,1890,
walk 154kcal avg114 19.6 2.1ksteps,Walk,114,154,,,1176000,,,,,,2100,
run 45m2s 365kcal +62.79m 5.07k steps 148bpm mi3.13,Run,148,365,5.04,km,2702000,62.79,536.4,,,6.71,5070,
run km4.94 306kcal 44.4min,Run,,306,4.94,km,2664000,,539.27,,,6.68,,
walk 24.38m gain min16 kcal121 step1662 107bpm,Walk,107,121,,,960000,24.38,,,,,1662,
walk kcal134 17.9min,Walk,,134,,,1074000,,,,,,,
walk 123 bpm steps2.06k 19m37s,Walk,123,,,,1177000,,,,,,2060,
walk 17min 55sec hr124 1.89k steps 3.05m gain 152kcal,Walk,124,152,,,1075000,3.05,,,,,1890,
walk kcal158 23 steps2.24k,Walk,,158,,,1380000,,,,,,2240,
walk step3363 46min 5sec 253kcal,Walk,,253,,,2765000,,,,,,3363,
run 3190m 31.3 b143,Run,143,,3.19,km,1878000,,588.71,,,6.12,,
walk b97 kcal217 32.4min,Walk,97,217,,,1944000,,,,,,,
walk 2806steps 208kcal 28 min,Walk,,208,,,1680000,,,,,,2806,
run kcal333 b152 4.73k 41.2min,Run,152,333,4.73,km,2472000,,522.62,,,6.89,,
walk elev30.48m 22.2min kcal166 b100,Walk,100,166,,,1332000,30.48,,,,,,
walk avg89 21.34m gain 22min 11sec 155kcal steps2227,Walk,89,155,,,1331000,21.34,,,,,2227,
walk 18 min kcal125,Walk,,125,,,1080000,,,,,,,
treadmill 4.72 mi step7659 21.95m gain bpm148 561kcal 64.4,Treadmill,148,561,7.6,km,3864000,21.95,508.68,,,7.08,7659,
walk 109b kcal174 up12.19m 23min 54sec steps2282,Walk,109,174,,,1434000,12.19,,,,,2282,
walk steps2.21k 20m29s up3.05m 152kcal 110bpm,Walk,110,152,,,1229000,3.05,,,,,2210,
walk steps3156 38.4min 270kcal +27.43m,Walk,,270,,,2304000,27.43,,,,,3156,
walk 3090steps b93 kcal227 up30.48m 33 min,Walk,93,227,,,1980000,30.48,,,,,3090,
walk 1075s 1546steps +39.62m kcal116 avg96,Walk,96,116,,,1075000,39.62,,,,,1546,
yoga 9 steps 72.4min 82 bpm,Yoga,82,,,,4344000,,,,,,9,
walk steps4.49k elev39.62m kcal302 hr96 min43,Walk,96,302,,,2580000,39.62,,,,,4490,
walk kcal192 steps2.68k 26min,Walk,,192,,,1560000,,,,,,2680,
walk kcal201 113hr 2673 steps min26,Walk,113,201,,,1560000,,,,,,2673,
walk 611kcal b93 9.03k steps 1h 28min 45sec,Walk,93,611,,,5325000,,,,,,9030,
walk 1997s 3162 steps hr93,Walk,93,,,,1997000,,,,,,3162,
walk steps2.34k 21min 20sec,Walk,,,,,1280000,,,,,,2340,
walk 1076sec 125kcal up9.14m,Walk,,125,,,1076000,9.14,,,,,,
walk 27.3min up15.24m 2.42ksteps kcal174,Walk,,174,,,1638000,15.24,,,,,2420,
walk 21min 20sec kcal168,Walk,,168,,,1280000,,,,,,,
treadmill 408kcal 5.86 km 49.5 6283 steps 141bpm elev36.88m,Treadmill,141,408,5.86,km,2970000,36.88,506.83,,,7.1,6283,
walk 142kcal b115 17.1min,Walk,115,142,,,1026000,,,,,,,
walk kcal192 25.6 b103 up27.43m 2.53k steps,Walk,103,192,,,1536000,27.43,,,,,2530,
walk 215kcal 17min,Walk,,215,,,1020000,,,,,,,
walk 22m11s 113 bpm kcal177 2259steps,Walk,113,177,,,1331000,,,,,,2259,
walk sec1434 kcal144 1.85k steps avg98,Walk,98,144,,,1434000,,,,,,1850,
run 7200m 1h8m32s,Run,,,7.2,km,4112000,,571.11,,,6.3,,
walk 2.23k steps 21.3,Walk,,,,,1278000,,,,,,2230,
run 147hr 82min 4.44 mi 8057steps,Run,147,,7.15,km,4920000,,688.55,,,5.23,8057,
walk hr100 64 min steps4.79k +12.19m,Walk,100,,,,3840000,12.19,,,,,4790,
walk 234kcal 98bpm 41min steps3038,Walk,98,234,,,2460000,,,,,,3038,
walk 112kcal 102 bpm 17min 4sec,Walk,102,112,,,1024000,,,,,,,
walk 113kcal steps1569 100 bpm 16m13s,Walk,100,113,,,973000,,,,,,1569,
walk 1h9m7s +6.1m 5.23k steps,Walk,,,,,4147000,6.1,,,,,5230,
walk 103hr steps2.4k gain18.29m 26.4 179kcal,Walk,103,179,,,1584000,18.29,,,,,2400,
walk steps1.8k kcal123 min20 avg92,Walk,92,123,,,1200000,,,,,,1800,
walk steps2279 up27.43m 22min 11sec kcal175,Walk,,175,,,1331000,27.43,,,,,2279,
walk 30min 43sec kcal193 21.34m gain,Walk,,193,,,1843000,21.34,,,,,,
walk 21min 20sec 172kcal,Walk,,172,,,1280000,,,,,,,
treadmill 5.65km hr153 49 min kcal443,Treadmill,153,443,5.65,km,2940000,,520.35,,,6.92,,
walk 15min 21sec up15.24m,Walk,,,,,921000,15.24,,,,,,
walk kcal117 16.2min,Walk,,117,,,972000,,,,,,,
walk kcal296 4.28ksteps 2611s,Walk,,296,,,2611000,,,,,,4280,
walk 2.48k steps 99 bpm elev24.38m 1536sec kcal176,Walk,99,176,,,1536000,24.38,,,,,2480,
walk 96 bpm 2048s kcal212 2783 steps,Walk,96,212,,,2048000,,,,,,2783,
walk bpm100 2221steps,Walk,100,,,,,,,,,,2221,
walk kcal147 b107 1960steps sec1127,Walk,107,147,,,1127000,,,,,,1960,
walk 20.5min 159kcal,Walk,,159,,,1230000,,,,,,,
walk 123 bpm 16m13s 1.85ksteps kcal143,Walk,123,143,,,973000,,,,,,1850,
run kcal508 b147 64.2 k6.94,Run,147,508,6.94,km,3852000,,555.04,,,6.49,,
outdoor bike 29min 90bpm elev3.05m 116kcal,Outdoor Bike,90,116,,,1740000,3.05,,,,,,
walk elev27.43m b106 1.96ksteps sec1126 kcal144,Walk,106,144,,,1126000,27.43,,,,,1960,
walk 19 min 1.98ksteps,Walk,,,,,1140000,,,,,,1980,
walk kcal180 26m27s step2262 97bpm,Walk,97,180,,,1587000,,,,,,2262,
walk 21 min gain24.38m,Walk,,,,,1260000,24.38,,,,,,
treadmill 57min 48sec 458kcal 6.85ksteps +199.64m 6030 m 145b,Treadmill,145,458,6.03,km,3468000,199.64,575.12,,,6.26,6850,
walk 33m17s kcal225,Walk,,225,,,1997000,,,,,,,
walk sec2458 91hr steps3.66k gain36.58m,Walk,91,,,,2458000,36.58,,,,,3660,
walk steps2420 23.9min kcal184 110 bpm,Walk,110,184,,,1434000,,,,,,2420,
walk kcal215 36m42s 2.61k steps,Walk,,215,,,2202000,,,,,,2610,
run m4360 4704 steps up45.42m 337kcal 155 bpm 36m53s,Run,155,337,4.36,km,2213000,45.42,507.57,,,7.09,4704,
walk 1h 12min 32sec step7524 b92 elev64.01m 540kcal,Walk,92,540,,,4352000,64.01,,,,,7524,
run 4.21km min39,Run,,,4.21,km,2340000,,555.82,,,6.48,,
run 37m6s k3.02,Run,,,3.02,km,2226000,,737.09,,,4.88,,
run 223kcal 35m47s 149hr m2920,Run,149,223,2.92,km,2147000,,735.27,,,4.9,,
walk 247kcal 32.4min +21.34m b94 3.52ksteps,Walk,94,247,,,1944000,21.34,,,,,3520,
walk kcal255 b94 37min 33sec,Walk,94,255,,,2253000,,,,,,,
walk 2354 steps avg106 23min 2sec elev27.43m kcal178,Walk,106,178,,,1382000,27.43,,,,,2354,
walk 28.2 kcal161 1975 steps hr99,Walk,99,161,,,1692000,,,,,,1975,
walk 38min 24sec bpm101 elev30.48m 247kcal,Walk,101,247,,,2304000,30.48,,,,,,
walk 21min 20sec b99,Walk,99,,,,1280000,,,,,,,
walk steps2546 25 min kcal194 106 bpm,Walk,106,194,,,1500000,,,,,,2546,
run 3990m 38m41s 325kcal,Run,,325,3.99,km,2321000,,581.7,,,6.19,,
walk 187kcal sec1434 b102,Walk,102,187,,,1434000,,,,,,,
walk steps2.85k 210kcal 87hr 30.7min,Walk,87,210,,,1842000,,,,,,2850,
walk sec1588 101b,Walk,101,,,,1588000,,,,,,,
treadmill 1h 9min 35sec 142b kcal514 step7784 136.55m gain m6490,Treadmill,142,514,6.49,km,4175000,136.55,643.3,,,5.6,7784,
walk up124.97m 1792s 2.78k steps,Walk,,,,,1792000,124.97,,,,,2780,
walk 327kcal b87 min59,Walk,87,327,,,3540000,,,,,,,
run 5269steps 4.33 km 44min 27sec hr143 kcal317 +71.32m,Run,143,317,4.33,km,2667000,71.32,615.94,,,5.84,5269,
walk 2500 steps 1383s,Walk,,,,,1383000,,,,,,2500,
treadmill 1h22m59s 4.81mi,Treadmill,,,7.74,km,4979000,,643.2,,,5.6,,
walk hr100 2.75ksteps 233kcal 35,Walk,100,233,,,2100000,,,,,,2750,
walk 194kcal b91 27.43m gain 29.9 2.56ksteps,Walk,91,194,,,1794000,27.43,,,,,2560,
walk 105 bpm 9.14m gain 1.57ksteps 15.3,Walk,105,,,,918000,9.14,,,,,1570,
walk gain30.48m avg90 steps4.61k 55min 28sec kcal346,Walk,90,346,,,3328000,30.48,,,,,4610,
walk 2401 steps up20.98m 1332sec,Walk,,,,,1332000,20.98,,,,,2401,
walk gain6.1m 27.3 3.07k steps,Walk,,,,,1638000,6.1,,,,,3070,
walk avg98 33.53m gain 224kcal 29.9 steps3.08k,Walk,98,224,,,1794000,33.53,,,,,3080,
walk min18 steps1.98k 136kcal,Walk,,136,,,1080000,,,,,,1980,
walk 203kcal 34m59s,Walk,,203,,,2099000,,,,,,,
run 638kcal k8.2,Run,,638,8.2,km,,,,,,,,
walk 57min 397kcal 90 bpm +15.24m 5.83ksteps,Walk,90,397,,,3420000,15.24,,,,,5830,
run 2.67 mi 4979steps min45,Run,,,4.3,km,2700000,,628.35,,,5.73,4979,
walk 435kcal 99b elev15.24m 3993s steps5.95k,Walk,99,435,,,3993000,15.24,,,,,5950,
walk 97kcal 101hr min15,Walk,101,97,,,900000,,,,,,,
walk steps1852 avg112 1075s +18.29m,Walk,112,,,,1075000,18.29,,,,,1852,
walk 2120 steps 20m29s kcal161 bpm110 up3.05m,Walk,110,161,,,1229000,3.05,,,,,2120,
walk hr93 213kcal 2.98ksteps 30.7min,Walk,93,213,,,1842000,,,,,,2980,
walk 47min 4456 steps 91b,Walk,91,,,,2820000,,,,,,4456,
run 2.37 mi min36,Run,,,3.81,km,2160000,,566.31,,,6.36,,
walk b80 35min 50sec kcal214,Walk,80,214,,,2150000,,,,,,,
run 92min kcal818 k10.65,Run,,818,10.65,km,5520000,,518.31,,,6.95,,
run 50min 5.59 km +65.23m steps6463,Run,,,5.59,km,3000000,65.23,536.67,,,6.71,6463,
run 36.2min b152 3710 m kcal314,Run,152,314,3.71,km,2172000,,585.44,,,6.15,,
walk 127bpm 25min 36sec steps2.65k kcal245 +24.38m,Walk,127,245,,,1536000,24.38,,,,,2650,
run 4.16mi 3721sec,Run,,,6.69,km,3721000,,555.8,,,6.48,,
run kcal1022 14.9k steps km16.15 148bpm 113.5 gain171.91m,Run,148,1022,16.15,km,6810000,171.91,421.67,,,8.54,14900,
run kcal326 sec2098 4.93 km,Run,,326,4.93,km,2098000,,425.56,,,8.46,,
walk 26min 239kcal elev45.72m steps2.75k 122b,Walk,122,239,,,1560000,45.72,,,,,2750,
run k4.7 kcal312 35.4,Run,,312,4.7,km,2124000,,451.91,,,7.97,,
run 4313 steps 34m30s kcal276 4.62km,Run,,276,4.62,km,2070000,,448.05,,,8.03,4313,
walk 275kcal 3.34ksteps bpm104 39m15s,Walk,104,275,,,2355000,,,,,,3340,
walk 293kcal b109 34.1min,Walk,109,293,,,2046000,,,,,,,
walk 3682 steps 34.1 avg107 265kcal,Walk,107,265,,,2046000,,,,,,3682,
walk hr107 kcal282 41min,Walk,107,282,,,2460000,,,,,,,
run 34.5 149 bpm 2.78mi 4.38ksteps 295kcal elev45.42m,Run,149,295,4.47,km,2070000,45.42,462.68,,,7.78,4380,
walk kcal305 42.7min,Walk,,305,,,2562000,,,,,,,
run 18.92 km 1200kcal 2h 11min 10sec 150.57m gain steps18417 146b,Run,146,1200,18.92,km,7870000,150.57,415.96,,,8.65,18417,
run 4.26k steps 4.36 km sec2086 272kcal,Run,,272,4.36,km,2086000,,478.44,,,7.52,4260,
walk kcal512 113 bpm 58.8 steps5.92k,Walk,113,512,,,3528000,,,,,,5920,
walk min35 step3965 kcal322,Walk,,322,,,2100000,,,,,,3965,
walk kcal304 b94,Walk,94,304,,,,,,,,,,
walk 178kcal 18.8min +9.14m,Walk,,178,,,1128000,9.14,,,,,,
treadmill 3.13mi avg146 42m44s,Treadmill,146,,5.04,km,2564000,,509.01,,,7.07,,
walk 304kcal 36min hr112,Walk,112,304,,,2160000,,,,,,,
walk 11.1 944steps 98kcal,Walk,,98,,,666000,,,,,,944,
walk 11m6s kcal63,Walk,,63,,,666000,,,,,,,
walk 31 min kcal196 1995 steps,Walk,,196,,,1860000,,,,,,1995,
run 5.78km 60min 485kcal up126.49m 114hr 4.99ksteps,Run,114,485,5.78,km,3600000,126.49,622.84,,,5.78,4990,
run steps3108 km3.54 202.39m gain 319kcal 36min 116hr,Run,116,319,3.54,km,2160000,202.39,610.17,,,5.9,3108,
aerobic workout 6208 steps kcal622 120bpm 65.7,Aerobic Workout,120,622,,,3942000,,,,,,6208,
walk 33min 17sec 111hr,Walk,111,,,,1997000,,,,,,,
walk steps4.44k 448kcal 69.1min,Walk,,448,,,4146000,,,,,,4440,
walk kcal294 steps3698 33.3 109bpm,Walk,109,294,,,1998000,,,,,,3698,
walk 121hr 3.84ksteps 35min elev18.29m kcal346,Walk,121,346,,,2100000,18.29,,,,,3840,
walk avg121 kcal279 27.3 2.83k steps,Walk,121,279,,,1638000,,,,,,2830,
walk 114hr gain18.29m 3.99k steps kcal343 35min 51sec,Walk,114,343,,,2151000,18.29,,,,,3990,
walk 16m13s b97 105kcal steps1.25k,Walk,97,105,,,973000,,,,,,1250,
walk 6.87k steps 97hr 61.5,Walk,97,,,,3690000,,,,,,6870,
walk min34 kcal252 gain12.19m 95hr,Walk,95,252,,,2040000,12.19,,,,,,
walk 98b up6.1m 82kcal sec768 steps1046,Walk,98,82,,,768000,6.1,,,,,1046,
walk 3.99ksteps 2100sec elev18.29m 297kcal,Walk,,297,,,2100000,18.29,,,,,3990,
run 7.04km steps5984 kcal579 min70,Run,,579,7.04,km,4200000,,596.59,,,6.03,5984,
run 7.66k steps gain354.48m 81.7 kcal815 124b km8.74,Run,124,815,8.74,km,4902000,354.48,560.87,,,6.42,7660,
run 176.17m gain 75.2min k6.97 128 bpm,Run,128,,6.97,km,4512000,176.17,647.35,,,5.56,,
walk 10min 911steps,Walk,,,,,600000,,,,,,911,
walk 10.2min 125kcal,Walk,,125,,,612000,,,,,,,
walk 614sec hr119 elev9.14m kcal95 1.03ksteps,Walk,119,95,,,614000,9.14,,,,,1030,
walk 717sec 100b,Walk,100,,,,717000,,,,,,,
walk b101 11min 56sec kcal94,Walk,101,94,,,716000,,,,,,,
walk 101b min11 1001steps 84kcal,Walk,101,84,,,660000,,,,,,1001,
walk hr100 83kcal 11 min 977 steps,Walk,100,83,,,660000,,,,,,977,
walk steps1.07k 112kcal 11.1 bpm124 elev6.1m,Walk,124,112,,,666000,6.1,,,,,1070,
walk 98hr 39min 15sec 278kcal step3362,Walk,98,278,,,2355000,,,,,,3362,
walk b94 2095steps kcal178 15.24m gain 28min,Walk,94,178,,,1680000,15.24,,,,,2095,
walk 13min 92kcal,Walk,,92,,,780000,,,,,,,
run 4400s 6.89 km 585kcal,Run,,585,6.89,km,4400000,,638.61,,,5.64,,
run kcal693 7.07ksteps bpm109 82.1 m7370 elev177.39m,Run,109,693,7.37,km,4926000,177.39,668.39,,,5.39,7070,
run 6910 m 604kcal +123.44m 1h 10min 22sec,Run,,604,6.91,km,4222000,123.44,611,,,5.89,,
walk 93bpm 33m17s kcal243 up12.19m,Walk,93,243,,,1997000,12.19,,,,,,
walk 122kcal 12.19m gain 17 min,Walk,,122,,,1020000,12.19,,,,,,
walk 96b up45.72m 40.1min,Walk,96,,,,2406000,45.72,,,,,,
walk 117b 15.4min 142kcal,Walk,117,142,,,924000,,,,,,,
treadmill 130b 53.4 kcal593 k6.76,Treadmill,130,593,6.76,km,3204000,,473.96,,,7.6,,
walk b94 up6.1m steps738 11.9min 74kcal,Walk,94,74,,,714000,6.1,,,,,738,
walk gain9.14m 317kcal b112 min36,Walk,112,317,,,2160000,9.14,,,,,,
walk 34min hr110 3575 steps kcal306 +60.96m,Walk,110,306,,,2040000,60.96,,,,,3575,
walk 3923 steps 102hr kcal290 36min 42sec,Walk,102,290,,,2202000,,,,,,3923,
treadmill 56.6 gain55.47m b126 mi3.7,Treadmill,126,,5.95,km,3396000,55.47,570.32,,,6.31,,
walk 126b up12.19m 34min 9sec,Walk,126,,,,2049000,12.19,,,,,,
walk 4238 steps kcal351 +24.38m hr92 3277s,Walk,92,351,,,3277000,24.38,,,,,4238,
walk 35min 51sec 18.29m gain b117,Walk,117,,,,2151000,18.29,,,,,,
walk 29min 52sec 88b 191kcal,Walk,88,191,,,1792000,,,,,,,
walk 3732steps up12.19m 2048s 91b kcal247,Walk,91,247,,,2048000,12.19,,,,,3732,
walk 16min 13sec 90bpm kcal116,Walk,90,116,,,973000,,,,,,,
walk 27min 19sec kcal200,Walk,,200,,,1639000,,,,,,,
walk 99 bpm 272kcal 3804 steps 33m17s +18.29m,Walk,99,272,,,1997000,18.29,,,,,3804,
treadmill 31.6min 3.46 km 323kcal 4.21ksteps,Treadmill,,323,3.46,km,1896000,,547.98,,,6.57,4210,
walk 287kcal b98 3.35ksteps min36,Walk,98,287,,,2160000,,,,,,3350,
walk 1844s up9.14m 231kcal,Walk,,231,,,1844000,9.14,,,,,,
walk 6.1m gain steps1620 22 min 94b 138kcal,Walk,94,138,,,1320000,6.1,,,,,1620,
walk kcal341 gain18.29m step3891 35.8min 116bpm,Walk,116,341,,,2148000,18.29,,,,,3891,
walk kcal100 gain12.19m 94bpm steps1.23k 13.7min,Walk,94,100,,,822000,12.19,,,,,1230,
run m7840 11107 steps min85,Run,,,7.84,km,5100000,,650.51,,,5.53,11107,
walk 38min 294kcal 3868 steps avg94,Walk,94,294,,,2280000,,,,,,3868,
walk 217kcal avg95 32min,Walk,95,217,,,1920000,,,,,,,
run 2h14m17s 1345kcal bpm119,Run,119,1345,,,8057000,,,,,,,
run 161.8min 14.46 km,Run,,,14.46,km,9708000,,671.37,,,5.36,,
walk 754 steps 12m48s,Walk,,,,,768000,,,,,,754,
run kcal1771 118b 18040m 180 min,Run,118,1771,18.04,km,10800000,,598.67,,,6.01,,
run kcal504 avg113 steps4.14k 57m17s 4700 m up106.38m,Run,113,504,4.7,km,3437000,106.38,731.28,,,4.92,4140,
run km15.48 13.84ksteps min162 kcal1523,Run,,1523,15.48,km,9720000,,627.91,,,5.73,13840,
aerobic workout 61.5min avg126 5654 steps,Aerobic Workout,126,,,,3690000,,,,,,5654,
run steps5633 km5.69 1h14m7s kcal631,Run,,631,5.69,km,4447000,,781.55,,,4.61,5633,
run 11.72ksteps sec8036 12.14 km,Run,,,12.14,km,8036000,,661.94,,,5.44,11720,
run step11346 12.22 km,Run,,,12.22,km,,,,,,,11346,
run 1519kcal avg122 13268 steps 644.04m gain km13.8 148min,Run,122,1519,13.8,km,8880000,644.04,643.48,,,5.59,13268,
walk 1814 steps 23m3s,Walk,,,,,1383000,,,,,,1814,
run step7434 8.14 km 128 bpm 1h19m34s up349.91m 876kcal,Run,128,876,8.14,km,4774000,349.91,586.49,,,6.14,7434,
walk 33 min 255kcal,Walk,,255,,,1980000,,,,,,,
walk 3710 steps 35 +57.91m,Walk,,,,,2100000,57.91,,,,,3710,
walk 39min 16sec +9.14m steps3995 kcal281,Walk,,281,,,2356000,9.14,,,,,3995,
treadmill 46min 57sec 116bpm 5.08k,Treadmill,116,,5.08,km,2817000,,554.53,,,6.49,,
walk +6.1m 34.1min 281kcal,Walk,,281,,,2046000,6.1,,,,,,
walk kcal118 steps1.36k 111b gain27.43m min13,Walk,111,118,,,780000,27.43,,,,,1360,
walk b103 kcal319 +15.24m 37.5min steps4.18k,Walk,103,319,,,2250000,15.24,,,,,4180,
run 127 bpm 71.2min,Run,127,,,,4272000,,,,,,,
walk 248kcal 3.15ksteps 97bpm 32m26s,Walk,97,248,,,1946000,,,,,,3150,
run 10550m 134 bpm 2h 11min 49sec gain411.18m steps9587 1478kcal,Run,134,1478,10.55,km,7909000,411.18,749.67,,,4.8,9587,
walk 248kcal 33m17s steps3.69k,Walk,,248,,,1997000,,,,,,3690,
walk +18.29m 32min 26sec kcal252,Walk,,252,,,1946000,18.29,,,,,,
walk 98kcal step1014 11min 6sec 112bpm,Walk,112,98,,,666000,,,,,,1014,
walk 6.1m gain hr102 kcal90 step737 12.8,Walk,102,90,,,768000,6.1,,,,,737,
treadmill 669kcal km6.99 hr96 1h 52min 29sec,Treadmill,96,669,6.99,km,6749000,,965.52,,,3.73,,
walk kcal328 b110 36.7min,Walk,110,328,,,2202000,,,,,,,
walk min10 step929,Walk,,,,,600000,,,,,,929,
run 2h 45min 25sec kcal1740 15.47k steps 125 bpm,Run,125,1740,,,9925000,,,,,,15470,
run 597kcal 54.5 elev164.9m km5.59,Run,,597,5.59,km,3270000,164.9,584.97,,,6.15,,
run b126 km11.33 +417.58m 1h 57min 36sec step9934 kcal1206,Run,126,1206,11.33,km,7056000,417.58,622.77,,,5.78,9934,
run kcal1197 11.48 km 7018s 10.67ksteps,Run,,1197,11.48,km,7018000,,611.32,,,5.89,10670,
walk 12.19m gain 35min kcal260 hr94,Walk,94,260,,,2100000,12.19,,,,,,
walk steps753 67kcal 12 min,Walk,,67,,,720000,,,,,,753,
walk 91kcal 13min 40sec elev6.1m step866 97b,Walk,97,91,,,820000,6.1,,,,,866,
walk kcal274 36min 41sec 9.14m gain 89hr,Walk,89,274,,,2201000,9.14,,,,,,
walk sec1434 92b step1872 171kcal,Walk,92,171,,,1434000,,,,,,1872,
bike kcal60 43 min hr140,Bike,140,60,,,2580000,,,,,,,
walk kcal276 34m59s,Walk,,276,,,2099000,,,,,,,
walk 75kcal 10.2min bpm103 gain6.1m,Walk,103,75,,,612000,6.1,,,,,,
walk avg99 1h 13min 24sec steps5.74k,Walk,99,,,,4404000,,,,,,5740,
walk 20 min 146kcal,Walk,,146,,,1200000,,,,,,,
walk hr100 10min 14sec,Walk,100,,,,614000,,,,,,,
walk step4008 36min kcal382,Walk,,382,,,2160000,,,,,,4008,
run 117b 5562s,Run,117,,,,5562000,,,,,,,
run 7.92k kcal829 1h18m50s,Run,,829,7.92,km,4730000,,597.22,,,6.03,,
run mi6.39 9128steps avg124 gain326.14m 1h41m51s kcal1062,Run,124,1062,10.28,km,6111000,326.14,594.24,,,6.06,9128,
run km11.83 2h6m16s 495.3m gain step10972,Run,,,11.83,km,7576000,495.3,640.41,,,5.62,10972,
walk 34.1min kcal271,Walk,,271,,,2046000,,,,,,,
walk 3.96ksteps 3072s,Walk,,,,,3072000,,,,,,3960,
walk 35.8 4034 steps,Walk,,,,,2148000,,,,,,4034,
run kcal1466 mi8.18 155 min,Run,,1466,13.16,km,9300000,,706.45,,,5.1,,
run 2.84ksteps 32.7min kcal303 1.81mi,Run,,303,2.91,km,1962000,,673.55,,,5.34,2840,
walk 34min up12.19m kcal258 hr90,Walk,90,258,,,2040000,12.19,,,,,,
walk 3658steps kcal272 33.3min,Walk,,272,,,1998000,,,,,,3658,
walk 33m17s 92 bpm steps3737 elev15.24m kcal257,Walk,92,257,,,1997000,15.24,,,,,3737,
walk 38min 24sec 3.68k steps bpm81,Walk,81,,,,2304000,,,,,,3680,
walk 4.43k steps b98 44min 351kcal,Walk,98,351,,,2640000,,,,,,4430,
walk min35 103bpm 306kcal,Walk,103,306,,,2100000,,,,,,,
walk 32min 111hr kcal335,Walk,111,335,,,1920000,,,,,,,
walk sec2406 steps4393 bpm76 kcal341,Walk,76,341,,,2406000,,,,,,4393,
walk 111b kcal100 11.9min,Walk,111,100,,,714000,,,,,,,
sport 23m2s 153kcal b100,Sport,100,153,,,1382000,,,,,,,
walk hr105 step794 elev9.14m 11 min kcal86,Walk,105,86,,,660000,9.14,,,,,794,
run kcal1482 step13161 13.81 km 2h 37min 40sec,Run,,1482,13.81,km,9460000,,685.01,,,5.26,13161,
run 11.34k 2h 3min 20sec,Run,,,11.34,km,7400000,,652.56,,,5.52,,
run 798kcal 8.06k steps 84.8 mi5.23 gain362.1m b110,Run,110,798,8.42,km,5088000,362.1,604.5,,,5.96,8060,
sport kcal118 1.45k steps 21.3min b67,Sport,67,118,,,1278000,,,,,,1450,
run 167.8min 1627kcal 15.76k 117 bpm,Run,117,1627,15.76,km,10068000,,638.83,,,5.64,,
walk 33m17s 15.24m gain bpm113 kcal316,Walk,113,316,,,1997000,15.24,,,,,,
walk 38min 52sec 95bpm up60.96m 322kcal,Walk,95,322,,,2332000,60.96,,,,,,
walk 66kcal hr89 sec615,Walk,89,66,,,615000,,,,,,,
walk 11.9 b88 steps1.08k,Walk,88,,,,714000,,,,,,1080,
walk 58min 2sec steps3.98k up21.34m 92b 373kcal,Walk,92,373,,,3482000,21.34,,,,,3980,
walk 112 bpm 2.72ksteps 299kcal gain18.29m 1997sec,Walk,112,299,,,1997000,18.29,,,,,2720,
walk 34min 8sec kcal310 up64.01m 3.67ksteps,Walk,,310,,,2048000,64.01,,,,,3670,
walk 97bpm 4.23ksteps sec2458,Walk,97,,,,2458000,,,,,,4230,
sport kcal236 33.3min,Sport,,236,,,1998000,,,,,,,
run 173.2min 1503kcal 13.07km hr112 steps12.76k +231.95m,Run,112,1503,13.07,km,10392000,231.95,795.1,,,4.53,12760,
walk 11.1min 1.09k steps kcal98,Walk,,98,,,666000,,,,,,1090,
walk 1748 steps bpm105 172kcal 19.6,Walk,105,172,,,1176000,,,,,,1748,
walk 92kcal min13,Walk,,92,,,780000,,,,,,,
walk 97b 573kcal 1h 19min 22sec up30.48m,Walk,97,573,,,4762000,30.48,,,,,,
walk 1h 7min 26sec 551kcal step5990,Walk,,551,,,4046000,,,,,,5990,
run up800.71m 108hr 121.8min km10.83 1128kcal 10047 steps,Run,108,1128,10.83,km,7308000,800.71,674.79,,,5.33,10047,
walk steps5405 447kcal gain33.53m avg104 55.5min,Walk,104,447,,,3330000,33.53,,,,,5405,
walk 1h52m38s step9389,Walk,,,,,6758000,,,,,,9389,
walk 56min kcal436 steps5593 bpm101,Walk,101,436,,,3360000,,,,,,5593,
outdoor bike 48.77m gain 26.4min 131kcal 67hr,Outdoor Bike,67,131,,,1584000,48.77,,,,,,
walk 1.88k steps 23m2s kcal183 102b,Walk,102,183,,,1382000,,,,,,1880,
walk 18m47s 1816 steps 107 bpm kcal160,Walk,107,160,,,1127000,,,,,,1816,
walk kcal165 1433sec,Walk,,165,,,1433000,,,,,,,
walk sec1690 2.28k steps,Walk,,,,,1690000,,,,,,2280,
sport kcal312 min46,Sport,,312,,,2760000,,,,,,,
run km10.87 hr122 10903 steps 7195sec,Run,122,,10.87,km,7195000,,661.91,,,5.44,10903,
sport 16m12s avg122 1.33k steps,Sport,122,,,,972000,,,,,,1330,
run 159.7min kcal1534 avg115 13.58k,Run,115,1534,13.58,km,9582000,,705.6,,,5.1,,
walk steps1571 107bpm up18.29m 126kcal 14m30s,Walk,107,126,,,870000,18.29,,,,,1571,
bike 129bpm 348kcal 79.8min gain90.83m,Bike,129,348,,,4788000,90.83,,,,,,
bike 82min gain549.25m 121 bpm 771kcal,Bike,121,771,,,4920000,549.25,,,,,,
walk +136.85m avg92 min89 steps6.46k kcal578 5.36 km,Walk,92,578,5.36,km,5340000,136.85,996.27,,,3.61,6460,
outdoor bike 1h 15min 57sec avg146 kcal939 elev100.58m,Outdoor Bike,146,939,,,4557000,100.58,,,,,,
walk 9.7km 958kcal sec6887 104 bpm,Walk,104,958,9.7,km,6887000,,710,,,5.07,,
bike up500.48m 1h25m25s,Bike,,,,,5125000,500.48,,,,,,
walk 2h 31min 10sec 7.05 mi,Walk,,,11.35,km,9070000,,799.41,,,4.5,,
bike avg113 1h 44min 46sec kcal414 m33020,Bike,113,414,33.02,km,6286000,,190.37,,,18.91,,
bike km42.18 kcal1235 2h 21min 30sec,Bike,,1235,42.18,km,8490000,,201.28,,,17.89,,
walk 145kcal 20min 28sec,Walk,,145,,,1228000,,,,,,,
walk 56.3 avg104 500kcal 6.28ksteps,Walk,104,500,,,3378000,,,,,,6280,
bike hr138 kcal1053 min111 +623.62m 36840m,Bike,138,1053,36.84,km,6660000,623.62,180.78,,,19.91,,
walk 8697steps 93,Walk,,,,,5580000,,,,,,8697,
bike min114 32070m gain685.8m 127hr kcal538,Bike,127,538,32.07,km,6840000,685.8,213.28,,,16.88,,
walk 47m47s elev88.39m avg106 kcal407,Walk,106,407,,,2867000,88.39,,,,,,
bike sec7881 hr150 up673.91m m38720 kcal1520,Bike,150,1520,38.72,km,7881000,673.91,203.54,,,17.69,,
walk 11min 5sec steps1.01k hr110,Walk,110,,,,665000,,,,,,1010,
aerobic workout 170kcal 18m46s steps1.77k bpm110,Aerobic Workout,110,170,,,1126000,,,,,,1770,
walk 26m27s 97b,Walk,97,,,,1587000,,,,,,,
bike 128.8min 31560 m 1035kcal,Bike,,1035,31.56,km,7728000,,244.87,,,14.7,,
walk 73kcal 615s 596 steps,Walk,,73,,,615000,,,,,,596,
walk 2.18m gain kcal86 790 steps min10,Walk,,86,,,600000,2.18,,,,,790,
walk kcal106 871sec,Walk,,106,,,871000,,,,,,,
walk kcal71 10.2min hr92,Walk,92,71,,,612000,,,,,,,
walk steps942 82kcal elev15.24m 15m22s,Walk,,82,,,922000,15.24,,,,,942,
walk 15.4min 102hr kcal82 steps858,Walk,102,82,,,924000,,,,,,858,
walk kcal94 112bpm 16min 13sec step841 gain15.24m,Walk,112,94,,,973000,15.24,,,,,841,
walk 91kcal step905 15.24m gain b104 18.8,Walk,104,91,,,1128000,15.24,,,,,905,
walk kcal264 bpm104 46.9min,Walk,104,264,,,2814000,,,,,,,
aerobic workout b101 29min,Aerobic Workout,101,,,,1740000,,,,,,,
aerobic workout 27 min kcal164 102 bpm steps2.16k,Aerobic Workout,102,164,,,1620000,,,,,,2160,
walk 15.24m gain steps892 kcal84 106bpm 16 min,Walk,106,84,,,960000,15.24,,,,,892,
walk kcal147 up39.62m 1858steps 24m45s 108 bpm,Walk,108,147,,,1485000,39.62,,,,,1858,
walk steps991 15min 22sec 110b,Walk,110,,,,922000,,,,,,991,
walk steps993 kcal87 15min 21sec,Walk,,87,,,921000,,,,,,993,
walk b105 96kcal 1075s,Walk,105,96,,,1075000,,,,,,,
outdoor bike 1229sec 62kcal avg73,Outdoor Bike,73,62,,,1229000,,,,,,,
walk 103bpm elev15.24m 30min 44sec,Walk,103,,,,1844000,15.24,,,,,,
walk gain6.1m 173kcal 1434sec bpm118 steps2067,Walk,118,173,,,1434000,6.1,,,,,2067,
walk kcal92 15.4min,Walk,,92,,,924000,,,,,,,
walk steps1030 106bpm 17min 4sec,Walk,106,,,,1024000,,,,,,1030,
walk 109kcal 1067 steps 19.6min avg106,Walk,106,109,,,1176000,,,,,,1067,
outdoor bike avg71 23min 54sec 75kcal,Outdoor Bike,71,75,,,1434000,,,,,,,
