input,itemsJson,totalKcal,mealType,timeOffset
15 gr raw english walnut halves + raspberries 150 grams ln -21d,"[{""name"":""nuts, walnuts, english, halves, raw"",""quantity"":15,""unit"":""g"",""kcal"":102},{""name"":""raspberries, raw"",""quantity"":150,""unit"":""g"",""kcal"":77}]",179,late_night,-P21D
100 g raspberries + raw peanuts 30 grams breakfast 17d ago,"[{""name"":""raspberries, raw"",""quantity"":100,""unit"":""g"",""kcal"":51},{""name"":""peanuts, raw"",""quantity"":30,""unit"":""g"",""kcal"":165}]",216,breakfast,-P17D
150 grams red delicious apple + 20g whole raw almonds late night,"[{""name"":""apples, red delicious, with skin, raw"",""quantity"":150,""unit"":""g"",""kcal"":93},{""name"":""nuts, almonds, whole, raw"",""quantity"":20,""unit"":""g"",""kcal"":117}]",210,late_night,PT0M
ate 2 pieces cooked skinless boneless chicken breast + raw roma tomato 150 grams lunch,"[{""name"":""chicken, broiler or fryers, breast, skinless, boneless, meat only, cooked, braised"",""quantity"":2,""unit"":""piece"",""kcal"":578},{""name"":""tomato, roma"",""quantity"":150,""unit"":""g"",""kcal"":28}]",606,lunch,PT0M
ate strawberries 150 grams + raw peanuts 15g snack 5h ago,"[{""name"":""strawberries, raw"",""quantity"":150,""unit"":""g"",""kcal"":47},{""name"":""peanuts, raw"",""quantity"":15,""unit"":""g"",""kcal"":83}]",130,snack,-PT5H
ate 2% milk cup1 + raspberries g200 6h ago,"[{""name"":""milk, reduced fat, fluid, 2% milkfat, with added vitamin a and vitamin d"",""quantity"":1,""unit"":""cup"",""kcal"":114},{""name"":""raspberries, raw"",""quantity"":200,""unit"":""g"",""kcal"":103}]",217,unknown,-PT6H
piece1 cooked skinless boneless chicken breast + raw romaine lettuce 150g dinner tmr,"[{""name"":""chicken, broiler or fryers, breast, skinless, boneless, meat only, cooked, braised"",""quantity"":1,""unit"":""piece"",""kcal"":289},{""name"":""lettuce, romaine, green, raw"",""quantity"":150,""unit"":""g"",""kcal"":26}]",315,dinner,P1D
whole raw almonds g30 + 200 grams red delicious apple,"[{""name"":""nuts, almonds, whole, raw"",""quantity"":30,""unit"":""g"",""kcal"":175},{""name"":""apples, red delicious, with skin, raw"",""quantity"":200,""unit"":""g"",""kcal"":124}]",299,unknown,PT0M
g100 raspberries + raw english walnut halves g20 bf 25d ago,"[{""name"":""raspberries, raw"",""quantity"":100,""unit"":""g"",""kcal"":51},{""name"":""nuts, walnuts, english, halves, raw"",""quantity"":20,""unit"":""g"",""kcal"":136}]",187,breakfast,-P25D
ate blueberries 100 g + whole raw almonds g20 8h ago,"[{""name"":""blueberries, raw"",""quantity"":100,""unit"":""g"",""kcal"":57},{""name"":""nuts, almonds, whole, raw"",""quantity"":20,""unit"":""g"",""kcal"":117}]",174,unknown,-PT8H
200 gr strawberries + whole raw almonds 20 g snack -21h,"[{""name"":""strawberries, raw"",""quantity"":200,""unit"":""g"",""kcal"":62},{""name"":""nuts, almonds, whole, raw"",""quantity"":20,""unit"":""g"",""kcal"":117}]",179,snack,-PT21H
ate strawberries 200g + raw english walnut halves g20,"[{""name"":""strawberries, raw"",""quantity"":200,""unit"":""g"",""kcal"":62},{""name"":""nuts, walnuts, english, halves, raw"",""quantity"":20,""unit"":""g"",""kcal"":136}]",198,unknown,PT0M
ate raw cucumber with peel 50 gr + 150 grams cooked meat-only chicken drumstick 4h ago,"[{""name"":""cucumber, with peel, raw"",""quantity"":50,""unit"":""g"",""kcal"":7},{""name"":""chicken, broilers or fryers, drumstick, meat only, cooked, braised"",""quantity"":150,""unit"":""g"",""kcal"":234}]",241,unknown,-PT4H
2% milk cup1 + red delicious apple 100 grams -22h,"[{""name"":""milk, reduced fat, fluid, 2% milkfat, with added vitamin a and vitamin d"",""quantity"":1,""unit"":""cup"",""kcal"":114},{""name"":""apples, red delicious, with skin, raw"",""quantity"":100,""unit"":""g"",""kcal"":62}]",176,unknown,-PT22H
blueberries 200 g + whole raw almonds 20 grams breakfast,"[{""name"":""blueberries, raw"",""quantity"":200,""unit"":""g"",""kcal"":115},{""name"":""nuts, almonds, whole, raw"",""quantity"":20,""unit"":""g"",""kcal"":117}]",232,breakfast,PT0M
ate 100 g red delicious apple + raw english walnut halves 15g snack -2h,"[{""name"":""apples, red delicious, with skin, raw"",""quantity"":100,""unit"":""g"",""kcal"":62},{""name"":""nuts, walnuts, english, halves, raw"",""quantity"":15,""unit"":""g"",""kcal"":102}]",164,snack,-PT2H
red delicious apple g100 + raw peanuts 20 g 172 cal snack,"[{""name"":""apples, red delicious, with skin, raw"",""quantity"":100,""unit"":""g"",""kcal"":62},{""name"":""peanuts, raw"",""quantity"":20,""unit"":""g"",""kcal"":110}]",172,snack,PT0M
ate 100 grams red delicious apple + 20g raw english walnut halves late night,"[{""name"":""apples, red delicious, with skin, raw"",""quantity"":100,""unit"":""g"",""kcal"":62},{""name"":""nuts, walnuts, english, halves, raw"",""quantity"":20,""unit"":""g"",""kcal"":136}]",198,late_night,PT0M
raspberries g150 + raw peanuts 15 g 3d ago,"[{""name"":""raspberries, raw"",""quantity"":150,""unit"":""g"",""kcal"":77},{""name"":""peanuts, raw"",""quantity"":15,""unit"":""g"",""kcal"":83}]",160,unknown,-P3D
cooked skinless boneless chicken breast piece2 + raw cucumber with peel 50 g dinner 23d ago,"[{""name"":""chicken, broiler or fryers, breast, skinless, boneless, meat only, cooked, braised"",""quantity"":2,""unit"":""piece"",""kcal"":578},{""name"":""cucumber, with peel, raw"",""quantity"":50,""unit"":""g"",""kcal"":7}]",585,dinner,-P23D
2% milk 2 cups + 150 grams red delicious apple snack,"[{""name"":""milk, reduced fat, fluid, 2% milkfat, with added vitamin a and vitamin d"",""quantity"":2,""unit"":""cup"",""kcal"":227},{""name"":""apples, red delicious, with skin, raw"",""quantity"":150,""unit"":""g"",""kcal"":93}]",320,snack,PT0M
red delicious apple 150g + 15 grams whole raw almonds late night -7h,"[{""name"":""apples, red delicious, with skin, raw"",""quantity"":150,""unit"":""g"",""kcal"":93},{""name"":""nuts, almonds, whole, raw"",""quantity"":15,""unit"":""g"",""kcal"":88}]",181,late_night,-PT7H
ate 200 gr raspberries + 1 cup whole milk snack 13h ago,"[{""name"":""raspberries, raw"",""quantity"":200,""unit"":""g"",""kcal"":103},{""name"":""milk, whole, 3.25% milkfat, with added vitamin d"",""quantity"":1,""unit"":""cup"",""kcal"":137}]",240,snack,-PT13H
15 g raw english walnut halves + 200 gr strawberries ln 26d ago,"[{""name"":""nuts, walnuts, english, halves, raw"",""quantity"":15,""unit"":""g"",""kcal"":102},{""name"":""strawberries, raw"",""quantity"":200,""unit"":""g"",""kcal"":62}]",164,late_night,-P26D
chinese fried rice without meat 1cup + sweet and sour pork 3 pieces lunch,"[{""name"":""restaurant, chinese, fried rice, without meat"",""quantity"":1,""unit"":""cup"",""kcal"":231},{""name"":""restaurant, chinese, sweet and sour pork"",""quantity"":3,""unit"":""piece"",""kcal"":109}]",340,lunch,PT0M
1cup whole milk + 150 grams blueberries,"[{""name"":""milk, whole, 3.25% milkfat, with added vitamin d"",""quantity"":1,""unit"":""cup"",""kcal"":137},{""name"":""blueberries, raw"",""quantity"":150,""unit"":""g"",""kcal"":86}]",223,unknown,PT0M
ate cooked meat-only chicken drumstick 200 grams + 100 gr raw romaine lettuce,"[{""name"":""chicken, broilers or fryers, drumstick, meat only, cooked, braised"",""quantity"":200,""unit"":""g"",""kcal"":312},{""name"":""lettuce, romaine, green, raw"",""quantity"":100,""unit"":""g"",""kcal"":17}]",329,unknown,PT0M
raspberries g150 + whole raw almonds 15 grams,"[{""name"":""raspberries, raw"",""quantity"":150,""unit"":""g"",""kcal"":77},{""name"":""nuts, almonds, whole, raw"",""quantity"":15,""unit"":""g"",""kcal"":88}]",165,unknown,PT0M
whole milk 1 cup + 150 gr strawberries snack,"[{""name"":""milk, whole, 3.25% milkfat, with added vitamin d"",""quantity"":1,""unit"":""cup"",""kcal"":137},{""name"":""strawberries, raw"",""quantity"":150,""unit"":""g"",""kcal"":47}]",184,snack,PT0M
ate blueberries 150g + 15 g raw peanuts late night 17d ago,"[{""name"":""blueberries, raw"",""quantity"":150,""unit"":""g"",""kcal"":86},{""name"":""peanuts, raw"",""quantity"":15,""unit"":""g"",""kcal"":83}]",169,late_night,-P17D
ate g150 cooked meat-only chicken drumstick + g150 raw romaine lettuce 260 cal dinner 24d ago,"[{""name"":""chicken, broilers or fryers, drumstick, meat only, cooked, braised"",""quantity"":150,""unit"":""g"",""kcal"":234},{""name"":""lettuce, romaine, green, raw"",""quantity"":150,""unit"":""g"",""kcal"":26}]",260,dinner,-P24D
ate whole milk 1 cup + 100 gr raspberries 188 cal bf,"[{""name"":""milk, whole, 3.25% milkfat, with added vitamin d"",""quantity"":1,""unit"":""cup"",""kcal"":137},{""name"":""raspberries, raw"",""quantity"":100,""unit"":""g"",""kcal"":51}]",188,breakfast,PT0M
g150 strawberries + raw english walnut halves 15 g snack 5h ago,"[{""name"":""strawberries, raw"",""quantity"":150,""unit"":""g"",""kcal"":47},{""name"":""nuts, walnuts, english, halves, raw"",""quantity"":15,""unit"":""g"",""kcal"":102}]",149,snack,-PT5H
100g cooked meat-only chicken drumstick + 100 grams raw romaine lettuce -6d,"[{""name"":""chicken, broilers or fryers, drumstick, meat only, cooked, braised"",""quantity"":100,""unit"":""g"",""kcal"":156},{""name"":""lettuce, romaine, green, raw"",""quantity"":100,""unit"":""g"",""kcal"":17}]",173,unknown,-P6D
ate raw peanuts 15g + 100 g red delicious apple 145 cal late night 19h ago,"[{""name"":""peanuts, raw"",""quantity"":15,""unit"":""g"",""kcal"":83},{""name"":""apples, red delicious, with skin, raw"",""quantity"":100,""unit"":""g"",""kcal"":62}]",145,late_night,-PT19H
1piece cooked skinless boneless chicken breast + raw romaine lettuce 50 grams 298 cal dinner,"[{""name"":""chicken, broiler or fryers, breast, skinless, boneless, meat only, cooked, braised"",""quantity"":1,""unit"":""piece"",""kcal"":289},{""name"":""lettuce, romaine, green, raw"",""quantity"":50,""unit"":""g"",""kcal"":9}]",298,dinner,PT0M
whole milk cup1 + 200 grams red delicious apple,"[{""name"":""milk, whole, 3.25% milkfat, with added vitamin d"",""quantity"":1,""unit"":""cup"",""kcal"":137},{""name"":""apples, red delicious, with skin, raw"",""quantity"":200,""unit"":""g"",""kcal"":124}]",261,unknown,PT0M
raspberries g100 + whole milk 2 cups 23h ago,"[{""name"":""raspberries, raw"",""quantity"":100,""unit"":""g"",""kcal"":51},{""name"":""milk, whole, 3.25% milkfat, with added vitamin d"",""quantity"":2,""unit"":""cup"",""kcal"":275}]",326,unknown,-PT23H
100 g raspberries + raw peanuts 15 g 7h ago,"[{""name"":""raspberries, raw"",""quantity"":100,""unit"":""g"",""kcal"":51},{""name"":""peanuts, raw"",""quantity"":15,""unit"":""g"",""kcal"":83}]",134,unknown,-PT7H
ate 200 grams red delicious apple + raw english walnut halves 20 grams late night,"[{""name"":""apples, red delicious, with skin, raw"",""quantity"":200,""unit"":""g"",""kcal"":124},{""name"":""nuts, walnuts, english, halves, raw"",""quantity"":20,""unit"":""g"",""kcal"":136}]",260,late_night,PT0M
200g red delicious apple + 20 gr raw peanuts bf 19d ago,"[{""name"":""apples, red delicious, with skin, raw"",""quantity"":200,""unit"":""g"",""kcal"":124},{""name"":""peanuts, raw"",""quantity"":20,""unit"":""g"",""kcal"":110}]",234,breakfast,-P19D
2% milk cup2 + g100 raspberries snack 18d ago,"[{""name"":""milk, reduced fat, fluid, 2% milkfat, with added vitamin a and vitamin d"",""quantity"":2,""unit"":""cup"",""kcal"":227},{""name"":""raspberries, raw"",""quantity"":100,""unit"":""g"",""kcal"":51}]",278,snack,-P18D
ate 1 cup whole milk + 100 g strawberries,"[{""name"":""milk, whole, 3.25% milkfat, with added vitamin d"",""quantity"":1,""unit"":""cup"",""kcal"":137},{""name"":""strawberries, raw"",""quantity"":100,""unit"":""g"",""kcal"":31}]",168,unknown,PT0M
200 grams strawberries + raw peanuts 30 grams,"[{""name"":""strawberries, raw"",""quantity"":200,""unit"":""g"",""kcal"":62},{""name"":""peanuts, raw"",""quantity"":30,""unit"":""g"",""kcal"":165}]",227,unknown,PT0M
ate 100 grams strawberries + 30 g raw english walnut halves snack,"[{""name"":""strawberries, raw"",""quantity"":100,""unit"":""g"",""kcal"":31},{""name"":""nuts, walnuts, english, halves, raw"",""quantity"":30,""unit"":""g"",""kcal"":204}]",235,snack,PT0M
raw peanuts 15 grams + strawberries 100 gr snack,"[{""name"":""peanuts, raw"",""quantity"":15,""unit"":""g"",""kcal"":83},{""name"":""strawberries, raw"",""quantity"":100,""unit"":""g"",""kcal"":31}]",114,snack,PT0M
50 g raw cucumber with peel + cooked meat-only chicken drumstick g100,"[{""name"":""cucumber, with peel, raw"",""quantity"":50,""unit"":""g"",""kcal"":7},{""name"":""chicken, broilers or fryers, drumstick, meat only, cooked, braised"",""quantity"":100,""unit"":""g"",""kcal"":156}]",163,unknown,PT0M
cup2 2% milk + blueberries 200 gr 342kcal 2d ago,"[{""name"":""milk, reduced fat, fluid, 2% milkfat, with added vitamin a and vitamin d"",""quantity"":2,""unit"":""cup"",""kcal"":227},{""name"":""blueberries, raw"",""quantity"":200,""unit"":""g"",""kcal"":115}]",342,unknown,-P2D
2piece cooked skinless boneless chicken breast + 150 grams raw cucumber with peel dinner,"[{""name"":""chicken, broiler or fryers, breast, skinless, boneless, meat only, cooked, braised"",""quantity"":2,""unit"":""piece"",""kcal"":578},{""name"":""cucumber, with peel, raw"",""quantity"":150,""unit"":""g"",""kcal"":21}]",599,dinner,PT0M
ate g200 raspberries + 20g whole raw almonds bf,"[{""name"":""raspberries, raw"",""quantity"":200,""unit"":""g"",""kcal"":103},{""name"":""nuts, almonds, whole, raw"",""quantity"":20,""unit"":""g"",""kcal"":117}]",220,breakfast,PT0M
strawberries 200 gr + raw english walnut halves 30 gr breakfast -8h,"[{""name"":""strawberries, raw"",""quantity"":200,""unit"":""g"",""kcal"":62},{""name"":""nuts, walnuts, english, halves, raw"",""quantity"":30,""unit"":""g"",""kcal"":204}]",266,breakfast,-PT8H
2cup whole milk + blueberries g200 breakfast -1h,"[{""name"":""milk, whole, 3.25% milkfat, with added vitamin d"",""quantity"":2,""unit"":""cup"",""kcal"":275},{""name"":""blueberries, raw"",""quantity"":200,""unit"":""g"",""kcal"":115}]",390,breakfast,-PT1H
150 grams raspberries + 20 grams whole raw almonds bf,"[{""name"":""raspberries, raw"",""quantity"":150,""unit"":""g"",""kcal"":77},{""name"":""nuts, almonds, whole, raw"",""quantity"":20,""unit"":""g"",""kcal"":117}]",194,breakfast,PT0M
150 grams raspberries + whole raw almonds 30 g snack,"[{""name"":""raspberries, raw"",""quantity"":150,""unit"":""g"",""kcal"":77},{""name"":""nuts, almonds, whole, raw"",""quantity"":30,""unit"":""g"",""kcal"":175}]",252,snack,PT0M
200 gr cooked meat-only chicken drumstick + 150 grams raw roma tomato,"[{""name"":""chicken, broilers or fryers, drumstick, meat only, cooked, braised"",""quantity"":200,""unit"":""g"",""kcal"":312},{""name"":""tomato, roma"",""quantity"":150,""unit"":""g"",""kcal"":28}]",340,unknown,PT0M
ate cooked meat-only chicken drumstick 100 gr + 150 grams raw roma tomato 184 cal dinner -20h,"[{""name"":""chicken, broilers or fryers, drumstick, meat only, cooked, braised"",""quantity"":100,""unit"":""g"",""kcal"":156},{""name"":""tomato, roma"",""quantity"":150,""unit"":""g"",""kcal"":28}]",184,dinner,-PT20H
1cup whole milk + g100 blueberries snack,"[{""name"":""milk, whole, 3.25% milkfat, with added vitamin d"",""quantity"":1,""unit"":""cup"",""kcal"":137},{""name"":""blueberries, raw"",""quantity"":100,""unit"":""g"",""kcal"":57}]",194,snack,PT0M
100 gr red delicious apple + whole raw almonds g30,"[{""name"":""apples, red delicious, with skin, raw"",""quantity"":100,""unit"":""g"",""kcal"":62},{""name"":""nuts, almonds, whole, raw"",""quantity"":30,""unit"":""g"",""kcal"":175}]",237,unknown,PT0M
1cup whole milk + 200 gr strawberries kcal199 snack,"[{""name"":""milk, whole, 3.25% milkfat, with added vitamin d"",""quantity"":1,""unit"":""cup"",""kcal"":137},{""name"":""strawberries, raw"",""quantity"":200,""unit"":""g"",""kcal"":62}]",199,snack,PT0M
ate 200g red delicious apple + whole raw almonds 15g late night,"[{""name"":""apples, red delicious, with skin, raw"",""quantity"":200,""unit"":""g"",""kcal"":124},{""name"":""nuts, almonds, whole, raw"",""quantity"":15,""unit"":""g"",""kcal"":88}]",212,late_night,PT0M
raw english walnut halves 20 g + strawberries 150 gr -19h,"[{""name"":""nuts, walnuts, english, halves, raw"",""quantity"":20,""unit"":""g"",""kcal"":136},{""name"":""strawberries, raw"",""quantity"":150,""unit"":""g"",""kcal"":47}]",183,unknown,-PT19H
strawberries 100 g + whole raw almonds 20 grams ln 5h ago,"[{""name"":""strawberries, raw"",""quantity"":100,""unit"":""g"",""kcal"":31},{""name"":""nuts, almonds, whole, raw"",""quantity"":20,""unit"":""g"",""kcal"":117}]",148,late_night,-PT5H
200g strawberries + g15 whole raw almonds late night 11d ago,"[{""name"":""strawberries, raw"",""quantity"":200,""unit"":""g"",""kcal"":62},{""name"":""nuts, almonds, whole, raw"",""quantity"":15,""unit"":""g"",""kcal"":88}]",150,late_night,-P11D
strawberries g100 + g30 raw peanuts late night 3h ago,"[{""name"":""strawberries, raw"",""quantity"":100,""unit"":""g"",""kcal"":31},{""name"":""peanuts, raw"",""quantity"":30,""unit"":""g"",""kcal"":165}]",196,late_night,-PT3H
blueberries 100g + raw peanuts g20 late night -11d,"[{""name"":""blueberries, raw"",""quantity"":100,""unit"":""g"",""kcal"":57},{""name"":""peanuts, raw"",""quantity"":20,""unit"":""g"",""kcal"":110}]",167,late_night,-P11D
g100 blueberries + 15 gr raw english walnut halves kcal159 12h ago,"[{""name"":""blueberries, raw"",""quantity"":100,""unit"":""g"",""kcal"":57},{""name"":""nuts, walnuts, english, halves, raw"",""quantity"":15,""unit"":""g"",""kcal"":102}]",159,unknown,-PT12H
raw cucumber with peel g100 + cooked skinless boneless chicken breast 1piece lunch,"[{""name"":""cucumber, with peel, raw"",""quantity"":100,""unit"":""g"",""kcal"":14},{""name"":""chicken, broiler or fryers, breast, skinless, boneless, meat only, cooked, braised"",""quantity"":1,""unit"":""piece"",""kcal"":289}]",303,lunch,PT0M
ate raspberries 100 g + raw english walnut halves 15 grams kcal153 ln -7h,"[{""name"":""raspberries, raw"",""quantity"":100,""unit"":""g"",""kcal"":51},{""name"":""nuts, walnuts, english, halves, raw"",""quantity"":15,""unit"":""g"",""kcal"":102}]",153,late_night,-PT7H
20 g raw peanuts + 150 g blueberries snack,"[{""name"":""peanuts, raw"",""quantity"":20,""unit"":""g"",""kcal"":110},{""name"":""blueberries, raw"",""quantity"":150,""unit"":""g"",""kcal"":86}]",196,snack,PT0M
whole raw almonds 30 g + g200 blueberries -22h,"[{""name"":""nuts, almonds, whole, raw"",""quantity"":30,""unit"":""g"",""kcal"":175},{""name"":""blueberries, raw"",""quantity"":200,""unit"":""g"",""kcal"":115}]",290,unknown,-PT22H
red delicious apple 100 grams + 20 gr whole raw almonds 179 cal late night 3h ago,"[{""name"":""apples, red delicious, with skin, raw"",""quantity"":100,""unit"":""g"",""kcal"":62},{""name"":""nuts, almonds, whole, raw"",""quantity"":20,""unit"":""g"",""kcal"":117}]",179,late_night,-PT3H
2 cups 2% milk + red delicious apple 100 gr bf,"[{""name"":""milk, reduced fat, fluid, 2% milkfat, with added vitamin a and vitamin d"",""quantity"":2,""unit"":""cup"",""kcal"":227},{""name"":""apples, red delicious, with skin, raw"",""quantity"":100,""unit"":""g"",""kcal"":62}]",289,breakfast,PT0M
1 cup whole milk + red delicious apple 150 g -28d,"[{""name"":""milk, whole, 3.25% milkfat, with added vitamin d"",""quantity"":1,""unit"":""cup"",""kcal"":137},{""name"":""apples, red delicious, with skin, raw"",""quantity"":150,""unit"":""g"",""kcal"":93}]",230,unknown,-P28D
whole milk cup2 + g200 raspberries bf,"[{""name"":""milk, whole, 3.25% milkfat, with added vitamin d"",""quantity"":2,""unit"":""cup"",""kcal"":275},{""name"":""raspberries, raw"",""quantity"":200,""unit"":""g"",""kcal"":103}]",378,breakfast,PT0M
g150 blueberries + g15 whole raw almonds,"[{""name"":""blueberries, raw"",""quantity"":150,""unit"":""g"",""kcal"":86},{""name"":""nuts, almonds, whole, raw"",""quantity"":15,""unit"":""g"",""kcal"":88}]",174,unknown,PT0M
30 gr whole raw almonds + 100 g strawberries,"[{""name"":""nuts, almonds, whole, raw"",""quantity"":30,""unit"":""g"",""kcal"":175},{""name"":""strawberries, raw"",""quantity"":100,""unit"":""g"",""kcal"":31}]",206,unknown,PT0M
ate raw cucumber with peel 50 g + 1piece cooked skinless boneless chicken breast lunch -15h,"[{""name"":""cucumber, with peel, raw"",""quantity"":50,""unit"":""g"",""kcal"":7},{""name"":""chicken, broiler or fryers, breast, skinless, boneless, meat only, cooked, braised"",""quantity"":1,""unit"":""piece"",""kcal"":289}]",296,lunch,-PT15H
ate cooked meat-only chicken drumstick 200 grams + raw cucumber with peel g50 -15h,"[{""name"":""chicken, broilers or fryers, drumstick, meat only, cooked, braised"",""quantity"":200,""unit"":""g"",""kcal"":312},{""name"":""cucumber, with peel, raw"",""quantity"":50,""unit"":""g"",""kcal"":7}]",319,unknown,-PT15H
ate g200 red delicious apple + raw peanuts 15 g breakfast,"[{""name"":""apples, red delicious, with skin, raw"",""quantity"":200,""unit"":""g"",""kcal"":124},{""name"":""peanuts, raw"",""quantity"":15,""unit"":""g"",""kcal"":83}]",207,breakfast,PT0M
ate cooked meat-only chicken drumstick 150 gr + 100 grams raw roma tomato dinner,"[{""name"":""chicken, broilers or fryers, drumstick, meat only, cooked, braised"",""quantity"":150,""unit"":""g"",""kcal"":234},{""name"":""tomato, roma"",""quantity"":100,""unit"":""g"",""kcal"":19}]",253,dinner,PT0M
cooked skinless boneless chicken breast 1piece + 150 gr raw roma tomato 317 cal,"[{""name"":""chicken, broiler or fryers, breast, skinless, boneless, meat only, cooked, braised"",""quantity"":1,""unit"":""piece"",""kcal"":289},{""name"":""tomato, roma"",""quantity"":150,""unit"":""g"",""kcal"":28}]",317,unknown,PT0M
200 grams cooked meat-only chicken drumstick + raw romaine lettuce 50 g kcal321 12h ago,"[{""name"":""chicken, broilers or fryers, drumstick, meat only, cooked, braised"",""quantity"":200,""unit"":""g"",""kcal"":312},{""name"":""lettuce, romaine, green, raw"",""quantity"":50,""unit"":""g"",""kcal"":9}]",321,unknown,-PT12H
red delicious apple 150g + 30 g raw english walnut halves 297 cal breakfast,"[{""name"":""apples, red delicious, with skin, raw"",""quantity"":150,""unit"":""g"",""kcal"":93},{""name"":""nuts, walnuts, english, halves, raw"",""quantity"":30,""unit"":""g"",""kcal"":204}]",297,breakfast,PT0M
ate 100 g cooked meat-only chicken drumstick + g100 raw cucumber with peel dinner,"[{""name"":""chicken, broilers or fryers, drumstick, meat only, cooked, braised"",""quantity"":100,""unit"":""g"",""kcal"":156},{""name"":""cucumber, with peel, raw"",""quantity"":100,""unit"":""g"",""kcal"":14}]",170,dinner,PT0M
150 grams raspberries + 30 g raw peanuts -7h,"[{""name"":""raspberries, raw"",""quantity"":150,""unit"":""g"",""kcal"":77},{""name"":""peanuts, raw"",""quantity"":30,""unit"":""g"",""kcal"":165}]",242,unknown,-PT7H
red delicious apple g150 + 30 grams whole raw almonds snack -8d,"[{""name"":""apples, red delicious, with skin, raw"",""quantity"":150,""unit"":""g"",""kcal"":93},{""name"":""nuts, almonds, whole, raw"",""quantity"":30,""unit"":""g"",""kcal"":175}]",268,snack,-P8D
sweet and sour pork piece6 + chinese fried rice without meat 1cup,"[{""name"":""restaurant, chinese, sweet and sour pork"",""quantity"":6,""unit"":""piece"",""kcal"":217},{""name"":""restaurant, chinese, fried rice, without meat"",""quantity"":1,""unit"":""cup"",""kcal"":231}]",448,unknown,PT0M
200 grams raspberries + raw peanuts 15 grams 24d ago,"[{""name"":""raspberries, raw"",""quantity"":200,""unit"":""g"",""kcal"":103},{""name"":""peanuts, raw"",""quantity"":15,""unit"":""g"",""kcal"":83}]",186,unknown,-P24D
red delicious apple 200 gr + raw english walnut halves 30 grams,"[{""name"":""apples, red delicious, with skin, raw"",""quantity"":200,""unit"":""g"",""kcal"":124},{""name"":""nuts, walnuts, english, halves, raw"",""quantity"":30,""unit"":""g"",""kcal"":204}]",328,unknown,PT0M
raw cucumber with peel g100 + 150 gr cooked meat-only chicken drumstick -10h,"[{""name"":""cucumber, with peel, raw"",""quantity"":100,""unit"":""g"",""kcal"":14},{""name"":""chicken, broilers or fryers, drumstick, meat only, cooked, braised"",""quantity"":150,""unit"":""g"",""kcal"":234}]",248,unknown,-PT10H
g200 blueberries + raw peanuts 15 gr snack,"[{""name"":""blueberries, raw"",""quantity"":200,""unit"":""g"",""kcal"":115},{""name"":""peanuts, raw"",""quantity"":15,""unit"":""g"",""kcal"":83}]",198,snack,PT0M
150g red delicious apple + raw english walnut halves 20 g -5h,"[{""name"":""apples, red delicious, with skin, raw"",""quantity"":150,""unit"":""g"",""kcal"":93},{""name"":""nuts, walnuts, english, halves, raw"",""quantity"":20,""unit"":""g"",""kcal"":136}]",229,unknown,-PT5H
2% milk 2cup + 150g raspberries 304 cal,"[{""name"":""milk, reduced fat, fluid, 2% milkfat, with added vitamin a and vitamin d"",""quantity"":2,""unit"":""cup"",""kcal"":227},{""name"":""raspberries, raw"",""quantity"":150,""unit"":""g"",""kcal"":77}]",304,unknown,PT0M
raw english walnut halves 20 g + g100 blueberries 193kcal,"[{""name"":""nuts, walnuts, english, halves, raw"",""quantity"":20,""unit"":""g"",""kcal"":136},{""name"":""blueberries, raw"",""quantity"":100,""unit"":""g"",""kcal"":57}]",193,unknown,PT0M
cooked meat-only chicken drumstick 200 grams + g150 raw romaine lettuce dinner,"[{""name"":""chicken, broilers or fryers, drumstick, meat only, cooked, braised"",""quantity"":200,""unit"":""g"",""kcal"":312},{""name"":""lettuce, romaine, green, raw"",""quantity"":150,""unit"":""g"",""kcal"":26}]",338,dinner,PT0M
ate cooked skinless boneless chicken breast 2 pieces + raw cucumber with peel 100 gr dinner,"[{""name"":""chicken, broiler or fryers, breast, skinless, boneless, meat only, cooked, braised"",""quantity"":2,""unit"":""piece"",""kcal"":578},{""name"":""cucumber, with peel, raw"",""quantity"":100,""unit"":""g"",""kcal"":14}]",592,dinner,PT0M
g100 raspberries + raw english walnut halves 30 g 255kcal,"[{""name"":""raspberries, raw"",""quantity"":100,""unit"":""g"",""kcal"":51},{""name"":""nuts, walnuts, english, halves, raw"",""quantity"":30,""unit"":""g"",""kcal"":204}]",255,unknown,PT0M
ate red delicious apple 100g + raw english walnut halves 30 grams snack 14d ago,"[{""name"":""apples, red delicious, with skin, raw"",""quantity"":100,""unit"":""g"",""kcal"":62},{""name"":""nuts, walnuts, english, halves, raw"",""quantity"":30,""unit"":""g"",""kcal"":204}]",266,snack,-P14D
ate raw roma tomato 100 grams + 2 pieces cooked skinless boneless chicken breast,"[{""name"":""tomato, roma"",""quantity"":100,""unit"":""g"",""kcal"":19},{""name"":""chicken, broiler or fryers, breast, skinless, boneless, meat only, cooked, braised"",""quantity"":2,""unit"":""piece"",""kcal"":578}]",597,unknown,PT0M
ate g150 blueberries + 30 g raw peanuts breakfast,"[{""name"":""blueberries, raw"",""quantity"":150,""unit"":""g"",""kcal"":86},{""name"":""peanuts, raw"",""quantity"":30,""unit"":""g"",""kcal"":165}]",251,breakfast,PT0M
150 gr raspberries + g20 raw english walnut halves kcal213 22h ago,"[{""name"":""raspberries, raw"",""quantity"":150,""unit"":""g"",""kcal"":77},{""name"":""nuts, walnuts, english, halves, raw"",""quantity"":20,""unit"":""g"",""kcal"":136}]",213,unknown,-PT22H
blueberries 100 grams + whole raw almonds 30 g snack 24d ago,"[{""name"":""blueberries, raw"",""quantity"":100,""unit"":""g"",""kcal"":57},{""name"":""nuts, almonds, whole, raw"",""quantity"":30,""unit"":""g"",""kcal"":175}]",232,snack,-P24D
cup1 2% milk + strawberries 100 grams,"[{""name"":""milk, reduced fat, fluid, 2% milkfat, with added vitamin a and vitamin d"",""quantity"":1,""unit"":""cup"",""kcal"":114},{""name"":""strawberries, raw"",""quantity"":100,""unit"":""g"",""kcal"":31}]",145,unknown,PT0M
whole milk 2cup + raspberries g150 14h ago,"[{""name"":""milk, whole, 3.25% milkfat, with added vitamin d"",""quantity"":2,""unit"":""cup"",""kcal"":275},{""name"":""raspberries, raw"",""quantity"":150,""unit"":""g"",""kcal"":77}]",352,unknown,-PT14H
ate 100 grams red delicious apple + whole raw almonds 15 grams kcal150 -25d,"[{""name"":""apples, red delicious, with skin, raw"",""quantity"":100,""unit"":""g"",""kcal"":62},{""name"":""nuts, almonds, whole, raw"",""quantity"":15,""unit"":""g"",""kcal"":88}]",150,unknown,-P25D
raw english walnut halves g20 + 150 grams blueberries late night -24d,"[{""name"":""nuts, walnuts, english, halves, raw"",""quantity"":20,""unit"":""g"",""kcal"":136},{""name"":""blueberries, raw"",""quantity"":150,""unit"":""g"",""kcal"":86}]",222,late_night,-P24D
150 gr strawberries + 30g raw peanuts ln -21h,"[{""name"":""strawberries, raw"",""quantity"":150,""unit"":""g"",""kcal"":47},{""name"":""peanuts, raw"",""quantity"":30,""unit"":""g"",""kcal"":165}]",212,late_night,-PT21H
ate g100 raw romaine lettuce + 1piece cooked skinless boneless chicken breast 306kcal dinner 12d ago,"[{""name"":""lettuce, romaine, green, raw"",""quantity"":100,""unit"":""g"",""kcal"":17},{""name"":""chicken, broiler or fryers, breast, skinless, boneless, meat only, cooked, braised"",""quantity"":1,""unit"":""piece"",""kcal"":289}]",306,dinner,-P12D
1 cup 2% milk + blueberries 150 gr breakfast,"[{""name"":""milk, reduced fat, fluid, 2% milkfat, with added vitamin a and vitamin d"",""quantity"":1,""unit"":""cup"",""kcal"":114},{""name"":""blueberries, raw"",""quantity"":150,""unit"":""g"",""kcal"":86}]",200,breakfast,PT0M
strawberries g150 + whole raw almonds g30 222kcal bf,"[{""name"":""strawberries, raw"",""quantity"":150,""unit"":""g"",""kcal"":47},{""name"":""nuts, almonds, whole, raw"",""quantity"":30,""unit"":""g"",""kcal"":175}]",222,breakfast,PT0M
100 grams strawberries + raw english walnut halves g15 breakfast,"[{""name"":""strawberries, raw"",""quantity"":100,""unit"":""g"",""kcal"":31},{""name"":""nuts, walnuts, english, halves, raw"",""quantity"":15,""unit"":""g"",""kcal"":102}]",133,breakfast,PT0M
ate raw english walnut halves 30 gr + 150 grams strawberries -4h,"[{""name"":""nuts, walnuts, english, halves, raw"",""quantity"":30,""unit"":""g"",""kcal"":204},{""name"":""strawberries, raw"",""quantity"":150,""unit"":""g"",""kcal"":47}]",251,unknown,-PT4H
200 g blueberries + 20g raw english walnut halves late night 15d ago,"[{""name"":""blueberries, raw"",""quantity"":200,""unit"":""g"",""kcal"":115},{""name"":""nuts, walnuts, english, halves, raw"",""quantity"":20,""unit"":""g"",""kcal"":136}]",251,late_night,-P15D
ate blueberries 150 grams + 15 gr raw english walnut halves,"[{""name"":""blueberries, raw"",""quantity"":150,""unit"":""g"",""kcal"":86},{""name"":""nuts, walnuts, english, halves, raw"",""quantity"":15,""unit"":""g"",""kcal"":102}]",188,unknown,PT0M
100 grams strawberries + 2cup 2% milk breakfast 4h ago,"[{""name"":""strawberries, raw"",""quantity"":100,""unit"":""g"",""kcal"":31},{""name"":""milk, reduced fat, fluid, 2% milkfat, with added vitamin a and vitamin d"",""quantity"":2,""unit"":""cup"",""kcal"":227}]",258,breakfast,-PT4H
ate 200 grams red delicious apple + 20 grams whole raw almonds -3h,"[{""name"":""apples, red delicious, with skin, raw"",""quantity"":200,""unit"":""g"",""kcal"":124},{""name"":""nuts, almonds, whole, raw"",""quantity"":20,""unit"":""g"",""kcal"":117}]",241,unknown,-PT3H
blueberries 100 grams + 30 g raw peanuts -3h,"[{""name"":""blueberries, raw"",""quantity"":100,""unit"":""g"",""kcal"":57},{""name"":""peanuts, raw"",""quantity"":30,""unit"":""g"",""kcal"":165}]",222,unknown,-PT3H
ate 200 grams raspberries + whole raw almonds 15g 8h ago,"[{""name"":""raspberries, raw"",""quantity"":200,""unit"":""g"",""kcal"":103},{""name"":""nuts, almonds, whole, raw"",""quantity"":15,""unit"":""g"",""kcal"":88}]",191,unknown,-PT8H
100 g blueberries + g15 whole raw almonds snack -5h,"[{""name"":""blueberries, raw"",""quantity"":100,""unit"":""g"",""kcal"":57},{""name"":""nuts, almonds, whole, raw"",""quantity"":15,""unit"":""g"",""kcal"":88}]",145,snack,-PT5H
200 grams strawberries + 20g raw peanuts 172kcal,"[{""name"":""strawberries, raw"",""quantity"":200,""unit"":""g"",""kcal"":62},{""name"":""peanuts, raw"",""quantity"":20,""unit"":""g"",""kcal"":110}]",172,unknown,PT0M
ate 15g raw english walnut halves + 150 gr red delicious apple late night,"[{""name"":""nuts, walnuts, english, halves, raw"",""quantity"":15,""unit"":""g"",""kcal"":102},{""name"":""apples, red delicious, with skin, raw"",""quantity"":150,""unit"":""g"",""kcal"":93}]",195,late_night,PT0M
blueberries 200g + raw english walnut halves 30 g ln,"[{""name"":""blueberries, raw"",""quantity"":200,""unit"":""g"",""kcal"":115},{""name"":""nuts, walnuts, english, halves, raw"",""quantity"":30,""unit"":""g"",""kcal"":204}]",319,late_night,PT0M
2% milk cup1 + raspberries 150 grams breakfast,"[{""name"":""milk, reduced fat, fluid, 2% milkfat, with added vitamin a and vitamin d"",""quantity"":1,""unit"":""cup"",""kcal"":114},{""name"":""raspberries, raw"",""quantity"":150,""unit"":""g"",""kcal"":77}]",191,breakfast,PT0M
2% milk 2 cups + blueberries g100 snack -16h,"[{""name"":""milk, reduced fat, fluid, 2% milkfat, with added vitamin a and vitamin d"",""quantity"":2,""unit"":""cup"",""kcal"":227},{""name"":""blueberries, raw"",""quantity"":100,""unit"":""g"",""kcal"":57}]",284,snack,-PT16H
ate 2% milk 1 cup + g200 strawberries,"[{""name"":""milk, reduced fat, fluid, 2% milkfat, with added vitamin a and vitamin d"",""quantity"":1,""unit"":""cup"",""kcal"":114},{""name"":""strawberries, raw"",""quantity"":200,""unit"":""g"",""kcal"":62}]",176,unknown,PT0M
whole milk 2 cups + 200g red delicious apple kcal399,"[{""name"":""milk, whole, 3.25% milkfat, with added vitamin d"",""quantity"":2,""unit"":""cup"",""kcal"":275},{""name"":""apples, red delicious, with skin, raw"",""quantity"":200,""unit"":""g"",""kcal"":124}]",399,unknown,PT0M
150 g cooked meat-only chicken drumstick + raw romaine lettuce g50 dinner -15d,"[{""name"":""chicken, broilers or fryers, drumstick, meat only, cooked, braised"",""quantity"":150,""unit"":""g"",""kcal"":234},{""name"":""lettuce, romaine, green, raw"",""quantity"":50,""unit"":""g"",""kcal"":9}]",243,dinner,-P15D
raspberries 150 g + g20 raw peanuts,"[{""name"":""raspberries, raw"",""quantity"":150,""unit"":""g"",""kcal"":77},{""name"":""peanuts, raw"",""quantity"":20,""unit"":""g"",""kcal"":110}]",187,unknown,PT0M
100 grams raspberries + whole raw almonds g30 29d ago,"[{""name"":""raspberries, raw"",""quantity"":100,""unit"":""g"",""kcal"":51},{""name"":""nuts, almonds, whole, raw"",""quantity"":30,""unit"":""g"",""kcal"":175}]",226,unknown,-P29D
200 grams raspberries + 30 grams raw peanuts 268 cal,"[{""name"":""raspberries, raw"",""quantity"":200,""unit"":""g"",""kcal"":103},{""name"":""peanuts, raw"",""quantity"":30,""unit"":""g"",""kcal"":165}]",268,unknown,PT0M
ate 200 g blueberries + raw peanuts 20 gr 225kcal,"[{""name"":""blueberries, raw"",""quantity"":200,""unit"":""g"",""kcal"":115},{""name"":""peanuts, raw"",""quantity"":20,""unit"":""g"",""kcal"":110}]",225,unknown,PT0M
raspberries 150 gr + raw english walnut halves 30 g ln 20h ago,"[{""name"":""raspberries, raw"",""quantity"":150,""unit"":""g"",""kcal"":77},{""name"":""nuts, walnuts, english, halves, raw"",""quantity"":30,""unit"":""g"",""kcal"":204}]",281,late_night,-PT20H
ate cooked meat-only chicken drumstick 100g + raw cucumber with peel 150g lunch -25d,"[{""name"":""chicken, broilers or fryers, drumstick, meat only, cooked, braised"",""quantity"":100,""unit"":""g"",""kcal"":156},{""name"":""cucumber, with peel, raw"",""quantity"":150,""unit"":""g"",""kcal"":21}]",177,lunch,-P25D
ate red delicious apple 100 grams + whole milk 2cup snack,"[{""name"":""apples, red delicious, with skin, raw"",""quantity"":100,""unit"":""g"",""kcal"":62},{""name"":""milk, whole, 3.25% milkfat, with added vitamin d"",""quantity"":2,""unit"":""cup"",""kcal"":275}]",337,snack,PT0M
ate 2 pieces cooked skinless boneless chicken breast + raw roma tomato 50g -7h,"[{""name"":""chicken, broiler or fryers, breast, skinless, boneless, meat only, cooked, braised"",""quantity"":2,""unit"":""piece"",""kcal"":578},{""name"":""tomato, roma"",""quantity"":50,""unit"":""g"",""kcal"":9}]",587,unknown,-PT7H
200 grams raspberries + g30 whole raw almonds,"[{""name"":""raspberries, raw"",""quantity"":200,""unit"":""g"",""kcal"":103},{""name"":""nuts, almonds, whole, raw"",""quantity"":30,""unit"":""g"",""kcal"":175}]",278,unknown,PT0M
ate red delicious apple 150g + 15 grams raw peanuts breakfast,"[{""name"":""apples, red delicious, with skin, raw"",""quantity"":150,""unit"":""g"",""kcal"":93},{""name"":""peanuts, raw"",""quantity"":15,""unit"":""g"",""kcal"":83}]",176,breakfast,PT0M
blueberries 150 gr + 30 gr raw english walnut halves,"[{""name"":""blueberries, raw"",""quantity"":150,""unit"":""g"",""kcal"":86},{""name"":""nuts, walnuts, english, halves, raw"",""quantity"":30,""unit"":""g"",""kcal"":204}]",290,unknown,PT0M
strawberries 200 g + 15 gr raw peanuts late night 4h ago,"[{""name"":""strawberries, raw"",""quantity"":200,""unit"":""g"",""kcal"":62},{""name"":""peanuts, raw"",""quantity"":15,""unit"":""g"",""kcal"":83}]",145,late_night,-PT4H
ate whole milk cup2 + g150 blueberries 11h ago,"[{""name"":""milk, whole, 3.25% milkfat, with added vitamin d"",""quantity"":2,""unit"":""cup"",""kcal"":275},{""name"":""blueberries, raw"",""quantity"":150,""unit"":""g"",""kcal"":86}]",361,unknown,-PT11H
piece2 cooked skinless boneless chicken breast + raw romaine lettuce 50g 587 cal lunch,"[{""name"":""chicken, broiler or fryers, breast, skinless, boneless, meat only, cooked, braised"",""quantity"":2,""unit"":""piece"",""kcal"":578},{""name"":""lettuce, romaine, green, raw"",""quantity"":50,""unit"":""g"",""kcal"":9}]",587,lunch,PT0M
1piece cooked skinless boneless chicken breast + 150g raw cucumber with peel lunch -8d,"[{""name"":""chicken, broiler or fryers, breast, skinless, boneless, meat only, cooked, braised"",""quantity"":1,""unit"":""piece"",""kcal"":289},{""name"":""cucumber, with peel, raw"",""quantity"":150,""unit"":""g"",""kcal"":21}]",310,lunch,-P8D
ate 150g strawberries + 20 grams whole raw almonds late night -13h,"[{""name"":""strawberries, raw"",""quantity"":150,""unit"":""g"",""kcal"":47},{""name"":""nuts, almonds, whole, raw"",""quantity"":20,""unit"":""g"",""kcal"":117}]",164,late_night,-PT13H
150g strawberries + 15 grams whole raw almonds late night 23d ago,"[{""name"":""strawberries, raw"",""quantity"":150,""unit"":""g"",""kcal"":47},{""name"":""nuts, almonds, whole, raw"",""quantity"":15,""unit"":""g"",""kcal"":88}]",135,late_night,-P23D
150 g cooked meat-only chicken drumstick + g150 raw roma tomato dinner -15h,"[{""name"":""chicken, broilers or fryers, drumstick, meat only, cooked, braised"",""quantity"":150,""unit"":""g"",""kcal"":234},{""name"":""tomato, roma"",""quantity"":150,""unit"":""g"",""kcal"":28}]",262,dinner,-PT15H
2cup whole milk + blueberries 100 gr snack,"[{""name"":""milk, whole, 3.25% milkfat, with added vitamin d"",""quantity"":2,""unit"":""cup"",""kcal"":275},{""name"":""blueberries, raw"",""quantity"":100,""unit"":""g"",""kcal"":57}]",332,snack,PT0M
g100 cooked meat-only chicken drumstick + g50 raw romaine lettuce dinner,"[{""name"":""chicken, broilers or fryers, drumstick, meat only, cooked, braised"",""quantity"":100,""unit"":""g"",""kcal"":156},{""name"":""lettuce, romaine, green, raw"",""quantity"":50,""unit"":""g"",""kcal"":9}]",165,dinner,PT0M
1 cup 2% milk + raspberries 100g bf,"[{""name"":""milk, reduced fat, fluid, 2% milkfat, with added vitamin a and vitamin d"",""quantity"":1,""unit"":""cup"",""kcal"":114},{""name"":""raspberries, raw"",""quantity"":100,""unit"":""g"",""kcal"":51}]",165,breakfast,PT0M
strawberries 100 g + 15g whole raw almonds bf -2h,"[{""name"":""strawberries, raw"",""quantity"":100,""unit"":""g"",""kcal"":31},{""name"":""nuts, almonds, whole, raw"",""quantity"":15,""unit"":""g"",""kcal"":88}]",119,breakfast,-PT2H
ate 150 g strawberries + raw peanuts 20 grams,"[{""name"":""strawberries, raw"",""quantity"":150,""unit"":""g"",""kcal"":47},{""name"":""peanuts, raw"",""quantity"":20,""unit"":""g"",""kcal"":110}]",157,unknown,PT0M
100 g raspberries + whole raw almonds g15 snack,"[{""name"":""raspberries, raw"",""quantity"":100,""unit"":""g"",""kcal"":51},{""name"":""nuts, almonds, whole, raw"",""quantity"":15,""unit"":""g"",""kcal"":88}]",139,snack,PT0M
ate red delicious apple 100g + raw peanuts g30 ln,"[{""name"":""apples, red delicious, with skin, raw"",""quantity"":100,""unit"":""g"",""kcal"":62},{""name"":""peanuts, raw"",""quantity"":30,""unit"":""g"",""kcal"":165}]",227,late_night,PT0M
cup1 2% milk + 100g blueberries,"[{""name"":""milk, reduced fat, fluid, 2% milkfat, with added vitamin a and vitamin d"",""quantity"":1,""unit"":""cup"",""kcal"":114},{""name"":""blueberries, raw"",""quantity"":100,""unit"":""g"",""kcal"":57}]",171,unknown,PT0M
ate whole milk 1 cup + 150 grams raspberries,"[{""name"":""milk, whole, 3.25% milkfat, with added vitamin d"",""quantity"":1,""unit"":""cup"",""kcal"":137},{""name"":""raspberries, raw"",""quantity"":150,""unit"":""g"",""kcal"":77}]",214,unknown,PT0M
ate 100 g strawberries + 20g raw peanuts kcal141 ln,"[{""name"":""strawberries, raw"",""quantity"":100,""unit"":""g"",""kcal"":31},{""name"":""peanuts, raw"",""quantity"":20,""unit"":""g"",""kcal"":110}]",141,late_night,PT0M
strawberries g100 + raw english walnut halves 20 grams,"[{""name"":""strawberries, raw"",""quantity"":100,""unit"":""g"",""kcal"":31},{""name"":""nuts, walnuts, english, halves, raw"",""quantity"":20,""unit"":""g"",""kcal"":136}]",167,unknown,PT0M
ate cooked meat-only chicken drumstick 100 grams + g100 raw roma tomato,"[{""name"":""chicken, broilers or fryers, drumstick, meat only, cooked, braised"",""quantity"":100,""unit"":""g"",""kcal"":156},{""name"":""tomato, roma"",""quantity"":100,""unit"":""g"",""kcal"":19}]",175,unknown,PT0M
100g blueberries + 30 gr raw english walnut halves 261kcal snack,"[{""name"":""blueberries, raw"",""quantity"":100,""unit"":""g"",""kcal"":57},{""name"":""nuts, walnuts, english, halves, raw"",""quantity"":30,""unit"":""g"",""kcal"":204}]",261,snack,PT0M
blueberries g100 + raw peanuts g15 snack -14d,"[{""name"":""blueberries, raw"",""quantity"":100,""unit"":""g"",""kcal"":57},{""name"":""peanuts, raw"",""quantity"":15,""unit"":""g"",""kcal"":83}]",140,snack,-P14D
200g raspberries + 30 grams raw english walnut halves bf,"[{""name"":""raspberries, raw"",""quantity"":200,""unit"":""g"",""kcal"":103},{""name"":""nuts, walnuts, english, halves, raw"",""quantity"":30,""unit"":""g"",""kcal"":204}]",307,breakfast,PT0M
ate blueberries 200g + 30 grams raw peanuts ln 11d ago,"[{""name"":""blueberries, raw"",""quantity"":200,""unit"":""g"",""kcal"":115},{""name"":""peanuts, raw"",""quantity"":30,""unit"":""g"",""kcal"":165}]",280,late_night,-P11D
ate blueberries 200g + whole raw almonds 15 grams late night,"[{""name"":""blueberries, raw"",""quantity"":200,""unit"":""g"",""kcal"":115},{""name"":""nuts, almonds, whole, raw"",""quantity"":15,""unit"":""g"",""kcal"":88}]",203,late_night,PT0M
2% milk 2cup + strawberries 200 gr bf tmr,"[{""name"":""milk, reduced fat, fluid, 2% milkfat, with added vitamin a and vitamin d"",""quantity"":2,""unit"":""cup"",""kcal"":227},{""name"":""strawberries, raw"",""quantity"":200,""unit"":""g"",""kcal"":62}]",289,breakfast,P1D
200g strawberries + whole raw almonds 30 grams late night,"[{""name"":""strawberries, raw"",""quantity"":200,""unit"":""g"",""kcal"":62},{""name"":""nuts, almonds, whole, raw"",""quantity"":30,""unit"":""g"",""kcal"":175}]",237,late_night,PT0M
red delicious apple g200 + 30g raw peanuts,"[{""name"":""apples, red delicious, with skin, raw"",""quantity"":200,""unit"":""g"",""kcal"":124},{""name"":""peanuts, raw"",""quantity"":30,""unit"":""g"",""kcal"":165}]",289,unknown,PT0M
cooked meat-only chicken drumstick 150 g + 50g raw roma tomato lunch 1h ago,"[{""name"":""chicken, broilers or fryers, drumstick, meat only, cooked, braised"",""quantity"":150,""unit"":""g"",""kcal"":234},{""name"":""tomato, roma"",""quantity"":50,""unit"":""g"",""kcal"":9}]",243,lunch,-PT1H
ate g150 blueberries + cup2 2% milk,"[{""name"":""blueberries, raw"",""quantity"":150,""unit"":""g"",""kcal"":86},{""name"":""milk, reduced fat, fluid, 2% milkfat, with added vitamin a and vitamin d"",""quantity"":2,""unit"":""cup"",""kcal"":227}]",313,unknown,PT0M
200g cooked meat-only chicken drumstick + 150 grams raw cucumber with peel -14d,"[{""name"":""chicken, broilers or fryers, drumstick, meat only, cooked, braised"",""quantity"":200,""unit"":""g"",""kcal"":312},{""name"":""cucumber, with peel, raw"",""quantity"":150,""unit"":""g"",""kcal"":21}]",333,unknown,-P14D
g150 blueberries + 20 grams whole raw almonds breakfast 23h ago,"[{""name"":""blueberries, raw"",""quantity"":150,""unit"":""g"",""kcal"":86},{""name"":""nuts, almonds, whole, raw"",""quantity"":20,""unit"":""g"",""kcal"":117}]",203,breakfast,-PT23H
raw cucumber with peel 150 gr + cooked meat-only chicken drumstick 150 g -9d,"[{""name"":""cucumber, with peel, raw"",""quantity"":150,""unit"":""g"",""kcal"":21},{""name"":""chicken, broilers or fryers, drumstick, meat only, cooked, braised"",""quantity"":150,""unit"":""g"",""kcal"":234}]",255,unknown,-P9D
ate 200g raspberries + 20 grams raw peanuts,"[{""name"":""raspberries, raw"",""quantity"":200,""unit"":""g"",""kcal"":103},{""name"":""peanuts, raw"",""quantity"":20,""unit"":""g"",""kcal"":110}]",213,unknown,PT0M
1cup 2% milk + red delicious apple 200 grams breakfast,"[{""name"":""milk, reduced fat, fluid, 2% milkfat, with added vitamin a and vitamin d"",""quantity"":1,""unit"":""cup"",""kcal"":114},{""name"":""apples, red delicious, with skin, raw"",""quantity"":200,""unit"":""g"",""kcal"":124}]",238,breakfast,PT0M
cup2 2% milk + 150g strawberries bf -12h,"[{""name"":""milk, reduced fat, fluid, 2% milkfat, with added vitamin a and vitamin d"",""quantity"":2,""unit"":""cup"",""kcal"":227},{""name"":""strawberries, raw"",""quantity"":150,""unit"":""g"",""kcal"":47}]",274,breakfast,-PT12H
whole milk 1 cup + red delicious apple 100g snack,"[{""name"":""milk, whole, 3.25% milkfat, with added vitamin d"",""quantity"":1,""unit"":""cup"",""kcal"":137},{""name"":""apples, red delicious, with skin, raw"",""quantity"":100,""unit"":""g"",""kcal"":62}]",199,snack,PT0M
sweet and sour pork piece3 + chinese fried rice without meat cup2,"[{""name"":""restaurant, chinese, sweet and sour pork"",""quantity"":3,""unit"":""piece"",""kcal"":109},{""name"":""restaurant, chinese, fried rice, without meat"",""quantity"":2,""unit"":""cup"",""kcal"":463}]",572,unknown,PT0M
whole milk 2cup + strawberries g150 snack,"[{""name"":""milk, whole, 3.25% milkfat, with added vitamin d"",""quantity"":2,""unit"":""cup"",""kcal"":275},{""name"":""strawberries, raw"",""quantity"":150,""unit"":""g"",""kcal"":47}]",322,snack,PT0M
cooked skinless boneless chicken breast piece2 + raw romaine lettuce 100g dinner -22h,"[{""name"":""chicken, broiler or fryers, breast, skinless, boneless, meat only, cooked, braised"",""quantity"":2,""unit"":""piece"",""kcal"":578},{""name"":""lettuce, romaine, green, raw"",""quantity"":100,""unit"":""g"",""kcal"":17}]",595,dinner,-PT22H
2 cups 2% milk + 200g raspberries +1d,"[{""name"":""milk, reduced fat, fluid, 2% milkfat, with added vitamin a and vitamin d"",""quantity"":2,""unit"":""cup"",""kcal"":227},{""name"":""raspberries, raw"",""quantity"":200,""unit"":""g"",""kcal"":103}]",330,unknown,P1D
cup2 whole milk + red delicious apple 150 grams 368 cal snack,"[{""name"":""milk, whole, 3.25% milkfat, with added vitamin d"",""quantity"":2,""unit"":""cup"",""kcal"":275},{""name"":""apples, red delicious, with skin, raw"",""quantity"":150,""unit"":""g"",""kcal"":93}]",368,snack,PT0M
2% milk cup2 + red delicious apple 200g 2d ago,"[{""name"":""milk, reduced fat, fluid, 2% milkfat, with added vitamin a and vitamin d"",""quantity"":2,""unit"":""cup"",""kcal"":227},{""name"":""apples, red delicious, with skin, raw"",""quantity"":200,""unit"":""g"",""kcal"":124}]",351,unknown,-P2D
1cup 2% milk + 150 grams strawberries,"[{""name"":""milk, reduced fat, fluid, 2% milkfat, with added vitamin a and vitamin d"",""quantity"":1,""unit"":""cup"",""kcal"":114},{""name"":""strawberries, raw"",""quantity"":150,""unit"":""g"",""kcal"":47}]",161,unknown,PT0M
piece2 cooked skinless boneless chicken breast + raw romaine lettuce 150 gr lunch 11h ago,"[{""name"":""chicken, broiler or fryers, breast, skinless, boneless, meat only, cooked, braised"",""quantity"":2,""unit"":""piece"",""kcal"":578},{""name"":""lettuce, romaine, green, raw"",""quantity"":150,""unit"":""g"",""kcal"":26}]",604,lunch,-PT11H
cooked meat-only chicken drumstick g100 + raw romaine lettuce 150 g -18d,"[{""name"":""chicken, broilers or fryers, drumstick, meat only, cooked, braised"",""quantity"":100,""unit"":""g"",""kcal"":156},{""name"":""lettuce, romaine, green, raw"",""quantity"":150,""unit"":""g"",""kcal"":26}]",182,unknown,-P18D
150g red delicious apple + raw peanuts 30g 6d ago,"[{""name"":""apples, red delicious, with skin, raw"",""quantity"":150,""unit"":""g"",""kcal"":93},{""name"":""peanuts, raw"",""quantity"":30,""unit"":""g"",""kcal"":165}]",258,unknown,-P6D
150 grams blueberries + whole raw almonds g30 bf,"[{""name"":""blueberries, raw"",""quantity"":150,""unit"":""g"",""kcal"":86},{""name"":""nuts, almonds, whole, raw"",""quantity"":30,""unit"":""g"",""kcal"":175}]",261,breakfast,PT0M
ate 200 grams raspberries + 20 g raw english walnut halves 239kcal late night -9h,"[{""name"":""raspberries, raw"",""quantity"":200,""unit"":""g"",""kcal"":103},{""name"":""nuts, walnuts, english, halves, raw"",""quantity"":20,""unit"":""g"",""kcal"":136}]",239,late_night,-PT9H
piece1 cooked skinless boneless chicken breast + raw roma tomato 50g lunch,"[{""name"":""chicken, broiler or fryers, breast, skinless, boneless, meat only, cooked, braised"",""quantity"":1,""unit"":""piece"",""kcal"":289},{""name"":""tomato, roma"",""quantity"":50,""unit"":""g"",""kcal"":9}]",298,lunch,PT0M
cooked meat-only chicken drumstick 200g + 50 g raw roma tomato +1d,"[{""name"":""chicken, broilers or fryers, drumstick, meat only, cooked, braised"",""quantity"":200,""unit"":""g"",""kcal"":312},{""name"":""tomato, roma"",""quantity"":50,""unit"":""g"",""kcal"":9}]",321,unknown,P1D
2% milk 1 cup + blueberries 200 gr breakfast,"[{""name"":""milk, reduced fat, fluid, 2% milkfat, with added vitamin a and vitamin d"",""quantity"":1,""unit"":""cup"",""kcal"":114},{""name"":""blueberries, raw"",""quantity"":200,""unit"":""g"",""kcal"":115}]",229,breakfast,PT0M
200 g blueberries + cup1 whole milk 30d ago,"[{""name"":""blueberries, raw"",""quantity"":200,""unit"":""g"",""kcal"":115},{""name"":""milk, whole, 3.25% milkfat, with added vitamin d"",""quantity"":1,""unit"":""cup"",""kcal"":137}]",252,unknown,-P30D
raw english walnut halves g15 + blueberries g200 snack,"[{""name"":""nuts, walnuts, english, halves, raw"",""quantity"":15,""unit"":""g"",""kcal"":102},{""name"":""blueberries, raw"",""quantity"":200,""unit"":""g"",""kcal"":115}]",217,snack,PT0M
whole milk 2 cups + strawberries 200 g bf -14h,"[{""name"":""milk, whole, 3.25% milkfat, with added vitamin d"",""quantity"":2,""unit"":""cup"",""kcal"":275},{""name"":""strawberries, raw"",""quantity"":200,""unit"":""g"",""kcal"":62}]",337,breakfast,-PT14H
red delicious apple 150 gr + raw peanuts g20 ln,"[{""name"":""apples, red delicious, with skin, raw"",""quantity"":150,""unit"":""g"",""kcal"":93},{""name"":""peanuts, raw"",""quantity"":20,""unit"":""g"",""kcal"":110}]",203,late_night,PT0M
cooked meat-only chicken drumstick 200 gr + raw roma tomato 100g -29d,"[{""name"":""chicken, broilers or fryers, drumstick, meat only, cooked, braised"",""quantity"":200,""unit"":""g"",""kcal"":312},{""name"":""tomato, roma"",""quantity"":100,""unit"":""g"",""kcal"":19}]",331,unknown,-P29D
200 g raspberries + raw english walnut halves 15 gr +1d,"[{""name"":""raspberries, raw"",""quantity"":200,""unit"":""g"",""kcal"":103},{""name"":""nuts, walnuts, english, halves, raw"",""quantity"":15,""unit"":""g"",""kcal"":102}]",205,unknown,P1D
ate raspberries g100 + 20 gr whole raw almonds breakfast -15h,"[{""name"":""raspberries, raw"",""quantity"":100,""unit"":""g"",""kcal"":51},{""name"":""nuts, almonds, whole, raw"",""quantity"":20,""unit"":""g"",""kcal"":117}]",168,breakfast,-PT15H
cooked skinless boneless chicken breast piece1 + 100 g raw roma tomato dinner,"[{""name"":""chicken, broiler or fryers, breast, skinless, boneless, meat only, cooked, braised"",""quantity"":1,""unit"":""piece"",""kcal"":289},{""name"":""tomato, roma"",""quantity"":100,""unit"":""g"",""kcal"":19}]",308,dinner,PT0M
ate cooked meat-only chicken drumstick 100 grams + raw roma tomato g50,"[{""name"":""chicken, broilers or fryers, drumstick, meat only, cooked, braised"",""quantity"":100,""unit"":""g"",""kcal"":156},{""name"":""tomato, roma"",""quantity"":50,""unit"":""g"",""kcal"":9}]",165,unknown,PT0M
g200 red delicious apple + 15 gr raw english walnut halves late night tomorrow,"[{""name"":""apples, red delicious, with skin, raw"",""quantity"":200,""unit"":""g"",""kcal"":124},{""name"":""nuts, walnuts, english, halves, raw"",""quantity"":15,""unit"":""g"",""kcal"":102}]",226,late_night,P1D
ate 1cup 2% milk + red delicious apple 150 grams breakfast -9h,"[{""name"":""milk, reduced fat, fluid, 2% milkfat, with added vitamin a and vitamin d"",""quantity"":1,""unit"":""cup"",""kcal"":114},{""name"":""apples, red delicious, with skin, raw"",""quantity"":150,""unit"":""g"",""kcal"":93}]",207,breakfast,-PT9H
ate 200g cooked meat-only chicken drumstick + 100 gr raw cucumber with peel lunch 7d ago,"[{""name"":""chicken, broilers or fryers, drumstick, meat only, cooked, braised"",""quantity"":200,""unit"":""g"",""kcal"":312},{""name"":""cucumber, with peel, raw"",""quantity"":100,""unit"":""g"",""kcal"":14}]",326,lunch,-P7D
ate 2 cups whole milk + strawberries 100 g breakfast 9h ago,"[{""name"":""milk, whole, 3.25% milkfat, with added vitamin d"",""quantity"":2,""unit"":""cup"",""kcal"":275},{""name"":""strawberries, raw"",""quantity"":100,""unit"":""g"",""kcal"":31}]",306,breakfast,-PT9H
6 pieces sweet and sour pork + 2 cups chinese fried rice without meat 22h ago,"[{""name"":""restaurant, chinese, sweet and sour pork"",""quantity"":6,""unit"":""piece"",""kcal"":217},{""name"":""restaurant, chinese, fried rice, without meat"",""quantity"":2,""unit"":""cup"",""kcal"":463}]",680,unknown,-PT22H
raspberries 100 gr + 20 grams raw peanuts,"[{""name"":""raspberries, raw"",""quantity"":100,""unit"":""g"",""kcal"":51},{""name"":""peanuts, raw"",""quantity"":20,""unit"":""g"",""kcal"":110}]",161,unknown,PT0M
ate cooked meat-only chicken drumstick 150 gr + 100g raw romaine lettuce dinner,"[{""name"":""chicken, broilers or fryers, drumstick, meat only, cooked, braised"",""quantity"":150,""unit"":""g"",""kcal"":234},{""name"":""lettuce, romaine, green, raw"",""quantity"":100,""unit"":""g"",""kcal"":17}]",251,dinner,PT0M
g150 raspberries + g15 raw english walnut halves,"[{""name"":""raspberries, raw"",""quantity"":150,""unit"":""g"",""kcal"":77},{""name"":""nuts, walnuts, english, halves, raw"",""quantity"":15,""unit"":""g"",""kcal"":102}]",179,unknown,PT0M
ate 100 gr raspberries + raw peanuts 30 grams late night,"[{""name"":""raspberries, raw"",""quantity"":100,""unit"":""g"",""kcal"":51},{""name"":""peanuts, raw"",""quantity"":30,""unit"":""g"",""kcal"":165}]",216,late_night,PT0M
ate red delicious apple 150 gr + 20 grams whole raw almonds snack,"[{""name"":""apples, red delicious, with skin, raw"",""quantity"":150,""unit"":""g"",""kcal"":93},{""name"":""nuts, almonds, whole, raw"",""quantity"":20,""unit"":""g"",""kcal"":117}]",210,snack,PT0M
cooked skinless boneless chicken breast 2piece + 150 grams raw roma tomato dinner,"[{""name"":""chicken, broiler or fryers, breast, skinless, boneless, meat only, cooked, braised"",""quantity"":2,""unit"":""piece"",""kcal"":578},{""name"":""tomato, roma"",""quantity"":150,""unit"":""g"",""kcal"":28}]",606,dinner,PT0M
ate g150 strawberries + 15 g raw peanuts snack,"[{""name"":""strawberries, raw"",""quantity"":150,""unit"":""g"",""kcal"":47},{""name"":""peanuts, raw"",""quantity"":15,""unit"":""g"",""kcal"":83}]",130,snack,PT0M
ate 2% milk cup1 + raspberries 200g bf,"[{""name"":""milk, reduced fat, fluid, 2% milkfat, with added vitamin a and vitamin d"",""quantity"":1,""unit"":""cup"",""kcal"":114},{""name"":""raspberries, raw"",""quantity"":200,""unit"":""g"",""kcal"":103}]",217,breakfast,PT0M
cooked skinless boneless chicken breast 1 piece + 150 g raw romaine lettuce lunch -22h,"[{""name"":""chicken, broiler or fryers, breast, skinless, boneless, meat only, cooked, braised"",""quantity"":1,""unit"":""piece"",""kcal"":289},{""name"":""lettuce, romaine, green, raw"",""quantity"":150,""unit"":""g"",""kcal"":26}]",315,lunch,-PT22H
red delicious apple g200 + whole raw almonds 30 grams 12h ago,"[{""name"":""apples, red delicious, with skin, raw"",""quantity"":200,""unit"":""g"",""kcal"":124},{""name"":""nuts, almonds, whole, raw"",""quantity"":30,""unit"":""g"",""kcal"":175}]",299,unknown,-PT12H
100g raspberries + raw english walnut halves 20g +1d,"[{""name"":""raspberries, raw"",""quantity"":100,""unit"":""g"",""kcal"":51},{""name"":""nuts, walnuts, english, halves, raw"",""quantity"":20,""unit"":""g"",""kcal"":136}]",187,unknown,P1D
ate 100 g blueberries + whole raw almonds g20,"[{""name"":""blueberries, raw"",""quantity"":100,""unit"":""g"",""kcal"":57},{""name"":""nuts, almonds, whole, raw"",""quantity"":20,""unit"":""g"",""kcal"":117}]",174,unknown,PT0M
strawberries 200 gr + whole raw almonds 20g bf 2h ago,"[{""name"":""strawberries, raw"",""quantity"":200,""unit"":""g"",""kcal"":62},{""name"":""nuts, almonds, whole, raw"",""quantity"":20,""unit"":""g"",""kcal"":117}]",179,breakfast,-PT2H
strawberries 200 grams + g20 raw english walnut halves bf 23d ago,"[{""name"":""strawberries, raw"",""quantity"":200,""unit"":""g"",""kcal"":62},{""name"":""nuts, walnuts, english, halves, raw"",""quantity"":20,""unit"":""g"",""kcal"":136}]",198,breakfast,-P23D
150 g cooked meat-only chicken drumstick + 50g raw cucumber with peel 241 cal lunch,"[{""name"":""chicken, broilers or fryers, drumstick, meat only, cooked, braised"",""quantity"":150,""unit"":""g"",""kcal"":234},{""name"":""cucumber, with peel, raw"",""quantity"":50,""unit"":""g"",""kcal"":7}]",241,lunch,PT0M
1cup 2% milk + 100 g red delicious apple tomorrow,"[{""name"":""milk, reduced fat, fluid, 2% milkfat, with added vitamin a and vitamin d"",""quantity"":1,""unit"":""cup"",""kcal"":114},{""name"":""apples, red delicious, with skin, raw"",""quantity"":100,""unit"":""g"",""kcal"":62}]",176,unknown,P1D
200 grams blueberries + 20 grams whole raw almonds breakfast 19h ago,"[{""name"":""blueberries, raw"",""quantity"":200,""unit"":""g"",""kcal"":115},{""name"":""nuts, almonds, whole, raw"",""quantity"":20,""unit"":""g"",""kcal"":117}]",232,breakfast,-PT19H
g100 red delicious apple + 15g raw english walnut halves -18d,"[{""name"":""apples, red delicious, with skin, raw"",""quantity"":100,""unit"":""g"",""kcal"":62},{""name"":""nuts, walnuts, english, halves, raw"",""quantity"":15,""unit"":""g"",""kcal"":102}]",164,unknown,-P18D
ate 100g red delicious apple + raw peanuts 20 gr snack,"[{""name"":""apples, red delicious, with skin, raw"",""quantity"":100,""unit"":""g"",""kcal"":62},{""name"":""peanuts, raw"",""quantity"":20,""unit"":""g"",""kcal"":110}]",172,snack,PT0M
red delicious apple 100 g + raw english walnut halves g20 snack,"[{""name"":""apples, red delicious, with skin, raw"",""quantity"":100,""unit"":""g"",""kcal"":62},{""name"":""nuts, walnuts, english, halves, raw"",""quantity"":20,""unit"":""g"",""kcal"":136}]",198,snack,PT0M
raspberries 150 g + 15 gr raw peanuts breakfast,"[{""name"":""raspberries, raw"",""quantity"":150,""unit"":""g"",""kcal"":77},{""name"":""peanuts, raw"",""quantity"":15,""unit"":""g"",""kcal"":83}]",160,breakfast,PT0M
cooked skinless boneless chicken breast piece2 + 50g raw cucumber with peel dinner,"[{""name"":""chicken, broiler or fryers, breast, skinless, boneless, meat only, cooked, braised"",""quantity"":2,""unit"":""piece"",""kcal"":578},{""name"":""cucumber, with peel, raw"",""quantity"":50,""unit"":""g"",""kcal"":7}]",585,dinner,PT0M
2% milk cup2 + red delicious apple 150 gr bf 20h ago,"[{""name"":""milk, reduced fat, fluid, 2% milkfat, with added vitamin a and vitamin d"",""quantity"":2,""unit"":""cup"",""kcal"":227},{""name"":""apples, red delicious, with skin, raw"",""quantity"":150,""unit"":""g"",""kcal"":93}]",320,breakfast,-PT20H
ate red delicious apple 150g + 15g whole raw almonds late night,"[{""name"":""apples, red delicious, with skin, raw"",""quantity"":150,""unit"":""g"",""kcal"":93},{""name"":""nuts, almonds, whole, raw"",""quantity"":15,""unit"":""g"",""kcal"":88}]",181,late_night,PT0M
cup1 whole milk + raspberries 200 grams breakfast,"[{""name"":""milk, whole, 3.25% milkfat, with added vitamin d"",""quantity"":1,""unit"":""cup"",""kcal"":137},{""name"":""raspberries, raw"",""quantity"":200,""unit"":""g"",""kcal"":103}]",240,breakfast,PT0M
200 grams strawberries + raw english walnut halves 15g -11d,"[{""name"":""strawberries, raw"",""quantity"":200,""unit"":""g"",""kcal"":62},{""name"":""nuts, walnuts, english, halves, raw"",""quantity"":15,""unit"":""g"",""kcal"":102}]",164,unknown,-P11D
chinese fried rice without meat 1 cup + sweet and sour pork piece3 340kcal,"[{""name"":""restaurant, chinese, fried rice, without meat"",""quantity"":1,""unit"":""cup"",""kcal"":231},{""name"":""restaurant, chinese, sweet and sour pork"",""quantity"":3,""unit"":""piece"",""kcal"":109}]",340,unknown,PT0M
1cup whole milk + 150 gr blueberries bf,"[{""name"":""milk, whole, 3.25% milkfat, with added vitamin d"",""quantity"":1,""unit"":""cup"",""kcal"":137},{""name"":""blueberries, raw"",""quantity"":150,""unit"":""g"",""kcal"":86}]",223,breakfast,PT0M
cooked meat-only chicken drumstick 200 grams + 100 grams raw romaine lettuce lunch,"[{""name"":""chicken, broilers or fryers, drumstick, meat only, cooked, braised"",""quantity"":200,""unit"":""g"",""kcal"":312},{""name"":""lettuce, romaine, green, raw"",""quantity"":100,""unit"":""g"",""kcal"":17}]",329,lunch,PT0M
15 g whole raw almonds + 150 gr raspberries late night -1d,"[{""name"":""nuts, almonds, whole, raw"",""quantity"":15,""unit"":""g"",""kcal"":88},{""name"":""raspberries, raw"",""quantity"":150,""unit"":""g"",""kcal"":77}]",165,late_night,-P1D
whole milk 1 cup + 150 gr strawberries breakfast 23h ago,"[{""name"":""milk, whole, 3.25% milkfat, with added vitamin d"",""quantity"":1,""unit"":""cup"",""kcal"":137},{""name"":""strawberries, raw"",""quantity"":150,""unit"":""g"",""kcal"":47}]",184,breakfast,-PT23H
blueberries 150 grams + raw peanuts 15 grams 169 cal snack,"[{""name"":""blueberries, raw"",""quantity"":150,""unit"":""g"",""kcal"":86},{""name"":""peanuts, raw"",""quantity"":15,""unit"":""g"",""kcal"":83}]",169,snack,PT0M
ate 150 grams cooked meat-only chicken drumstick + raw romaine lettuce 150 grams,"[{""name"":""chicken, broilers or fryers, drumstick, meat only, cooked, braised"",""quantity"":150,""unit"":""g"",""kcal"":234},{""name"":""lettuce, romaine, green, raw"",""quantity"":150,""unit"":""g"",""kcal"":26}]",260,unknown,PT0M
100g raspberries + whole milk 1cup snack,"[{""name"":""raspberries, raw"",""quantity"":100,""unit"":""g"",""kcal"":51},{""name"":""milk, whole, 3.25% milkfat, with added vitamin d"",""quantity"":1,""unit"":""cup"",""kcal"":137}]",188,snack,PT0M
strawberries 150g + g15 raw english walnut halves,"[{""name"":""strawberries, raw"",""quantity"":150,""unit"":""g"",""kcal"":47},{""name"":""nuts, walnuts, english, halves, raw"",""quantity"":15,""unit"":""g"",""kcal"":102}]",149,unknown,PT0M
raw romaine lettuce 100 g + cooked meat-only chicken drumstick g100 lunch -3d,"[{""name"":""lettuce, romaine, green, raw"",""quantity"":100,""unit"":""g"",""kcal"":17},{""name"":""chicken, broilers or fryers, drumstick, meat only, cooked, braised"",""quantity"":100,""unit"":""g"",""kcal"":156}]",173,lunch,-P3D
100 g red delicious apple + g15 raw peanuts,"[{""name"":""apples, red delicious, with skin, raw"",""quantity"":100,""unit"":""g"",""kcal"":62},{""name"":""peanuts, raw"",""quantity"":15,""unit"":""g"",""kcal"":83}]",145,unknown,PT0M
cooked skinless boneless chicken breast piece1 + 50 gr raw romaine lettuce lunch 1h ago,"[{""name"":""chicken, broiler or fryers, breast, skinless, boneless, meat only, cooked, braised"",""quantity"":1,""unit"":""piece"",""kcal"":289},{""name"":""lettuce, romaine, green, raw"",""quantity"":50,""unit"":""g"",""kcal"":9}]",298,lunch,-PT1H
1cup whole milk + red delicious apple g200,"[{""name"":""milk, whole, 3.25% milkfat, with added vitamin d"",""quantity"":1,""unit"":""cup"",""kcal"":137},{""name"":""apples, red delicious, with skin, raw"",""quantity"":200,""unit"":""g"",""kcal"":124}]",261,unknown,PT0M
whole milk cup2 + raspberries 100g breakfast 8h ago,"[{""name"":""milk, whole, 3.25% milkfat, with added vitamin d"",""quantity"":2,""unit"":""cup"",""kcal"":275},{""name"":""raspberries, raw"",""quantity"":100,""unit"":""g"",""kcal"":51}]",326,breakfast,-PT8H
raspberries 100 gr + g15 raw peanuts ln,"[{""name"":""raspberries, raw"",""quantity"":100,""unit"":""g"",""kcal"":51},{""name"":""peanuts, raw"",""quantity"":15,""unit"":""g"",""kcal"":83}]",134,late_night,PT0M
200 grams red delicious apple + 20 grams raw english walnut halves 260 cal snack +1d,"[{""name"":""apples, red delicious, with skin, raw"",""quantity"":200,""unit"":""g"",""kcal"":124},{""name"":""nuts, walnuts, english, halves, raw"",""quantity"":20,""unit"":""g"",""kcal"":136}]",260,snack,P1D
20 grams raw peanuts + 200g red delicious apple -15h,"[{""name"":""peanuts, raw"",""quantity"":20,""unit"":""g"",""kcal"":110},{""name"":""apples, red delicious, with skin, raw"",""quantity"":200,""unit"":""g"",""kcal"":124}]",234,unknown,-PT15H
ate cup2 2% milk + g100 raspberries snack,"[{""name"":""milk, reduced fat, fluid, 2% milkfat, with added vitamin a and vitamin d"",""quantity"":2,""unit"":""cup"",""kcal"":227},{""name"":""raspberries, raw"",""quantity"":100,""unit"":""g"",""kcal"":51}]",278,snack,PT0M
1 cup whole milk + strawberries g100,"[{""name"":""milk, whole, 3.25% milkfat, with added vitamin d"",""quantity"":1,""unit"":""cup"",""kcal"":137},{""name"":""strawberries, raw"",""quantity"":100,""unit"":""g"",""kcal"":31}]",168,unknown,PT0M
ate strawberries 200g + 30g raw peanuts ln -19h,"[{""name"":""strawberries, raw"",""quantity"":200,""unit"":""g"",""kcal"":62},{""name"":""peanuts, raw"",""quantity"":30,""unit"":""g"",""kcal"":165}]",227,late_night,-PT19H
ate 100 g strawberries + 30 gr raw english walnut halves ln,"[{""name"":""strawberries, raw"",""quantity"":100,""unit"":""g"",""kcal"":31},{""name"":""nuts, walnuts, english, halves, raw"",""quantity"":30,""unit"":""g"",""kcal"":204}]",235,late_night,PT0M
strawberries g100 + 15 gr raw peanuts snack 23h ago,"[{""name"":""strawberries, raw"",""quantity"":100,""unit"":""g"",""kcal"":31},{""name"":""peanuts, raw"",""quantity"":15,""unit"":""g"",""kcal"":83}]",114,snack,-PT23H
ate 100 gr cooked meat-only chicken drumstick + 50 gr raw cucumber with peel -28d,"[{""name"":""chicken, broilers or fryers, drumstick, meat only, cooked, braised"",""quantity"":100,""unit"":""g"",""kcal"":156},{""name"":""cucumber, with peel, raw"",""quantity"":50,""unit"":""g"",""kcal"":7}]",163,unknown,-P28D
ate 2% milk 2 cups + blueberries 200 g,"[{""name"":""milk, reduced fat, fluid, 2% milkfat, with added vitamin a and vitamin d"",""quantity"":2,""unit"":""cup"",""kcal"":227},{""name"":""blueberries, raw"",""quantity"":200,""unit"":""g"",""kcal"":115}]",342,unknown,PT0M
cooked skinless boneless chicken breast piece2 + g150 raw cucumber with peel lunch 17h ago,"[{""name"":""chicken, broiler or fryers, breast, skinless, boneless, meat only, cooked, braised"",""quantity"":2,""unit"":""piece"",""kcal"":578},{""name"":""cucumber, with peel, raw"",""quantity"":150,""unit"":""g"",""kcal"":21}]",599,lunch,-PT17H
200 gr raspberries + 20 g whole raw almonds snack tmr,"[{""name"":""raspberries, raw"",""quantity"":200,""unit"":""g"",""kcal"":103},{""name"":""nuts, almonds, whole, raw"",""quantity"":20,""unit"":""g"",""kcal"":117}]",220,snack,P1D
ate 30g raw english walnut halves + strawberries g200 snack,"[{""name"":""nuts, walnuts, english, halves, raw"",""quantity"":30,""unit"":""g"",""kcal"":204},{""name"":""strawberries, raw"",""quantity"":200,""unit"":""g"",""kcal"":62}]",266,snack,PT0M
2 cups whole milk + 200 g blueberries -22h,"[{""name"":""milk, whole, 3.25% milkfat, with added vitamin d"",""quantity"":2,""unit"":""cup"",""kcal"":275},{""name"":""blueberries, raw"",""quantity"":200,""unit"":""g"",""kcal"":115}]",390,unknown,-PT22H
150 grams raspberries + whole raw almonds 20 grams breakfast -3h,"[{""name"":""raspberries, raw"",""quantity"":150,""unit"":""g"",""kcal"":77},{""name"":""nuts, almonds, whole, raw"",""quantity"":20,""unit"":""g"",""kcal"":117}]",194,breakfast,-PT3H
g150 raspberries + 30 gr whole raw almonds,"[{""name"":""raspberries, raw"",""quantity"":150,""unit"":""g"",""kcal"":77},{""name"":""nuts, almonds, whole, raw"",""quantity"":30,""unit"":""g"",""kcal"":175}]",252,unknown,PT0M
cooked meat-only chicken drumstick 200g + raw roma tomato 150g dinner,"[{""name"":""chicken, broilers or fryers, drumstick, meat only, cooked, braised"",""quantity"":200,""unit"":""g"",""kcal"":312},{""name"":""tomato, roma"",""quantity"":150,""unit"":""g"",""kcal"":28}]",340,dinner,PT0M
100 grams cooked meat-only chicken drumstick + 150 g raw roma tomato 16h ago,"[{""name"":""chicken, broilers or fryers, drumstick, meat only, cooked, braised"",""quantity"":100,""unit"":""g"",""kcal"":156},{""name"":""tomato, roma"",""quantity"":150,""unit"":""g"",""kcal"":28}]",184,unknown,-PT16H
ate 1cup whole milk + 100 grams blueberries 194 cal,"[{""name"":""milk, whole, 3.25% milkfat, with added vitamin d"",""quantity"":1,""unit"":""cup"",""kcal"":137},{""name"":""blueberries, raw"",""quantity"":100,""unit"":""g"",""kcal"":57}]",194,unknown,PT0M
ate red delicious apple 100 grams + 30 gr whole raw almonds snack -14d,"[{""name"":""apples, red delicious, with skin, raw"",""quantity"":100,""unit"":""g"",""kcal"":62},{""name"":""nuts, almonds, whole, raw"",""quantity"":30,""unit"":""g"",""kcal"":175}]",237,snack,-P14D
ate 200 grams strawberries + cup1 whole milk kcal199 snack 10h ago,"[{""name"":""strawberries, raw"",""quantity"":200,""unit"":""g"",""kcal"":62},{""name"":""milk, whole, 3.25% milkfat, with added vitamin d"",""quantity"":1,""unit"":""cup"",""kcal"":137}]",199,snack,-PT10H
200 grams red delicious apple + 15 gr whole raw almonds bf -20h,"[{""name"":""apples, red delicious, with skin, raw"",""quantity"":200,""unit"":""g"",""kcal"":124},{""name"":""nuts, almonds, whole, raw"",""quantity"":15,""unit"":""g"",""kcal"":88}]",212,breakfast,-PT20H
strawberries 150 g + raw english walnut halves 20 g late night,"[{""name"":""strawberries, raw"",""quantity"":150,""unit"":""g"",""kcal"":47},{""name"":""nuts, walnuts, english, halves, raw"",""quantity"":20,""unit"":""g"",""kcal"":136}]",183,late_night,PT0M
strawberries 100 grams + 20 grams whole raw almonds,"[{""name"":""strawberries, raw"",""quantity"":100,""unit"":""g"",""kcal"":31},{""name"":""nuts, almonds, whole, raw"",""quantity"":20,""unit"":""g"",""kcal"":117}]",148,unknown,PT0M
ate 200 gr strawberries + whole raw almonds 15 gr late night,"[{""name"":""strawberries, raw"",""quantity"":200,""unit"":""g"",""kcal"":62},{""name"":""nuts, almonds, whole, raw"",""quantity"":15,""unit"":""g"",""kcal"":88}]",150,late_night,PT0M
strawberries 100 grams + raw peanuts g30 196 cal,"[{""name"":""strawberries, raw"",""quantity"":100,""unit"":""g"",""kcal"":31},{""name"":""peanuts, raw"",""quantity"":30,""unit"":""g"",""kcal"":165}]",196,unknown,PT0M
100 gr blueberries + raw peanuts 20 grams,"[{""name"":""blueberries, raw"",""quantity"":100,""unit"":""g"",""kcal"":57},{""name"":""peanuts, raw"",""quantity"":20,""unit"":""g"",""kcal"":110}]",167,unknown,PT0M
blueberries 100g + 15 g raw english walnut halves -24d,"[{""name"":""blueberries, raw"",""quantity"":100,""unit"":""g"",""kcal"":57},{""name"":""nuts, walnuts, english, halves, raw"",""quantity"":15,""unit"":""g"",""kcal"":102}]",159,unknown,-P24D
1piece cooked skinless boneless chicken breast + 100 grams raw cucumber with peel tmr,"[{""name"":""chicken, broiler or fryers, breast, skinless, boneless, meat only, cooked, braised"",""quantity"":1,""unit"":""piece"",""kcal"":289},{""name"":""cucumber, with peel, raw"",""quantity"":100,""unit"":""g"",""kcal"":14}]",303,unknown,P1D
ate raspberries 100g + g15 raw english walnut halves snack 10h ago,"[{""name"":""raspberries, raw"",""quantity"":100,""unit"":""g"",""kcal"":51},{""name"":""nuts, walnuts, english, halves, raw"",""quantity"":15,""unit"":""g"",""kcal"":102}]",153,snack,-PT10H
blueberries 150 grams + raw peanuts 20 gr +1d,"[{""name"":""blueberries, raw"",""quantity"":150,""unit"":""g"",""kcal"":86},{""name"":""peanuts, raw"",""quantity"":20,""unit"":""g"",""kcal"":110}]",196,unknown,P1D
200 gr blueberries + whole raw almonds 30 gr,"[{""name"":""blueberries, raw"",""quantity"":200,""unit"":""g"",""kcal"":115},{""name"":""nuts, almonds, whole, raw"",""quantity"":30,""unit"":""g"",""kcal"":175}]",290,unknown,PT0M
100 grams red delicious apple + whole raw almonds 20 gr 179kcal 29d ago,"[{""name"":""apples, red delicious, with skin, raw"",""quantity"":100,""unit"":""g"",""kcal"":62},{""name"":""nuts, almonds, whole, raw"",""quantity"":20,""unit"":""g"",""kcal"":117}]",179,unknown,-P29D
2% milk 2 cups + g100 red delicious apple,"[{""name"":""milk, reduced fat, fluid, 2% milkfat, with added vitamin a and vitamin d"",""quantity"":2,""unit"":""cup"",""kcal"":227},{""name"":""apples, red delicious, with skin, raw"",""quantity"":100,""unit"":""g"",""kcal"":62}]",289,unknown,PT0M
cup1 whole milk + 150 gr red delicious apple -22h,"[{""name"":""milk, whole, 3.25% milkfat, with added vitamin d"",""quantity"":1,""unit"":""cup"",""kcal"":137},{""name"":""apples, red delicious, with skin, raw"",""quantity"":150,""unit"":""g"",""kcal"":93}]",230,unknown,-PT22H
whole milk 2 cups + g200 raspberries breakfast,"[{""name"":""milk, whole, 3.25% milkfat, with added vitamin d"",""quantity"":2,""unit"":""cup"",""kcal"":275},{""name"":""raspberries, raw"",""quantity"":200,""unit"":""g"",""kcal"":103}]",378,breakfast,PT0M
ate 150 g blueberries + 15 grams whole raw almonds bf,"[{""name"":""blueberries, raw"",""quantity"":150,""unit"":""g"",""kcal"":86},{""name"":""nuts, almonds, whole, raw"",""quantity"":15,""unit"":""g"",""kcal"":88}]",174,breakfast,PT0M
100 grams strawberries + whole raw almonds 30 g,"[{""name"":""strawberries, raw"",""quantity"":100,""unit"":""g"",""kcal"":31},{""name"":""nuts, almonds, whole, raw"",""quantity"":30,""unit"":""g"",""kcal"":175}]",206,unknown,PT0M
cooked skinless boneless chicken breast piece1 + raw cucumber with peel 50 grams tomorrow,"[{""name"":""chicken, broiler or fryers, breast, skinless, boneless, meat only, cooked, braised"",""quantity"":1,""unit"":""piece"",""kcal"":289},{""name"":""cucumber, with peel, raw"",""quantity"":50,""unit"":""g"",""kcal"":7}]",296,unknown,P1D
g50 raw cucumber with peel + cooked meat-only chicken drumstick 200 gr dinner -7d,"[{""name"":""cucumber, with peel, raw"",""quantity"":50,""unit"":""g"",""kcal"":7},{""name"":""chicken, broilers or fryers, drumstick, meat only, cooked, braised"",""quantity"":200,""unit"":""g"",""kcal"":312}]",319,dinner,-P7D
ate red delicious apple 200 gr + raw peanuts 15 gr,"[{""name"":""apples, red delicious, with skin, raw"",""quantity"":200,""unit"":""g"",""kcal"":124},{""name"":""peanuts, raw"",""quantity"":15,""unit"":""g"",""kcal"":83}]",207,unknown,PT0M
cooked meat-only chicken drumstick 150 g + raw roma tomato 100 grams,"[{""name"":""chicken, broilers or fryers, drumstick, meat only, cooked, braised"",""quantity"":150,""unit"":""g"",""kcal"":234},{""name"":""tomato, roma"",""quantity"":100,""unit"":""g"",""kcal"":19}]",253,unknown,PT0M
cooked skinless boneless chicken breast piece1 + raw roma tomato 150 g kcal317,"[{""name"":""chicken, broiler or fryers, breast, skinless, boneless, meat only, cooked, braised"",""quantity"":1,""unit"":""piece"",""kcal"":289},{""name"":""tomato, roma"",""quantity"":150,""unit"":""g"",""kcal"":28}]",317,unknown,PT0M
g50 raw romaine lettuce + 200 grams cooked meat-only chicken drumstick lunch 14d ago,"[{""name"":""lettuce, romaine, green, raw"",""quantity"":50,""unit"":""g"",""kcal"":9},{""name"":""chicken, broilers or fryers, drumstick, meat only, cooked, braised"",""quantity"":200,""unit"":""g"",""kcal"":312}]",321,lunch,-P14D
red delicious apple 150 g + g30 raw english walnut halves kcal297 breakfast 14d ago,"[{""name"":""apples, red delicious, with skin, raw"",""quantity"":150,""unit"":""g"",""kcal"":93},{""name"":""nuts, walnuts, english, halves, raw"",""quantity"":30,""unit"":""g"",""kcal"":204}]",297,breakfast,-P14D
ate cooked meat-only chicken drumstick 100 grams + 100 gr raw cucumber with peel dinner 20h ago,"[{""name"":""chicken, broilers or fryers, drumstick, meat only, cooked, braised"",""quantity"":100,""unit"":""g"",""kcal"":156},{""name"":""cucumber, with peel, raw"",""quantity"":100,""unit"":""g"",""kcal"":14}]",170,dinner,-PT20H
150 grams raspberries + 30 g raw peanuts ln -12h,"[{""name"":""raspberries, raw"",""quantity"":150,""unit"":""g"",""kcal"":77},{""name"":""peanuts, raw"",""quantity"":30,""unit"":""g"",""kcal"":165}]",242,late_night,-PT12H
red delicious apple 150 grams + whole raw almonds g30 268 cal bf +1d,"[{""name"":""apples, red delicious, with skin, raw"",""quantity"":150,""unit"":""g"",""kcal"":93},{""name"":""nuts, almonds, whole, raw"",""quantity"":30,""unit"":""g"",""kcal"":175}]",268,breakfast,P1D
chinese fried rice without meat 1cup + sweet and sour pork 6piece 24d ago,"[{""name"":""restaurant, chinese, fried rice, without meat"",""quantity"":1,""unit"":""cup"",""kcal"":231},{""name"":""restaurant, chinese, sweet and sour pork"",""quantity"":6,""unit"":""piece"",""kcal"":217}]",448,unknown,-P24D
raspberries 200g + raw peanuts 15 grams -21d,"[{""name"":""raspberries, raw"",""quantity"":200,""unit"":""g"",""kcal"":103},{""name"":""peanuts, raw"",""quantity"":15,""unit"":""g"",""kcal"":83}]",186,unknown,-P21D
red delicious apple 200 gr + raw english walnut halves 30 grams snack,"[{""name"":""apples, red delicious, with skin, raw"",""quantity"":200,""unit"":""g"",""kcal"":124},{""name"":""nuts, walnuts, english, halves, raw"",""quantity"":30,""unit"":""g"",""kcal"":204}]",328,snack,PT0M
ate 150g cooked meat-only chicken drumstick + 100 g raw cucumber with peel dinner -7h,"[{""name"":""chicken, broilers or fryers, drumstick, meat only, cooked, braised"",""quantity"":150,""unit"":""g"",""kcal"":234},{""name"":""cucumber, with peel, raw"",""quantity"":100,""unit"":""g"",""kcal"":14}]",248,dinner,-PT7H
ate 200g blueberries + raw peanuts 15 g snack,"[{""name"":""blueberries, raw"",""quantity"":200,""unit"":""g"",""kcal"":115},{""name"":""peanuts, raw"",""quantity"":15,""unit"":""g"",""kcal"":83}]",198,snack,PT0M
red delicious apple 150 g + raw english walnut halves 20g snack,"[{""name"":""apples, red delicious, with skin, raw"",""quantity"":150,""unit"":""g"",""kcal"":93},{""name"":""nuts, walnuts, english, halves, raw"",""quantity"":20,""unit"":""g"",""kcal"":136}]",229,snack,PT0M
ate 2% milk 2 cups + raspberries 150 gr -22d,"[{""name"":""milk, reduced fat, fluid, 2% milkfat, with added vitamin a and vitamin d"",""quantity"":2,""unit"":""cup"",""kcal"":227},{""name"":""raspberries, raw"",""quantity"":150,""unit"":""g"",""kcal"":77}]",304,unknown,-P22D
100 g blueberries + 20 gr raw english walnut halves 22d ago,"[{""name"":""blueberries, raw"",""quantity"":100,""unit"":""g"",""kcal"":57},{""name"":""nuts, walnuts, english, halves, raw"",""quantity"":20,""unit"":""g"",""kcal"":136}]",193,unknown,-P22D
cooked meat-only chicken drumstick 200 grams + 150 g raw romaine lettuce lunch -16h,"[{""name"":""chicken, broilers or fryers, drumstick, meat only, cooked, braised"",""quantity"":200,""unit"":""g"",""kcal"":312},{""name"":""lettuce, romaine, green, raw"",""quantity"":150,""unit"":""g"",""kcal"":26}]",338,lunch,-PT16H
cooked skinless boneless chicken breast 2piece + 100g raw cucumber with peel dinner tmr,"[{""name"":""chicken, broiler or fryers, breast, skinless, boneless, meat only, cooked, braised"",""quantity"":2,""unit"":""piece"",""kcal"":578},{""name"":""cucumber, with peel, raw"",""quantity"":100,""unit"":""g"",""kcal"":14}]",592,dinner,P1D
raspberries 100g + raw english walnut halves 30g 255kcal snack tomorrow,"[{""name"":""raspberries, raw"",""quantity"":100,""unit"":""g"",""kcal"":51},{""name"":""nuts, walnuts, english, halves, raw"",""quantity"":30,""unit"":""g"",""kcal"":204}]",255,snack,P1D
100g red delicious apple + raw english walnut halves g30 266kcal snack 20h ago,"[{""name"":""apples, red delicious, with skin, raw"",""quantity"":100,""unit"":""g"",""kcal"":62},{""name"":""nuts, walnuts, english, halves, raw"",""quantity"":30,""unit"":""g"",""kcal"":204}]",266,snack,-PT20H
100 gr raw roma tomato + cooked skinless boneless chicken breast 2piece dinner,"[{""name"":""tomato, roma"",""quantity"":100,""unit"":""g"",""kcal"":19},{""name"":""chicken, broiler or fryers, breast, skinless, boneless, meat only, cooked, braised"",""quantity"":2,""unit"":""piece"",""kcal"":578}]",597,dinner,PT0M
150 gr blueberries + raw peanuts g30 251kcal bf,"[{""name"":""blueberries, raw"",""quantity"":150,""unit"":""g"",""kcal"":86},{""name"":""peanuts, raw"",""quantity"":30,""unit"":""g"",""kcal"":165}]",251,breakfast,PT0M
raspberries 150g + raw english walnut halves 20 gr breakfast,"[{""name"":""raspberries, raw"",""quantity"":150,""unit"":""g"",""kcal"":77},{""name"":""nuts, walnuts, english, halves, raw"",""quantity"":20,""unit"":""g"",""kcal"":136}]",213,breakfast,PT0M
ate blueberries 100 g + 30 grams whole raw almonds breakfast -29d,"[{""name"":""blueberries, raw"",""quantity"":100,""unit"":""g"",""kcal"":57},{""name"":""nuts, almonds, whole, raw"",""quantity"":30,""unit"":""g"",""kcal"":175}]",232,breakfast,-P29D
2% milk cup1 + strawberries 100 grams snack 19d ago,"[{""name"":""milk, reduced fat, fluid, 2% milkfat, with added vitamin a and vitamin d"",""quantity"":1,""unit"":""cup"",""kcal"":114},{""name"":""strawberries, raw"",""quantity"":100,""unit"":""g"",""kcal"":31}]",145,snack,-P19D
raspberries 150 grams + 2 cups whole milk 352 cal snack,"[{""name"":""raspberries, raw"",""quantity"":150,""unit"":""g"",""kcal"":77},{""name"":""milk, whole, 3.25% milkfat, with added vitamin d"",""quantity"":2,""unit"":""cup"",""kcal"":275}]",352,snack,PT0M
red delicious apple 100 g + whole raw almonds 15 gr snack,"[{""name"":""apples, red delicious, with skin, raw"",""quantity"":100,""unit"":""g"",""kcal"":62},{""name"":""nuts, almonds, whole, raw"",""quantity"":15,""unit"":""g"",""kcal"":88}]",150,snack,PT0M
ate blueberries 150 grams + raw english walnut halves 20 g snack,"[{""name"":""blueberries, raw"",""quantity"":150,""unit"":""g"",""kcal"":86},{""name"":""nuts, walnuts, english, halves, raw"",""quantity"":20,""unit"":""g"",""kcal"":136}]",222,snack,PT0M
ate g150 strawberries + raw peanuts 30 gr ln -28d,"[{""name"":""strawberries, raw"",""quantity"":150,""unit"":""g"",""kcal"":47},{""name"":""peanuts, raw"",""quantity"":30,""unit"":""g"",""kcal"":165}]",212,late_night,-P28D
cooked skinless boneless chicken breast 1piece + raw romaine lettuce 100 g lunch,"[{""name"":""chicken, broiler or fryers, breast, skinless, boneless, meat only, cooked, braised"",""quantity"":1,""unit"":""piece"",""kcal"":289},{""name"":""lettuce, romaine, green, raw"",""quantity"":100,""unit"":""g"",""kcal"":17}]",306,lunch,PT0M
1 cup 2% milk + 150g blueberries snack 23h ago,"[{""name"":""milk, reduced fat, fluid, 2% milkfat, with added vitamin a and vitamin d"",""quantity"":1,""unit"":""cup"",""kcal"":114},{""name"":""blueberries, raw"",""quantity"":150,""unit"":""g"",""kcal"":86}]",200,snack,-PT23H
strawberries g150 + whole raw almonds 30 gr kcal222,"[{""name"":""strawberries, raw"",""quantity"":150,""unit"":""g"",""kcal"":47},{""name"":""nuts, almonds, whole, raw"",""quantity"":30,""unit"":""g"",""kcal"":175}]",222,unknown,PT0M
100 grams strawberries + raw english walnut halves 15 g snack,"[{""name"":""strawberries, raw"",""quantity"":100,""unit"":""g"",""kcal"":31},{""name"":""nuts, walnuts, english, halves, raw"",""quantity"":15,""unit"":""g"",""kcal"":102}]",133,snack,PT0M
150 g strawberries + 30 grams raw english walnut halves 251 cal ln 23d ago,"[{""name"":""strawberries, raw"",""quantity"":150,""unit"":""g"",""kcal"":47},{""name"":""nuts, walnuts, english, halves, raw"",""quantity"":30,""unit"":""g"",""kcal"":204}]",251,late_night,-P23D
200 gr blueberries + g20 raw english walnut halves snack -23d,"[{""name"":""blueberries, raw"",""quantity"":200,""unit"":""g"",""kcal"":115},{""name"":""nuts, walnuts, english, halves, raw"",""quantity"":20,""unit"":""g"",""kcal"":136}]",251,snack,-P23D
150 grams blueberries + raw english walnut halves 15 gr -14h,"[{""name"":""blueberries, raw"",""quantity"":150,""unit"":""g"",""kcal"":86},{""name"":""nuts, walnuts, english, halves, raw"",""quantity"":15,""unit"":""g"",""kcal"":102}]",188,unknown,-PT14H
2% milk cup2 + strawberries g100 snack -22h,"[{""name"":""milk, reduced fat, fluid, 2% milkfat, with added vitamin a and vitamin d"",""quantity"":2,""unit"":""cup"",""kcal"":227},{""name"":""strawberries, raw"",""quantity"":100,""unit"":""g"",""kcal"":31}]",258,snack,-PT22H
red delicious apple 200g + 20 grams whole raw almonds 241kcal snack,"[{""name"":""apples, red delicious, with skin, raw"",""quantity"":200,""unit"":""g"",""kcal"":124},{""name"":""nuts, almonds, whole, raw"",""quantity"":20,""unit"":""g"",""kcal"":117}]",241,snack,PT0M
ate blueberries g100 + raw peanuts 30 g late night,"[{""name"":""blueberries, raw"",""quantity"":100,""unit"":""g"",""kcal"":57},{""name"":""peanuts, raw"",""quantity"":30,""unit"":""g"",""kcal"":165}]",222,late_night,PT0M
raspberries 200g + 15 gr whole raw almonds late night,"[{""name"":""raspberries, raw"",""quantity"":200,""unit"":""g"",""kcal"":103},{""name"":""nuts, almonds, whole, raw"",""quantity"":15,""unit"":""g"",""kcal"":88}]",191,late_night,PT0M
blueberries 100 gr + whole raw almonds 15 grams snack,"[{""name"":""blueberries, raw"",""quantity"":100,""unit"":""g"",""kcal"":57},{""name"":""nuts, almonds, whole, raw"",""quantity"":15,""unit"":""g"",""kcal"":88}]",145,snack,PT0M
ate strawberries 200 gr + 20 gr raw peanuts kcal172 -20d,"[{""name"":""strawberries, raw"",""quantity"":200,""unit"":""g"",""kcal"":62},{""name"":""peanuts, raw"",""quantity"":20,""unit"":""g"",""kcal"":110}]",172,unknown,-P20D
15 g raw english walnut halves + 150 grams red delicious apple,"[{""name"":""nuts, walnuts, english, halves, raw"",""quantity"":15,""unit"":""g"",""kcal"":102},{""name"":""apples, red delicious, with skin, raw"",""quantity"":150,""unit"":""g"",""kcal"":93}]",195,unknown,PT0M
ate 200 grams blueberries + g30 raw english walnut halves,"[{""name"":""blueberries, raw"",""quantity"":200,""unit"":""g"",""kcal"":115},{""name"":""nuts, walnuts, english, halves, raw"",""quantity"":30,""unit"":""g"",""kcal"":204}]",319,unknown,PT0M
raspberries 150 gr + 2% milk 1 cup 191kcal snack -19d,"[{""name"":""raspberries, raw"",""quantity"":150,""unit"":""g"",""kcal"":77},{""name"":""milk, reduced fat, fluid, 2% milkfat, with added vitamin a and vitamin d"",""quantity"":1,""unit"":""cup"",""kcal"":114}]",191,snack,-P19D
blueberries 100 grams + 2% milk cup2 snack -16d,"[{""name"":""blueberries, raw"",""quantity"":100,""unit"":""g"",""kcal"":57},{""name"":""milk, reduced fat, fluid, 2% milkfat, with added vitamin a and vitamin d"",""quantity"":2,""unit"":""cup"",""kcal"":227}]",284,snack,-P16D
1 cup 2% milk + strawberries 200g snack,"[{""name"":""milk, reduced fat, fluid, 2% milkfat, with added vitamin a and vitamin d"",""quantity"":1,""unit"":""cup"",""kcal"":114},{""name"":""strawberries, raw"",""quantity"":200,""unit"":""g"",""kcal"":62}]",176,snack,PT0M
cup2 whole milk + red delicious apple 200 grams 399 cal,"[{""name"":""milk, whole, 3.25% milkfat, with added vitamin d"",""quantity"":2,""unit"":""cup"",""kcal"":275},{""name"":""apples, red delicious, with skin, raw"",""quantity"":200,""unit"":""g"",""kcal"":124}]",399,unknown,PT0M
cooked meat-only chicken drumstick 150g + raw romaine lettuce 50 gr,"[{""name"":""chicken, broilers or fryers, drumstick, meat only, cooked, braised"",""quantity"":150,""unit"":""g"",""kcal"":234},{""name"":""lettuce, romaine, green, raw"",""quantity"":50,""unit"":""g"",""kcal"":9}]",243,unknown,PT0M
150 g raspberries + raw peanuts 20 gr 22d ago,"[{""name"":""raspberries, raw"",""quantity"":150,""unit"":""g"",""kcal"":77},{""name"":""peanuts, raw"",""quantity"":20,""unit"":""g"",""kcal"":110}]",187,unknown,-P22D
100 gr raspberries + 30 grams whole raw almonds -23d,"[{""name"":""raspberries, raw"",""quantity"":100,""unit"":""g"",""kcal"":51},{""name"":""nuts, almonds, whole, raw"",""quantity"":30,""unit"":""g"",""kcal"":175}]",226,unknown,-P23D
raspberries 200 grams + raw peanuts 30g,"[{""name"":""raspberries, raw"",""quantity"":200,""unit"":""g"",""kcal"":103},{""name"":""peanuts, raw"",""quantity"":30,""unit"":""g"",""kcal"":165}]",268,unknown,PT0M
200 g blueberries + raw peanuts 20 gr snack,"[{""name"":""blueberries, raw"",""quantity"":200,""unit"":""g"",""kcal"":115},{""name"":""peanuts, raw"",""quantity"":20,""unit"":""g"",""kcal"":110}]",225,snack,PT0M
ate 150 gr raspberries + raw english walnut halves 30 grams 10h ago,"[{""name"":""raspberries, raw"",""quantity"":150,""unit"":""g"",""kcal"":77},{""name"":""nuts, walnuts, english, halves, raw"",""quantity"":30,""unit"":""g"",""kcal"":204}]",281,unknown,-PT10H
cooked meat-only chicken drumstick g100 + raw cucumber with peel 150 grams dinner 8d ago,"[{""name"":""chicken, broilers or fryers, drumstick, meat only, cooked, braised"",""quantity"":100,""unit"":""g"",""kcal"":156},{""name"":""cucumber, with peel, raw"",""quantity"":150,""unit"":""g"",""kcal"":21}]",177,dinner,-P8D
ate 2 cups whole milk + red delicious apple g100,"[{""name"":""milk, whole, 3.25% milkfat, with added vitamin d"",""quantity"":2,""unit"":""cup"",""kcal"":275},{""name"":""apples, red delicious, with skin, raw"",""quantity"":100,""unit"":""g"",""kcal"":62}]",337,unknown,PT0M
2piece cooked skinless boneless chicken breast + raw roma tomato 50 g 587kcal dinner 30d ago,"[{""name"":""chicken, broiler or fryers, breast, skinless, boneless, meat only, cooked, braised"",""quantity"":2,""unit"":""piece"",""kcal"":578},{""name"":""tomato, roma"",""quantity"":50,""unit"":""g"",""kcal"":9}]",587,dinner,-P30D
200 gr raspberries + 30g whole raw almonds,"[{""name"":""raspberries, raw"",""quantity"":200,""unit"":""g"",""kcal"":103},{""name"":""nuts, almonds, whole, raw"",""quantity"":30,""unit"":""g"",""kcal"":175}]",278,unknown,PT0M
ate 15 g raw peanuts + g150 red delicious apple late night,"[{""name"":""peanuts, raw"",""quantity"":15,""unit"":""g"",""kcal"":83},{""name"":""apples, red delicious, with skin, raw"",""quantity"":150,""unit"":""g"",""kcal"":93}]",176,late_night,PT0M
150 gr blueberries + raw english walnut halves 30 g bf 13d ago,"[{""name"":""blueberries, raw"",""quantity"":150,""unit"":""g"",""kcal"":86},{""name"":""nuts, walnuts, english, halves, raw"",""quantity"":30,""unit"":""g"",""kcal"":204}]",290,breakfast,-P13D
strawberries 200 grams + 15 gr raw peanuts,"[{""name"":""strawberries, raw"",""quantity"":200,""unit"":""g"",""kcal"":62},{""name"":""peanuts, raw"",""quantity"":15,""unit"":""g"",""kcal"":83}]",145,unknown,PT0M
2cup whole milk + g150 blueberries bf,"[{""name"":""milk, whole, 3.25% milkfat, with added vitamin d"",""quantity"":2,""unit"":""cup"",""kcal"":275},{""name"":""blueberries, raw"",""quantity"":150,""unit"":""g"",""kcal"":86}]",361,breakfast,PT0M
cooked skinless boneless chicken breast 2 pieces + raw romaine lettuce 50 g 587kcal dinner,"[{""name"":""chicken, broiler or fryers, breast, skinless, boneless, meat only, cooked, braised"",""quantity"":2,""unit"":""piece"",""kcal"":578},{""name"":""lettuce, romaine, green, raw"",""quantity"":50,""unit"":""g"",""kcal"":9}]",587,dinner,PT0M
ate 1 piece cooked skinless boneless chicken breast + g150 raw cucumber with peel -15h,"[{""name"":""chicken, broiler or fryers, breast, skinless, boneless, meat only, cooked, braised"",""quantity"":1,""unit"":""piece"",""kcal"":289},{""name"":""cucumber, with peel, raw"",""quantity"":150,""unit"":""g"",""kcal"":21}]",310,unknown,-PT15H
150 g strawberries + whole raw almonds 20 g snack,"[{""name"":""strawberries, raw"",""quantity"":150,""unit"":""g"",""kcal"":47},{""name"":""nuts, almonds, whole, raw"",""quantity"":20,""unit"":""g"",""kcal"":117}]",164,snack,PT0M
150 grams strawberries + whole raw almonds 15 grams late night -5d,"[{""name"":""strawberries, raw"",""quantity"":150,""unit"":""g"",""kcal"":47},{""name"":""nuts, almonds, whole, raw"",""quantity"":15,""unit"":""g"",""kcal"":88}]",135,late_night,-P5D
cooked meat-only chicken drumstick 150g + raw roma tomato 150g 4h ago,"[{""name"":""chicken, broilers or fryers, drumstick, meat only, cooked, braised"",""quantity"":150,""unit"":""g"",""kcal"":234},{""name"":""tomato, roma"",""quantity"":150,""unit"":""g"",""kcal"":28}]",262,unknown,-PT4H
ate cup2 whole milk + blueberries 100g snack,"[{""name"":""milk, whole, 3.25% milkfat, with added vitamin d"",""quantity"":2,""unit"":""cup"",""kcal"":275},{""name"":""blueberries, raw"",""quantity"":100,""unit"":""g"",""kcal"":57}]",332,snack,PT0M
ate cooked meat-only chicken drumstick 100 g + 50g raw romaine lettuce lunch,"[{""name"":""chicken, broilers or fryers, drumstick, meat only, cooked, braised"",""quantity"":100,""unit"":""g"",""kcal"":156},{""name"":""lettuce, romaine, green, raw"",""quantity"":50,""unit"":""g"",""kcal"":9}]",165,lunch,PT0M
ate 2% milk cup1 + 100g raspberries,"[{""name"":""milk, reduced fat, fluid, 2% milkfat, with added vitamin a and vitamin d"",""quantity"":1,""unit"":""cup"",""kcal"":114},{""name"":""raspberries, raw"",""quantity"":100,""unit"":""g"",""kcal"":51}]",165,unknown,PT0M
ate 100g strawberries + 15 grams whole raw almonds,"[{""name"":""strawberries, raw"",""quantity"":100,""unit"":""g"",""kcal"":31},{""name"":""nuts, almonds, whole, raw"",""quantity"":15,""unit"":""g"",""kcal"":88}]",119,unknown,PT0M
ate strawberries 150 gr + raw peanuts 20 gr 157 cal,"[{""name"":""strawberries, raw"",""quantity"":150,""unit"":""g"",""kcal"":47},{""name"":""peanuts, raw"",""quantity"":20,""unit"":""g"",""kcal"":110}]",157,unknown,PT0M
ate raspberries 100 g + 15 grams whole raw almonds 139kcal breakfast 30d ago,"[{""name"":""raspberries, raw"",""quantity"":100,""unit"":""g"",""kcal"":51},{""name"":""nuts, almonds, whole, raw"",""quantity"":15,""unit"":""g"",""kcal"":88}]",139,breakfast,-P30D
100 g red delicious apple + g30 raw peanuts 27d ago,"[{""name"":""apples, red delicious, with skin, raw"",""quantity"":100,""unit"":""g"",""kcal"":62},{""name"":""peanuts, raw"",""quantity"":30,""unit"":""g"",""kcal"":165}]",227,unknown,-P27D
1 cup 2% milk + 100 grams blueberries breakfast,"[{""name"":""milk, reduced fat, fluid, 2% milkfat, with added vitamin a and vitamin d"",""quantity"":1,""unit"":""cup"",""kcal"":114},{""name"":""blueberries, raw"",""quantity"":100,""unit"":""g"",""kcal"":57}]",171,breakfast,PT0M
whole milk 1 cup + raspberries 150 grams snack,"[{""name"":""milk, whole, 3.25% milkfat, with added vitamin d"",""quantity"":1,""unit"":""cup"",""kcal"":137},{""name"":""raspberries, raw"",""quantity"":150,""unit"":""g"",""kcal"":77}]",214,snack,PT0M
strawberries 100g + raw peanuts 20g kcal141 snack,"[{""name"":""strawberries, raw"",""quantity"":100,""unit"":""g"",""kcal"":31},{""name"":""peanuts, raw"",""quantity"":20,""unit"":""g"",""kcal"":110}]",141,snack,PT0M
ate strawberries 100 gr + 20 grams raw english walnut halves,"[{""name"":""strawberries, raw"",""quantity"":100,""unit"":""g"",""kcal"":31},{""name"":""nuts, walnuts, english, halves, raw"",""quantity"":20,""unit"":""g"",""kcal"":136}]",167,unknown,PT0M
g100 cooked meat-only chicken drumstick + raw roma tomato 100 g dinner -19d,"[{""name"":""chicken, broilers or fryers, drumstick, meat only, cooked, braised"",""quantity"":100,""unit"":""g"",""kcal"":156},{""name"":""tomato, roma"",""quantity"":100,""unit"":""g"",""kcal"":19}]",175,dinner,-P19D
g30 raw english walnut halves + blueberries g100 ln tomorrow,"[{""name"":""nuts, walnuts, english, halves, raw"",""quantity"":30,""unit"":""g"",""kcal"":204},{""name"":""blueberries, raw"",""quantity"":100,""unit"":""g"",""kcal"":57}]",261,late_night,P1D
100 gr blueberries + raw peanuts 15g snack -15h,"[{""name"":""blueberries, raw"",""quantity"":100,""unit"":""g"",""kcal"":57},{""name"":""peanuts, raw"",""quantity"":15,""unit"":""g"",""kcal"":83}]",140,snack,-PT15H
ate 200g raspberries + g30 raw english walnut halves,"[{""name"":""raspberries, raw"",""quantity"":200,""unit"":""g"",""kcal"":103},{""name"":""nuts, walnuts, english, halves, raw"",""quantity"":30,""unit"":""g"",""kcal"":204}]",307,unknown,PT0M
blueberries 200 gr + raw peanuts 30 g snack,"[{""name"":""blueberries, raw"",""quantity"":200,""unit"":""g"",""kcal"":115},{""name"":""peanuts, raw"",""quantity"":30,""unit"":""g"",""kcal"":165}]",280,snack,PT0M
ate blueberries g200 + g15 whole raw almonds,"[{""name"":""blueberries, raw"",""quantity"":200,""unit"":""g"",""kcal"":115},{""name"":""nuts, almonds, whole, raw"",""quantity"":15,""unit"":""g"",""kcal"":88}]",203,unknown,PT0M
2cup 2% milk + strawberries 200 gr bf,"[{""name"":""milk, reduced fat, fluid, 2% milkfat, with added vitamin a and vitamin d"",""quantity"":2,""unit"":""cup"",""kcal"":227},{""name"":""strawberries, raw"",""quantity"":200,""unit"":""g"",""kcal"":62}]",289,breakfast,PT0M
200 gr strawberries + whole raw almonds 30 gr 237 cal snack -5h,"[{""name"":""strawberries, raw"",""quantity"":200,""unit"":""g"",""kcal"":62},{""name"":""nuts, almonds, whole, raw"",""quantity"":30,""unit"":""g"",""kcal"":175}]",237,snack,-PT5H
ate 200 g red delicious apple + raw peanuts 30 grams snack,"[{""name"":""apples, red delicious, with skin, raw"",""quantity"":200,""unit"":""g"",""kcal"":124},{""name"":""peanuts, raw"",""quantity"":30,""unit"":""g"",""kcal"":165}]",289,snack,PT0M
ate cooked meat-only chicken drumstick 150g + g50 raw roma tomato 243kcal lunch,"[{""name"":""chicken, broilers or fryers, drumstick, meat only, cooked, braised"",""quantity"":150,""unit"":""g"",""kcal"":234},{""name"":""tomato, roma"",""quantity"":50,""unit"":""g"",""kcal"":9}]",243,lunch,PT0M
ate 2 cups 2% milk + 150 grams blueberries 313kcal -8h,"[{""name"":""milk, reduced fat, fluid, 2% milkfat, with added vitamin a and vitamin d"",""quantity"":2,""unit"":""cup"",""kcal"":227},{""name"":""blueberries, raw"",""quantity"":150,""unit"":""g"",""kcal"":86}]",313,unknown,-PT8H
raw cucumber with peel 150g + 200g cooked meat-only chicken drumstick lunch +1d,"[{""name"":""cucumber, with peel, raw"",""quantity"":150,""unit"":""g"",""kcal"":21},{""name"":""chicken, broilers or fryers, drumstick, meat only, cooked, braised"",""quantity"":200,""unit"":""g"",""kcal"":312}]",333,lunch,P1D
150 g blueberries + 20 gr whole raw almonds,"[{""name"":""blueberries, raw"",""quantity"":150,""unit"":""g"",""kcal"":86},{""name"":""nuts, almonds, whole, raw"",""quantity"":20,""unit"":""g"",""kcal"":117}]",203,unknown,PT0M
ate 150 gr cooked meat-only chicken drumstick + 150 gr raw cucumber with peel,"[{""name"":""chicken, broilers or fryers, drumstick, meat only, cooked, braised"",""quantity"":150,""unit"":""g"",""kcal"":234},{""name"":""cucumber, with peel, raw"",""quantity"":150,""unit"":""g"",""kcal"":21}]",255,unknown,PT0M
raw peanuts 20g + raspberries g200 -16d,"[{""name"":""peanuts, raw"",""quantity"":20,""unit"":""g"",""kcal"":110},{""name"":""raspberries, raw"",""quantity"":200,""unit"":""g"",""kcal"":103}]",213,unknown,-P16D
ate 2% milk 1 cup + red delicious apple 200 gr kcal238 snack,"[{""name"":""milk, reduced fat, fluid, 2% milkfat, with added vitamin a and vitamin d"",""quantity"":1,""unit"":""cup"",""kcal"":114},{""name"":""apples, red delicious, with skin, raw"",""quantity"":200,""unit"":""g"",""kcal"":124}]",238,snack,PT0M
strawberries g150 + 2% milk cup2 kcal274 snack,"[{""name"":""strawberries, raw"",""quantity"":150,""unit"":""g"",""kcal"":47},{""name"":""milk, reduced fat, fluid, 2% milkfat, with added vitamin a and vitamin d"",""quantity"":2,""unit"":""cup"",""kcal"":227}]",274,snack,PT0M
red delicious apple 100g + 1cup whole milk,"[{""name"":""apples, red delicious, with skin, raw"",""quantity"":100,""unit"":""g"",""kcal"":62},{""name"":""milk, whole, 3.25% milkfat, with added vitamin d"",""quantity"":1,""unit"":""cup"",""kcal"":137}]",199,unknown,PT0M
ate 3 pieces sweet and sour pork + chinese fried rice without meat 2 cups -20h,"[{""name"":""restaurant, chinese, sweet and sour pork"",""quantity"":3,""unit"":""piece"",""kcal"":109},{""name"":""restaurant, chinese, fried rice, without meat"",""quantity"":2,""unit"":""cup"",""kcal"":463}]",572,unknown,-PT20H
whole milk cup2 + 150 g strawberries 322kcal bf,"[{""name"":""milk, whole, 3.25% milkfat, with added vitamin d"",""quantity"":2,""unit"":""cup"",""kcal"":275},{""name"":""strawberries, raw"",""quantity"":150,""unit"":""g"",""kcal"":47}]",322,breakfast,PT0M
ate 2piece cooked skinless boneless chicken breast + 100g raw romaine lettuce dinner,"[{""name"":""chicken, broiler or fryers, breast, skinless, boneless, meat only, cooked, braised"",""quantity"":2,""unit"":""piece"",""kcal"":578},{""name"":""lettuce, romaine, green, raw"",""quantity"":100,""unit"":""g"",""kcal"":17}]",595,dinner,PT0M
2% milk 2cup + raspberries 200 grams breakfast,"[{""name"":""milk, reduced fat, fluid, 2% milkfat, with added vitamin a and vitamin d"",""quantity"":2,""unit"":""cup"",""kcal"":227},{""name"":""raspberries, raw"",""quantity"":200,""unit"":""g"",""kcal"":103}]",330,breakfast,PT0M
whole milk 2cup + 150 grams red delicious apple 368kcal snack,"[{""name"":""milk, whole, 3.25% milkfat, with added vitamin d"",""quantity"":2,""unit"":""cup"",""kcal"":275},{""name"":""apples, red delicious, with skin, raw"",""quantity"":150,""unit"":""g"",""kcal"":93}]",368,snack,PT0M
ate 2% milk 2cup + g200 red delicious apple,"[{""name"":""milk, reduced fat, fluid, 2% milkfat, with added vitamin a and vitamin d"",""quantity"":2,""unit"":""cup"",""kcal"":227},{""name"":""apples, red delicious, with skin, raw"",""quantity"":200,""unit"":""g"",""kcal"":124}]",351,unknown,PT0M
ate 150 grams strawberries + cup1 2% milk snack 13d ago,"[{""name"":""strawberries, raw"",""quantity"":150,""unit"":""g"",""kcal"":47},{""name"":""milk, reduced fat, fluid, 2% milkfat, with added vitamin a and vitamin d"",""quantity"":1,""unit"":""cup"",""kcal"":114}]",161,snack,-P13D
cooked skinless boneless chicken breast piece2 + raw romaine lettuce 150 grams,"[{""name"":""chicken, broiler or fryers, breast, skinless, boneless, meat only, cooked, braised"",""quantity"":2,""unit"":""piece"",""kcal"":578},{""name"":""lettuce, romaine, green, raw"",""quantity"":150,""unit"":""g"",""kcal"":26}]",604,unknown,PT0M
cooked meat-only chicken drumstick g100 + raw romaine lettuce 150 gr lunch,"[{""name"":""chicken, broilers or fryers, drumstick, meat only, cooked, braised"",""quantity"":100,""unit"":""g"",""kcal"":156},{""name"":""lettuce, romaine, green, raw"",""quantity"":150,""unit"":""g"",""kcal"":26}]",182,lunch,PT0M
red delicious apple g150 + raw peanuts 30 g snack,"[{""name"":""apples, red delicious, with skin, raw"",""quantity"":150,""unit"":""g"",""kcal"":93},{""name"":""peanuts, raw"",""quantity"":30,""unit"":""g"",""kcal"":165}]",258,snack,PT0M
ate blueberries 150g + whole raw almonds 30 g ln,"[{""name"":""blueberries, raw"",""quantity"":150,""unit"":""g"",""kcal"":86},{""name"":""nuts, almonds, whole, raw"",""quantity"":30,""unit"":""g"",""kcal"":175}]",261,late_night,PT0M
ate raspberries 200 grams + raw english walnut halves g20,"[{""name"":""raspberries, raw"",""quantity"":200,""unit"":""g"",""kcal"":103},{""name"":""nuts, walnuts, english, halves, raw"",""quantity"":20,""unit"":""g"",""kcal"":136}]",239,unknown,PT0M
1 piece cooked skinless boneless chicken breast + 50 g raw roma tomato,"[{""name"":""chicken, broiler or fryers, breast, skinless, boneless, meat only, cooked, braised"",""quantity"":1,""unit"":""piece"",""kcal"":289},{""name"":""tomato, roma"",""quantity"":50,""unit"":""g"",""kcal"":9}]",298,unknown,PT0M
g200 cooked meat-only chicken drumstick + 50 grams raw roma tomato dinner -20d,"[{""name"":""chicken, broilers or fryers, drumstick, meat only, cooked, braised"",""quantity"":200,""unit"":""g"",""kcal"":312},{""name"":""tomato, roma"",""quantity"":50,""unit"":""g"",""kcal"":9}]",321,dinner,-P20D
2% milk 1cup + 200g blueberries 23h ago,"[{""name"":""milk, reduced fat, fluid, 2% milkfat, with added vitamin a and vitamin d"",""quantity"":1,""unit"":""cup"",""kcal"":114},{""name"":""blueberries, raw"",""quantity"":200,""unit"":""g"",""kcal"":115}]",229,unknown,-PT23H
ate 1cup whole milk + g200 blueberries snack,"[{""name"":""milk, whole, 3.25% milkfat, with added vitamin d"",""quantity"":1,""unit"":""cup"",""kcal"":137},{""name"":""blueberries, raw"",""quantity"":200,""unit"":""g"",""kcal"":115}]",252,snack,PT0M
blueberries 200g + raw english walnut halves 15 gr snack,"[{""name"":""blueberries, raw"",""quantity"":200,""unit"":""g"",""kcal"":115},{""name"":""nuts, walnuts, english, halves, raw"",""quantity"":15,""unit"":""g"",""kcal"":102}]",217,snack,PT0M
whole milk 2cup + strawberries 200 g bf -17h,"[{""name"":""milk, whole, 3.25% milkfat, with added vitamin d"",""quantity"":2,""unit"":""cup"",""kcal"":275},{""name"":""strawberries, raw"",""quantity"":200,""unit"":""g"",""kcal"":62}]",337,breakfast,-PT17H
ate 150 grams red delicious apple + raw peanuts 20g -26d,"[{""name"":""apples, red delicious, with skin, raw"",""quantity"":150,""unit"":""g"",""kcal"":93},{""name"":""peanuts, raw"",""quantity"":20,""unit"":""g"",""kcal"":110}]",203,unknown,-P26D
200 gr cooked meat-only chicken drumstick + raw roma tomato 100 g dinner 3d ago,"[{""name"":""chicken, broilers or fryers, drumstick, meat only, cooked, braised"",""quantity"":200,""unit"":""g"",""kcal"":312},{""name"":""tomato, roma"",""quantity"":100,""unit"":""g"",""kcal"":19}]",331,dinner,-P3D
ate 200 grams raspberries + g15 raw english walnut halves late night 26d ago,"[{""name"":""raspberries, raw"",""quantity"":200,""unit"":""g"",""kcal"":103},{""name"":""nuts, walnuts, english, halves, raw"",""quantity"":15,""unit"":""g"",""kcal"":102}]",205,late_night,-P26D
g100 raspberries + whole raw almonds 20 g 168 cal tomorrow,"[{""name"":""raspberries, raw"",""quantity"":100,""unit"":""g"",""kcal"":51},{""name"":""nuts, almonds, whole, raw"",""quantity"":20,""unit"":""g"",""kcal"":117}]",168,unknown,P1D
1 piece cooked skinless boneless chicken breast + raw roma tomato 100 gr dinner -16h,"[{""name"":""chicken, broiler or fryers, breast, skinless, boneless, meat only, cooked, braised"",""quantity"":1,""unit"":""piece"",""kcal"":289},{""name"":""tomato, roma"",""quantity"":100,""unit"":""g"",""kcal"":19}]",308,dinner,-PT16H
ate cooked meat-only chicken drumstick 100 grams + raw roma tomato 50 grams dinner,"[{""name"":""chicken, broilers or fryers, drumstick, meat only, cooked, braised"",""quantity"":100,""unit"":""g"",""kcal"":156},{""name"":""tomato, roma"",""quantity"":50,""unit"":""g"",""kcal"":9}]",165,dinner,PT0M
red delicious apple 200 g + raw english walnut halves 15 gr snack,"[{""name"":""apples, red delicious, with skin, raw"",""quantity"":200,""unit"":""g"",""kcal"":124},{""name"":""nuts, walnuts, english, halves, raw"",""quantity"":15,""unit"":""g"",""kcal"":102}]",226,snack,PT0M
1 cup 2% milk + 150g red delicious apple bf,"[{""name"":""milk, reduced fat, fluid, 2% milkfat, with added vitamin a and vitamin d"",""quantity"":1,""unit"":""cup"",""kcal"":114},{""name"":""apples, red delicious, with skin, raw"",""quantity"":150,""unit"":""g"",""kcal"":93}]",207,breakfast,PT0M
cooked meat-only chicken drumstick g200 + raw cucumber with peel 100 grams 6h ago,"[{""name"":""chicken, broilers or fryers, drumstick, meat only, cooked, braised"",""quantity"":200,""unit"":""g"",""kcal"":312},{""name"":""cucumber, with peel, raw"",""quantity"":100,""unit"":""g"",""kcal"":14}]",326,unknown,-PT6H
whole milk 2 cups + 100g strawberries,"[{""name"":""milk, whole, 3.25% milkfat, with added vitamin d"",""quantity"":2,""unit"":""cup"",""kcal"":275},{""name"":""strawberries, raw"",""quantity"":100,""unit"":""g"",""kcal"":31}]",306,unknown,PT0M
2cup chinese fried rice without meat + piece6 sweet and sour pork lunch,"[{""name"":""restaurant, chinese, fried rice, without meat"",""quantity"":2,""unit"":""cup"",""kcal"":463},{""name"":""restaurant, chinese, sweet and sour pork"",""quantity"":6,""unit"":""piece"",""kcal"":217}]",680,lunch,PT0M
100 gr raspberries + 20g raw peanuts,"[{""name"":""raspberries, raw"",""quantity"":100,""unit"":""g"",""kcal"":51},{""name"":""peanuts, raw"",""quantity"":20,""unit"":""g"",""kcal"":110}]",161,unknown,PT0M
g150 cooked meat-only chicken drumstick + 100 g raw romaine lettuce +1d,"[{""name"":""chicken, broilers or fryers, drumstick, meat only, cooked, braised"",""quantity"":150,""unit"":""g"",""kcal"":234},{""name"":""lettuce, romaine, green, raw"",""quantity"":100,""unit"":""g"",""kcal"":17}]",251,unknown,P1D
ate 150 gr raspberries + raw english walnut halves 15 gr snack,"[{""name"":""raspberries, raw"",""quantity"":150,""unit"":""g"",""kcal"":77},{""name"":""nuts, walnuts, english, halves, raw"",""quantity"":15,""unit"":""g"",""kcal"":102}]",179,snack,PT0M
100 gr raspberries + 30 grams raw peanuts bf,"[{""name"":""raspberries, raw"",""quantity"":100,""unit"":""g"",""kcal"":51},{""name"":""peanuts, raw"",""quantity"":30,""unit"":""g"",""kcal"":165}]",216,breakfast,PT0M
150 g red delicious apple + 20g whole raw almonds snack,"[{""name"":""apples, red delicious, with skin, raw"",""quantity"":150,""unit"":""g"",""kcal"":93},{""name"":""nuts, almonds, whole, raw"",""quantity"":20,""unit"":""g"",""kcal"":117}]",210,snack,PT0M
cooked skinless boneless chicken breast 2 pieces + raw roma tomato 150 grams dinner,"[{""name"":""chicken, broiler or fryers, breast, skinless, boneless, meat only, cooked, braised"",""quantity"":2,""unit"":""piece"",""kcal"":578},{""name"":""tomato, roma"",""quantity"":150,""unit"":""g"",""kcal"":28}]",606,dinner,PT0M
150 grams strawberries + raw peanuts 15 grams -5d,"[{""name"":""strawberries, raw"",""quantity"":150,""unit"":""g"",""kcal"":47},{""name"":""peanuts, raw"",""quantity"":15,""unit"":""g"",""kcal"":83}]",130,unknown,-P5D
2% milk cup1 + raspberries 200 grams snack,"[{""name"":""milk, reduced fat, fluid, 2% milkfat, with added vitamin a and vitamin d"",""quantity"":1,""unit"":""cup"",""kcal"":114},{""name"":""raspberries, raw"",""quantity"":200,""unit"":""g"",""kcal"":103}]",217,snack,PT0M
1 piece cooked skinless boneless chicken breast + raw romaine lettuce g150 315 cal lunch,"[{""name"":""chicken, broiler or fryers, breast, skinless, boneless, meat only, cooked, braised"",""quantity"":1,""unit"":""piece"",""kcal"":289},{""name"":""lettuce, romaine, green, raw"",""quantity"":150,""unit"":""g"",""kcal"":26}]",315,lunch,PT0M
ate 200 g red delicious apple + whole raw almonds g30 snack -2h,"[{""name"":""apples, red delicious, with skin, raw"",""quantity"":200,""unit"":""g"",""kcal"":124},{""name"":""nuts, almonds, whole, raw"",""quantity"":30,""unit"":""g"",""kcal"":175}]",299,snack,-PT2H
100g raspberries + raw english walnut halves 20 gr late night,"[{""name"":""raspberries, raw"",""quantity"":100,""unit"":""g"",""kcal"":51},{""name"":""nuts, walnuts, english, halves, raw"",""quantity"":20,""unit"":""g"",""kcal"":136}]",187,late_night,PT0M
blueberries 100 grams + whole raw almonds g20 snack,"[{""name"":""blueberries, raw"",""quantity"":100,""unit"":""g"",""kcal"":57},{""name"":""nuts, almonds, whole, raw"",""quantity"":20,""unit"":""g"",""kcal"":117}]",174,snack,PT0M
200 grams strawberries + whole raw almonds 20 gr 179kcal snack,"[{""name"":""strawberries, raw"",""quantity"":200,""unit"":""g"",""kcal"":62},{""name"":""nuts, almonds, whole, raw"",""quantity"":20,""unit"":""g"",""kcal"":117}]",179,snack,PT0M
200g strawberries + 20 gr raw english walnut halves bf -19d,"[{""name"":""strawberries, raw"",""quantity"":200,""unit"":""g"",""kcal"":62},{""name"":""nuts, walnuts, english, halves, raw"",""quantity"":20,""unit"":""g"",""kcal"":136}]",198,breakfast,-P19D
cooked meat-only chicken drumstick g150 + 50 gr raw cucumber with peel 241kcal,"[{""name"":""chicken, broilers or fryers, drumstick, meat only, cooked, braised"",""quantity"":150,""unit"":""g"",""kcal"":234},{""name"":""cucumber, with peel, raw"",""quantity"":50,""unit"":""g"",""kcal"":7}]",241,unknown,PT0M
1cup 2% milk + red delicious apple g100 +1d,"[{""name"":""milk, reduced fat, fluid, 2% milkfat, with added vitamin a and vitamin d"",""quantity"":1,""unit"":""cup"",""kcal"":114},{""name"":""apples, red delicious, with skin, raw"",""quantity"":100,""unit"":""g"",""kcal"":62}]",176,unknown,P1D
200 grams blueberries + whole raw almonds 20 grams 232 cal,"[{""name"":""blueberries, raw"",""quantity"":200,""unit"":""g"",""kcal"":115},{""name"":""nuts, almonds, whole, raw"",""quantity"":20,""unit"":""g"",""kcal"":117}]",232,unknown,PT0M
ate 100 gr red delicious apple + 15 gr raw english walnut halves ln,"[{""name"":""apples, red delicious, with skin, raw"",""quantity"":100,""unit"":""g"",""kcal"":62},{""name"":""nuts, walnuts, english, halves, raw"",""quantity"":15,""unit"":""g"",""kcal"":102}]",164,late_night,PT0M
100 g red delicious apple + raw peanuts 20 g 14h ago,"[{""name"":""apples, red delicious, with skin, raw"",""quantity"":100,""unit"":""g"",""kcal"":62},{""name"":""peanuts, raw"",""quantity"":20,""unit"":""g"",""kcal"":110}]",172,unknown,-PT14H
ate red delicious apple 100g + 20g raw english walnut halves -1h,"[{""name"":""apples, red delicious, with skin, raw"",""quantity"":100,""unit"":""g"",""kcal"":62},{""name"":""nuts, walnuts, english, halves, raw"",""quantity"":20,""unit"":""g"",""kcal"":136}]",198,unknown,-PT1H
raspberries g150 + 15g raw peanuts snack,"[{""name"":""raspberries, raw"",""quantity"":150,""unit"":""g"",""kcal"":77},{""name"":""peanuts, raw"",""quantity"":15,""unit"":""g"",""kcal"":83}]",160,snack,PT0M
cooked skinless boneless chicken breast 2piece + g50 raw cucumber with peel dinner 22d ago,"[{""name"":""chicken, broiler or fryers, breast, skinless, boneless, meat only, cooked, braised"",""quantity"":2,""unit"":""piece"",""kcal"":578},{""name"":""cucumber, with peel, raw"",""quantity"":50,""unit"":""g"",""kcal"":7}]",585,dinner,-P22D
cup2 2% milk + red delicious apple g150 snack,"[{""name"":""milk, reduced fat, fluid, 2% milkfat, with added vitamin a and vitamin d"",""quantity"":2,""unit"":""cup"",""kcal"":227},{""name"":""apples, red delicious, with skin, raw"",""quantity"":150,""unit"":""g"",""kcal"":93}]",320,snack,PT0M
ate red delicious apple 150 gr + 15 gr whole raw almonds 7h ago,"[{""name"":""apples, red delicious, with skin, raw"",""quantity"":150,""unit"":""g"",""kcal"":93},{""name"":""nuts, almonds, whole, raw"",""quantity"":15,""unit"":""g"",""kcal"":88}]",181,unknown,-PT7H
cup1 whole milk + raspberries g200,"[{""name"":""milk, whole, 3.25% milkfat, with added vitamin d"",""quantity"":1,""unit"":""cup"",""kcal"":137},{""name"":""raspberries, raw"",""quantity"":200,""unit"":""g"",""kcal"":103}]",240,unknown,PT0M
g200 strawberries + 15 grams raw english walnut halves +1d,"[{""name"":""strawberries, raw"",""quantity"":200,""unit"":""g"",""kcal"":62},{""name"":""nuts, walnuts, english, halves, raw"",""quantity"":15,""unit"":""g"",""kcal"":102}]",164,unknown,P1D
1cup chinese fried rice without meat + 3 pieces sweet and sour pork lunch,"[{""name"":""restaurant, chinese, fried rice, without meat"",""quantity"":1,""unit"":""cup"",""kcal"":231},{""name"":""restaurant, chinese, sweet and sour pork"",""quantity"":3,""unit"":""piece"",""kcal"":109}]",340,lunch,PT0M
whole milk cup1 + blueberries g150 bf 4d ago,"[{""name"":""milk, whole, 3.25% milkfat, with added vitamin d"",""quantity"":1,""unit"":""cup"",""kcal"":137},{""name"":""blueberries, raw"",""quantity"":150,""unit"":""g"",""kcal"":86}]",223,breakfast,-P4D
200g cooked meat-only chicken drumstick + 100 gr raw romaine lettuce 329kcal lunch,"[{""name"":""chicken, broilers or fryers, drumstick, meat only, cooked, braised"",""quantity"":200,""unit"":""g"",""kcal"":312},{""name"":""lettuce, romaine, green, raw"",""quantity"":100,""unit"":""g"",""kcal"":17}]",329,lunch,PT0M
ate 15g whole raw almonds + 150g raspberries,"[{""name"":""nuts, almonds, whole, raw"",""quantity"":15,""unit"":""g"",""kcal"":88},{""name"":""raspberries, raw"",""quantity"":150,""unit"":""g"",""kcal"":77}]",165,unknown,PT0M
whole milk 1cup + strawberries 150 gr breakfast,"[{""name"":""milk, whole, 3.25% milkfat, with added vitamin d"",""quantity"":1,""unit"":""cup"",""kcal"":137},{""name"":""strawberries, raw"",""quantity"":150,""unit"":""g"",""kcal"":47}]",184,breakfast,PT0M
blueberries 150 g + raw peanuts 15g 169kcal snack -13d,"[{""name"":""blueberries, raw"",""quantity"":150,""unit"":""g"",""kcal"":86},{""name"":""peanuts, raw"",""quantity"":15,""unit"":""g"",""kcal"":83}]",169,snack,-P13D
cooked meat-only chicken drumstick 150 grams + 150 grams raw romaine lettuce lunch,"[{""name"":""chicken, broilers or fryers, drumstick, meat only, cooked, braised"",""quantity"":150,""unit"":""g"",""kcal"":234},{""name"":""lettuce, romaine, green, raw"",""quantity"":150,""unit"":""g"",""kcal"":26}]",260,lunch,PT0M
100 gr raspberries + whole milk 1 cup snack -15h,"[{""name"":""raspberries, raw"",""quantity"":100,""unit"":""g"",""kcal"":51},{""name"":""milk, whole, 3.25% milkfat, with added vitamin d"",""quantity"":1,""unit"":""cup"",""kcal"":137}]",188,snack,-PT15H
ate strawberries 150g + raw english walnut halves 15 grams bf,"[{""name"":""strawberries, raw"",""quantity"":150,""unit"":""g"",""kcal"":47},{""name"":""nuts, walnuts, english, halves, raw"",""quantity"":15,""unit"":""g"",""kcal"":102}]",149,breakfast,PT0M
ate raw romaine lettuce 100g + g100 cooked meat-only chicken drumstick kcal173 dinner,"[{""name"":""lettuce, romaine, green, raw"",""quantity"":100,""unit"":""g"",""kcal"":17},{""name"":""chicken, broilers or fryers, drumstick, meat only, cooked, braised"",""quantity"":100,""unit"":""g"",""kcal"":156}]",173,dinner,PT0M
red delicious apple g100 + raw peanuts 15 grams breakfast 17d ago,"[{""name"":""apples, red delicious, with skin, raw"",""quantity"":100,""unit"":""g"",""kcal"":62},{""name"":""peanuts, raw"",""quantity"":15,""unit"":""g"",""kcal"":83}]",145,breakfast,-P17D
cooked skinless boneless chicken breast 1 piece + raw romaine lettuce 50 gr -13h,"[{""name"":""chicken, broiler or fryers, breast, skinless, boneless, meat only, cooked, braised"",""quantity"":1,""unit"":""piece"",""kcal"":289},{""name"":""lettuce, romaine, green, raw"",""quantity"":50,""unit"":""g"",""kcal"":9}]",298,unknown,-PT13H
ate 1cup whole milk + red delicious apple 200 gr snack 1d ago,"[{""name"":""milk, whole, 3.25% milkfat, with added vitamin d"",""quantity"":1,""unit"":""cup"",""kcal"":137},{""name"":""apples, red delicious, with skin, raw"",""quantity"":200,""unit"":""g"",""kcal"":124}]",261,snack,-P1D
cup2 whole milk + raspberries g100 snack 29d ago,"[{""name"":""milk, whole, 3.25% milkfat, with added vitamin d"",""quantity"":2,""unit"":""cup"",""kcal"":275},{""name"":""raspberries, raw"",""quantity"":100,""unit"":""g"",""kcal"":51}]",326,snack,-P29D
raspberries g100 + 15 g raw peanuts late night,"[{""name"":""raspberries, raw"",""quantity"":100,""unit"":""g"",""kcal"":51},{""name"":""peanuts, raw"",""quantity"":15,""unit"":""g"",""kcal"":83}]",134,late_night,PT0M
ate red delicious apple 200g + 20 gr raw english walnut halves 260 cal breakfast,"[{""name"":""apples, red delicious, with skin, raw"",""quantity"":200,""unit"":""g"",""kcal"":124},{""name"":""nuts, walnuts, english, halves, raw"",""quantity"":20,""unit"":""g"",""kcal"":136}]",260,breakfast,PT0M
ate 200g red delicious apple + 20 grams raw peanuts late night -9h,"[{""name"":""apples, red delicious, with skin, raw"",""quantity"":200,""unit"":""g"",""kcal"":124},{""name"":""peanuts, raw"",""quantity"":20,""unit"":""g"",""kcal"":110}]",234,late_night,-PT9H
2cup 2% milk + raspberries 100 grams kcal278 bf -21d,"[{""name"":""milk, reduced fat, fluid, 2% milkfat, with added vitamin a and vitamin d"",""quantity"":2,""unit"":""cup"",""kcal"":227},{""name"":""raspberries, raw"",""quantity"":100,""unit"":""g"",""kcal"":51}]",278,breakfast,-P21D
cup1 whole milk + 100 grams strawberries,"[{""name"":""milk, whole, 3.25% milkfat, with added vitamin d"",""quantity"":1,""unit"":""cup"",""kcal"":137},{""name"":""strawberries, raw"",""quantity"":100,""unit"":""g"",""kcal"":31}]",168,unknown,PT0M
strawberries 200 g + g30 raw peanuts snack -8h,"[{""name"":""strawberries, raw"",""quantity"":200,""unit"":""g"",""kcal"":62},{""name"":""peanuts, raw"",""quantity"":30,""unit"":""g"",""kcal"":165}]",227,snack,-PT8H
ate g100 strawberries + 30 gr raw english walnut halves,"[{""name"":""strawberries, raw"",""quantity"":100,""unit"":""g"",""kcal"":31},{""name"":""nuts, walnuts, english, halves, raw"",""quantity"":30,""unit"":""g"",""kcal"":204}]",235,unknown,PT0M
100 g strawberries + raw peanuts 15 g 114 cal breakfast 10h ago,"[{""name"":""strawberries, raw"",""quantity"":100,""unit"":""g"",""kcal"":31},{""name"":""peanuts, raw"",""quantity"":15,""unit"":""g"",""kcal"":83}]",114,breakfast,-PT10H
g100 cooked meat-only chicken drumstick + 50g raw cucumber with peel dinner 16h ago,"[{""name"":""chicken, broilers or fryers, drumstick, meat only, cooked, braised"",""quantity"":100,""unit"":""g"",""kcal"":156},{""name"":""cucumber, with peel, raw"",""quantity"":50,""unit"":""g"",""kcal"":7}]",163,dinner,-PT16H
ate 2cup 2% milk + 200 grams blueberries snack -2d,"[{""name"":""milk, reduced fat, fluid, 2% milkfat, with added vitamin a and vitamin d"",""quantity"":2,""unit"":""cup"",""kcal"":227},{""name"":""blueberries, raw"",""quantity"":200,""unit"":""g"",""kcal"":115}]",342,snack,-P2D
2 pieces cooked skinless boneless chicken breast + raw cucumber with peel 150 grams tmr,"[{""name"":""chicken, broiler or fryers, breast, skinless, boneless, meat only, cooked, braised"",""quantity"":2,""unit"":""piece"",""kcal"":578},{""name"":""cucumber, with peel, raw"",""quantity"":150,""unit"":""g"",""kcal"":21}]",599,unknown,P1D
ate raspberries 200 g + whole raw almonds 20 grams late night 3h ago,"[{""name"":""raspberries, raw"",""quantity"":200,""unit"":""g"",""kcal"":103},{""name"":""nuts, almonds, whole, raw"",""quantity"":20,""unit"":""g"",""kcal"":117}]",220,late_night,-PT3H
strawberries g200 + raw english walnut halves 30g 266 cal breakfast,"[{""name"":""strawberries, raw"",""quantity"":200,""unit"":""g"",""kcal"":62},{""name"":""nuts, walnuts, english, halves, raw"",""quantity"":30,""unit"":""g"",""kcal"":204}]",266,breakfast,PT0M
whole milk 2 cups + blueberries 200 gr breakfast -7d,"[{""name"":""milk, whole, 3.25% milkfat, with added vitamin d"",""quantity"":2,""unit"":""cup"",""kcal"":275},{""name"":""blueberries, raw"",""quantity"":200,""unit"":""g"",""kcal"":115}]",390,breakfast,-P7D
whole raw almonds g20 + g150 raspberries 194kcal -14h,"[{""name"":""nuts, almonds, whole, raw"",""quantity"":20,""unit"":""g"",""kcal"":117},{""name"":""raspberries, raw"",""quantity"":150,""unit"":""g"",""kcal"":77}]",194,unknown,-PT14H
g150 raspberries + whole raw almonds 30 gr snack -18h,"[{""name"":""raspberries, raw"",""quantity"":150,""unit"":""g"",""kcal"":77},{""name"":""nuts, almonds, whole, raw"",""quantity"":30,""unit"":""g"",""kcal"":175}]",252,snack,-PT18H
200g cooked meat-only chicken drumstick + 150g raw roma tomato lunch,"[{""name"":""chicken, broilers or fryers, drumstick, meat only, cooked, braised"",""quantity"":200,""unit"":""g"",""kcal"":312},{""name"":""tomato, roma"",""quantity"":150,""unit"":""g"",""kcal"":28}]",340,lunch,PT0M
ate cooked meat-only chicken drumstick 100 grams + 150 gr raw roma tomato lunch,"[{""name"":""chicken, broilers or fryers, drumstick, meat only, cooked, braised"",""quantity"":100,""unit"":""g"",""kcal"":156},{""name"":""tomato, roma"",""quantity"":150,""unit"":""g"",""kcal"":28}]",184,lunch,PT0M
1cup whole milk + blueberries 100 g 194 cal breakfast 20h ago,"[{""name"":""milk, whole, 3.25% milkfat, with added vitamin d"",""quantity"":1,""unit"":""cup"",""kcal"":137},{""name"":""blueberries, raw"",""quantity"":100,""unit"":""g"",""kcal"":57}]",194,breakfast,-PT20H
red delicious apple 100g + whole raw almonds 30 g bf,"[{""name"":""apples, red delicious, with skin, raw"",""quantity"":100,""unit"":""g"",""kcal"":62},{""name"":""nuts, almonds, whole, raw"",""quantity"":30,""unit"":""g"",""kcal"":175}]",237,breakfast,PT0M
whole milk 1cup + 200 gr strawberries +1d,"[{""name"":""milk, whole, 3.25% milkfat, with added vitamin d"",""quantity"":1,""unit"":""cup"",""kcal"":137},{""name"":""strawberries, raw"",""quantity"":200,""unit"":""g"",""kcal"":62}]",199,unknown,P1D
ate red delicious apple 200 g + whole raw almonds 15 grams ln,"[{""name"":""apples, red delicious, with skin, raw"",""quantity"":200,""unit"":""g"",""kcal"":124},{""name"":""nuts, almonds, whole, raw"",""quantity"":15,""unit"":""g"",""kcal"":88}]",212,late_night,PT0M
150 g strawberries + raw english walnut halves 20g kcal183 snack,"[{""name"":""strawberries, raw"",""quantity"":150,""unit"":""g"",""kcal"":47},{""name"":""nuts, walnuts, english, halves, raw"",""quantity"":20,""unit"":""g"",""kcal"":136}]",183,snack,PT0M
strawberries 100g + 20g whole raw almonds bf,"[{""name"":""strawberries, raw"",""quantity"":100,""unit"":""g"",""kcal"":31},{""name"":""nuts, almonds, whole, raw"",""quantity"":20,""unit"":""g"",""kcal"":117}]",148,breakfast,PT0M
strawberries g200 + whole raw almonds 15 grams -6h,"[{""name"":""strawberries, raw"",""quantity"":200,""unit"":""g"",""kcal"":62},{""name"":""nuts, almonds, whole, raw"",""quantity"":15,""unit"":""g"",""kcal"":88}]",150,unknown,-PT6H
ate strawberries g100 + raw peanuts 30g bf 16d ago,"[{""name"":""strawberries, raw"",""quantity"":100,""unit"":""g"",""kcal"":31},{""name"":""peanuts, raw"",""quantity"":30,""unit"":""g"",""kcal"":165}]",196,breakfast,-P16D
blueberries 100 g + raw peanuts 20 grams 167kcal bf,"[{""name"":""blueberries, raw"",""quantity"":100,""unit"":""g"",""kcal"":57},{""name"":""peanuts, raw"",""quantity"":20,""unit"":""g"",""kcal"":110}]",167,breakfast,PT0M
100 grams blueberries + raw english walnut halves 15 grams snack 16d ago,"[{""name"":""blueberries, raw"",""quantity"":100,""unit"":""g"",""kcal"":57},{""name"":""nuts, walnuts, english, halves, raw"",""quantity"":15,""unit"":""g"",""kcal"":102}]",159,snack,-P16D
ate raw cucumber with peel 100 g + piece1 cooked skinless boneless chicken breast dinner -14d,"[{""name"":""cucumber, with peel, raw"",""quantity"":100,""unit"":""g"",""kcal"":14},{""name"":""chicken, broiler or fryers, breast, skinless, boneless, meat only, cooked, braised"",""quantity"":1,""unit"":""piece"",""kcal"":289}]",303,dinner,-P14D
100g raspberries + 15 gr raw english walnut halves 153 cal snack 5h ago,"[{""name"":""raspberries, raw"",""quantity"":100,""unit"":""g"",""kcal"":51},{""name"":""nuts, walnuts, english, halves, raw"",""quantity"":15,""unit"":""g"",""kcal"":102}]",153,snack,-PT5H
g150 blueberries + raw peanuts 20 gr snack,"[{""name"":""blueberries, raw"",""quantity"":150,""unit"":""g"",""kcal"":86},{""name"":""peanuts, raw"",""quantity"":20,""unit"":""g"",""kcal"":110}]",196,snack,PT0M
ate blueberries g200 + whole raw almonds g30 breakfast -6d,"[{""name"":""blueberries, raw"",""quantity"":200,""unit"":""g"",""kcal"":115},{""name"":""nuts, almonds, whole, raw"",""quantity"":30,""unit"":""g"",""kcal"":175}]",290,breakfast,-P6D
red delicious apple 100g + whole raw almonds g20 -26d,"[{""name"":""apples, red delicious, with skin, raw"",""quantity"":100,""unit"":""g"",""kcal"":62},{""name"":""nuts, almonds, whole, raw"",""quantity"":20,""unit"":""g"",""kcal"":117}]",179,unknown,-P26D
2% milk 2cup + red delicious apple 100 gr breakfast 8h ago,"[{""name"":""milk, reduced fat, fluid, 2% milkfat, with added vitamin a and vitamin d"",""quantity"":2,""unit"":""cup"",""kcal"":227},{""name"":""apples, red delicious, with skin, raw"",""quantity"":100,""unit"":""g"",""kcal"":62}]",289,breakfast,-PT8H
ate red delicious apple 150 gr + 1cup whole milk bf,"[{""name"":""apples, red delicious, with skin, raw"",""quantity"":150,""unit"":""g"",""kcal"":93},{""name"":""milk, whole, 3.25% milkfat, with added vitamin d"",""quantity"":1,""unit"":""cup"",""kcal"":137}]",230,breakfast,PT0M
cup2 whole milk + 200 gr raspberries breakfast,"[{""name"":""milk, whole, 3.25% milkfat, with added vitamin d"",""quantity"":2,""unit"":""cup"",""kcal"":275},{""name"":""raspberries, raw"",""quantity"":200,""unit"":""g"",""kcal"":103}]",378,breakfast,PT0M
ate g150 blueberries + 15 grams whole raw almonds late night 24d ago,"[{""name"":""blueberries, raw"",""quantity"":150,""unit"":""g"",""kcal"":86},{""name"":""nuts, almonds, whole, raw"",""quantity"":15,""unit"":""g"",""kcal"":88}]",174,late_night,-P24D
ate 100 g strawberries + whole raw almonds 30 gr ln 28d ago,"[{""name"":""strawberries, raw"",""quantity"":100,""unit"":""g"",""kcal"":31},{""name"":""nuts, almonds, whole, raw"",""quantity"":30,""unit"":""g"",""kcal"":175}]",206,late_night,-P28D
cooked skinless boneless chicken breast piece1 + raw cucumber with peel 50 g lunch,"[{""name"":""chicken, broiler or fryers, breast, skinless, boneless, meat only, cooked, braised"",""quantity"":1,""unit"":""piece"",""kcal"":289},{""name"":""cucumber, with peel, raw"",""quantity"":50,""unit"":""g"",""kcal"":7}]",296,lunch,PT0M
ate cooked meat-only chicken drumstick 200 grams + 50 g raw cucumber with peel lunch,"[{""name"":""chicken, broilers or fryers, drumstick, meat only, cooked, braised"",""quantity"":200,""unit"":""g"",""kcal"":312},{""name"":""cucumber, with peel, raw"",""quantity"":50,""unit"":""g"",""kcal"":7}]",319,lunch,PT0M
ate red delicious apple g200 + 15 gr raw peanuts breakfast,"[{""name"":""apples, red delicious, with skin, raw"",""quantity"":200,""unit"":""g"",""kcal"":124},{""name"":""peanuts, raw"",""quantity"":15,""unit"":""g"",""kcal"":83}]",207,breakfast,PT0M
ate cooked meat-only chicken drumstick g150 + raw roma tomato 100 grams -13h,"[{""name"":""chicken, broilers or fryers, drumstick, meat only, cooked, braised"",""quantity"":150,""unit"":""g"",""kcal"":234},{""name"":""tomato, roma"",""quantity"":100,""unit"":""g"",""kcal"":19}]",253,unknown,-PT13H
ate cooked skinless boneless chicken breast 1piece + raw roma tomato g150 lunch,"[{""name"":""chicken, broiler or fryers, breast, skinless, boneless, meat only, cooked, braised"",""quantity"":1,""unit"":""piece"",""kcal"":289},{""name"":""tomato, roma"",""quantity"":150,""unit"":""g"",""kcal"":28}]",317,lunch,PT0M
g200 cooked meat-only chicken drumstick + 50 g raw romaine lettuce,"[{""name"":""chicken, broilers or fryers, drumstick, meat only, cooked, braised"",""quantity"":200,""unit"":""g"",""kcal"":312},{""name"":""lettuce, romaine, green, raw"",""quantity"":50,""unit"":""g"",""kcal"":9}]",321,unknown,PT0M
ate 150 g red delicious apple + raw english walnut halves g30 late night,"[{""name"":""apples, red delicious, with skin, raw"",""quantity"":150,""unit"":""g"",""kcal"":93},{""name"":""nuts, walnuts, english, halves, raw"",""quantity"":30,""unit"":""g"",""kcal"":204}]",297,late_night,PT0M
100 grams cooked meat-only chicken drumstick + raw cucumber with peel g100 170 cal lunch,"[{""name"":""chicken, broilers or fryers, drumstick, meat only, cooked, braised"",""quantity"":100,""unit"":""g"",""kcal"":156},{""name"":""cucumber, with peel, raw"",""quantity"":100,""unit"":""g"",""kcal"":14}]",170,lunch,PT0M
raspberries g150 + raw peanuts 30 grams 242kcal 22h ago,"[{""name"":""raspberries, raw"",""quantity"":150,""unit"":""g"",""kcal"":77},{""name"":""peanuts, raw"",""quantity"":30,""unit"":""g"",""kcal"":165}]",242,unknown,-PT22H
red delicious apple 150g + whole raw almonds g30 snack,"[{""name"":""apples, red delicious, with skin, raw"",""quantity"":150,""unit"":""g"",""kcal"":93},{""name"":""nuts, almonds, whole, raw"",""quantity"":30,""unit"":""g"",""kcal"":175}]",268,snack,PT0M
chinese fried rice without meat 1 cup + sweet and sour pork piece6 lunch 22h ago,"[{""name"":""restaurant, chinese, fried rice, without meat"",""quantity"":1,""unit"":""cup"",""kcal"":231},{""name"":""restaurant, chinese, sweet and sour pork"",""quantity"":6,""unit"":""piece"",""kcal"":217}]",448,lunch,-PT22H
raw peanuts 15 g + raspberries 200 gr late night,"[{""name"":""peanuts, raw"",""quantity"":15,""unit"":""g"",""kcal"":83},{""name"":""raspberries, raw"",""quantity"":200,""unit"":""g"",""kcal"":103}]",186,late_night,PT0M
200 gr red delicious apple + raw english walnut halves 30 g,"[{""name"":""apples, red delicious, with skin, raw"",""quantity"":200,""unit"":""g"",""kcal"":124},{""name"":""nuts, walnuts, english, halves, raw"",""quantity"":30,""unit"":""g"",""kcal"":204}]",328,unknown,PT0M
cooked meat-only chicken drumstick 150 grams + 100 gr raw cucumber with peel lunch tmr,"[{""name"":""chicken, broilers or fryers, drumstick, meat only, cooked, braised"",""quantity"":150,""unit"":""g"",""kcal"":234},{""name"":""cucumber, with peel, raw"",""quantity"":100,""unit"":""g"",""kcal"":14}]",248,lunch,P1D
ate full fat cottage cheese 100g + 200g strawberries + raw english walnut halves 15g breakfast 3h ago,"[{""name"":""cottage cheese, full fat, large or small curd"",""quantity"":100,""unit"":""g"",""kcal"":105},{""name"":""strawberries, raw"",""quantity"":200,""unit"":""g"",""kcal"":62},{""name"":""nuts, walnuts, english, halves, raw"",""quantity"":15,""unit"":""g"",""kcal"":102}]",269,breakfast,-PT3H
ate plain nonfat greek yogurt 200 gr + raspberries g100 + 15 grams raw english walnut halves,"[{""name"":""yogurt, greek, plain, nonfat"",""quantity"":200,""unit"":""g"",""kcal"":122},{""name"":""raspberries, raw"",""quantity"":100,""unit"":""g"",""kcal"":51},{""name"":""nuts, walnuts, english, halves, raw"",""quantity"":15,""unit"":""g"",""kcal"":102}]",275,unknown,PT0M
200 gr plain nonfat yogurt + blueberries 150 gr + raw english walnut halves 15 g bf,"[{""name"":""yogurt, plain, nonfat"",""quantity"":200,""unit"":""g"",""kcal"":100},{""name"":""blueberries, raw"",""quantity"":150,""unit"":""g"",""kcal"":86},{""name"":""nuts, walnuts, english, halves, raw"",""quantity"":15,""unit"":""g"",""kcal"":102}]",288,breakfast,PT0M
plain nonfat yogurt 100 gr + blueberries 200 gr + whole raw almonds 20 gr,"[{""name"":""yogurt, plain, nonfat"",""quantity"":100,""unit"":""g"",""kcal"":50},{""name"":""blueberries, raw"",""quantity"":200,""unit"":""g"",""kcal"":115},{""name"":""nuts, almonds, whole, raw"",""quantity"":20,""unit"":""g"",""kcal"":117}]",282,unknown,PT0M
full fat cottage cheese 200 grams + 150 g raspberries + whole raw almonds 20 g snack,"[{""name"":""cottage cheese, full fat, large or small curd"",""quantity"":200,""unit"":""g"",""kcal"":209},{""name"":""raspberries, raw"",""quantity"":150,""unit"":""g"",""kcal"":77},{""name"":""nuts, almonds, whole, raw"",""quantity"":20,""unit"":""g"",""kcal"":117}]",403,snack,PT0M
plain nonfat greek yogurt 200g + raw peanuts 15 grams + blueberries 100 g snack,"[{""name"":""yogurt, greek, plain, nonfat"",""quantity"":200,""unit"":""g"",""kcal"":122},{""name"":""peanuts, raw"",""quantity"":15,""unit"":""g"",""kcal"":83},{""name"":""blueberries, raw"",""quantity"":100,""unit"":""g"",""kcal"":57}]",262,snack,PT0M
100 grams plain nonfat greek yogurt + 100g raspberries + rolled whole grain oats 50 gr snack -27d,"[{""name"":""yogurt, greek, plain, nonfat"",""quantity"":100,""unit"":""g"",""kcal"":61},{""name"":""raspberries, raw"",""quantity"":100,""unit"":""g"",""kcal"":51},{""name"":""oats, whole grain, rolled, old fashioned"",""quantity"":50,""unit"":""g"",""kcal"":189}]",301,snack,-P27D
ate full fat cottage cheese g100 + strawberries g150 + 20 gr raw peanuts snack,"[{""name"":""cottage cheese, full fat, large or small curd"",""quantity"":100,""unit"":""g"",""kcal"":105},{""name"":""strawberries, raw"",""quantity"":150,""unit"":""g"",""kcal"":47},{""name"":""peanuts, raw"",""quantity"":20,""unit"":""g"",""kcal"":110}]",262,snack,PT0M
ate blueberries g100 + raw english walnut halves 30 gr + 200g plain whole milk yogurt bf,"[{""name"":""blueberries, raw"",""quantity"":100,""unit"":""g"",""kcal"":57},{""name"":""nuts, walnuts, english, halves, raw"",""quantity"":30,""unit"":""g"",""kcal"":204},{""name"":""yogurt, plain, whole milk"",""quantity"":200,""unit"":""g"",""kcal"":155}]",416,breakfast,PT0M
100 g full fat cottage cheese + 150g strawberries + whole raw almonds 20 gr breakfast tmr,"[{""name"":""cottage cheese, full fat, large or small curd"",""quantity"":100,""unit"":""g"",""kcal"":105},{""name"":""strawberries, raw"",""quantity"":150,""unit"":""g"",""kcal"":47},{""name"":""nuts, almonds, whole, raw"",""quantity"":20,""unit"":""g"",""kcal"":117}]",269,breakfast,P1D
plain nonfat yogurt 100 g + 100 gr blueberries + whole raw almonds 20 g bf,"[{""name"":""yogurt, plain, nonfat"",""quantity"":100,""unit"":""g"",""kcal"":50},{""name"":""blueberries, raw"",""quantity"":100,""unit"":""g"",""kcal"":57},{""name"":""nuts, almonds, whole, raw"",""quantity"":20,""unit"":""g"",""kcal"":117}]",224,breakfast,PT0M
commercial hummus 2tbsp + raw roma tomato g150 + 2slice whole wheat bread,"[{""name"":""hummus, commercial"",""quantity"":2,""unit"":""tablespoon"",""kcal"":78},{""name"":""tomato, roma"",""quantity"":150,""unit"":""g"",""kcal"":28},{""name"":""bread, whole-wheat, commercially prepared"",""quantity"":2,""unit"":""slice"",""kcal"":163}]",269,unknown,PT0M
ate 150 gr full fat cottage cheese + strawberries 200 gr + 15 grams whole raw almonds 307 cal,"[{""name"":""cottage cheese, full fat, large or small curd"",""quantity"":150,""unit"":""g"",""kcal"":157},{""name"":""strawberries, raw"",""quantity"":200,""unit"":""g"",""kcal"":62},{""name"":""nuts, almonds, whole, raw"",""quantity"":15,""unit"":""g"",""kcal"":88}]",307,unknown,PT0M
raw peanuts 30 grams + g200 strawberries + 2% cottage cheese 1cup breakfast 29d ago,"[{""name"":""peanuts, raw"",""quantity"":30,""unit"":""g"",""kcal"":165},{""name"":""strawberries, raw"",""quantity"":200,""unit"":""g"",""kcal"":62},{""name"":""cheese, cottage, lowfat, 2% milkfat"",""quantity"":1,""unit"":""cup"",""kcal"":185}]",412,breakfast,-P29D
ate g200 full fat cottage cheese + g150 strawberries + raw peanuts 15g,"[{""name"":""cottage cheese, full fat, large or small curd"",""quantity"":200,""unit"":""g"",""kcal"":209},{""name"":""strawberries, raw"",""quantity"":150,""unit"":""g"",""kcal"":47},{""name"":""peanuts, raw"",""quantity"":15,""unit"":""g"",""kcal"":83}]",339,unknown,PT0M
ate full fat cottage cheese 150 g + g200 strawberries + raw peanuts 20 grams bf,"[{""name"":""cottage cheese, full fat, large or small curd"",""quantity"":150,""unit"":""g"",""kcal"":157},{""name"":""strawberries, raw"",""quantity"":200,""unit"":""g"",""kcal"":62},{""name"":""peanuts, raw"",""quantity"":20,""unit"":""g"",""kcal"":110}]",329,breakfast,PT0M
commercial hummus tbsp3 + raw romaine lettuce 150g + white bread 2 slices -19h,"[{""name"":""hummus, commercial"",""quantity"":3,""unit"":""tablespoon"",""kcal"":116},{""name"":""lettuce, romaine, green, raw"",""quantity"":150,""unit"":""g"",""kcal"":26},{""name"":""bread, white, commercially prepared"",""quantity"":2,""unit"":""slice"",""kcal"":147}]",289,unknown,-PT19H
full fat cottage cheese g150 + 150 gr strawberries + raw english walnut halves 30 gr,"[{""name"":""cottage cheese, full fat, large or small curd"",""quantity"":150,""unit"":""g"",""kcal"":157},{""name"":""strawberries, raw"",""quantity"":150,""unit"":""g"",""kcal"":47},{""name"":""nuts, walnuts, english, halves, raw"",""quantity"":30,""unit"":""g"",""kcal"":204}]",408,unknown,PT0M
light canned tuna in water g100 + canned black beans 150 grams + raw cucumber with peel 150g dinner,"[{""name"":""fish, tuna, light, canned in water, drained solids"",""quantity"":100,""unit"":""g"",""kcal"":90},{""name"":""beans, black, canned, sodium added, drained and rinsed"",""quantity"":150,""unit"":""g"",""kcal"":173},{""name"":""cucumber, with peel, raw"",""quantity"":150,""unit"":""g"",""kcal"":21}]",284,dinner,PT0M
ate plain nonfat yogurt 200 g + g200 red delicious apple + 15g raw english walnut halves breakfast 11d ago,"[{""name"":""yogurt, plain, nonfat"",""quantity"":200,""unit"":""g"",""kcal"":100},{""name"":""apples, red delicious, with skin, raw"",""quantity"":200,""unit"":""g"",""kcal"":124},{""name"":""nuts, walnuts, english, halves, raw"",""quantity"":15,""unit"":""g"",""kcal"":102}]",326,breakfast,-P11D
150 gr plain nonfat greek yogurt + blueberries 100g + rolled whole grain oats 30 grams kcal263 breakfast 3d ago,"[{""name"":""yogurt, greek, plain, nonfat"",""quantity"":150,""unit"":""g"",""kcal"":92},{""name"":""blueberries, raw"",""quantity"":100,""unit"":""g"",""kcal"":57},{""name"":""oats, whole grain, rolled, old fashioned"",""quantity"":30,""unit"":""g"",""kcal"":114}]",263,breakfast,-P3D
ate plain nonfat yogurt 150 g + g100 strawberries + 15 grams raw peanuts snack,"[{""name"":""yogurt, plain, nonfat"",""quantity"":150,""unit"":""g"",""kcal"":75},{""name"":""strawberries, raw"",""quantity"":100,""unit"":""g"",""kcal"":31},{""name"":""peanuts, raw"",""quantity"":15,""unit"":""g"",""kcal"":83}]",189,snack,PT0M
ate plain nonfat yogurt 100g + 150g red delicious apple + whole raw almonds 20 g bf,"[{""name"":""yogurt, plain, nonfat"",""quantity"":100,""unit"":""g"",""kcal"":50},{""name"":""apples, red delicious, with skin, raw"",""quantity"":150,""unit"":""g"",""kcal"":93},{""name"":""nuts, almonds, whole, raw"",""quantity"":20,""unit"":""g"",""kcal"":117}]",260,breakfast,PT0M
g100 full fat cottage cheese + red delicious apple g100 + raw peanuts 20 gr -15h,"[{""name"":""cottage cheese, full fat, large or small curd"",""quantity"":100,""unit"":""g"",""kcal"":105},{""name"":""apples, red delicious, with skin, raw"",""quantity"":100,""unit"":""g"",""kcal"":62},{""name"":""peanuts, raw"",""quantity"":20,""unit"":""g"",""kcal"":110}]",277,unknown,-PT15H
g100 plain nonfat greek yogurt + 200 g strawberries + raw peanuts 20 gr -9d,"[{""name"":""yogurt, greek, plain, nonfat"",""quantity"":100,""unit"":""g"",""kcal"":61},{""name"":""strawberries, raw"",""quantity"":200,""unit"":""g"",""kcal"":62},{""name"":""peanuts, raw"",""quantity"":20,""unit"":""g"",""kcal"":110}]",233,unknown,-P9D
150 gr full fat cottage cheese + blueberries 150 grams + raw english walnut halves 30g 15h ago,"[{""name"":""cottage cheese, full fat, large or small curd"",""quantity"":150,""unit"":""g"",""kcal"":157},{""name"":""blueberries, raw"",""quantity"":150,""unit"":""g"",""kcal"":86},{""name"":""nuts, walnuts, english, halves, raw"",""quantity"":30,""unit"":""g"",""kcal"":204}]",447,unknown,-PT15H
plain nonfat yogurt 150 grams + 150 g strawberries + raw english walnut halves g15 bf,"[{""name"":""yogurt, plain, nonfat"",""quantity"":150,""unit"":""g"",""kcal"":75},{""name"":""strawberries, raw"",""quantity"":150,""unit"":""g"",""kcal"":47},{""name"":""nuts, walnuts, english, halves, raw"",""quantity"":15,""unit"":""g"",""kcal"":102}]",224,breakfast,PT0M
200 gr plain nonfat yogurt + blueberries g100 + 30g raw peanuts -7d,"[{""name"":""yogurt, plain, nonfat"",""quantity"":200,""unit"":""g"",""kcal"":100},{""name"":""blueberries, raw"",""quantity"":100,""unit"":""g"",""kcal"":57},{""name"":""peanuts, raw"",""quantity"":30,""unit"":""g"",""kcal"":165}]",322,unknown,-P7D
plain nonfat greek yogurt 150 g + blueberries 150 gr + g30 raw english walnut halves,"[{""name"":""yogurt, greek, plain, nonfat"",""quantity"":150,""unit"":""g"",""kcal"":92},{""name"":""blueberries, raw"",""quantity"":150,""unit"":""g"",""kcal"":86},{""name"":""nuts, walnuts, english, halves, raw"",""quantity"":30,""unit"":""g"",""kcal"":204}]",382,unknown,PT0M
raspberries 150 grams + g20 raw english walnut halves + g100 plain nonfat yogurt 263kcal snack,"[{""name"":""raspberries, raw"",""quantity"":150,""unit"":""g"",""kcal"":77},{""name"":""nuts, walnuts, english, halves, raw"",""quantity"":20,""unit"":""g"",""kcal"":136},{""name"":""yogurt, plain, nonfat"",""quantity"":100,""unit"":""g"",""kcal"":50}]",263,snack,PT0M
plain nonfat greek yogurt 100g + raspberries 150 grams + 20 g raw peanuts bf,"[{""name"":""yogurt, greek, plain, nonfat"",""quantity"":100,""unit"":""g"",""kcal"":61},{""name"":""raspberries, raw"",""quantity"":150,""unit"":""g"",""kcal"":77},{""name"":""peanuts, raw"",""quantity"":20,""unit"":""g"",""kcal"":110}]",248,breakfast,PT0M
plain whole milk yogurt g200 + raspberries 200 grams + 15 grams raw english walnut halves kcal360 bf,"[{""name"":""yogurt, plain, whole milk"",""quantity"":200,""unit"":""g"",""kcal"":155},{""name"":""raspberries, raw"",""quantity"":200,""unit"":""g"",""kcal"":103},{""name"":""nuts, walnuts, english, halves, raw"",""quantity"":15,""unit"":""g"",""kcal"":102}]",360,breakfast,PT0M
ate slice2 white bread + 100 g light canned tuna in water + raw romaine lettuce 50 g lunch -14d,"[{""name"":""bread, white, commercially prepared"",""quantity"":2,""unit"":""slice"",""kcal"":147},{""name"":""fish, tuna, light, canned in water, drained solids"",""quantity"":100,""unit"":""g"",""kcal"":90},{""name"":""lettuce, romaine, green, raw"",""quantity"":50,""unit"":""g"",""kcal"":9}]",246,lunch,-P14D
plain nonfat yogurt 150 gr + strawberries 100 gr + whole raw almonds g15,"[{""name"":""yogurt, plain, nonfat"",""quantity"":150,""unit"":""g"",""kcal"":75},{""name"":""strawberries, raw"",""quantity"":100,""unit"":""g"",""kcal"":31},{""name"":""nuts, almonds, whole, raw"",""quantity"":15,""unit"":""g"",""kcal"":88}]",194,unknown,PT0M
plain whole milk yogurt 200g + 200 g strawberries + 20 grams raw peanuts kcal327 breakfast,"[{""name"":""yogurt, plain, whole milk"",""quantity"":200,""unit"":""g"",""kcal"":155},{""name"":""strawberries, raw"",""quantity"":200,""unit"":""g"",""kcal"":62},{""name"":""peanuts, raw"",""quantity"":20,""unit"":""g"",""kcal"":110}]",327,breakfast,PT0M
plain whole milk yogurt 150 gr + 150g red delicious apple + 50 g rolled whole grain oats bf,"[{""name"":""yogurt, plain, whole milk"",""quantity"":150,""unit"":""g"",""kcal"":116},{""name"":""apples, red delicious, with skin, raw"",""quantity"":150,""unit"":""g"",""kcal"":93},{""name"":""oats, whole grain, rolled, old fashioned"",""quantity"":50,""unit"":""g"",""kcal"":189}]",398,breakfast,PT0M
ate g100 light canned tuna in water + 100 gr canned black beans + g100 raw cucumber with peel 219kcal lunch,"[{""name"":""fish, tuna, light, canned in water, drained solids"",""quantity"":100,""unit"":""g"",""kcal"":90},{""name"":""beans, black, canned, sodium added, drained and rinsed"",""quantity"":100,""unit"":""g"",""kcal"":115},{""name"":""cucumber, with peel, raw"",""quantity"":100,""unit"":""g"",""kcal"":14}]",219,lunch,PT0M
ate plain nonfat greek yogurt 200 g + 200 g strawberries + whole raw almonds 20 grams snack 14d ago,"[{""name"":""yogurt, greek, plain, nonfat"",""quantity"":200,""unit"":""g"",""kcal"":122},{""name"":""strawberries, raw"",""quantity"":200,""unit"":""g"",""kcal"":62},{""name"":""nuts, almonds, whole, raw"",""quantity"":20,""unit"":""g"",""kcal"":117}]",301,snack,-P14D
ate red delicious apple 200 grams + plain nonfat greek yogurt 200 g + whole raw almonds g20 bf 17d ago,"[{""name"":""apples, red delicious, with skin, raw"",""quantity"":200,""unit"":""g"",""kcal"":124},{""name"":""yogurt, greek, plain, nonfat"",""quantity"":200,""unit"":""g"",""kcal"":122},{""name"":""nuts, almonds, whole, raw"",""quantity"":20,""unit"":""g"",""kcal"":117}]",363,breakfast,-P17D
plain nonfat greek yogurt 150 g + raspberries g150 + g15 raw english walnut halves breakfast,"[{""name"":""yogurt, greek, plain, nonfat"",""quantity"":150,""unit"":""g"",""kcal"":92},{""name"":""raspberries, raw"",""quantity"":150,""unit"":""g"",""kcal"":77},{""name"":""nuts, walnuts, english, halves, raw"",""quantity"":15,""unit"":""g"",""kcal"":102}]",271,breakfast,PT0M
ate 100 grams plain nonfat yogurt + raspberries g150 + 20 grams raw peanuts 237kcal breakfast,"[{""name"":""yogurt, plain, nonfat"",""quantity"":100,""unit"":""g"",""kcal"":50},{""name"":""raspberries, raw"",""quantity"":150,""unit"":""g"",""kcal"":77},{""name"":""peanuts, raw"",""quantity"":20,""unit"":""g"",""kcal"":110}]",237,breakfast,PT0M
plain whole milk yogurt g100 + 200 gr raspberries + 30g rolled whole grain oats snack,"[{""name"":""yogurt, plain, whole milk"",""quantity"":100,""unit"":""g"",""kcal"":77},{""name"":""raspberries, raw"",""quantity"":200,""unit"":""g"",""kcal"":103},{""name"":""oats, whole grain, rolled, old fashioned"",""quantity"":30,""unit"":""g"",""kcal"":114}]",294,snack,PT0M
plain nonfat yogurt 100 grams + 100 gr red delicious apple + rolled whole grain oats 50 gr -9h,"[{""name"":""yogurt, plain, nonfat"",""quantity"":100,""unit"":""g"",""kcal"":50},{""name"":""apples, red delicious, with skin, raw"",""quantity"":100,""unit"":""g"",""kcal"":62},{""name"":""oats, whole grain, rolled, old fashioned"",""quantity"":50,""unit"":""g"",""kcal"":189}]",301,unknown,-PT9H
blueberries g150 + raw english walnut halves 15 grams + plain nonfat yogurt 100g 238 cal,"[{""name"":""blueberries, raw"",""quantity"":150,""unit"":""g"",""kcal"":86},{""name"":""nuts, walnuts, english, halves, raw"",""quantity"":15,""unit"":""g"",""kcal"":102},{""name"":""yogurt, plain, nonfat"",""quantity"":100,""unit"":""g"",""kcal"":50}]",238,unknown,PT0M
ate 100 gr plain whole milk yogurt + 100g blueberries + 30 gr whole raw almonds bf -22h,"[{""name"":""yogurt, plain, whole milk"",""quantity"":100,""unit"":""g"",""kcal"":77},{""name"":""blueberries, raw"",""quantity"":100,""unit"":""g"",""kcal"":57},{""name"":""nuts, almonds, whole, raw"",""quantity"":30,""unit"":""g"",""kcal"":175}]",309,breakfast,-PT22H
ate plain nonfat yogurt 200 g + 150 grams blueberries + rolled whole grain oats 70 grams kcal451 23h ago,"[{""name"":""yogurt, plain, nonfat"",""quantity"":200,""unit"":""g"",""kcal"":100},{""name"":""blueberries, raw"",""quantity"":150,""unit"":""g"",""kcal"":86},{""name"":""oats, whole grain, rolled, old fashioned"",""quantity"":70,""unit"":""g"",""kcal"":265}]",451,unknown,-PT23H
ate 1 cup 2% cottage cheese + blueberries 200g + g20 raw peanuts breakfast -11h,"[{""name"":""cheese, cottage, lowfat, 2% milkfat"",""quantity"":1,""unit"":""cup"",""kcal"":185},{""name"":""blueberries, raw"",""quantity"":200,""unit"":""g"",""kcal"":115},{""name"":""peanuts, raw"",""quantity"":20,""unit"":""g"",""kcal"":110}]",410,breakfast,-PT11H
strawberries 150 gr + 200g plain whole milk yogurt + 20g raw english walnut halves bf,"[{""name"":""strawberries, raw"",""quantity"":150,""unit"":""g"",""kcal"":47},{""name"":""yogurt, plain, whole milk"",""quantity"":200,""unit"":""g"",""kcal"":155},{""name"":""nuts, walnuts, english, halves, raw"",""quantity"":20,""unit"":""g"",""kcal"":136}]",338,breakfast,PT0M
70g rolled whole grain oats + 150 g plain nonfat yogurt + g200 strawberries snack,"[{""name"":""oats, whole grain, rolled, old fashioned"",""quantity"":70,""unit"":""g"",""kcal"":265},{""name"":""yogurt, plain, nonfat"",""quantity"":150,""unit"":""g"",""kcal"":75},{""name"":""strawberries, raw"",""quantity"":200,""unit"":""g"",""kcal"":62}]",402,snack,PT0M
plain nonfat greek yogurt 100 gr + 200 grams blueberries + rolled whole grain oats 30g +1d,"[{""name"":""yogurt, greek, plain, nonfat"",""quantity"":100,""unit"":""g"",""kcal"":61},{""name"":""blueberries, raw"",""quantity"":200,""unit"":""g"",""kcal"":115},{""name"":""oats, whole grain, rolled, old fashioned"",""quantity"":30,""unit"":""g"",""kcal"":114}]",290,unknown,P1D
1 cup 2% cottage cheese + blueberries 150 grams + raw peanuts g20 bf,"[{""name"":""cheese, cottage, lowfat, 2% milkfat"",""quantity"":1,""unit"":""cup"",""kcal"":185},{""name"":""blueberries, raw"",""quantity"":150,""unit"":""g"",""kcal"":86},{""name"":""peanuts, raw"",""quantity"":20,""unit"":""g"",""kcal"":110}]",381,breakfast,PT0M
200 g plain nonfat yogurt + 100g blueberries + 30 g whole raw almonds snack,"[{""name"":""yogurt, plain, nonfat"",""quantity"":200,""unit"":""g"",""kcal"":100},{""name"":""blueberries, raw"",""quantity"":100,""unit"":""g"",""kcal"":57},{""name"":""nuts, almonds, whole, raw"",""quantity"":30,""unit"":""g"",""kcal"":175}]",332,snack,PT0M
100 grams plain nonfat yogurt + red delicious apple 200 gr + 50g rolled whole grain oats,"[{""name"":""yogurt, plain, nonfat"",""quantity"":100,""unit"":""g"",""kcal"":50},{""name"":""apples, red delicious, with skin, raw"",""quantity"":200,""unit"":""g"",""kcal"":124},{""name"":""oats, whole grain, rolled, old fashioned"",""quantity"":50,""unit"":""g"",""kcal"":189}]",363,unknown,PT0M
0.5cup 2% cottage cheese + blueberries 100 grams + raw peanuts 20 grams snack,"[{""name"":""cheese, cottage, lowfat, 2% milkfat"",""quantity"":0.5,""unit"":""cup"",""kcal"":92},{""name"":""blueberries, raw"",""quantity"":100,""unit"":""g"",""kcal"":57},{""name"":""peanuts, raw"",""quantity"":20,""unit"":""g"",""kcal"":110}]",259,snack,PT0M
200 grams plain nonfat yogurt + 150 g strawberries + 50 grams rolled whole grain oats,"[{""name"":""yogurt, plain, nonfat"",""quantity"":200,""unit"":""g"",""kcal"":100},{""name"":""strawberries, raw"",""quantity"":150,""unit"":""g"",""kcal"":47},{""name"":""oats, whole grain, rolled, old fashioned"",""quantity"":50,""unit"":""g"",""kcal"":189}]",336,unknown,PT0M
ate plain nonfat greek yogurt 100 grams + strawberries 100 gr + raw english walnut halves g15,"[{""name"":""yogurt, greek, plain, nonfat"",""quantity"":100,""unit"":""g"",""kcal"":61},{""name"":""strawberries, raw"",""quantity"":100,""unit"":""g"",""kcal"":31},{""name"":""nuts, walnuts, english, halves, raw"",""quantity"":15,""unit"":""g"",""kcal"":102}]",194,unknown,PT0M
150 gr full fat cottage cheese + red delicious apple 150g + g20 raw peanuts,"[{""name"":""cottage cheese, full fat, large or small curd"",""quantity"":150,""unit"":""g"",""kcal"":157},{""name"":""apples, red delicious, with skin, raw"",""quantity"":150,""unit"":""g"",""kcal"":93},{""name"":""peanuts, raw"",""quantity"":20,""unit"":""g"",""kcal"":110}]",360,unknown,PT0M
2% cottage cheese 1 cup + 200g blueberries + raw english walnut halves g15 snack 2h ago,"[{""name"":""cheese, cottage, lowfat, 2% milkfat"",""quantity"":1,""unit"":""cup"",""kcal"":185},{""name"":""blueberries, raw"",""quantity"":200,""unit"":""g"",""kcal"":115},{""name"":""nuts, walnuts, english, halves, raw"",""quantity"":15,""unit"":""g"",""kcal"":102}]",402,snack,-PT2H
plain nonfat greek yogurt 150 grams + 150 g strawberries + g15 whole raw almonds 227 cal snack,"[{""name"":""yogurt, greek, plain, nonfat"",""quantity"":150,""unit"":""g"",""kcal"":92},{""name"":""strawberries, raw"",""quantity"":150,""unit"":""g"",""kcal"":47},{""name"":""nuts, almonds, whole, raw"",""quantity"":15,""unit"":""g"",""kcal"":88}]",227,snack,PT0M
ate plain nonfat greek yogurt g200 + raspberries g200 + raw peanuts 30 gr bf,"[{""name"":""yogurt, greek, plain, nonfat"",""quantity"":200,""unit"":""g"",""kcal"":122},{""name"":""raspberries, raw"",""quantity"":200,""unit"":""g"",""kcal"":103},{""name"":""peanuts, raw"",""quantity"":30,""unit"":""g"",""kcal"":165}]",390,breakfast,PT0M
ate 200 grams plain nonfat yogurt + raspberries 200 g + rolled whole grain oats g50 breakfast,"[{""name"":""yogurt, plain, nonfat"",""quantity"":200,""unit"":""g"",""kcal"":100},{""name"":""raspberries, raw"",""quantity"":200,""unit"":""g"",""kcal"":103},{""name"":""oats, whole grain, rolled, old fashioned"",""quantity"":50,""unit"":""g"",""kcal"":189}]",392,breakfast,PT0M
1 tablespoon commercial hummus + 50 grams raw roma tomato + slice1 whole wheat bread lunch,"[{""name"":""hummus, commercial"",""quantity"":1,""unit"":""tablespoon"",""kcal"":39},{""name"":""tomato, roma"",""quantity"":50,""unit"":""g"",""kcal"":9},{""name"":""bread, whole-wheat, commercially prepared"",""quantity"":1,""unit"":""slice"",""kcal"":82}]",130,lunch,PT0M
ate g150 plain nonfat yogurt + 100 g blueberries + g15 whole raw almonds,"[{""name"":""yogurt, plain, nonfat"",""quantity"":150,""unit"":""g"",""kcal"":75},{""name"":""blueberries, raw"",""quantity"":100,""unit"":""g"",""kcal"":57},{""name"":""nuts, almonds, whole, raw"",""quantity"":15,""unit"":""g"",""kcal"":88}]",220,unknown,PT0M
plain whole milk yogurt 200 grams + 150 gr blueberries + rolled whole grain oats 30 g breakfast,"[{""name"":""yogurt, plain, whole milk"",""quantity"":200,""unit"":""g"",""kcal"":155},{""name"":""blueberries, raw"",""quantity"":150,""unit"":""g"",""kcal"":86},{""name"":""oats, whole grain, rolled, old fashioned"",""quantity"":30,""unit"":""g"",""kcal"":114}]",355,breakfast,PT0M
plain nonfat yogurt 150 grams + red delicious apple 200 gr + rolled whole grain oats 50 gr snack -17h,"[{""name"":""yogurt, plain, nonfat"",""quantity"":150,""unit"":""g"",""kcal"":75},{""name"":""apples, red delicious, with skin, raw"",""quantity"":200,""unit"":""g"",""kcal"":124},{""name"":""oats, whole grain, rolled, old fashioned"",""quantity"":50,""unit"":""g"",""kcal"":189}]",388,snack,-PT17H
plain whole milk yogurt 200g + raspberries 200 g + 30 grams raw english walnut halves bf,"[{""name"":""yogurt, plain, whole milk"",""quantity"":200,""unit"":""g"",""kcal"":155},{""name"":""raspberries, raw"",""quantity"":200,""unit"":""g"",""kcal"":103},{""name"":""nuts, walnuts, english, halves, raw"",""quantity"":30,""unit"":""g"",""kcal"":204}]",462,breakfast,PT0M
plain whole milk yogurt 150 g + raspberries 150g + rolled whole grain oats 70g snack,"[{""name"":""yogurt, plain, whole milk"",""quantity"":150,""unit"":""g"",""kcal"":116},{""name"":""raspberries, raw"",""quantity"":150,""unit"":""g"",""kcal"":77},{""name"":""oats, whole grain, rolled, old fashioned"",""quantity"":70,""unit"":""g"",""kcal"":265}]",458,snack,PT0M
ate 150 gr light canned tuna in water + 100g canned black beans + raw romaine lettuce 50 gr 259 cal 8h ago,"[{""name"":""fish, tuna, light, canned in water, drained solids"",""quantity"":150,""unit"":""g"",""kcal"":135},{""name"":""beans, black, canned, sodium added, drained and rinsed"",""quantity"":100,""unit"":""g"",""kcal"":115},{""name"":""lettuce, romaine, green, raw"",""quantity"":50,""unit"":""g"",""kcal"":9}]",259,unknown,-PT8H
ate plain nonfat greek yogurt 150 gr + g100 raspberries + 15g raw english walnut halves snack 16d ago,"[{""name"":""yogurt, greek, plain, nonfat"",""quantity"":150,""unit"":""g"",""kcal"":92},{""name"":""raspberries, raw"",""quantity"":100,""unit"":""g"",""kcal"":51},{""name"":""nuts, walnuts, english, halves, raw"",""quantity"":15,""unit"":""g"",""kcal"":102}]",245,snack,-P16D
ate g100 strawberries + plain nonfat greek yogurt 200 gr + raw peanuts 20 gr breakfast 20d ago,"[{""name"":""strawberries, raw"",""quantity"":100,""unit"":""g"",""kcal"":31},{""name"":""yogurt, greek, plain, nonfat"",""quantity"":200,""unit"":""g"",""kcal"":122},{""name"":""peanuts, raw"",""quantity"":20,""unit"":""g"",""kcal"":110}]",263,breakfast,-P20D
ate 200 g blueberries + g20 raw english walnut halves + plain nonfat greek yogurt 150 g snack 22h ago,"[{""name"":""blueberries, raw"",""quantity"":200,""unit"":""g"",""kcal"":115},{""name"":""nuts, walnuts, english, halves, raw"",""quantity"":20,""unit"":""g"",""kcal"":136},{""name"":""yogurt, greek, plain, nonfat"",""quantity"":150,""unit"":""g"",""kcal"":92}]",343,snack,-PT22H
ate 150 gr full fat cottage cheese + red delicious apple 200g + whole raw almonds 20 g breakfast,"[{""name"":""cottage cheese, full fat, large or small curd"",""quantity"":150,""unit"":""g"",""kcal"":157},{""name"":""apples, red delicious, with skin, raw"",""quantity"":200,""unit"":""g"",""kcal"":124},{""name"":""nuts, almonds, whole, raw"",""quantity"":20,""unit"":""g"",""kcal"":117}]",398,breakfast,PT0M
g100 plain nonfat greek yogurt + 200 grams red delicious apple + 70g rolled whole grain oats,"[{""name"":""yogurt, greek, plain, nonfat"",""quantity"":100,""unit"":""g"",""kcal"":61},{""name"":""apples, red delicious, with skin, raw"",""quantity"":200,""unit"":""g"",""kcal"":124},{""name"":""oats, whole grain, rolled, old fashioned"",""quantity"":70,""unit"":""g"",""kcal"":265}]",450,unknown,PT0M
ate 2% cottage cheese 1cup + 200 g blueberries + raw peanuts 30 gr breakfast 22h ago,"[{""name"":""cheese, cottage, lowfat, 2% milkfat"",""quantity"":1,""unit"":""cup"",""kcal"":185},{""name"":""blueberries, raw"",""quantity"":200,""unit"":""g"",""kcal"":115},{""name"":""peanuts, raw"",""quantity"":30,""unit"":""g"",""kcal"":165}]",465,breakfast,-PT22H
ate 100 gr plain whole milk yogurt + raspberries 100 gr + whole raw almonds 15 g snack,"[{""name"":""yogurt, plain, whole milk"",""quantity"":100,""unit"":""g"",""kcal"":77},{""name"":""raspberries, raw"",""quantity"":100,""unit"":""g"",""kcal"":51},{""name"":""nuts, almonds, whole, raw"",""quantity"":15,""unit"":""g"",""kcal"":88}]",216,snack,PT0M
ate cup1 2% cottage cheese + blueberries g200 + 15 g raw peanuts snack,"[{""name"":""cheese, cottage, lowfat, 2% milkfat"",""quantity"":1,""unit"":""cup"",""kcal"":185},{""name"":""blueberries, raw"",""quantity"":200,""unit"":""g"",""kcal"":115},{""name"":""peanuts, raw"",""quantity"":15,""unit"":""g"",""kcal"":83}]",383,snack,PT0M
200g plain nonfat yogurt + blueberries 200 g + whole raw almonds 30 g breakfast,"[{""name"":""yogurt, plain, nonfat"",""quantity"":200,""unit"":""g"",""kcal"":100},{""name"":""blueberries, raw"",""quantity"":200,""unit"":""g"",""kcal"":115},{""name"":""nuts, almonds, whole, raw"",""quantity"":30,""unit"":""g"",""kcal"":175}]",390,breakfast,PT0M
ate 200g plain nonfat yogurt + red delicious apple 200 grams + 30 gr whole raw almonds,"[{""name"":""yogurt, plain, nonfat"",""quantity"":200,""unit"":""g"",""kcal"":100},{""name"":""apples, red delicious, with skin, raw"",""quantity"":200,""unit"":""g"",""kcal"":124},{""name"":""nuts, almonds, whole, raw"",""quantity"":30,""unit"":""g"",""kcal"":175}]",399,unknown,PT0M
ate red delicious apple 200 gr + raw english walnut halves 30 gr + full fat cottage cheese 200g snack 11d ago,"[{""name"":""apples, red delicious, with skin, raw"",""quantity"":200,""unit"":""g"",""kcal"":124},{""name"":""nuts, walnuts, english, halves, raw"",""quantity"":30,""unit"":""g"",""kcal"":204},{""name"":""cottage cheese, full fat, large or small curd"",""quantity"":200,""unit"":""g"",""kcal"":209}]",537,snack,-P11D
plain nonfat greek yogurt g100 + red delicious apple g100 + 30 grams whole raw almonds breakfast -30d,"[{""name"":""yogurt, greek, plain, nonfat"",""quantity"":100,""unit"":""g"",""kcal"":61},{""name"":""apples, red delicious, with skin, raw"",""quantity"":100,""unit"":""g"",""kcal"":62},{""name"":""nuts, almonds, whole, raw"",""quantity"":30,""unit"":""g"",""kcal"":175}]",298,breakfast,-P30D
plain whole milk yogurt g100 + strawberries 100 g + rolled whole grain oats 50 g,"[{""name"":""yogurt, plain, whole milk"",""quantity"":100,""unit"":""g"",""kcal"":77},{""name"":""strawberries, raw"",""quantity"":100,""unit"":""g"",""kcal"":31},{""name"":""oats, whole grain, rolled, old fashioned"",""quantity"":50,""unit"":""g"",""kcal"":189}]",297,unknown,PT0M
ate 100 gr plain nonfat yogurt + raspberries 150 grams + whole raw almonds 30 grams snack,"[{""name"":""yogurt, plain, nonfat"",""quantity"":100,""unit"":""g"",""kcal"":50},{""name"":""raspberries, raw"",""quantity"":150,""unit"":""g"",""kcal"":77},{""name"":""nuts, almonds, whole, raw"",""quantity"":30,""unit"":""g"",""kcal"":175}]",302,snack,PT0M
ate 100 gr plain whole milk yogurt + strawberries 200 grams + rolled whole grain oats 70 grams,"[{""name"":""yogurt, plain, whole milk"",""quantity"":100,""unit"":""g"",""kcal"":77},{""name"":""strawberries, raw"",""quantity"":200,""unit"":""g"",""kcal"":62},{""name"":""oats, whole grain, rolled, old fashioned"",""quantity"":70,""unit"":""g"",""kcal"":265}]",404,unknown,PT0M
ate plain whole milk yogurt g200 + red delicious apple 200 grams + raw english walnut halves 20 gr,"[{""name"":""yogurt, plain, whole milk"",""quantity"":200,""unit"":""g"",""kcal"":155},{""name"":""apples, red delicious, with skin, raw"",""quantity"":200,""unit"":""g"",""kcal"":124},{""name"":""nuts, walnuts, english, halves, raw"",""quantity"":20,""unit"":""g"",""kcal"":136}]",415,unknown,PT0M
plain whole milk yogurt g100 + 100g blueberries + raw english walnut halves 15 grams bf -12h,"[{""name"":""yogurt, plain, whole milk"",""quantity"":100,""unit"":""g"",""kcal"":77},{""name"":""blueberries, raw"",""quantity"":100,""unit"":""g"",""kcal"":57},{""name"":""nuts, walnuts, english, halves, raw"",""quantity"":15,""unit"":""g"",""kcal"":102}]",236,breakfast,-PT12H
2% cottage cheese 0.5 cups + red delicious apple 150 g + raw english walnut halves 15 gr snack 14d ago,"[{""name"":""cheese, cottage, lowfat, 2% milkfat"",""quantity"":0.5,""unit"":""cup"",""kcal"":92},{""name"":""apples, red delicious, with skin, raw"",""quantity"":150,""unit"":""g"",""kcal"":93},{""name"":""nuts, walnuts, english, halves, raw"",""quantity"":15,""unit"":""g"",""kcal"":102}]",287,snack,-P14D
g150 red delicious apple + plain whole milk yogurt g200 + raw peanuts 30 gr,"[{""name"":""apples, red delicious, with skin, raw"",""quantity"":150,""unit"":""g"",""kcal"":93},{""name"":""yogurt, plain, whole milk"",""quantity"":200,""unit"":""g"",""kcal"":155},{""name"":""peanuts, raw"",""quantity"":30,""unit"":""g"",""kcal"":165}]",413,unknown,PT0M
100 gr full fat cottage cheese + red delicious apple 100g + raw english walnut halves 15 grams snack -17d,"[{""name"":""cottage cheese, full fat, large or small curd"",""quantity"":100,""unit"":""g"",""kcal"":105},{""name"":""apples, red delicious, with skin, raw"",""quantity"":100,""unit"":""g"",""kcal"":62},{""name"":""nuts, walnuts, english, halves, raw"",""quantity"":15,""unit"":""g"",""kcal"":102}]",269,snack,-P17D
100 gr plain nonfat greek yogurt + raspberries 100g + raw peanuts 15 grams snack 23d ago,"[{""name"":""yogurt, greek, plain, nonfat"",""quantity"":100,""unit"":""g"",""kcal"":61},{""name"":""raspberries, raw"",""quantity"":100,""unit"":""g"",""kcal"":51},{""name"":""peanuts, raw"",""quantity"":15,""unit"":""g"",""kcal"":83}]",195,snack,-P23D
150g plain nonfat yogurt + whole raw almonds 20 grams + blueberries 150 grams snack 22h ago,"[{""name"":""yogurt, plain, nonfat"",""quantity"":150,""unit"":""g"",""kcal"":75},{""name"":""nuts, almonds, whole, raw"",""quantity"":20,""unit"":""g"",""kcal"":117},{""name"":""blueberries, raw"",""quantity"":150,""unit"":""g"",""kcal"":86}]",278,snack,-PT22H
plain whole milk yogurt 200g + 200 gr red delicious apple + g15 whole raw almonds snack,"[{""name"":""yogurt, plain, whole milk"",""quantity"":200,""unit"":""g"",""kcal"":155},{""name"":""apples, red delicious, with skin, raw"",""quantity"":200,""unit"":""g"",""kcal"":124},{""name"":""nuts, almonds, whole, raw"",""quantity"":15,""unit"":""g"",""kcal"":88}]",367,snack,PT0M
tbsp1 commercial hummus + raw roma tomato 150 grams + white bread 1 slice,"[{""name"":""hummus, commercial"",""quantity"":1,""unit"":""tablespoon"",""kcal"":39},{""name"":""tomato, roma"",""quantity"":150,""unit"":""g"",""kcal"":28},{""name"":""bread, white, commercially prepared"",""quantity"":1,""unit"":""slice"",""kcal"":74}]",141,unknown,PT0M
200 gr full fat cottage cheese + 150 gr blueberries + raw english walnut halves 20 g,"[{""name"":""cottage cheese, full fat, large or small curd"",""quantity"":200,""unit"":""g"",""kcal"":209},{""name"":""blueberries, raw"",""quantity"":150,""unit"":""g"",""kcal"":86},{""name"":""nuts, walnuts, english, halves, raw"",""quantity"":20,""unit"":""g"",""kcal"":136}]",431,unknown,PT0M
plain whole milk yogurt 150g + raspberries 200 gr + raw peanuts 20 gr,"[{""name"":""yogurt, plain, whole milk"",""quantity"":150,""unit"":""g"",""kcal"":116},{""name"":""raspberries, raw"",""quantity"":200,""unit"":""g"",""kcal"":103},{""name"":""peanuts, raw"",""quantity"":20,""unit"":""g"",""kcal"":110}]",329,unknown,PT0M
ate full fat cottage cheese 100 g + blueberries 200 g + raw peanuts g20,"[{""name"":""cottage cheese, full fat, large or small curd"",""quantity"":100,""unit"":""g"",""kcal"":105},{""name"":""blueberries, raw"",""quantity"":200,""unit"":""g"",""kcal"":115},{""name"":""peanuts, raw"",""quantity"":20,""unit"":""g"",""kcal"":110}]",330,unknown,PT0M
full fat cottage cheese 100 gr + raspberries 150 gr + 15g whole raw almonds bf -12d,"[{""name"":""cottage cheese, full fat, large or small curd"",""quantity"":100,""unit"":""g"",""kcal"":105},{""name"":""raspberries, raw"",""quantity"":150,""unit"":""g"",""kcal"":77},{""name"":""nuts, almonds, whole, raw"",""quantity"":15,""unit"":""g"",""kcal"":88}]",270,breakfast,-P12D
150 grams full fat cottage cheese + 150 gr strawberries + raw peanuts 15 gr 287 cal breakfast 10h ago,"[{""name"":""cottage cheese, full fat, large or small curd"",""quantity"":150,""unit"":""g"",""kcal"":157},{""name"":""strawberries, raw"",""quantity"":150,""unit"":""g"",""kcal"":47},{""name"":""peanuts, raw"",""quantity"":15,""unit"":""g"",""kcal"":83}]",287,breakfast,-PT10H
100 g plain nonfat greek yogurt + 100 grams raspberries + 15 gr whole raw almonds -26d,"[{""name"":""yogurt, greek, plain, nonfat"",""quantity"":100,""unit"":""g"",""kcal"":61},{""name"":""raspberries, raw"",""quantity"":100,""unit"":""g"",""kcal"":51},{""name"":""nuts, almonds, whole, raw"",""quantity"":15,""unit"":""g"",""kcal"":88}]",200,unknown,-P26D
1tbsp commercial hummus + white bread slice1 + raw roma tomato 100 grams snack,"[{""name"":""hummus, commercial"",""quantity"":1,""unit"":""tablespoon"",""kcal"":39},{""name"":""bread, white, commercially prepared"",""quantity"":1,""unit"":""slice"",""kcal"":74},{""name"":""tomato, roma"",""quantity"":100,""unit"":""g"",""kcal"":19}]",132,snack,PT0M
1 cup 2% cottage cheese + 150 grams strawberries + whole raw almonds 15 gr 320 cal,"[{""name"":""cheese, cottage, lowfat, 2% milkfat"",""quantity"":1,""unit"":""cup"",""kcal"":185},{""name"":""strawberries, raw"",""quantity"":150,""unit"":""g"",""kcal"":47},{""name"":""nuts, almonds, whole, raw"",""quantity"":15,""unit"":""g"",""kcal"":88}]",320,unknown,PT0M
plain whole milk yogurt 100g + g15 raw english walnut halves + 200 grams red delicious apple 303 cal 23h ago,"[{""name"":""yogurt, plain, whole milk"",""quantity"":100,""unit"":""g"",""kcal"":77},{""name"":""nuts, walnuts, english, halves, raw"",""quantity"":15,""unit"":""g"",""kcal"":102},{""name"":""apples, red delicious, with skin, raw"",""quantity"":200,""unit"":""g"",""kcal"":124}]",303,unknown,-PT23H
50 grams rolled whole grain oats + plain nonfat yogurt 200 g + red delicious apple 150g tomorrow,"[{""name"":""oats, whole grain, rolled, old fashioned"",""quantity"":50,""unit"":""g"",""kcal"":189},{""name"":""yogurt, plain, nonfat"",""quantity"":200,""unit"":""g"",""kcal"":100},{""name"":""apples, red delicious, with skin, raw"",""quantity"":150,""unit"":""g"",""kcal"":93}]",382,unknown,P1D
2% cottage cheese 0.5 cups + raspberries g200 + whole raw almonds g20,"[{""name"":""cheese, cottage, lowfat, 2% milkfat"",""quantity"":0.5,""unit"":""cup"",""kcal"":92},{""name"":""raspberries, raw"",""quantity"":200,""unit"":""g"",""kcal"":103},{""name"":""nuts, almonds, whole, raw"",""quantity"":20,""unit"":""g"",""kcal"":117}]",312,unknown,PT0M
ate full fat cottage cheese 150 g + 20 g whole raw almonds + blueberries 150g bf,"[{""name"":""cottage cheese, full fat, large or small curd"",""quantity"":150,""unit"":""g"",""kcal"":157},{""name"":""nuts, almonds, whole, raw"",""quantity"":20,""unit"":""g"",""kcal"":117},{""name"":""blueberries, raw"",""quantity"":150,""unit"":""g"",""kcal"":86}]",360,breakfast,PT0M
ate plain nonfat yogurt 150 gr + g200 raspberries + rolled whole grain oats 50 gr,"[{""name"":""yogurt, plain, nonfat"",""quantity"":150,""unit"":""g"",""kcal"":75},{""name"":""raspberries, raw"",""quantity"":200,""unit"":""g"",""kcal"":103},{""name"":""oats, whole grain, rolled, old fashioned"",""quantity"":50,""unit"":""g"",""kcal"":189}]",367,unknown,PT0M
ate g100 plain whole milk yogurt + g150 red delicious apple + raw peanuts 20g snack 2h ago,"[{""name"":""yogurt, plain, whole milk"",""quantity"":100,""unit"":""g"",""kcal"":77},{""name"":""apples, red delicious, with skin, raw"",""quantity"":150,""unit"":""g"",""kcal"":93},{""name"":""peanuts, raw"",""quantity"":20,""unit"":""g"",""kcal"":110}]",280,snack,-PT2H
200 grams plain whole milk yogurt + raspberries 100g + raw english walnut halves 30 gr breakfast -13d,"[{""name"":""yogurt, plain, whole milk"",""quantity"":200,""unit"":""g"",""kcal"":155},{""name"":""raspberries, raw"",""quantity"":100,""unit"":""g"",""kcal"":51},{""name"":""nuts, walnuts, english, halves, raw"",""quantity"":30,""unit"":""g"",""kcal"":204}]",410,breakfast,-P13D
ate 100 g plain nonfat yogurt + red delicious apple 100 gr + 30 grams rolled whole grain oats,"[{""name"":""yogurt, plain, nonfat"",""quantity"":100,""unit"":""g"",""kcal"":50},{""name"":""apples, red delicious, with skin, raw"",""quantity"":100,""unit"":""g"",""kcal"":62},{""name"":""oats, whole grain, rolled, old fashioned"",""quantity"":30,""unit"":""g"",""kcal"":114}]",226,unknown,PT0M
100g blueberries + plain nonfat greek yogurt 100 gr + 20g whole raw almonds 235kcal,"[{""name"":""blueberries, raw"",""quantity"":100,""unit"":""g"",""kcal"":57},{""name"":""yogurt, greek, plain, nonfat"",""quantity"":100,""unit"":""g"",""kcal"":61},{""name"":""nuts, almonds, whole, raw"",""quantity"":20,""unit"":""g"",""kcal"":117}]",235,unknown,PT0M
g200 full fat cottage cheese + raspberries 100 gr + whole raw almonds 30 gr bf tomorrow,"[{""name"":""cottage cheese, full fat, large or small curd"",""quantity"":200,""unit"":""g"",""kcal"":209},{""name"":""raspberries, raw"",""quantity"":100,""unit"":""g"",""kcal"":51},{""name"":""nuts, almonds, whole, raw"",""quantity"":30,""unit"":""g"",""kcal"":175}]",435,breakfast,P1D
ate g200 plain whole milk yogurt + 200 gr strawberries + rolled whole grain oats 50 gr breakfast,"[{""name"":""yogurt, plain, whole milk"",""quantity"":200,""unit"":""g"",""kcal"":155},{""name"":""strawberries, raw"",""quantity"":200,""unit"":""g"",""kcal"":62},{""name"":""oats, whole grain, rolled, old fashioned"",""quantity"":50,""unit"":""g"",""kcal"":189}]",406,breakfast,PT0M
plain nonfat greek yogurt 150 g + rolled whole grain oats g70 + 200g raspberries -26d,"[{""name"":""yogurt, greek, plain, nonfat"",""quantity"":150,""unit"":""g"",""kcal"":92},{""name"":""oats, whole grain, rolled, old fashioned"",""quantity"":70,""unit"":""g"",""kcal"":265},{""name"":""raspberries, raw"",""quantity"":200,""unit"":""g"",""kcal"":103}]",460,unknown,-P26D
100g full fat cottage cheese + blueberries 200 g + 30g raw peanuts,"[{""name"":""cottage cheese, full fat, large or small curd"",""quantity"":100,""unit"":""g"",""kcal"":105},{""name"":""blueberries, raw"",""quantity"":200,""unit"":""g"",""kcal"":115},{""name"":""peanuts, raw"",""quantity"":30,""unit"":""g"",""kcal"":165}]",385,unknown,PT0M
ate commercial hummus 3tbsp + raw roma tomato 100g + whole wheat bread slice2 -12d,"[{""name"":""hummus, commercial"",""quantity"":3,""unit"":""tablespoon"",""kcal"":116},{""name"":""tomato, roma"",""quantity"":100,""unit"":""g"",""kcal"":19},{""name"":""bread, whole-wheat, commercially prepared"",""quantity"":2,""unit"":""slice"",""kcal"":163}]",298,unknown,-P12D
1tbsp commercial hummus + 50 grams raw roma tomato + white bread 1 slice -19h,"[{""name"":""hummus, commercial"",""quantity"":1,""unit"":""tablespoon"",""kcal"":39},{""name"":""tomato, roma"",""quantity"":50,""unit"":""g"",""kcal"":9},{""name"":""bread, white, commercially prepared"",""quantity"":1,""unit"":""slice"",""kcal"":74}]",122,unknown,-PT19H
plain nonfat greek yogurt 100g + 100g strawberries + 50 g rolled whole grain oats snack,"[{""name"":""yogurt, greek, plain, nonfat"",""quantity"":100,""unit"":""g"",""kcal"":61},{""name"":""strawberries, raw"",""quantity"":100,""unit"":""g"",""kcal"":31},{""name"":""oats, whole grain, rolled, old fashioned"",""quantity"":50,""unit"":""g"",""kcal"":189}]",281,snack,PT0M
plain whole milk yogurt g150 + 150 gr strawberries + 30g raw english walnut halves snack,"[{""name"":""yogurt, plain, whole milk"",""quantity"":150,""unit"":""g"",""kcal"":116},{""name"":""strawberries, raw"",""quantity"":150,""unit"":""g"",""kcal"":47},{""name"":""nuts, walnuts, english, halves, raw"",""quantity"":30,""unit"":""g"",""kcal"":204}]",367,snack,PT0M
plain whole milk yogurt 200 grams + 150 gr blueberries + raw english walnut halves 15 g bf,"[{""name"":""yogurt, plain, whole milk"",""quantity"":200,""unit"":""g"",""kcal"":155},{""name"":""blueberries, raw"",""quantity"":150,""unit"":""g"",""kcal"":86},{""name"":""nuts, walnuts, english, halves, raw"",""quantity"":15,""unit"":""g"",""kcal"":102}]",343,breakfast,PT0M
full fat cottage cheese 200g + g200 red delicious apple + raw peanuts 20 g bf,"[{""name"":""cottage cheese, full fat, large or small curd"",""quantity"":200,""unit"":""g"",""kcal"":209},{""name"":""apples, red delicious, with skin, raw"",""quantity"":200,""unit"":""g"",""kcal"":124},{""name"":""peanuts, raw"",""quantity"":20,""unit"":""g"",""kcal"":110}]",443,breakfast,PT0M
plain whole milk yogurt 200g + red delicious apple 150g + 20g raw english walnut halves snack,"[{""name"":""yogurt, plain, whole milk"",""quantity"":200,""unit"":""g"",""kcal"":155},{""name"":""apples, red delicious, with skin, raw"",""quantity"":150,""unit"":""g"",""kcal"":93},{""name"":""nuts, walnuts, english, halves, raw"",""quantity"":20,""unit"":""g"",""kcal"":136}]",384,snack,PT0M
1 tablespoon commercial hummus + 2slice white bread + g50 raw roma tomato lunch 9d ago,"[{""name"":""hummus, commercial"",""quantity"":1,""unit"":""tablespoon"",""kcal"":39},{""name"":""bread, white, commercially prepared"",""quantity"":2,""unit"":""slice"",""kcal"":147},{""name"":""tomato, roma"",""quantity"":50,""unit"":""g"",""kcal"":9}]",195,lunch,-P9D
ate plain nonfat greek yogurt g150 + red delicious apple 100 grams + whole raw almonds 15g,"[{""name"":""yogurt, greek, plain, nonfat"",""quantity"":150,""unit"":""g"",""kcal"":92},{""name"":""apples, red delicious, with skin, raw"",""quantity"":100,""unit"":""g"",""kcal"":62},{""name"":""nuts, almonds, whole, raw"",""quantity"":15,""unit"":""g"",""kcal"":88}]",242,unknown,PT0M
plain nonfat greek yogurt 100g + strawberries g200 + whole raw almonds 15 grams -16h,"[{""name"":""yogurt, greek, plain, nonfat"",""quantity"":100,""unit"":""g"",""kcal"":61},{""name"":""strawberries, raw"",""quantity"":200,""unit"":""g"",""kcal"":62},{""name"":""nuts, almonds, whole, raw"",""quantity"":15,""unit"":""g"",""kcal"":88}]",211,unknown,-PT16H
150 grams plain nonfat yogurt + blueberries 100 gr + 50 gr rolled whole grain oats,"[{""name"":""yogurt, plain, nonfat"",""quantity"":150,""unit"":""g"",""kcal"":75},{""name"":""blueberries, raw"",""quantity"":100,""unit"":""g"",""kcal"":57},{""name"":""oats, whole grain, rolled, old fashioned"",""quantity"":50,""unit"":""g"",""kcal"":189}]",321,unknown,PT0M
ate 100 gr full fat cottage cheese + blueberries 150 grams + raw peanuts 30g 20d ago,"[{""name"":""cottage cheese, full fat, large or small curd"",""quantity"":100,""unit"":""g"",""kcal"":105},{""name"":""blueberries, raw"",""quantity"":150,""unit"":""g"",""kcal"":86},{""name"":""peanuts, raw"",""quantity"":30,""unit"":""g"",""kcal"":165}]",356,unknown,-P20D
plain nonfat yogurt 200 gr + red delicious apple 100 grams + 15g raw english walnut halves snack -2d,"[{""name"":""yogurt, plain, nonfat"",""quantity"":200,""unit"":""g"",""kcal"":100},{""name"":""apples, red delicious, with skin, raw"",""quantity"":100,""unit"":""g"",""kcal"":62},{""name"":""nuts, walnuts, english, halves, raw"",""quantity"":15,""unit"":""g"",""kcal"":102}]",264,snack,-P2D
ate plain nonfat yogurt 200 grams + 100g strawberries + rolled whole grain oats 70 grams snack,"[{""name"":""yogurt, plain, nonfat"",""quantity"":200,""unit"":""g"",""kcal"":100},{""name"":""strawberries, raw"",""quantity"":100,""unit"":""g"",""kcal"":31},{""name"":""oats, whole grain, rolled, old fashioned"",""quantity"":70,""unit"":""g"",""kcal"":265}]",396,snack,PT0M
plain whole milk yogurt 200 g + red delicious apple 200 gr + rolled whole grain oats g30 bf -22h,"[{""name"":""yogurt, plain, whole milk"",""quantity"":200,""unit"":""g"",""kcal"":155},{""name"":""apples, red delicious, with skin, raw"",""quantity"":200,""unit"":""g"",""kcal"":124},{""name"":""oats, whole grain, rolled, old fashioned"",""quantity"":30,""unit"":""g"",""kcal"":114}]",393,breakfast,-PT22H
ate plain whole milk yogurt 200 g + blueberries 150 grams + 20 gr raw peanuts snack,"[{""name"":""yogurt, plain, whole milk"",""quantity"":200,""unit"":""g"",""kcal"":155},{""name"":""blueberries, raw"",""quantity"":150,""unit"":""g"",""kcal"":86},{""name"":""peanuts, raw"",""quantity"":20,""unit"":""g"",""kcal"":110}]",351,snack,PT0M
blueberries 150 grams + 30 g rolled whole grain oats + plain whole milk yogurt 100g snack,"[{""name"":""blueberries, raw"",""quantity"":150,""unit"":""g"",""kcal"":86},{""name"":""oats, whole grain, rolled, old fashioned"",""quantity"":30,""unit"":""g"",""kcal"":114},{""name"":""yogurt, plain, whole milk"",""quantity"":100,""unit"":""g"",""kcal"":77}]",277,snack,PT0M
70 gr rolled whole grain oats + 200g plain nonfat yogurt + red delicious apple 100g snack tomorrow,"[{""name"":""oats, whole grain, rolled, old fashioned"",""quantity"":70,""unit"":""g"",""kcal"":265},{""name"":""yogurt, plain, nonfat"",""quantity"":200,""unit"":""g"",""kcal"":100},{""name"":""apples, red delicious, with skin, raw"",""quantity"":100,""unit"":""g"",""kcal"":62}]",427,snack,P1D
plain nonfat greek yogurt 150 gr + 100 g raspberries + 30 gr raw peanuts bf,"[{""name"":""yogurt, greek, plain, nonfat"",""quantity"":150,""unit"":""g"",""kcal"":92},{""name"":""raspberries, raw"",""quantity"":100,""unit"":""g"",""kcal"":51},{""name"":""peanuts, raw"",""quantity"":30,""unit"":""g"",""kcal"":165}]",308,breakfast,PT0M
full fat cottage cheese 100 g + red delicious apple g150 + raw peanuts 30g,"[{""name"":""cottage cheese, full fat, large or small curd"",""quantity"":100,""unit"":""g"",""kcal"":105},{""name"":""apples, red delicious, with skin, raw"",""quantity"":150,""unit"":""g"",""kcal"":93},{""name"":""peanuts, raw"",""quantity"":30,""unit"":""g"",""kcal"":165}]",363,unknown,PT0M
plain whole milk yogurt 150g + 150 grams strawberries + 30 g rolled whole grain oats breakfast,"[{""name"":""yogurt, plain, whole milk"",""quantity"":150,""unit"":""g"",""kcal"":116},{""name"":""strawberries, raw"",""quantity"":150,""unit"":""g"",""kcal"":47},{""name"":""oats, whole grain, rolled, old fashioned"",""quantity"":30,""unit"":""g"",""kcal"":114}]",277,breakfast,PT0M
plain whole milk yogurt g100 + 100 grams blueberries + raw peanuts 15 gr breakfast -11d,"[{""name"":""yogurt, plain, whole milk"",""quantity"":100,""unit"":""g"",""kcal"":77},{""name"":""blueberries, raw"",""quantity"":100,""unit"":""g"",""kcal"":57},{""name"":""peanuts, raw"",""quantity"":15,""unit"":""g"",""kcal"":83}]",217,breakfast,-P11D
200g plain nonfat greek yogurt + 200 g blueberries + 30 grams rolled whole grain oats bf,"[{""name"":""yogurt, greek, plain, nonfat"",""quantity"":200,""unit"":""g"",""kcal"":122},{""name"":""blueberries, raw"",""quantity"":200,""unit"":""g"",""kcal"":115},{""name"":""oats, whole grain, rolled, old fashioned"",""quantity"":30,""unit"":""g"",""kcal"":114}]",351,breakfast,PT0M
ate plain whole milk yogurt 200 g + raspberries 100 g + whole raw almonds 30 gr kcal381 bf 2h ago,"[{""name"":""yogurt, plain, whole milk"",""quantity"":200,""unit"":""g"",""kcal"":155},{""name"":""raspberries, raw"",""quantity"":100,""unit"":""g"",""kcal"":51},{""name"":""nuts, almonds, whole, raw"",""quantity"":30,""unit"":""g"",""kcal"":175}]",381,breakfast,-PT2H
100 g plain nonfat greek yogurt + g150 strawberries + 70 g rolled whole grain oats,"[{""name"":""yogurt, greek, plain, nonfat"",""quantity"":100,""unit"":""g"",""kcal"":61},{""name"":""strawberries, raw"",""quantity"":150,""unit"":""g"",""kcal"":47},{""name"":""oats, whole grain, rolled, old fashioned"",""quantity"":70,""unit"":""g"",""kcal"":265}]",373,unknown,PT0M
g200 full fat cottage cheese + g150 blueberries + whole raw almonds g30 snack,"[{""name"":""cottage cheese, full fat, large or small curd"",""quantity"":200,""unit"":""g"",""kcal"":209},{""name"":""blueberries, raw"",""quantity"":150,""unit"":""g"",""kcal"":86},{""name"":""nuts, almonds, whole, raw"",""quantity"":30,""unit"":""g"",""kcal"":175}]",470,snack,PT0M
g15 whole raw almonds + red delicious apple g200 + g150 plain nonfat yogurt snack -1h,"[{""name"":""nuts, almonds, whole, raw"",""quantity"":15,""unit"":""g"",""kcal"":88},{""name"":""apples, red delicious, with skin, raw"",""quantity"":200,""unit"":""g"",""kcal"":124},{""name"":""yogurt, plain, nonfat"",""quantity"":150,""unit"":""g"",""kcal"":75}]",287,snack,-PT1H
full fat cottage cheese 100 gr + 150g blueberries + raw english walnut halves 30 g snack,"[{""name"":""cottage cheese, full fat, large or small curd"",""quantity"":100,""unit"":""g"",""kcal"":105},{""name"":""blueberries, raw"",""quantity"":150,""unit"":""g"",""kcal"":86},{""name"":""nuts, walnuts, english, halves, raw"",""quantity"":30,""unit"":""g"",""kcal"":204}]",395,snack,PT0M
plain whole milk yogurt g200 + strawberries g100 + whole raw almonds 20 gr breakfast,"[{""name"":""yogurt, plain, whole milk"",""quantity"":200,""unit"":""g"",""kcal"":155},{""name"":""strawberries, raw"",""quantity"":100,""unit"":""g"",""kcal"":31},{""name"":""nuts, almonds, whole, raw"",""quantity"":20,""unit"":""g"",""kcal"":117}]",303,breakfast,PT0M
full fat cottage cheese 100 gr + blueberries g200 + raw english walnut halves 20 gr snack,"[{""name"":""cottage cheese, full fat, large or small curd"",""quantity"":100,""unit"":""g"",""kcal"":105},{""name"":""blueberries, raw"",""quantity"":200,""unit"":""g"",""kcal"":115},{""name"":""nuts, walnuts, english, halves, raw"",""quantity"":20,""unit"":""g"",""kcal"":136}]",356,snack,PT0M
ate 100g plain nonfat yogurt + 100 gr blueberries + whole raw almonds 30g,"[{""name"":""yogurt, plain, nonfat"",""quantity"":100,""unit"":""g"",""kcal"":50},{""name"":""blueberries, raw"",""quantity"":100,""unit"":""g"",""kcal"":57},{""name"":""nuts, almonds, whole, raw"",""quantity"":30,""unit"":""g"",""kcal"":175}]",282,unknown,PT0M
ate 200 g plain whole milk yogurt + red delicious apple 100 g + 20 grams raw english walnut halves 353 cal -9d,"[{""name"":""yogurt, plain, whole milk"",""quantity"":200,""unit"":""g"",""kcal"":155},{""name"":""apples, red delicious, with skin, raw"",""quantity"":100,""unit"":""g"",""kcal"":62},{""name"":""nuts, walnuts, english, halves, raw"",""quantity"":20,""unit"":""g"",""kcal"":136}]",353,unknown,-P9D
ate full fat cottage cheese g200 + whole raw almonds 30g + strawberries 200 grams 446kcal bf 7d ago,"[{""name"":""cottage cheese, full fat, large or small curd"",""quantity"":200,""unit"":""g"",""kcal"":209},{""name"":""nuts, almonds, whole, raw"",""quantity"":30,""unit"":""g"",""kcal"":175},{""name"":""strawberries, raw"",""quantity"":200,""unit"":""g"",""kcal"":62}]",446,breakfast,-P7D
100 gr plain whole milk yogurt + 100 gr red delicious apple + 30g raw peanuts,"[{""name"":""yogurt, plain, whole milk"",""quantity"":100,""unit"":""g"",""kcal"":77},{""name"":""apples, red delicious, with skin, raw"",""quantity"":100,""unit"":""g"",""kcal"":62},{""name"":""peanuts, raw"",""quantity"":30,""unit"":""g"",""kcal"":165}]",304,unknown,PT0M
100g raw cucumber with peel + white bread 1slice + tbsp2 commercial hummus snack,"[{""name"":""cucumber, with peel, raw"",""quantity"":100,""unit"":""g"",""kcal"":14},{""name"":""bread, white, commercially prepared"",""quantity"":1,""unit"":""slice"",""kcal"":74},{""name"":""hummus, commercial"",""quantity"":2,""unit"":""tablespoon"",""kcal"":78}]",166,snack,PT0M
100 gr plain nonfat yogurt + red delicious apple g100 + raw english walnut halves g15 breakfast,"[{""name"":""yogurt, plain, nonfat"",""quantity"":100,""unit"":""g"",""kcal"":50},{""name"":""apples, red delicious, with skin, raw"",""quantity"":100,""unit"":""g"",""kcal"":62},{""name"":""nuts, walnuts, english, halves, raw"",""quantity"":15,""unit"":""g"",""kcal"":102}]",214,breakfast,PT0M
70g rolled whole grain oats + plain nonfat greek yogurt g150 + 200g red delicious apple breakfast 26d ago,"[{""name"":""oats, whole grain, rolled, old fashioned"",""quantity"":70,""unit"":""g"",""kcal"":265},{""name"":""yogurt, greek, plain, nonfat"",""quantity"":150,""unit"":""g"",""kcal"":92},{""name"":""apples, red delicious, with skin, raw"",""quantity"":200,""unit"":""g"",""kcal"":124}]",481,breakfast,-P26D
100g plain nonfat yogurt + raspberries 150 g + rolled whole grain oats 30 gr -11h,"[{""name"":""yogurt, plain, nonfat"",""quantity"":100,""unit"":""g"",""kcal"":50},{""name"":""raspberries, raw"",""quantity"":150,""unit"":""g"",""kcal"":77},{""name"":""oats, whole grain, rolled, old fashioned"",""quantity"":30,""unit"":""g"",""kcal"":114}]",241,unknown,-PT11H
plain nonfat greek yogurt g100 + 150 g red delicious apple + rolled whole grain oats 50g bf,"[{""name"":""yogurt, greek, plain, nonfat"",""quantity"":100,""unit"":""g"",""kcal"":61},{""name"":""apples, red delicious, with skin, raw"",""quantity"":150,""unit"":""g"",""kcal"":93},{""name"":""oats, whole grain, rolled, old fashioned"",""quantity"":50,""unit"":""g"",""kcal"":189}]",343,breakfast,PT0M
150 g plain nonfat greek yogurt + strawberries 150g + 30g rolled whole grain oats snack,"[{""name"":""yogurt, greek, plain, nonfat"",""quantity"":150,""unit"":""g"",""kcal"":92},{""name"":""strawberries, raw"",""quantity"":150,""unit"":""g"",""kcal"":47},{""name"":""oats, whole grain, rolled, old fashioned"",""quantity"":30,""unit"":""g"",""kcal"":114}]",253,snack,PT0M
ate 150g plain nonfat yogurt + g150 strawberries + raw english walnut halves g20 snack,"[{""name"":""yogurt, plain, nonfat"",""quantity"":150,""unit"":""g"",""kcal"":75},{""name"":""strawberries, raw"",""quantity"":150,""unit"":""g"",""kcal"":47},{""name"":""nuts, walnuts, english, halves, raw"",""quantity"":20,""unit"":""g"",""kcal"":136}]",258,snack,PT0M
150 gr plain whole milk yogurt + 200 grams raspberries + 30 grams whole raw almonds breakfast -16d,"[{""name"":""yogurt, plain, whole milk"",""quantity"":150,""unit"":""g"",""kcal"":116},{""name"":""raspberries, raw"",""quantity"":200,""unit"":""g"",""kcal"":103},{""name"":""nuts, almonds, whole, raw"",""quantity"":30,""unit"":""g"",""kcal"":175}]",394,breakfast,-P16D
ate 200 g plain nonfat yogurt + red delicious apple 100 grams + 20 grams whole raw almonds bf,"[{""name"":""yogurt, plain, nonfat"",""quantity"":200,""unit"":""g"",""kcal"":100},{""name"":""apples, red delicious, with skin, raw"",""quantity"":100,""unit"":""g"",""kcal"":62},{""name"":""nuts, almonds, whole, raw"",""quantity"":20,""unit"":""g"",""kcal"":117}]",279,breakfast,PT0M
rolled whole grain oats 50 g + 200 gr strawberries + 100 gr plain whole milk yogurt,"[{""name"":""oats, whole grain, rolled, old fashioned"",""quantity"":50,""unit"":""g"",""kcal"":189},{""name"":""strawberries, raw"",""quantity"":200,""unit"":""g"",""kcal"":62},{""name"":""yogurt, plain, whole milk"",""quantity"":100,""unit"":""g"",""kcal"":77}]",328,unknown,PT0M
ate 100g plain nonfat yogurt + 200 gr blueberries + whole raw almonds 30 gr kcal340,"[{""name"":""yogurt, plain, nonfat"",""quantity"":100,""unit"":""g"",""kcal"":50},{""name"":""blueberries, raw"",""quantity"":200,""unit"":""g"",""kcal"":115},{""name"":""nuts, almonds, whole, raw"",""quantity"":30,""unit"":""g"",""kcal"":175}]",340,unknown,PT0M
full fat cottage cheese 200g + 100 grams raspberries + 20 grams whole raw almonds 377kcal,"[{""name"":""cottage cheese, full fat, large or small curd"",""quantity"":200,""unit"":""g"",""kcal"":209},{""name"":""raspberries, raw"",""quantity"":100,""unit"":""g"",""kcal"":51},{""name"":""nuts, almonds, whole, raw"",""quantity"":20,""unit"":""g"",""kcal"":117}]",377,unknown,PT0M
100g plain nonfat yogurt + g100 strawberries + rolled whole grain oats 30 grams 195kcal bf,"[{""name"":""yogurt, plain, nonfat"",""quantity"":100,""unit"":""g"",""kcal"":50},{""name"":""strawberries, raw"",""quantity"":100,""unit"":""g"",""kcal"":31},{""name"":""oats, whole grain, rolled, old fashioned"",""quantity"":30,""unit"":""g"",""kcal"":114}]",195,breakfast,PT0M
200 g plain nonfat yogurt + 200 g strawberries + raw peanuts 20 grams snack 20h ago,"[{""name"":""yogurt, plain, nonfat"",""quantity"":200,""unit"":""g"",""kcal"":100},{""name"":""strawberries, raw"",""quantity"":200,""unit"":""g"",""kcal"":62},{""name"":""peanuts, raw"",""quantity"":20,""unit"":""g"",""kcal"":110}]",272,snack,-PT20H
ate 0.5 cups 2% cottage cheese + raspberries 150 g + raw peanuts 15 g 252kcal,"[{""name"":""cheese, cottage, lowfat, 2% milkfat"",""quantity"":0.5,""unit"":""cup"",""kcal"":92},{""name"":""raspberries, raw"",""quantity"":150,""unit"":""g"",""kcal"":77},{""name"":""peanuts, raw"",""quantity"":15,""unit"":""g"",""kcal"":83}]",252,unknown,PT0M
150 gr plain nonfat greek yogurt + 200 g red delicious apple + g20 whole raw almonds snack,"[{""name"":""yogurt, greek, plain, nonfat"",""quantity"":150,""unit"":""g"",""kcal"":92},{""name"":""apples, red delicious, with skin, raw"",""quantity"":200,""unit"":""g"",""kcal"":124},{""name"":""nuts, almonds, whole, raw"",""quantity"":20,""unit"":""g"",""kcal"":117}]",333,snack,PT0M
rolled whole grain oats 30 gr + red delicious apple 200 gr + 150 grams plain nonfat greek yogurt snack 14h ago,"[{""name"":""oats, whole grain, rolled, old fashioned"",""quantity"":30,""unit"":""g"",""kcal"":114},{""name"":""apples, red delicious, with skin, raw"",""quantity"":200,""unit"":""g"",""kcal"":124},{""name"":""yogurt, greek, plain, nonfat"",""quantity"":150,""unit"":""g"",""kcal"":92}]",330,snack,-PT14H
100 grams full fat cottage cheese + 200 g strawberries + 30 g raw english walnut halves,"[{""name"":""cottage cheese, full fat, large or small curd"",""quantity"":100,""unit"":""g"",""kcal"":105},{""name"":""strawberries, raw"",""quantity"":200,""unit"":""g"",""kcal"":62},{""name"":""nuts, walnuts, english, halves, raw"",""quantity"":30,""unit"":""g"",""kcal"":204}]",371,unknown,PT0M
ate light canned tuna in water 150g + canned black beans 100 g + 150g raw cucumber with peel 6h ago,"[{""name"":""fish, tuna, light, canned in water, drained solids"",""quantity"":150,""unit"":""g"",""kcal"":135},{""name"":""beans, black, canned, sodium added, drained and rinsed"",""quantity"":100,""unit"":""g"",""kcal"":115},{""name"":""cucumber, with peel, raw"",""quantity"":150,""unit"":""g"",""kcal"":21}]",271,unknown,-PT6H
100 grams light canned tuna in water + canned black beans 100 grams + raw cucumber with peel 50g dinner,"[{""name"":""fish, tuna, light, canned in water, drained solids"",""quantity"":100,""unit"":""g"",""kcal"":90},{""name"":""beans, black, canned, sodium added, drained and rinsed"",""quantity"":100,""unit"":""g"",""kcal"":115},{""name"":""cucumber, with peel, raw"",""quantity"":50,""unit"":""g"",""kcal"":7}]",212,dinner,PT0M
20 g raw peanuts + 100g blueberries + plain nonfat yogurt 150g bf -28d,"[{""name"":""peanuts, raw"",""quantity"":20,""unit"":""g"",""kcal"":110},{""name"":""blueberries, raw"",""quantity"":100,""unit"":""g"",""kcal"":57},{""name"":""yogurt, plain, nonfat"",""quantity"":150,""unit"":""g"",""kcal"":75}]",242,breakfast,-P28D
plain nonfat yogurt 100 gr + 100g raspberries + 30 grams raw english walnut halves snack,"[{""name"":""yogurt, plain, nonfat"",""quantity"":100,""unit"":""g"",""kcal"":50},{""name"":""raspberries, raw"",""quantity"":100,""unit"":""g"",""kcal"":51},{""name"":""nuts, walnuts, english, halves, raw"",""quantity"":30,""unit"":""g"",""kcal"":204}]",305,snack,PT0M
ate plain nonfat greek yogurt g100 + 150g red delicious apple + raw peanuts 15g kcal237 27d ago,"[{""name"":""yogurt, greek, plain, nonfat"",""quantity"":100,""unit"":""g"",""kcal"":61},{""name"":""apples, red delicious, with skin, raw"",""quantity"":150,""unit"":""g"",""kcal"":93},{""name"":""peanuts, raw"",""quantity"":15,""unit"":""g"",""kcal"":83}]",237,unknown,-P27D
g200 full fat cottage cheese + red delicious apple 150g + 20 gr raw peanuts snack tomorrow,"[{""name"":""cottage cheese, full fat, large or small curd"",""quantity"":200,""unit"":""g"",""kcal"":209},{""name"":""apples, red delicious, with skin, raw"",""quantity"":150,""unit"":""g"",""kcal"":93},{""name"":""peanuts, raw"",""quantity"":20,""unit"":""g"",""kcal"":110}]",412,snack,P1D
ate g200 plain nonfat yogurt + red delicious apple g150 + whole raw almonds g20 snack yesterday,"[{""name"":""yogurt, plain, nonfat"",""quantity"":200,""unit"":""g"",""kcal"":100},{""name"":""apples, red delicious, with skin, raw"",""quantity"":150,""unit"":""g"",""kcal"":93},{""name"":""nuts, almonds, whole, raw"",""quantity"":20,""unit"":""g"",""kcal"":117}]",310,snack,-P1D
plain nonfat greek yogurt 150 gr + strawberries g100 + raw english walnut halves g20 bf -24d,"[{""name"":""yogurt, greek, plain, nonfat"",""quantity"":150,""unit"":""g"",""kcal"":92},{""name"":""strawberries, raw"",""quantity"":100,""unit"":""g"",""kcal"":31},{""name"":""nuts, walnuts, english, halves, raw"",""quantity"":20,""unit"":""g"",""kcal"":136}]",259,breakfast,-P24D
100 grams plain whole milk yogurt + red delicious apple g100 + g70 rolled whole grain oats 8h ago,"[{""name"":""yogurt, plain, whole milk"",""quantity"":100,""unit"":""g"",""kcal"":77},{""name"":""apples, red delicious, with skin, raw"",""quantity"":100,""unit"":""g"",""kcal"":62},{""name"":""oats, whole grain, rolled, old fashioned"",""quantity"":70,""unit"":""g"",""kcal"":265}]",404,unknown,-PT8H
g150 plain nonfat yogurt + raw peanuts 20 grams + 200 g red delicious apple -23h,"[{""name"":""yogurt, plain, nonfat"",""quantity"":150,""unit"":""g"",""kcal"":75},{""name"":""peanuts, raw"",""quantity"":20,""unit"":""g"",""kcal"":110},{""name"":""apples, red delicious, with skin, raw"",""quantity"":200,""unit"":""g"",""kcal"":124}]",309,unknown,-PT23H
ate 200g plain whole milk yogurt + 100 g strawberries + raw peanuts g30 bf,"[{""name"":""yogurt, plain, whole milk"",""quantity"":200,""unit"":""g"",""kcal"":155},{""name"":""strawberries, raw"",""quantity"":100,""unit"":""g"",""kcal"":31},{""name"":""peanuts, raw"",""quantity"":30,""unit"":""g"",""kcal"":165}]",351,breakfast,PT0M
ate 1tbsp commercial hummus + g150 raw roma tomato + 1slice whole wheat bread snack 13h ago,"[{""name"":""hummus, commercial"",""quantity"":1,""unit"":""tablespoon"",""kcal"":39},{""name"":""tomato, roma"",""quantity"":150,""unit"":""g"",""kcal"":28},{""name"":""bread, whole-wheat, commercially prepared"",""quantity"":1,""unit"":""slice"",""kcal"":82}]",149,snack,-PT13H
commercial hummus 3tbsp + 150g raw roma tomato + 1 slice white bread 218 cal,"[{""name"":""hummus, commercial"",""quantity"":3,""unit"":""tablespoon"",""kcal"":116},{""name"":""tomato, roma"",""quantity"":150,""unit"":""g"",""kcal"":28},{""name"":""bread, white, commercially prepared"",""quantity"":1,""unit"":""slice"",""kcal"":74}]",218,unknown,PT0M
plain nonfat greek yogurt g100 + blueberries g100 + raw english walnut halves 20g bf -8h,"[{""name"":""yogurt, greek, plain, nonfat"",""quantity"":100,""unit"":""g"",""kcal"":61},{""name"":""blueberries, raw"",""quantity"":100,""unit"":""g"",""kcal"":57},{""name"":""nuts, walnuts, english, halves, raw"",""quantity"":20,""unit"":""g"",""kcal"":136}]",254,breakfast,-PT8H
cup0.5 2% cottage cheese + raspberries 100 gr + whole raw almonds 30g breakfast,"[{""name"":""cheese, cottage, lowfat, 2% milkfat"",""quantity"":0.5,""unit"":""cup"",""kcal"":92},{""name"":""raspberries, raw"",""quantity"":100,""unit"":""g"",""kcal"":51},{""name"":""nuts, almonds, whole, raw"",""quantity"":30,""unit"":""g"",""kcal"":175}]",318,breakfast,PT0M
plain whole milk yogurt 150g + 200 grams red delicious apple + raw peanuts 30 g bf,"[{""name"":""yogurt, plain, whole milk"",""quantity"":150,""unit"":""g"",""kcal"":116},{""name"":""apples, red delicious, with skin, raw"",""quantity"":200,""unit"":""g"",""kcal"":124},{""name"":""peanuts, raw"",""quantity"":30,""unit"":""g"",""kcal"":165}]",405,breakfast,PT0M
red delicious apple 100 gr + rolled whole grain oats 30 grams + 150g plain whole milk yogurt snack -9d,"[{""name"":""apples, red delicious, with skin, raw"",""quantity"":100,""unit"":""g"",""kcal"":62},{""name"":""oats, whole grain, rolled, old fashioned"",""quantity"":30,""unit"":""g"",""kcal"":114},{""name"":""yogurt, plain, whole milk"",""quantity"":150,""unit"":""g"",""kcal"":116}]",292,snack,-P9D
0.5cup 2% cottage cheese + strawberries g100 + whole raw almonds g15 snack 13d ago,"[{""name"":""cheese, cottage, lowfat, 2% milkfat"",""quantity"":0.5,""unit"":""cup"",""kcal"":92},{""name"":""strawberries, raw"",""quantity"":100,""unit"":""g"",""kcal"":31},{""name"":""nuts, almonds, whole, raw"",""quantity"":15,""unit"":""g"",""kcal"":88}]",211,snack,-P13D
ate plain whole milk yogurt g100 + 200g red delicious apple + raw peanuts g20,"[{""name"":""yogurt, plain, whole milk"",""quantity"":100,""unit"":""g"",""kcal"":77},{""name"":""apples, red delicious, with skin, raw"",""quantity"":200,""unit"":""g"",""kcal"":124},{""name"":""peanuts, raw"",""quantity"":20,""unit"":""g"",""kcal"":110}]",311,unknown,PT0M
ate g150 full fat cottage cheese + red delicious apple 100 grams + whole raw almonds g15 bf 2h ago,"[{""name"":""cottage cheese, full fat, large or small curd"",""quantity"":150,""unit"":""g"",""kcal"":157},{""name"":""apples, red delicious, with skin, raw"",""quantity"":100,""unit"":""g"",""kcal"":62},{""name"":""nuts, almonds, whole, raw"",""quantity"":15,""unit"":""g"",""kcal"":88}]",307,breakfast,-PT2H
rolled whole grain oats 70 gr + plain nonfat yogurt 150 gr + red delicious apple 150g -22h,"[{""name"":""oats, whole grain, rolled, old fashioned"",""quantity"":70,""unit"":""g"",""kcal"":265},{""name"":""yogurt, plain, nonfat"",""quantity"":150,""unit"":""g"",""kcal"":75},{""name"":""apples, red delicious, with skin, raw"",""quantity"":150,""unit"":""g"",""kcal"":93}]",433,unknown,-PT22H
100 gr raspberries + 20 grams raw english walnut halves + 200g plain whole milk yogurt breakfast -3d,"[{""name"":""raspberries, raw"",""quantity"":100,""unit"":""g"",""kcal"":51},{""name"":""nuts, walnuts, english, halves, raw"",""quantity"":20,""unit"":""g"",""kcal"":136},{""name"":""yogurt, plain, whole milk"",""quantity"":200,""unit"":""g"",""kcal"":155}]",342,breakfast,-P3D
plain nonfat greek yogurt 100g + strawberries 200g + 20 g raw english walnut halves tmr,"[{""name"":""yogurt, greek, plain, nonfat"",""quantity"":100,""unit"":""g"",""kcal"":61},{""name"":""strawberries, raw"",""quantity"":200,""unit"":""g"",""kcal"":62},{""name"":""nuts, walnuts, english, halves, raw"",""quantity"":20,""unit"":""g"",""kcal"":136}]",259,unknown,P1D
full fat cottage cheese 200 gr + red delicious apple 150 grams + 15 gr raw english walnut halves tomorrow,"[{""name"":""cottage cheese, full fat, large or small curd"",""quantity"":200,""unit"":""g"",""kcal"":209},{""name"":""apples, red delicious, with skin, raw"",""quantity"":150,""unit"":""g"",""kcal"":93},{""name"":""nuts, walnuts, english, halves, raw"",""quantity"":15,""unit"":""g"",""kcal"":102}]",404,unknown,P1D
g200 plain whole milk yogurt + raw peanuts 15 grams + 100 gr blueberries kcal295,"[{""name"":""yogurt, plain, whole milk"",""quantity"":200,""unit"":""g"",""kcal"":155},{""name"":""peanuts, raw"",""quantity"":15,""unit"":""g"",""kcal"":83},{""name"":""blueberries, raw"",""quantity"":100,""unit"":""g"",""kcal"":57}]",295,unknown,PT0M
ate raw english walnut halves 30 grams + g200 red delicious apple + 1cup 2% cottage cheese bf 2h ago,"[{""name"":""nuts, walnuts, english, halves, raw"",""quantity"":30,""unit"":""g"",""kcal"":204},{""name"":""apples, red delicious, with skin, raw"",""quantity"":200,""unit"":""g"",""kcal"":124},{""name"":""cheese, cottage, lowfat, 2% milkfat"",""quantity"":1,""unit"":""cup"",""kcal"":185}]",513,breakfast,-PT2H
ate g200 strawberries + 15 g whole raw almonds + g150 plain whole milk yogurt snack 23h ago,"[{""name"":""strawberries, raw"",""quantity"":200,""unit"":""g"",""kcal"":62},{""name"":""nuts, almonds, whole, raw"",""quantity"":15,""unit"":""g"",""kcal"":88},{""name"":""yogurt, plain, whole milk"",""quantity"":150,""unit"":""g"",""kcal"":116}]",266,snack,-PT23H
ate plain nonfat greek yogurt 200g + raspberries g150 + whole raw almonds 20 g 316kcal 6d ago,"[{""name"":""yogurt, greek, plain, nonfat"",""quantity"":200,""unit"":""g"",""kcal"":122},{""name"":""raspberries, raw"",""quantity"":150,""unit"":""g"",""kcal"":77},{""name"":""nuts, almonds, whole, raw"",""quantity"":20,""unit"":""g"",""kcal"":117}]",316,unknown,-P6D
ate 0.5 cups 2% cottage cheese + 100g strawberries + whole raw almonds g20 snack,"[{""name"":""cheese, cottage, lowfat, 2% milkfat"",""quantity"":0.5,""unit"":""cup"",""kcal"":92},{""name"":""strawberries, raw"",""quantity"":100,""unit"":""g"",""kcal"":31},{""name"":""nuts, almonds, whole, raw"",""quantity"":20,""unit"":""g"",""kcal"":117}]",240,snack,PT0M
ate plain nonfat greek yogurt 100 grams + 150 g strawberries + 15g raw english walnut halves,"[{""name"":""yogurt, greek, plain, nonfat"",""quantity"":100,""unit"":""g"",""kcal"":61},{""name"":""strawberries, raw"",""quantity"":150,""unit"":""g"",""kcal"":47},{""name"":""nuts, walnuts, english, halves, raw"",""quantity"":15,""unit"":""g"",""kcal"":102}]",210,unknown,PT0M
150 g plain whole milk yogurt + raw peanuts 15 grams + 200 gr raspberries breakfast 21d ago,"[{""name"":""yogurt, plain, whole milk"",""quantity"":150,""unit"":""g"",""kcal"":116},{""name"":""peanuts, raw"",""quantity"":15,""unit"":""g"",""kcal"":83},{""name"":""raspberries, raw"",""quantity"":200,""unit"":""g"",""kcal"":103}]",302,breakfast,-P21D
plain whole milk yogurt 100 g + 100 gr strawberries + raw english walnut halves 30 gr kcal312 11d ago,"[{""name"":""yogurt, plain, whole milk"",""quantity"":100,""unit"":""g"",""kcal"":77},{""name"":""strawberries, raw"",""quantity"":100,""unit"":""g"",""kcal"":31},{""name"":""nuts, walnuts, english, halves, raw"",""quantity"":30,""unit"":""g"",""kcal"":204}]",312,unknown,-P11D
light canned tuna in water 150 gr + canned black beans 150 grams + raw roma tomato 100 gr lunch,"[{""name"":""fish, tuna, light, canned in water, drained solids"",""quantity"":150,""unit"":""g"",""kcal"":135},{""name"":""beans, black, canned, sodium added, drained and rinsed"",""quantity"":150,""unit"":""g"",""kcal"":173},{""name"":""tomato, roma"",""quantity"":100,""unit"":""g"",""kcal"":19}]",327,lunch,PT0M
150 gr plain nonfat greek yogurt + blueberries 150 grams + g15 raw english walnut halves breakfast,"[{""name"":""yogurt, greek, plain, nonfat"",""quantity"":150,""unit"":""g"",""kcal"":92},{""name"":""blueberries, raw"",""quantity"":150,""unit"":""g"",""kcal"":86},{""name"":""nuts, walnuts, english, halves, raw"",""quantity"":15,""unit"":""g"",""kcal"":102}]",280,breakfast,PT0M
ate plain nonfat greek yogurt 100 g + 100g red delicious apple + rolled whole grain oats g50 snack,"[{""name"":""yogurt, greek, plain, nonfat"",""quantity"":100,""unit"":""g"",""kcal"":61},{""name"":""apples, red delicious, with skin, raw"",""quantity"":100,""unit"":""g"",""kcal"":62},{""name"":""oats, whole grain, rolled, old fashioned"",""quantity"":50,""unit"":""g"",""kcal"":189}]",312,snack,PT0M
ate 30 g whole raw almonds + g150 plain nonfat yogurt + strawberries 200 grams bf 22h ago,"[{""name"":""nuts, almonds, whole, raw"",""quantity"":30,""unit"":""g"",""kcal"":175},{""name"":""yogurt, plain, nonfat"",""quantity"":150,""unit"":""g"",""kcal"":75},{""name"":""strawberries, raw"",""quantity"":200,""unit"":""g"",""kcal"":62}]",312,breakfast,-PT22H
ate whole raw almonds 20g + 100 g full fat cottage cheese + 150g blueberries,"[{""name"":""nuts, almonds, whole, raw"",""quantity"":20,""unit"":""g"",""kcal"":117},{""name"":""cottage cheese, full fat, large or small curd"",""quantity"":100,""unit"":""g"",""kcal"":105},{""name"":""blueberries, raw"",""quantity"":150,""unit"":""g"",""kcal"":86}]",308,unknown,PT0M
150 grams full fat cottage cheese + 150 grams red delicious apple + whole raw almonds 20g -9h,"[{""name"":""cottage cheese, full fat, large or small curd"",""quantity"":150,""unit"":""g"",""kcal"":157},{""name"":""apples, red delicious, with skin, raw"",""quantity"":150,""unit"":""g"",""kcal"":93},{""name"":""nuts, almonds, whole, raw"",""quantity"":20,""unit"":""g"",""kcal"":117}]",367,unknown,-PT9H
plain nonfat yogurt 100 grams + strawberries 150 gr + whole raw almonds 30 gr kcal272 snack,"[{""name"":""yogurt, plain, nonfat"",""quantity"":100,""unit"":""g"",""kcal"":50},{""name"":""strawberries, raw"",""quantity"":150,""unit"":""g"",""kcal"":47},{""name"":""nuts, almonds, whole, raw"",""quantity"":30,""unit"":""g"",""kcal"":175}]",272,snack,PT0M
plain nonfat yogurt 100 grams + blueberries 200 g + rolled whole grain oats 30 grams 279 cal,"[{""name"":""yogurt, plain, nonfat"",""quantity"":100,""unit"":""g"",""kcal"":50},{""name"":""blueberries, raw"",""quantity"":200,""unit"":""g"",""kcal"":115},{""name"":""oats, whole grain, rolled, old fashioned"",""quantity"":30,""unit"":""g"",""kcal"":114}]",279,unknown,PT0M
150 g plain nonfat greek yogurt + blueberries g150 + 15 grams whole raw almonds 22d ago,"[{""name"":""yogurt, greek, plain, nonfat"",""quantity"":150,""unit"":""g"",""kcal"":92},{""name"":""blueberries, raw"",""quantity"":150,""unit"":""g"",""kcal"":86},{""name"":""nuts, almonds, whole, raw"",""quantity"":15,""unit"":""g"",""kcal"":88}]",266,unknown,-P22D
full fat cottage cheese 100g + 100g red delicious apple + g15 whole raw almonds snack -10h,"[{""name"":""cottage cheese, full fat, large or small curd"",""quantity"":100,""unit"":""g"",""kcal"":105},{""name"":""apples, red delicious, with skin, raw"",""quantity"":100,""unit"":""g"",""kcal"":62},{""name"":""nuts, almonds, whole, raw"",""quantity"":15,""unit"":""g"",""kcal"":88}]",255,snack,-PT10H
ate strawberries 100 gr + g150 plain nonfat yogurt + raw english walnut halves 30 gr,"[{""name"":""strawberries, raw"",""quantity"":100,""unit"":""g"",""kcal"":31},{""name"":""yogurt, plain, nonfat"",""quantity"":150,""unit"":""g"",""kcal"":75},{""name"":""nuts, walnuts, english, halves, raw"",""quantity"":30,""unit"":""g"",""kcal"":204}]",310,unknown,PT0M
plain whole milk yogurt 150 gr + raspberries 150 gr + 30g whole raw almonds,"[{""name"":""yogurt, plain, whole milk"",""quantity"":150,""unit"":""g"",""kcal"":116},{""name"":""raspberries, raw"",""quantity"":150,""unit"":""g"",""kcal"":77},{""name"":""nuts, almonds, whole, raw"",""quantity"":30,""unit"":""g"",""kcal"":175}]",368,unknown,PT0M
ate full fat cottage cheese 150 gr + strawberries 200g + 15g raw english walnut halves 12d ago,"[{""name"":""cottage cheese, full fat, large or small curd"",""quantity"":150,""unit"":""g"",""kcal"":157},{""name"":""strawberries, raw"",""quantity"":200,""unit"":""g"",""kcal"":62},{""name"":""nuts, walnuts, english, halves, raw"",""quantity"":15,""unit"":""g"",""kcal"":102}]",321,unknown,-P12D
commercial hummus 1tbsp + g50 raw cucumber with peel + whole wheat bread slice2,"[{""name"":""hummus, commercial"",""quantity"":1,""unit"":""tablespoon"",""kcal"":39},{""name"":""cucumber, with peel, raw"",""quantity"":50,""unit"":""g"",""kcal"":7},{""name"":""bread, whole-wheat, commercially prepared"",""quantity"":2,""unit"":""slice"",""kcal"":163}]",209,unknown,PT0M
ate 200g full fat cottage cheese + red delicious apple 100 grams + raw english walnut halves g30 475kcal breakfast 9h ago,"[{""name"":""cottage cheese, full fat, large or small curd"",""quantity"":200,""unit"":""g"",""kcal"":209},{""name"":""apples, red delicious, with skin, raw"",""quantity"":100,""unit"":""g"",""kcal"":62},{""name"":""nuts, walnuts, english, halves, raw"",""quantity"":30,""unit"":""g"",""kcal"":204}]",475,breakfast,-PT9H
plain nonfat yogurt 150g + strawberries 150 g + rolled whole grain oats 70 g breakfast 12d ago,"[{""name"":""yogurt, plain, nonfat"",""quantity"":150,""unit"":""g"",""kcal"":75},{""name"":""strawberries, raw"",""quantity"":150,""unit"":""g"",""kcal"":47},{""name"":""oats, whole grain, rolled, old fashioned"",""quantity"":70,""unit"":""g"",""kcal"":265}]",387,breakfast,-P12D
100g plain nonfat greek yogurt + raspberries 200g + whole raw almonds g15,"[{""name"":""yogurt, greek, plain, nonfat"",""quantity"":100,""unit"":""g"",""kcal"":61},{""name"":""raspberries, raw"",""quantity"":200,""unit"":""g"",""kcal"":103},{""name"":""nuts, almonds, whole, raw"",""quantity"":15,""unit"":""g"",""kcal"":88}]",252,unknown,PT0M
plain nonfat yogurt 200g + 200 g raspberries + rolled whole grain oats 70 g,"[{""name"":""yogurt, plain, nonfat"",""quantity"":200,""unit"":""g"",""kcal"":100},{""name"":""raspberries, raw"",""quantity"":200,""unit"":""g"",""kcal"":103},{""name"":""oats, whole grain, rolled, old fashioned"",""quantity"":70,""unit"":""g"",""kcal"":265}]",468,unknown,PT0M
30 g raw peanuts + 100 gr raspberries + g100 plain nonfat greek yogurt,"[{""name"":""peanuts, raw"",""quantity"":30,""unit"":""g"",""kcal"":165},{""name"":""raspberries, raw"",""quantity"":100,""unit"":""g"",""kcal"":51},{""name"":""yogurt, greek, plain, nonfat"",""quantity"":100,""unit"":""g"",""kcal"":61}]",277,unknown,PT0M
ate blueberries g100 + 150 g plain nonfat yogurt + whole raw almonds 30 grams bf,"[{""name"":""blueberries, raw"",""quantity"":100,""unit"":""g"",""kcal"":57},{""name"":""yogurt, plain, nonfat"",""quantity"":150,""unit"":""g"",""kcal"":75},{""name"":""nuts, almonds, whole, raw"",""quantity"":30,""unit"":""g"",""kcal"":175}]",307,breakfast,PT0M
150g plain nonfat yogurt + g150 raspberries + g30 raw peanuts snack,"[{""name"":""yogurt, plain, nonfat"",""quantity"":150,""unit"":""g"",""kcal"":75},{""name"":""raspberries, raw"",""quantity"":150,""unit"":""g"",""kcal"":77},{""name"":""peanuts, raw"",""quantity"":30,""unit"":""g"",""kcal"":165}]",317,snack,PT0M
ate plain nonfat yogurt 150 grams + 200g blueberries + whole raw almonds 15 gr breakfast,"[{""name"":""yogurt, plain, nonfat"",""quantity"":150,""unit"":""g"",""kcal"":75},{""name"":""blueberries, raw"",""quantity"":200,""unit"":""g"",""kcal"":115},{""name"":""nuts, almonds, whole, raw"",""quantity"":15,""unit"":""g"",""kcal"":88}]",278,breakfast,PT0M
plain nonfat yogurt 100g + 15g raw english walnut halves + blueberries 200g bf,"[{""name"":""yogurt, plain, nonfat"",""quantity"":100,""unit"":""g"",""kcal"":50},{""name"":""nuts, walnuts, english, halves, raw"",""quantity"":15,""unit"":""g"",""kcal"":102},{""name"":""blueberries, raw"",""quantity"":200,""unit"":""g"",""kcal"":115}]",267,breakfast,PT0M
ate g100 light canned tuna in water + canned black beans 150 gr + 150 g raw roma tomato lunch,"[{""name"":""fish, tuna, light, canned in water, drained solids"",""quantity"":100,""unit"":""g"",""kcal"":90},{""name"":""beans, black, canned, sodium added, drained and rinsed"",""quantity"":150,""unit"":""g"",""kcal"":173},{""name"":""tomato, roma"",""quantity"":150,""unit"":""g"",""kcal"":28}]",291,lunch,PT0M
20 gr raw peanuts + strawberries 200 g + cup1 2% cottage cheese snack,"[{""name"":""peanuts, raw"",""quantity"":20,""unit"":""g"",""kcal"":110},{""name"":""strawberries, raw"",""quantity"":200,""unit"":""g"",""kcal"":62},{""name"":""cheese, cottage, lowfat, 2% milkfat"",""quantity"":1,""unit"":""cup"",""kcal"":185}]",357,snack,PT0M
full fat cottage cheese 200 g + raspberries 100 gr + 20 g raw peanuts snack -7d,"[{""name"":""cottage cheese, full fat, large or small curd"",""quantity"":200,""unit"":""g"",""kcal"":209},{""name"":""raspberries, raw"",""quantity"":100,""unit"":""g"",""kcal"":51},{""name"":""peanuts, raw"",""quantity"":20,""unit"":""g"",""kcal"":110}]",370,snack,-P7D
ate 15 gr raw english walnut halves + plain nonfat yogurt 200 grams + 150g red delicious apple snack 7d ago,"[{""name"":""nuts, walnuts, english, halves, raw"",""quantity"":15,""unit"":""g"",""kcal"":102},{""name"":""yogurt, plain, nonfat"",""quantity"":200,""unit"":""g"",""kcal"":100},{""name"":""apples, red delicious, with skin, raw"",""quantity"":150,""unit"":""g"",""kcal"":93}]",295,snack,-P7D
1cup 2% cottage cheese + strawberries 150 gr + 20 grams whole raw almonds tmr,"[{""name"":""cheese, cottage, lowfat, 2% milkfat"",""quantity"":1,""unit"":""cup"",""kcal"":185},{""name"":""strawberries, raw"",""quantity"":150,""unit"":""g"",""kcal"":47},{""name"":""nuts, almonds, whole, raw"",""quantity"":20,""unit"":""g"",""kcal"":117}]",349,unknown,P1D
ate 2tbsp commercial hummus + 150 grams raw romaine lettuce + whole wheat bread slice1 lunch,"[{""name"":""hummus, commercial"",""quantity"":2,""unit"":""tablespoon"",""kcal"":78},{""name"":""lettuce, romaine, green, raw"",""quantity"":150,""unit"":""g"",""kcal"":26},{""name"":""bread, whole-wheat, commercially prepared"",""quantity"":1,""unit"":""slice"",""kcal"":82}]",186,lunch,PT0M
ate full fat cottage cheese 150 g + strawberries 100 grams + 15 grams raw peanuts snack 28d ago,"[{""name"":""cottage cheese, full fat, large or small curd"",""quantity"":150,""unit"":""g"",""kcal"":157},{""name"":""strawberries, raw"",""quantity"":100,""unit"":""g"",""kcal"":31},{""name"":""peanuts, raw"",""quantity"":15,""unit"":""g"",""kcal"":83}]",271,snack,-P28D
plain nonfat greek yogurt g150 + 150 g strawberries + raw peanuts 15 grams -9h,"[{""name"":""yogurt, greek, plain, nonfat"",""quantity"":150,""unit"":""g"",""kcal"":92},{""name"":""strawberries, raw"",""quantity"":150,""unit"":""g"",""kcal"":47},{""name"":""peanuts, raw"",""quantity"":15,""unit"":""g"",""kcal"":83}]",222,unknown,-PT9H
ate plain nonfat yogurt 100 grams + 150g red delicious apple + g15 raw english walnut halves bf -16h,"[{""name"":""yogurt, plain, nonfat"",""quantity"":100,""unit"":""g"",""kcal"":50},{""name"":""apples, red delicious, with skin, raw"",""quantity"":150,""unit"":""g"",""kcal"":93},{""name"":""nuts, walnuts, english, halves, raw"",""quantity"":15,""unit"":""g"",""kcal"":102}]",245,breakfast,-PT16H
ate raspberries 100 gr + whole raw almonds g30 + plain nonfat greek yogurt g100 breakfast -5d,"[{""name"":""raspberries, raw"",""quantity"":100,""unit"":""g"",""kcal"":51},{""name"":""nuts, almonds, whole, raw"",""quantity"":30,""unit"":""g"",""kcal"":175},{""name"":""yogurt, greek, plain, nonfat"",""quantity"":100,""unit"":""g"",""kcal"":61}]",287,breakfast,-P5D
plain nonfat yogurt 200g + g200 red delicious apple + 30 g raw english walnut halves breakfast 7d ago,"[{""name"":""yogurt, plain, nonfat"",""quantity"":200,""unit"":""g"",""kcal"":100},{""name"":""apples, red delicious, with skin, raw"",""quantity"":200,""unit"":""g"",""kcal"":124},{""name"":""nuts, walnuts, english, halves, raw"",""quantity"":30,""unit"":""g"",""kcal"":204}]",428,breakfast,-P7D
cup1 2% cottage cheese + strawberries 100 g + 15 grams raw english walnut halves snack 15h ago,"[{""name"":""cheese, cottage, lowfat, 2% milkfat"",""quantity"":1,""unit"":""cup"",""kcal"":185},{""name"":""strawberries, raw"",""quantity"":100,""unit"":""g"",""kcal"":31},{""name"":""nuts, walnuts, english, halves, raw"",""quantity"":15,""unit"":""g"",""kcal"":102}]",318,snack,-PT15H
ate full fat cottage cheese 150 grams + 15 g whole raw almonds + red delicious apple g150 snack,"[{""name"":""cottage cheese, full fat, large or small curd"",""quantity"":150,""unit"":""g"",""kcal"":157},{""name"":""nuts, almonds, whole, raw"",""quantity"":15,""unit"":""g"",""kcal"":88},{""name"":""apples, red delicious, with skin, raw"",""quantity"":150,""unit"":""g"",""kcal"":93}]",338,snack,PT0M
full fat cottage cheese 200 g + raw peanuts 15 grams + raspberries g100 343 cal snack,"[{""name"":""cottage cheese, full fat, large or small curd"",""quantity"":200,""unit"":""g"",""kcal"":209},{""name"":""peanuts, raw"",""quantity"":15,""unit"":""g"",""kcal"":83},{""name"":""raspberries, raw"",""quantity"":100,""unit"":""g"",""kcal"":51}]",343,snack,PT0M
whole raw almonds 15 g + 100g red delicious apple + plain nonfat greek yogurt 200 gr breakfast 17h ago,"[{""name"":""nuts, almonds, whole, raw"",""quantity"":15,""unit"":""g"",""kcal"":88},{""name"":""apples, red delicious, with skin, raw"",""quantity"":100,""unit"":""g"",""kcal"":62},{""name"":""yogurt, greek, plain, nonfat"",""quantity"":200,""unit"":""g"",""kcal"":122}]",272,breakfast,-PT17H
ate 100 gr plain nonfat greek yogurt + red delicious apple 200 g + raw english walnut halves 30 gr snack -8d,"[{""name"":""yogurt, greek, plain, nonfat"",""quantity"":100,""unit"":""g"",""kcal"":61},{""name"":""apples, red delicious, with skin, raw"",""quantity"":200,""unit"":""g"",""kcal"":124},{""name"":""nuts, walnuts, english, halves, raw"",""quantity"":30,""unit"":""g"",""kcal"":204}]",389,snack,-P8D
100 gr plain whole milk yogurt + g100 raspberries + 20 g raw peanuts,"[{""name"":""yogurt, plain, whole milk"",""quantity"":100,""unit"":""g"",""kcal"":77},{""name"":""raspberries, raw"",""quantity"":100,""unit"":""g"",""kcal"":51},{""name"":""peanuts, raw"",""quantity"":20,""unit"":""g"",""kcal"":110}]",238,unknown,PT0M
ate 1 cup 2% cottage cheese + 150 gr raspberries + g15 raw english walnut halves 364kcal snack -29d,"[{""name"":""cheese, cottage, lowfat, 2% milkfat"",""quantity"":1,""unit"":""cup"",""kcal"":185},{""name"":""raspberries, raw"",""quantity"":150,""unit"":""g"",""kcal"":77},{""name"":""nuts, walnuts, english, halves, raw"",""quantity"":15,""unit"":""g"",""kcal"":102}]",364,snack,-P29D
20g raw peanuts + red delicious apple 150 gr + plain nonfat greek yogurt 200 g 6h ago,"[{""name"":""peanuts, raw"",""quantity"":20,""unit"":""g"",""kcal"":110},{""name"":""apples, red delicious, with skin, raw"",""quantity"":150,""unit"":""g"",""kcal"":93},{""name"":""yogurt, greek, plain, nonfat"",""quantity"":200,""unit"":""g"",""kcal"":122}]",325,unknown,-PT6H
plain nonfat yogurt g100 + g200 strawberries + 30g raw english walnut halves bf,"[{""name"":""yogurt, plain, nonfat"",""quantity"":100,""unit"":""g"",""kcal"":50},{""name"":""strawberries, raw"",""quantity"":200,""unit"":""g"",""kcal"":62},{""name"":""nuts, walnuts, english, halves, raw"",""quantity"":30,""unit"":""g"",""kcal"":204}]",316,breakfast,PT0M
3tbsp commercial hummus + 150 g raw romaine lettuce + slice1 whole wheat bread snack 25d ago,"[{""name"":""hummus, commercial"",""quantity"":3,""unit"":""tablespoon"",""kcal"":116},{""name"":""lettuce, romaine, green, raw"",""quantity"":150,""unit"":""g"",""kcal"":26},{""name"":""bread, whole-wheat, commercially prepared"",""quantity"":1,""unit"":""slice"",""kcal"":82}]",224,snack,-P25D
ate 150 g plain nonfat yogurt + 100 grams strawberries + 15g raw english walnut halves,"[{""name"":""yogurt, plain, nonfat"",""quantity"":150,""unit"":""g"",""kcal"":75},{""name"":""strawberries, raw"",""quantity"":100,""unit"":""g"",""kcal"":31},{""name"":""nuts, walnuts, english, halves, raw"",""quantity"":15,""unit"":""g"",""kcal"":102}]",208,unknown,PT0M
plain whole milk yogurt 150 gr + 200g blueberries + raw peanuts 20g 341kcal bf +1d,"[{""name"":""yogurt, plain, whole milk"",""quantity"":150,""unit"":""g"",""kcal"":116},{""name"":""blueberries, raw"",""quantity"":200,""unit"":""g"",""kcal"":115},{""name"":""peanuts, raw"",""quantity"":20,""unit"":""g"",""kcal"":110}]",341,breakfast,P1D
plain nonfat yogurt g100 + blueberries 200g + 30 g raw english walnut halves bf,"[{""name"":""yogurt, plain, nonfat"",""quantity"":100,""unit"":""g"",""kcal"":50},{""name"":""blueberries, raw"",""quantity"":200,""unit"":""g"",""kcal"":115},{""name"":""nuts, walnuts, english, halves, raw"",""quantity"":30,""unit"":""g"",""kcal"":204}]",369,breakfast,PT0M
ate plain whole milk yogurt g100 + 30 g raw peanuts + 150 grams red delicious apple snack,"[{""name"":""yogurt, plain, whole milk"",""quantity"":100,""unit"":""g"",""kcal"":77},{""name"":""peanuts, raw"",""quantity"":30,""unit"":""g"",""kcal"":165},{""name"":""apples, red delicious, with skin, raw"",""quantity"":150,""unit"":""g"",""kcal"":93}]",335,snack,PT0M
200g plain nonfat greek yogurt + red delicious apple 200g + 70 g rolled whole grain oats,"[{""name"":""yogurt, greek, plain, nonfat"",""quantity"":200,""unit"":""g"",""kcal"":122},{""name"":""apples, red delicious, with skin, raw"",""quantity"":200,""unit"":""g"",""kcal"":124},{""name"":""oats, whole grain, rolled, old fashioned"",""quantity"":70,""unit"":""g"",""kcal"":265}]",511,unknown,PT0M
ate 150g strawberries + plain nonfat yogurt 100 g + whole raw almonds 20 gr,"[{""name"":""strawberries, raw"",""quantity"":150,""unit"":""g"",""kcal"":47},{""name"":""yogurt, plain, nonfat"",""quantity"":100,""unit"":""g"",""kcal"":50},{""name"":""nuts, almonds, whole, raw"",""quantity"":20,""unit"":""g"",""kcal"":117}]",214,unknown,PT0M
ate 100 grams plain nonfat yogurt + 150 grams blueberries + whole raw almonds 20 g breakfast 19d ago,"[{""name"":""yogurt, plain, nonfat"",""quantity"":100,""unit"":""g"",""kcal"":50},{""name"":""blueberries, raw"",""quantity"":150,""unit"":""g"",""kcal"":86},{""name"":""nuts, almonds, whole, raw"",""quantity"":20,""unit"":""g"",""kcal"":117}]",253,breakfast,-P19D
plain nonfat greek yogurt g100 + g100 raspberries + 20 g raw english walnut halves,"[{""name"":""yogurt, greek, plain, nonfat"",""quantity"":100,""unit"":""g"",""kcal"":61},{""name"":""raspberries, raw"",""quantity"":100,""unit"":""g"",""kcal"":51},{""name"":""nuts, walnuts, english, halves, raw"",""quantity"":20,""unit"":""g"",""kcal"":136}]",248,unknown,PT0M
ate 2tbsp commercial hummus + raw cucumber with peel 100 grams + 2slice white bread 239kcal snack,"[{""name"":""hummus, commercial"",""quantity"":2,""unit"":""tablespoon"",""kcal"":78},{""name"":""cucumber, with peel, raw"",""quantity"":100,""unit"":""g"",""kcal"":14},{""name"":""bread, white, commercially prepared"",""quantity"":2,""unit"":""slice"",""kcal"":147}]",239,snack,PT0M
ate plain whole milk yogurt 150 gr + strawberries 100 grams + 20g raw english walnut halves breakfast 9d ago,"[{""name"":""yogurt, plain, whole milk"",""quantity"":150,""unit"":""g"",""kcal"":116},{""name"":""strawberries, raw"",""quantity"":100,""unit"":""g"",""kcal"":31},{""name"":""nuts, walnuts, english, halves, raw"",""quantity"":20,""unit"":""g"",""kcal"":136}]",283,breakfast,-P9D
ate g100 plain whole milk yogurt + g100 strawberries + 30 gr raw peanuts 23h ago,"[{""name"":""yogurt, plain, whole milk"",""quantity"":100,""unit"":""g"",""kcal"":77},{""name"":""strawberries, raw"",""quantity"":100,""unit"":""g"",""kcal"":31},{""name"":""peanuts, raw"",""quantity"":30,""unit"":""g"",""kcal"":165}]",273,unknown,-PT23H
200 grams plain whole milk yogurt + g150 blueberries + 20 grams raw english walnut halves snack,"[{""name"":""yogurt, plain, whole milk"",""quantity"":200,""unit"":""g"",""kcal"":155},{""name"":""blueberries, raw"",""quantity"":150,""unit"":""g"",""kcal"":86},{""name"":""nuts, walnuts, english, halves, raw"",""quantity"":20,""unit"":""g"",""kcal"":136}]",377,snack,PT0M
ate 150 g plain whole milk yogurt + raw peanuts g20 + blueberries 100 gr 9d ago,"[{""name"":""yogurt, plain, whole milk"",""quantity"":150,""unit"":""g"",""kcal"":116},{""name"":""peanuts, raw"",""quantity"":20,""unit"":""g"",""kcal"":110},{""name"":""blueberries, raw"",""quantity"":100,""unit"":""g"",""kcal"":57}]",283,unknown,-P9D
150 gr plain nonfat yogurt + 150 grams raspberries + whole raw almonds 30g breakfast -22d,"[{""name"":""yogurt, plain, nonfat"",""quantity"":150,""unit"":""g"",""kcal"":75},{""name"":""raspberries, raw"",""quantity"":150,""unit"":""g"",""kcal"":77},{""name"":""nuts, almonds, whole, raw"",""quantity"":30,""unit"":""g"",""kcal"":175}]",327,breakfast,-P22D
ate 2% cottage cheese cup1 + raspberries 100g + whole raw almonds 15 grams bf,"[{""name"":""cheese, cottage, lowfat, 2% milkfat"",""quantity"":1,""unit"":""cup"",""kcal"":185},{""name"":""raspberries, raw"",""quantity"":100,""unit"":""g"",""kcal"":51},{""name"":""nuts, almonds, whole, raw"",""quantity"":15,""unit"":""g"",""kcal"":88}]",324,breakfast,PT0M
30g whole raw almonds + 100g red delicious apple + plain nonfat greek yogurt 200 gr -15d,"[{""name"":""nuts, almonds, whole, raw"",""quantity"":30,""unit"":""g"",""kcal"":175},{""name"":""apples, red delicious, with skin, raw"",""quantity"":100,""unit"":""g"",""kcal"":62},{""name"":""yogurt, greek, plain, nonfat"",""quantity"":200,""unit"":""g"",""kcal"":122}]",359,unknown,-P15D
150 grams plain nonfat yogurt + red delicious apple 100 grams + raw english walnut halves 20 gr,"[{""name"":""yogurt, plain, nonfat"",""quantity"":150,""unit"":""g"",""kcal"":75},{""name"":""apples, red delicious, with skin, raw"",""quantity"":100,""unit"":""g"",""kcal"":62},{""name"":""nuts, walnuts, english, halves, raw"",""quantity"":20,""unit"":""g"",""kcal"":136}]",273,unknown,PT0M
ate 1 tablespoon commercial hummus + g150 raw cucumber with peel + 2 slices whole wheat bread 24d ago,"[{""name"":""hummus, commercial"",""quantity"":1,""unit"":""tablespoon"",""kcal"":39},{""name"":""cucumber, with peel, raw"",""quantity"":150,""unit"":""g"",""kcal"":21},{""name"":""bread, whole-wheat, commercially prepared"",""quantity"":2,""unit"":""slice"",""kcal"":163}]",223,unknown,-P24D
200g plain nonfat yogurt + red delicious apple 200 gr + 50 g rolled whole grain oats bf,"[{""name"":""yogurt, plain, nonfat"",""quantity"":200,""unit"":""g"",""kcal"":100},{""name"":""apples, red delicious, with skin, raw"",""quantity"":200,""unit"":""g"",""kcal"":124},{""name"":""oats, whole grain, rolled, old fashioned"",""quantity"":50,""unit"":""g"",""kcal"":189}]",413,breakfast,PT0M
ate 1 tablespoon commercial hummus + 2 slices white bread + raw cucumber with peel 100 g -18h,"[{""name"":""hummus, commercial"",""quantity"":1,""unit"":""tablespoon"",""kcal"":39},{""name"":""bread, white, commercially prepared"",""quantity"":2,""unit"":""slice"",""kcal"":147},{""name"":""cucumber, with peel, raw"",""quantity"":100,""unit"":""g"",""kcal"":14}]",200,unknown,-PT18H
plain whole milk yogurt 150 grams + g100 blueberries + raw peanuts 30 grams,"[{""name"":""yogurt, plain, whole milk"",""quantity"":150,""unit"":""g"",""kcal"":116},{""name"":""blueberries, raw"",""quantity"":100,""unit"":""g"",""kcal"":57},{""name"":""peanuts, raw"",""quantity"":30,""unit"":""g"",""kcal"":165}]",338,unknown,PT0M
g150 plain whole milk yogurt + 200 grams blueberries + whole raw almonds 30g snack -15d,"[{""name"":""yogurt, plain, whole milk"",""quantity"":150,""unit"":""g"",""kcal"":116},{""name"":""blueberries, raw"",""quantity"":200,""unit"":""g"",""kcal"":115},{""name"":""nuts, almonds, whole, raw"",""quantity"":30,""unit"":""g"",""kcal"":175}]",406,snack,-P15D
1cup 2% cottage cheese + g100 blueberries + whole raw almonds 20 g,"[{""name"":""cheese, cottage, lowfat, 2% milkfat"",""quantity"":1,""unit"":""cup"",""kcal"":185},{""name"":""blueberries, raw"",""quantity"":100,""unit"":""g"",""kcal"":57},{""name"":""nuts, almonds, whole, raw"",""quantity"":20,""unit"":""g"",""kcal"":117}]",359,unknown,PT0M
ate g150 plain nonfat greek yogurt + 200 grams strawberries + raw peanuts 30 grams breakfast -1h,"[{""name"":""yogurt, greek, plain, nonfat"",""quantity"":150,""unit"":""g"",""kcal"":92},{""name"":""strawberries, raw"",""quantity"":200,""unit"":""g"",""kcal"":62},{""name"":""peanuts, raw"",""quantity"":30,""unit"":""g"",""kcal"":165}]",319,breakfast,-PT1H
100g plain whole milk yogurt + 200g blueberries + raw english walnut halves 15 g bf -9d,"[{""name"":""yogurt, plain, whole milk"",""quantity"":100,""unit"":""g"",""kcal"":77},{""name"":""blueberries, raw"",""quantity"":200,""unit"":""g"",""kcal"":115},{""name"":""nuts, walnuts, english, halves, raw"",""quantity"":15,""unit"":""g"",""kcal"":102}]",294,breakfast,-P9D
raspberries g150 + raw english walnut halves 30 gr + plain whole milk yogurt 100 gr snack,"[{""name"":""raspberries, raw"",""quantity"":150,""unit"":""g"",""kcal"":77},{""name"":""nuts, walnuts, english, halves, raw"",""quantity"":30,""unit"":""g"",""kcal"":204},{""name"":""yogurt, plain, whole milk"",""quantity"":100,""unit"":""g"",""kcal"":77}]",358,snack,PT0M
full fat cottage cheese 150 grams + 100g raspberries + raw peanuts 20 grams 318kcal bf 1h ago,"[{""name"":""cottage cheese, full fat, large or small curd"",""quantity"":150,""unit"":""g"",""kcal"":157},{""name"":""raspberries, raw"",""quantity"":100,""unit"":""g"",""kcal"":51},{""name"":""peanuts, raw"",""quantity"":20,""unit"":""g"",""kcal"":110}]",318,breakfast,-PT1H
g200 plain whole milk yogurt + strawberries g150 + g30 raw english walnut halves breakfast,"[{""name"":""yogurt, plain, whole milk"",""quantity"":200,""unit"":""g"",""kcal"":155},{""name"":""strawberries, raw"",""quantity"":150,""unit"":""g"",""kcal"":47},{""name"":""nuts, walnuts, english, halves, raw"",""quantity"":30,""unit"":""g"",""kcal"":204}]",406,breakfast,PT0M
commercial hummus 3tbsp + 50 g raw roma tomato + 2slice whole wheat bread snack,"[{""name"":""hummus, commercial"",""quantity"":3,""unit"":""tablespoon"",""kcal"":116},{""name"":""tomato, roma"",""quantity"":50,""unit"":""g"",""kcal"":9},{""name"":""bread, whole-wheat, commercially prepared"",""quantity"":2,""unit"":""slice"",""kcal"":163}]",288,snack,PT0M
blueberries 200 g + plain nonfat yogurt 150g + raw english walnut halves g20 bf -11d,"[{""name"":""blueberries, raw"",""quantity"":200,""unit"":""g"",""kcal"":115},{""name"":""yogurt, plain, nonfat"",""quantity"":150,""unit"":""g"",""kcal"":75},{""name"":""nuts, walnuts, english, halves, raw"",""quantity"":20,""unit"":""g"",""kcal"":136}]",326,breakfast,-P11D
ate 100 gr blueberries + rolled whole grain oats 70g + 200g plain nonfat yogurt breakfast -16d,"[{""name"":""blueberries, raw"",""quantity"":100,""unit"":""g"",""kcal"":57},{""name"":""oats, whole grain, rolled, old fashioned"",""quantity"":70,""unit"":""g"",""kcal"":265},{""name"":""yogurt, plain, nonfat"",""quantity"":200,""unit"":""g"",""kcal"":100}]",422,breakfast,-P16D
2% cottage cheese cup0.5 + raw english walnut halves 15 g + 200g strawberries bf 10d ago,"[{""name"":""cheese, cottage, lowfat, 2% milkfat"",""quantity"":0.5,""unit"":""cup"",""kcal"":92},{""name"":""nuts, walnuts, english, halves, raw"",""quantity"":15,""unit"":""g"",""kcal"":102},{""name"":""strawberries, raw"",""quantity"":200,""unit"":""g"",""kcal"":62}]",256,breakfast,-P10D
ate plain nonfat greek yogurt g150 + 100 g red delicious apple + raw english walnut halves 20 grams -16d,"[{""name"":""yogurt, greek, plain, nonfat"",""quantity"":150,""unit"":""g"",""kcal"":92},{""name"":""apples, red delicious, with skin, raw"",""quantity"":100,""unit"":""g"",""kcal"":62},{""name"":""nuts, walnuts, english, halves, raw"",""quantity"":20,""unit"":""g"",""kcal"":136}]",290,unknown,-P16D
plain nonfat yogurt g100 + 150 gr strawberries + 30g raw peanuts bf,"[{""name"":""yogurt, plain, nonfat"",""quantity"":100,""unit"":""g"",""kcal"":50},{""name"":""strawberries, raw"",""quantity"":150,""unit"":""g"",""kcal"":47},{""name"":""peanuts, raw"",""quantity"":30,""unit"":""g"",""kcal"":165}]",262,breakfast,PT0M
0.5 cups 2% cottage cheese + g150 strawberries + 20g raw english walnut halves bf,"[{""name"":""cheese, cottage, lowfat, 2% milkfat"",""quantity"":0.5,""unit"":""cup"",""kcal"":92},{""name"":""strawberries, raw"",""quantity"":150,""unit"":""g"",""kcal"":47},{""name"":""nuts, walnuts, english, halves, raw"",""quantity"":20,""unit"":""g"",""kcal"":136}]",275,breakfast,PT0M
commercial hummus 3tbsp + raw roma tomato 50 gr + 1 slice white bread,"[{""name"":""hummus, commercial"",""quantity"":3,""unit"":""tablespoon"",""kcal"":116},{""name"":""tomato, roma"",""quantity"":50,""unit"":""g"",""kcal"":9},{""name"":""bread, white, commercially prepared"",""quantity"":1,""unit"":""slice"",""kcal"":74}]",199,unknown,PT0M
ate whole wheat bread 2slice + 100 g light canned tuna in water + raw cucumber with peel g50 dinner 6h ago,"[{""name"":""bread, whole-wheat, commercially prepared"",""quantity"":2,""unit"":""slice"",""kcal"":163},{""name"":""fish, tuna, light, canned in water, drained solids"",""quantity"":100,""unit"":""g"",""kcal"":90},{""name"":""cucumber, with peel, raw"",""quantity"":50,""unit"":""g"",""kcal"":7}]",260,dinner,-PT6H
raw english walnut halves 20g + 200g plain nonfat greek yogurt + strawberries 200 grams tmr,"[{""name"":""nuts, walnuts, english, halves, raw"",""quantity"":20,""unit"":""g"",""kcal"":136},{""name"":""yogurt, greek, plain, nonfat"",""quantity"":200,""unit"":""g"",""kcal"":122},{""name"":""strawberries, raw"",""quantity"":200,""unit"":""g"",""kcal"":62}]",320,unknown,P1D
white bread slice1 + g100 light canned tuna in water + raw roma tomato 150g dinner,"[{""name"":""bread, white, commercially prepared"",""quantity"":1,""unit"":""slice"",""kcal"":74},{""name"":""fish, tuna, light, canned in water, drained solids"",""quantity"":100,""unit"":""g"",""kcal"":90},{""name"":""tomato, roma"",""quantity"":150,""unit"":""g"",""kcal"":28}]",192,dinner,PT0M
ate plain nonfat yogurt 100 gr + blueberries 100 g + 20 grams raw english walnut halves -5d,"[{""name"":""yogurt, plain, nonfat"",""quantity"":100,""unit"":""g"",""kcal"":50},{""name"":""blueberries, raw"",""quantity"":100,""unit"":""g"",""kcal"":57},{""name"":""nuts, walnuts, english, halves, raw"",""quantity"":20,""unit"":""g"",""kcal"":136}]",243,unknown,-P5D
slice2 white bread + 3tbsp commercial hummus + 50 gr raw roma tomato 18d ago,"[{""name"":""bread, white, commercially prepared"",""quantity"":2,""unit"":""slice"",""kcal"":147},{""name"":""hummus, commercial"",""quantity"":3,""unit"":""tablespoon"",""kcal"":116},{""name"":""tomato, roma"",""quantity"":50,""unit"":""g"",""kcal"":9}]",272,unknown,-P18D
ate g15 whole raw almonds + plain nonfat greek yogurt 200 gr + 150 gr red delicious apple snack 13d ago,"[{""name"":""nuts, almonds, whole, raw"",""quantity"":15,""unit"":""g"",""kcal"":88},{""name"":""yogurt, greek, plain, nonfat"",""quantity"":200,""unit"":""g"",""kcal"":122},{""name"":""apples, red delicious, with skin, raw"",""quantity"":150,""unit"":""g"",""kcal"":93}]",303,snack,-P13D
g15 whole raw almonds + plain whole milk yogurt 200 gr + 150 grams raspberries -23d,"[{""name"":""nuts, almonds, whole, raw"",""quantity"":15,""unit"":""g"",""kcal"":88},{""name"":""yogurt, plain, whole milk"",""quantity"":200,""unit"":""g"",""kcal"":155},{""name"":""raspberries, raw"",""quantity"":150,""unit"":""g"",""kcal"":77}]",320,unknown,-P23D
100 gr plain nonfat yogurt + raw peanuts g30 + 100g blueberries 21h ago,"[{""name"":""yogurt, plain, nonfat"",""quantity"":100,""unit"":""g"",""kcal"":50},{""name"":""peanuts, raw"",""quantity"":30,""unit"":""g"",""kcal"":165},{""name"":""blueberries, raw"",""quantity"":100,""unit"":""g"",""kcal"":57}]",272,unknown,-PT21H
g100 plain nonfat yogurt + blueberries 200 g + 70 grams rolled whole grain oats kcal430 snack tmr,"[{""name"":""yogurt, plain, nonfat"",""quantity"":100,""unit"":""g"",""kcal"":50},{""name"":""blueberries, raw"",""quantity"":200,""unit"":""g"",""kcal"":115},{""name"":""oats, whole grain, rolled, old fashioned"",""quantity"":70,""unit"":""g"",""kcal"":265}]",430,snack,P1D
ate plain whole milk yogurt g100 + blueberries 150g + g15 raw english walnut halves bf,"[{""name"":""yogurt, plain, whole milk"",""quantity"":100,""unit"":""g"",""kcal"":77},{""name"":""blueberries, raw"",""quantity"":150,""unit"":""g"",""kcal"":86},{""name"":""nuts, walnuts, english, halves, raw"",""quantity"":15,""unit"":""g"",""kcal"":102}]",265,breakfast,PT0M
100 gr plain nonfat greek yogurt + 150 grams strawberries + g30 raw peanuts 4d ago,"[{""name"":""yogurt, greek, plain, nonfat"",""quantity"":100,""unit"":""g"",""kcal"":61},{""name"":""strawberries, raw"",""quantity"":150,""unit"":""g"",""kcal"":47},{""name"":""peanuts, raw"",""quantity"":30,""unit"":""g"",""kcal"":165}]",273,unknown,-P4D
150 g full fat cottage cheese + blueberries 200g + raw peanuts 20 g 7h ago,"[{""name"":""cottage cheese, full fat, large or small curd"",""quantity"":150,""unit"":""g"",""kcal"":157},{""name"":""blueberries, raw"",""quantity"":200,""unit"":""g"",""kcal"":115},{""name"":""peanuts, raw"",""quantity"":20,""unit"":""g"",""kcal"":110}]",382,unknown,-PT7H
200 g plain nonfat greek yogurt + raspberries 150 grams + 70g rolled whole grain oats 21h ago,"[{""name"":""yogurt, greek, plain, nonfat"",""quantity"":200,""unit"":""g"",""kcal"":122},{""name"":""raspberries, raw"",""quantity"":150,""unit"":""g"",""kcal"":77},{""name"":""oats, whole grain, rolled, old fashioned"",""quantity"":70,""unit"":""g"",""kcal"":265}]",464,unknown,-PT21H
tbsp2 commercial hummus + 50 g raw roma tomato + whole wheat bread 2slice,"[{""name"":""hummus, commercial"",""quantity"":2,""unit"":""tablespoon"",""kcal"":78},{""name"":""tomato, roma"",""quantity"":50,""unit"":""g"",""kcal"":9},{""name"":""bread, whole-wheat, commercially prepared"",""quantity"":2,""unit"":""slice"",""kcal"":163}]",250,unknown,PT0M
ate 100 gr plain nonfat yogurt + raspberries 100 grams + raw english walnut halves 15 grams 203 cal breakfast 23d ago,"[{""name"":""yogurt, plain, nonfat"",""quantity"":100,""unit"":""g"",""kcal"":50},{""name"":""raspberries, raw"",""quantity"":100,""unit"":""g"",""kcal"":51},{""name"":""nuts, walnuts, english, halves, raw"",""quantity"":15,""unit"":""g"",""kcal"":102}]",203,breakfast,-P23D
ate cup0.5 2% cottage cheese + strawberries g200 + raw peanuts 30 g snack -29d,"[{""name"":""cheese, cottage, lowfat, 2% milkfat"",""quantity"":0.5,""unit"":""cup"",""kcal"":92},{""name"":""strawberries, raw"",""quantity"":200,""unit"":""g"",""kcal"":62},{""name"":""peanuts, raw"",""quantity"":30,""unit"":""g"",""kcal"":165}]",319,snack,-P29D
g100 full fat cottage cheese + 150 g raspberries + 15 g raw peanuts 265kcal tomorrow,"[{""name"":""cottage cheese, full fat, large or small curd"",""quantity"":100,""unit"":""g"",""kcal"":105},{""name"":""raspberries, raw"",""quantity"":150,""unit"":""g"",""kcal"":77},{""name"":""peanuts, raw"",""quantity"":15,""unit"":""g"",""kcal"":83}]",265,unknown,P1D
plain nonfat greek yogurt 150 g + 200g raspberries + raw peanuts 20 g bf,"[{""name"":""yogurt, greek, plain, nonfat"",""quantity"":150,""unit"":""g"",""kcal"":92},{""name"":""raspberries, raw"",""quantity"":200,""unit"":""g"",""kcal"":103},{""name"":""peanuts, raw"",""quantity"":20,""unit"":""g"",""kcal"":110}]",305,breakfast,PT0M
ate full fat cottage cheese 150 gr + raspberries g100 + 15 g whole raw almonds snack,"[{""name"":""cottage cheese, full fat, large or small curd"",""quantity"":150,""unit"":""g"",""kcal"":157},{""name"":""raspberries, raw"",""quantity"":100,""unit"":""g"",""kcal"":51},{""name"":""nuts, almonds, whole, raw"",""quantity"":15,""unit"":""g"",""kcal"":88}]",296,snack,PT0M
ate 200 gr strawberries + raw english walnut halves 20g + 0.5 cups 2% cottage cheese,"[{""name"":""strawberries, raw"",""quantity"":200,""unit"":""g"",""kcal"":62},{""name"":""nuts, walnuts, english, halves, raw"",""quantity"":20,""unit"":""g"",""kcal"":136},{""name"":""cheese, cottage, lowfat, 2% milkfat"",""quantity"":0.5,""unit"":""cup"",""kcal"":92}]",290,unknown,PT0M
ate plain nonfat greek yogurt 100 grams + red delicious apple 150g + raw english walnut halves 30 gr snack 24d ago,"[{""name"":""yogurt, greek, plain, nonfat"",""quantity"":100,""unit"":""g"",""kcal"":61},{""name"":""apples, red delicious, with skin, raw"",""quantity"":150,""unit"":""g"",""kcal"":93},{""name"":""nuts, walnuts, english, halves, raw"",""quantity"":30,""unit"":""g"",""kcal"":204}]",358,snack,-P24D
g200 plain nonfat yogurt + 150g strawberries + whole raw almonds 20 g breakfast,"[{""name"":""yogurt, plain, nonfat"",""quantity"":200,""unit"":""g"",""kcal"":100},{""name"":""strawberries, raw"",""quantity"":150,""unit"":""g"",""kcal"":47},{""name"":""nuts, almonds, whole, raw"",""quantity"":20,""unit"":""g"",""kcal"":117}]",264,breakfast,PT0M
plain whole milk yogurt 100g + 150g blueberries + whole raw almonds 30 gr breakfast -26d,"[{""name"":""yogurt, plain, whole milk"",""quantity"":100,""unit"":""g"",""kcal"":77},{""name"":""blueberries, raw"",""quantity"":150,""unit"":""g"",""kcal"":86},{""name"":""nuts, almonds, whole, raw"",""quantity"":30,""unit"":""g"",""kcal"":175}]",338,breakfast,-P26D
plain nonfat greek yogurt 100 g + 200g red delicious apple + raw peanuts 30 g snack,"[{""name"":""yogurt, greek, plain, nonfat"",""quantity"":100,""unit"":""g"",""kcal"":61},{""name"":""apples, red delicious, with skin, raw"",""quantity"":200,""unit"":""g"",""kcal"":124},{""name"":""peanuts, raw"",""quantity"":30,""unit"":""g"",""kcal"":165}]",350,snack,PT0M
ate g150 plain nonfat greek yogurt + 100 g red delicious apple + 30g rolled whole grain oats,"[{""name"":""yogurt, greek, plain, nonfat"",""quantity"":150,""unit"":""g"",""kcal"":92},{""name"":""apples, red delicious, with skin, raw"",""quantity"":100,""unit"":""g"",""kcal"":62},{""name"":""oats, whole grain, rolled, old fashioned"",""quantity"":30,""unit"":""g"",""kcal"":114}]",268,unknown,PT0M
full fat cottage cheese 200 grams + 150 gr raspberries + raw peanuts g20 -13h,"[{""name"":""cottage cheese, full fat, large or small curd"",""quantity"":200,""unit"":""g"",""kcal"":209},{""name"":""raspberries, raw"",""quantity"":150,""unit"":""g"",""kcal"":77},{""name"":""peanuts, raw"",""quantity"":20,""unit"":""g"",""kcal"":110}]",396,unknown,-PT13H
ate plain nonfat yogurt g150 + whole raw almonds g20 + raspberries 100 gr kcal243 19d ago,"[{""name"":""yogurt, plain, nonfat"",""quantity"":150,""unit"":""g"",""kcal"":75},{""name"":""nuts, almonds, whole, raw"",""quantity"":20,""unit"":""g"",""kcal"":117},{""name"":""raspberries, raw"",""quantity"":100,""unit"":""g"",""kcal"":51}]",243,unknown,-P19D
100 gr plain nonfat yogurt + red delicious apple 150 grams + rolled whole grain oats 70 g breakfast,"[{""name"":""yogurt, plain, nonfat"",""quantity"":100,""unit"":""g"",""kcal"":50},{""name"":""apples, red delicious, with skin, raw"",""quantity"":150,""unit"":""g"",""kcal"":93},{""name"":""oats, whole grain, rolled, old fashioned"",""quantity"":70,""unit"":""g"",""kcal"":265}]",408,breakfast,PT0M
whole wheat bread slice2 + 150 gr light canned tuna in water + raw cucumber with peel g150 tmr,"[{""name"":""bread, whole-wheat, commercially prepared"",""quantity"":2,""unit"":""slice"",""kcal"":163},{""name"":""fish, tuna, light, canned in water, drained solids"",""quantity"":150,""unit"":""g"",""kcal"":135},{""name"":""cucumber, with peel, raw"",""quantity"":150,""unit"":""g"",""kcal"":21}]",319,unknown,P1D
150 g light canned tuna in water + canned black beans g150 + 150 grams raw romaine lettuce dinner -4h,"[{""name"":""fish, tuna, light, canned in water, drained solids"",""quantity"":150,""unit"":""g"",""kcal"":135},{""name"":""beans, black, canned, sodium added, drained and rinsed"",""quantity"":150,""unit"":""g"",""kcal"":173},{""name"":""lettuce, romaine, green, raw"",""quantity"":150,""unit"":""g"",""kcal"":26}]",334,dinner,-PT4H
200 g plain whole milk yogurt + blueberries g150 + rolled whole grain oats g70 snack 15d ago,"[{""name"":""yogurt, plain, whole milk"",""quantity"":200,""unit"":""g"",""kcal"":155},{""name"":""blueberries, raw"",""quantity"":150,""unit"":""g"",""kcal"":86},{""name"":""oats, whole grain, rolled, old fashioned"",""quantity"":70,""unit"":""g"",""kcal"":265}]",506,snack,-P15D
plain nonfat greek yogurt 150 g + blueberries 100 gr + g30 whole raw almonds,"[{""name"":""yogurt, greek, plain, nonfat"",""quantity"":150,""unit"":""g"",""kcal"":92},{""name"":""blueberries, raw"",""quantity"":100,""unit"":""g"",""kcal"":57},{""name"":""nuts, almonds, whole, raw"",""quantity"":30,""unit"":""g"",""kcal"":175}]",324,unknown,PT0M
ate 2slice whole wheat bread + light canned tuna in water 150 g + g50 raw romaine lettuce,"[{""name"":""bread, whole-wheat, commercially prepared"",""quantity"":2,""unit"":""slice"",""kcal"":163},{""name"":""fish, tuna, light, canned in water, drained solids"",""quantity"":150,""unit"":""g"",""kcal"":135},{""name"":""lettuce, romaine, green, raw"",""quantity"":50,""unit"":""g"",""kcal"":9}]",307,unknown,PT0M
100 gr blueberries + plain nonfat yogurt g150 + raw english walnut halves g20 bf,"[{""name"":""blueberries, raw"",""quantity"":100,""unit"":""g"",""kcal"":57},{""name"":""yogurt, plain, nonfat"",""quantity"":150,""unit"":""g"",""kcal"":75},{""name"":""nuts, walnuts, english, halves, raw"",""quantity"":20,""unit"":""g"",""kcal"":136}]",268,breakfast,PT0M
30 grams raw peanuts + red delicious apple g100 + plain nonfat yogurt g150 snack 10h ago,"[{""name"":""peanuts, raw"",""quantity"":30,""unit"":""g"",""kcal"":165},{""name"":""apples, red delicious, with skin, raw"",""quantity"":100,""unit"":""g"",""kcal"":62},{""name"":""yogurt, plain, nonfat"",""quantity"":150,""unit"":""g"",""kcal"":75}]",302,snack,-PT10H
100 g light canned tuna in water + 150 g canned black beans + 100 g raw romaine lettuce kcal280 lunch tomorrow,"[{""name"":""fish, tuna, light, canned in water, drained solids"",""quantity"":100,""unit"":""g"",""kcal"":90},{""name"":""beans, black, canned, sodium added, drained and rinsed"",""quantity"":150,""unit"":""g"",""kcal"":173},{""name"":""lettuce, romaine, green, raw"",""quantity"":100,""unit"":""g"",""kcal"":17}]",280,lunch,P1D
plain nonfat yogurt 100 g + 100g red delicious apple + whole raw almonds g20 snack -15d,"[{""name"":""yogurt, plain, nonfat"",""quantity"":100,""unit"":""g"",""kcal"":50},{""name"":""apples, red delicious, with skin, raw"",""quantity"":100,""unit"":""g"",""kcal"":62},{""name"":""nuts, almonds, whole, raw"",""quantity"":20,""unit"":""g"",""kcal"":117}]",229,snack,-P15D
cup1 2% cottage cheese + 150g blueberries + g15 raw peanuts,"[{""name"":""cheese, cottage, lowfat, 2% milkfat"",""quantity"":1,""unit"":""cup"",""kcal"":185},{""name"":""blueberries, raw"",""quantity"":150,""unit"":""g"",""kcal"":86},{""name"":""peanuts, raw"",""quantity"":15,""unit"":""g"",""kcal"":83}]",354,unknown,PT0M
1slice white bread + 100g light canned tuna in water + 150 gr raw romaine lettuce lunch,"[{""name"":""bread, white, commercially prepared"",""quantity"":1,""unit"":""slice"",""kcal"":74},{""name"":""fish, tuna, light, canned in water, drained solids"",""quantity"":100,""unit"":""g"",""kcal"":90},{""name"":""lettuce, romaine, green, raw"",""quantity"":150,""unit"":""g"",""kcal"":26}]",190,lunch,PT0M
2% cottage cheese 0.5cup + 150 g red delicious apple + 20g whole raw almonds snack,"[{""name"":""cheese, cottage, lowfat, 2% milkfat"",""quantity"":0.5,""unit"":""cup"",""kcal"":92},{""name"":""apples, red delicious, with skin, raw"",""quantity"":150,""unit"":""g"",""kcal"":93},{""name"":""nuts, almonds, whole, raw"",""quantity"":20,""unit"":""g"",""kcal"":117}]",302,snack,PT0M
200g plain whole milk yogurt + g200 raspberries + whole raw almonds 30 grams 433kcal snack,"[{""name"":""yogurt, plain, whole milk"",""quantity"":200,""unit"":""g"",""kcal"":155},{""name"":""raspberries, raw"",""quantity"":200,""unit"":""g"",""kcal"":103},{""name"":""nuts, almonds, whole, raw"",""quantity"":30,""unit"":""g"",""kcal"":175}]",433,snack,PT0M
raw english walnut halves 20 gr + plain nonfat greek yogurt g150 + strawberries 150 gr breakfast 1h ago,"[{""name"":""nuts, walnuts, english, halves, raw"",""quantity"":20,""unit"":""g"",""kcal"":136},{""name"":""yogurt, greek, plain, nonfat"",""quantity"":150,""unit"":""g"",""kcal"":92},{""name"":""strawberries, raw"",""quantity"":150,""unit"":""g"",""kcal"":47}]",275,breakfast,-PT1H
1 tablespoon commercial hummus + 100 g raw romaine lettuce + 1slice whole wheat bread,"[{""name"":""hummus, commercial"",""quantity"":1,""unit"":""tablespoon"",""kcal"":39},{""name"":""lettuce, romaine, green, raw"",""quantity"":100,""unit"":""g"",""kcal"":17},{""name"":""bread, whole-wheat, commercially prepared"",""quantity"":1,""unit"":""slice"",""kcal"":82}]",138,unknown,PT0M
plain whole milk yogurt 100g + red delicious apple 100 grams + raw english walnut halves 20 grams 275 cal snack 28d ago,"[{""name"":""yogurt, plain, whole milk"",""quantity"":100,""unit"":""g"",""kcal"":77},{""name"":""apples, red delicious, with skin, raw"",""quantity"":100,""unit"":""g"",""kcal"":62},{""name"":""nuts, walnuts, english, halves, raw"",""quantity"":20,""unit"":""g"",""kcal"":136}]",275,snack,-P28D
200 g blueberries + raw peanuts 30 g + 150g full fat cottage cheese snack,"[{""name"":""blueberries, raw"",""quantity"":200,""unit"":""g"",""kcal"":115},{""name"":""peanuts, raw"",""quantity"":30,""unit"":""g"",""kcal"":165},{""name"":""cottage cheese, full fat, large or small curd"",""quantity"":150,""unit"":""g"",""kcal"":157}]",437,snack,PT0M
plain nonfat greek yogurt 100 grams + raspberries 100 gr + raw english walnut halves 15 gr,"[{""name"":""yogurt, greek, plain, nonfat"",""quantity"":100,""unit"":""g"",""kcal"":61},{""name"":""raspberries, raw"",""quantity"":100,""unit"":""g"",""kcal"":51},{""name"":""nuts, walnuts, english, halves, raw"",""quantity"":15,""unit"":""g"",""kcal"":102}]",214,unknown,PT0M
200g plain nonfat yogurt + red delicious apple 200 gr + whole raw almonds 15g,"[{""name"":""yogurt, plain, nonfat"",""quantity"":200,""unit"":""g"",""kcal"":100},{""name"":""apples, red delicious, with skin, raw"",""quantity"":200,""unit"":""g"",""kcal"":124},{""name"":""nuts, almonds, whole, raw"",""quantity"":15,""unit"":""g"",""kcal"":88}]",312,unknown,PT0M
ate plain nonfat greek yogurt 100 grams + red delicious apple 150 grams + 20 grams whole raw almonds -12d,"[{""name"":""yogurt, greek, plain, nonfat"",""quantity"":100,""unit"":""g"",""kcal"":61},{""name"":""apples, red delicious, with skin, raw"",""quantity"":150,""unit"":""g"",""kcal"":93},{""name"":""nuts, almonds, whole, raw"",""quantity"":20,""unit"":""g"",""kcal"":117}]",271,unknown,-P12D
150 grams plain whole milk yogurt + 200g raspberries + raw english walnut halves g15 breakfast 16d ago,"[{""name"":""yogurt, plain, whole milk"",""quantity"":150,""unit"":""g"",""kcal"":116},{""name"":""raspberries, raw"",""quantity"":200,""unit"":""g"",""kcal"":103},{""name"":""nuts, walnuts, english, halves, raw"",""quantity"":15,""unit"":""g"",""kcal"":102}]",321,breakfast,-P16D
30 gr whole raw almonds + 200g blueberries + plain whole milk yogurt 100g bf,"[{""name"":""nuts, almonds, whole, raw"",""quantity"":30,""unit"":""g"",""kcal"":175},{""name"":""blueberries, raw"",""quantity"":200,""unit"":""g"",""kcal"":115},{""name"":""yogurt, plain, whole milk"",""quantity"":100,""unit"":""g"",""kcal"":77}]",367,breakfast,PT0M
plain nonfat greek yogurt 200 gr + 200 grams strawberries + 30 g raw peanuts bf,"[{""name"":""yogurt, greek, plain, nonfat"",""quantity"":200,""unit"":""g"",""kcal"":122},{""name"":""strawberries, raw"",""quantity"":200,""unit"":""g"",""kcal"":62},{""name"":""peanuts, raw"",""quantity"":30,""unit"":""g"",""kcal"":165}]",349,breakfast,PT0M
ate 200 grams blueberries + 15 grams raw peanuts + plain whole milk yogurt 100g snack,"[{""name"":""blueberries, raw"",""quantity"":200,""unit"":""g"",""kcal"":115},{""name"":""peanuts, raw"",""quantity"":15,""unit"":""g"",""kcal"":83},{""name"":""yogurt, plain, whole milk"",""quantity"":100,""unit"":""g"",""kcal"":77}]",275,snack,PT0M
g100 full fat cottage cheese + 100 grams blueberries + raw peanuts g30 327kcal snack tmr,"[{""name"":""cottage cheese, full fat, large or small curd"",""quantity"":100,""unit"":""g"",""kcal"":105},{""name"":""blueberries, raw"",""quantity"":100,""unit"":""g"",""kcal"":57},{""name"":""peanuts, raw"",""quantity"":30,""unit"":""g"",""kcal"":165}]",327,snack,P1D
ate 100 g plain whole milk yogurt + 200 g strawberries + 15 g raw peanuts 222 cal snack 25d ago,"[{""name"":""yogurt, plain, whole milk"",""quantity"":100,""unit"":""g"",""kcal"":77},{""name"":""strawberries, raw"",""quantity"":200,""unit"":""g"",""kcal"":62},{""name"":""peanuts, raw"",""quantity"":15,""unit"":""g"",""kcal"":83}]",222,snack,-P25D
ate plain nonfat yogurt g100 + 100 g raspberries + 30 grams rolled whole grain oats -9h,"[{""name"":""yogurt, plain, nonfat"",""quantity"":100,""unit"":""g"",""kcal"":50},{""name"":""raspberries, raw"",""quantity"":100,""unit"":""g"",""kcal"":51},{""name"":""oats, whole grain, rolled, old fashioned"",""quantity"":30,""unit"":""g"",""kcal"":114}]",215,unknown,-PT9H
plain whole milk yogurt g200 + strawberries 150 grams + 20 grams raw peanuts breakfast,"[{""name"":""yogurt, plain, whole milk"",""quantity"":200,""unit"":""g"",""kcal"":155},{""name"":""strawberries, raw"",""quantity"":150,""unit"":""g"",""kcal"":47},{""name"":""peanuts, raw"",""quantity"":20,""unit"":""g"",""kcal"":110}]",312,breakfast,PT0M
150 grams light canned tuna in water + 150g canned black beans + raw roma tomato g50 lunch ye,"[{""name"":""fish, tuna, light, canned in water, drained solids"",""quantity"":150,""unit"":""g"",""kcal"":135},{""name"":""beans, black, canned, sodium added, drained and rinsed"",""quantity"":150,""unit"":""g"",""kcal"":173},{""name"":""tomato, roma"",""quantity"":50,""unit"":""g"",""kcal"":9}]",317,lunch,-P1D
full fat cottage cheese g150 + 150 gr raspberries + g20 raw english walnut halves 370kcal,"[{""name"":""cottage cheese, full fat, large or small curd"",""quantity"":150,""unit"":""g"",""kcal"":157},{""name"":""raspberries, raw"",""quantity"":150,""unit"":""g"",""kcal"":77},{""name"":""nuts, walnuts, english, halves, raw"",""quantity"":20,""unit"":""g"",""kcal"":136}]",370,unknown,PT0M
raw peanuts 20 g + 200 gr full fat cottage cheese + strawberries 200 gr 381kcal snack,"[{""name"":""peanuts, raw"",""quantity"":20,""unit"":""g"",""kcal"":110},{""name"":""cottage cheese, full fat, large or small curd"",""quantity"":200,""unit"":""g"",""kcal"":209},{""name"":""strawberries, raw"",""quantity"":200,""unit"":""g"",""kcal"":62}]",381,snack,PT0M
plain whole milk yogurt 150g + g150 red delicious apple + g15 whole raw almonds breakfast,"[{""name"":""yogurt, plain, whole milk"",""quantity"":150,""unit"":""g"",""kcal"":116},{""name"":""apples, red delicious, with skin, raw"",""quantity"":150,""unit"":""g"",""kcal"":93},{""name"":""nuts, almonds, whole, raw"",""quantity"":15,""unit"":""g"",""kcal"":88}]",297,breakfast,PT0M
ate 150 gr plain whole milk yogurt + strawberries 150 grams + 15 grams raw peanuts breakfast,"[{""name"":""yogurt, plain, whole milk"",""quantity"":150,""unit"":""g"",""kcal"":116},{""name"":""strawberries, raw"",""quantity"":150,""unit"":""g"",""kcal"":47},{""name"":""peanuts, raw"",""quantity"":15,""unit"":""g"",""kcal"":83}]",246,breakfast,PT0M
g150 plain nonfat yogurt + raspberries 200 grams + 30 grams whole raw almonds bf -16h,"[{""name"":""yogurt, plain, nonfat"",""quantity"":150,""unit"":""g"",""kcal"":75},{""name"":""raspberries, raw"",""quantity"":200,""unit"":""g"",""kcal"":103},{""name"":""nuts, almonds, whole, raw"",""quantity"":30,""unit"":""g"",""kcal"":175}]",353,breakfast,-PT16H
ate plain whole milk yogurt 200 gr + 100g strawberries + rolled whole grain oats g50 snack,"[{""name"":""yogurt, plain, whole milk"",""quantity"":200,""unit"":""g"",""kcal"":155},{""name"":""strawberries, raw"",""quantity"":100,""unit"":""g"",""kcal"":31},{""name"":""oats, whole grain, rolled, old fashioned"",""quantity"":50,""unit"":""g"",""kcal"":189}]",375,snack,PT0M
150 grams plain whole milk yogurt + raspberries g200 + rolled whole grain oats 50 gr,"[{""name"":""yogurt, plain, whole milk"",""quantity"":150,""unit"":""g"",""kcal"":116},{""name"":""raspberries, raw"",""quantity"":200,""unit"":""g"",""kcal"":103},{""name"":""oats, whole grain, rolled, old fashioned"",""quantity"":50,""unit"":""g"",""kcal"":189}]",408,unknown,PT0M
full fat cottage cheese 100 g + 150g raspberries + 30 grams raw english walnut halves bf,"[{""name"":""cottage cheese, full fat, large or small curd"",""quantity"":100,""unit"":""g"",""kcal"":105},{""name"":""raspberries, raw"",""quantity"":150,""unit"":""g"",""kcal"":77},{""name"":""nuts, walnuts, english, halves, raw"",""quantity"":30,""unit"":""g"",""kcal"":204}]",386,breakfast,PT0M
100g plain nonfat greek yogurt + whole raw almonds g15 + strawberries 100g,"[{""name"":""yogurt, greek, plain, nonfat"",""quantity"":100,""unit"":""g"",""kcal"":61},{""name"":""nuts, almonds, whole, raw"",""quantity"":15,""unit"":""g"",""kcal"":88},{""name"":""strawberries, raw"",""quantity"":100,""unit"":""g"",""kcal"":31}]",180,unknown,PT0M
plain nonfat yogurt 150g + strawberries 200g + g20 raw peanuts breakfast,"[{""name"":""yogurt, plain, nonfat"",""quantity"":150,""unit"":""g"",""kcal"":75},{""name"":""strawberries, raw"",""quantity"":200,""unit"":""g"",""kcal"":62},{""name"":""peanuts, raw"",""quantity"":20,""unit"":""g"",""kcal"":110}]",247,breakfast,PT0M
200 grams plain whole milk yogurt + 100 gr raspberries + raw peanuts 30g,"[{""name"":""yogurt, plain, whole milk"",""quantity"":200,""unit"":""g"",""kcal"":155},{""name"":""raspberries, raw"",""quantity"":100,""unit"":""g"",""kcal"":51},{""name"":""peanuts, raw"",""quantity"":30,""unit"":""g"",""kcal"":165}]",371,unknown,PT0M
plain nonfat greek yogurt 200 gr + strawberries 150 gr + 20g raw english walnut halves kcal305 bf,"[{""name"":""yogurt, greek, plain, nonfat"",""quantity"":200,""unit"":""g"",""kcal"":122},{""name"":""strawberries, raw"",""quantity"":150,""unit"":""g"",""kcal"":47},{""name"":""nuts, walnuts, english, halves, raw"",""quantity"":20,""unit"":""g"",""kcal"":136}]",305,breakfast,PT0M
full fat cottage cheese 200 g + 100 gr strawberries + 20 g raw peanuts snack,"[{""name"":""cottage cheese, full fat, large or small curd"",""quantity"":200,""unit"":""g"",""kcal"":209},{""name"":""strawberries, raw"",""quantity"":100,""unit"":""g"",""kcal"":31},{""name"":""peanuts, raw"",""quantity"":20,""unit"":""g"",""kcal"":110}]",350,snack,PT0M
0.5 cups 2% cottage cheese + 150 gr red delicious apple + raw peanuts 15 g 30d ago,"[{""name"":""cheese, cottage, lowfat, 2% milkfat"",""quantity"":0.5,""unit"":""cup"",""kcal"":92},{""name"":""apples, red delicious, with skin, raw"",""quantity"":150,""unit"":""g"",""kcal"":93},{""name"":""peanuts, raw"",""quantity"":15,""unit"":""g"",""kcal"":83}]",268,unknown,-P30D
ate 150g full fat cottage cheese + blueberries g100 + 20g raw english walnut halves snack 7h ago,"[{""name"":""cottage cheese, full fat, large or small curd"",""quantity"":150,""unit"":""g"",""kcal"":157},{""name"":""blueberries, raw"",""quantity"":100,""unit"":""g"",""kcal"":57},{""name"":""nuts, walnuts, english, halves, raw"",""quantity"":20,""unit"":""g"",""kcal"":136}]",350,snack,-PT7H
2% cottage cheese 1 cup + red delicious apple 200 gr + 15 g raw english walnut halves snack,"[{""name"":""cheese, cottage, lowfat, 2% milkfat"",""quantity"":1,""unit"":""cup"",""kcal"":185},{""name"":""apples, red delicious, with skin, raw"",""quantity"":200,""unit"":""g"",""kcal"":124},{""name"":""nuts, walnuts, english, halves, raw"",""quantity"":15,""unit"":""g"",""kcal"":102}]",411,snack,PT0M
commercial hummus 1 tablespoon + raw cucumber with peel 50 gr + 2 slices white bread + 1 slice american cheese 253kcal 11h ago,"[{""name"":""hummus, commercial"",""quantity"":1,""unit"":""tablespoon"",""kcal"":39},{""name"":""cucumber, with peel, raw"",""quantity"":50,""unit"":""g"",""kcal"":7},{""name"":""bread, white, commercially prepared"",""quantity"":2,""unit"":""slice"",""kcal"":147},{""name"":""cheese, american, restaurant"",""quantity"":1,""unit"":""slice"",""kcal"":60}]",253,unknown,-PT11H
ate plain nonfat yogurt 200g + blueberries 200 gr + 15 gr whole raw almonds + g30 rolled whole grain oats snack,"[{""name"":""yogurt, plain, nonfat"",""quantity"":200,""unit"":""g"",""kcal"":100},{""name"":""blueberries, raw"",""quantity"":200,""unit"":""g"",""kcal"":115},{""name"":""nuts, almonds, whole, raw"",""quantity"":15,""unit"":""g"",""kcal"":88},{""name"":""oats, whole grain, rolled, old fashioned"",""quantity"":30,""unit"":""g"",""kcal"":114}]",417,snack,PT0M
150 gr plain nonfat greek yogurt + 200g red delicious apple + 30 g whole raw almonds + rolled whole grain oats g30,"[{""name"":""yogurt, greek, plain, nonfat"",""quantity"":150,""unit"":""g"",""kcal"":92},{""name"":""apples, red delicious, with skin, raw"",""quantity"":200,""unit"":""g"",""kcal"":124},{""name"":""nuts, almonds, whole, raw"",""quantity"":30,""unit"":""g"",""kcal"":175},{""name"":""oats, whole grain, rolled, old fashioned"",""quantity"":30,""unit"":""g"",""kcal"":114}]",505,unknown,PT0M
2% cottage cheese cup0.5 + red delicious apple g150 + g15 whole raw almonds + rolled whole grain oats 70 gr 23d ago,"[{""name"":""cheese, cottage, lowfat, 2% milkfat"",""quantity"":0.5,""unit"":""cup"",""kcal"":92},{""name"":""apples, red delicious, with skin, raw"",""quantity"":150,""unit"":""g"",""kcal"":93},{""name"":""nuts, almonds, whole, raw"",""quantity"":15,""unit"":""g"",""kcal"":88},{""name"":""oats, whole grain, rolled, old fashioned"",""quantity"":70,""unit"":""g"",""kcal"":265}]",538,unknown,-P23D
2tbsp commercial hummus + raw cucumber with peel 150 gr + 2slice white bread + cheddar cheese 2 slices lunch,"[{""name"":""hummus, commercial"",""quantity"":2,""unit"":""tablespoon"",""kcal"":78},{""name"":""cucumber, with peel, raw"",""quantity"":150,""unit"":""g"",""kcal"":21},{""name"":""bread, white, commercially prepared"",""quantity"":2,""unit"":""slice"",""kcal"":147},{""name"":""cheese, cheddar"",""quantity"":2,""unit"":""slice"",""kcal"":139}]",385,lunch,PT0M
plain whole milk yogurt 200 gr + raspberries 200 gr + 30 grams raw english walnut halves + rolled whole grain oats g70,"[{""name"":""yogurt, plain, whole milk"",""quantity"":200,""unit"":""g"",""kcal"":155},{""name"":""raspberries, raw"",""quantity"":200,""unit"":""g"",""kcal"":103},{""name"":""nuts, walnuts, english, halves, raw"",""quantity"":30,""unit"":""g"",""kcal"":204},{""name"":""oats, whole grain, rolled, old fashioned"",""quantity"":70,""unit"":""g"",""kcal"":265}]",727,unknown,PT0M
150 gr red delicious apple + 100 gr plain nonfat greek yogurt + 70 gr rolled whole grain oats + 30g whole raw almonds breakfast,"[{""name"":""apples, red delicious, with skin, raw"",""quantity"":150,""unit"":""g"",""kcal"":93},{""name"":""yogurt, greek, plain, nonfat"",""quantity"":100,""unit"":""g"",""kcal"":61},{""name"":""oats, whole grain, rolled, old fashioned"",""quantity"":70,""unit"":""g"",""kcal"":265},{""name"":""nuts, almonds, whole, raw"",""quantity"":30,""unit"":""g"",""kcal"":175}]",594,breakfast,PT0M
ate 1 slice cheddar cheese + raw romaine lettuce 50 gr + commercial hummus tbsp3 + 2 slices whole wheat bread kcal357 snack,"[{""name"":""cheese, cheddar"",""quantity"":1,""unit"":""slice"",""kcal"":69},{""name"":""lettuce, romaine, green, raw"",""quantity"":50,""unit"":""g"",""kcal"":9},{""name"":""hummus, commercial"",""quantity"":3,""unit"":""tablespoon"",""kcal"":116},{""name"":""bread, whole-wheat, commercially prepared"",""quantity"":2,""unit"":""slice"",""kcal"":163}]",357,snack,PT0M
plain whole milk yogurt 100 grams + 150 gr strawberries + raw peanuts 30 grams + 50g rolled whole grain oats 18h ago,"[{""name"":""yogurt, plain, whole milk"",""quantity"":100,""unit"":""g"",""kcal"":77},{""name"":""strawberries, raw"",""quantity"":150,""unit"":""g"",""kcal"":47},{""name"":""peanuts, raw"",""quantity"":30,""unit"":""g"",""kcal"":165},{""name"":""oats, whole grain, rolled, old fashioned"",""quantity"":50,""unit"":""g"",""kcal"":189}]",478,unknown,-PT18H
200 grams plain whole milk yogurt + raspberries 200 g + g15 raw english walnut halves + rolled whole grain oats 70g tomorrow,"[{""name"":""yogurt, plain, whole milk"",""quantity"":200,""unit"":""g"",""kcal"":155},{""name"":""raspberries, raw"",""quantity"":200,""unit"":""g"",""kcal"":103},{""name"":""nuts, walnuts, english, halves, raw"",""quantity"":15,""unit"":""g"",""kcal"":102},{""name"":""oats, whole grain, rolled, old fashioned"",""quantity"":70,""unit"":""g"",""kcal"":265}]",625,unknown,P1D
ate g150 plain nonfat greek yogurt + blueberries 200g + 15g raw english walnut halves + 30g rolled whole grain oats,"[{""name"":""yogurt, greek, plain, nonfat"",""quantity"":150,""unit"":""g"",""kcal"":92},{""name"":""blueberries, raw"",""quantity"":200,""unit"":""g"",""kcal"":115},{""name"":""nuts, walnuts, english, halves, raw"",""quantity"":15,""unit"":""g"",""kcal"":102},{""name"":""oats, whole grain, rolled, old fashioned"",""quantity"":30,""unit"":""g"",""kcal"":114}]",423,unknown,PT0M
plain whole milk yogurt g100 + raspberries 200g + raw english walnut halves 15 grams + rolled whole grain oats g70 breakfast 6h ago,"[{""name"":""yogurt, plain, whole milk"",""quantity"":100,""unit"":""g"",""kcal"":77},{""name"":""raspberries, raw"",""quantity"":200,""unit"":""g"",""kcal"":103},{""name"":""nuts, walnuts, english, halves, raw"",""quantity"":15,""unit"":""g"",""kcal"":102},{""name"":""oats, whole grain, rolled, old fashioned"",""quantity"":70,""unit"":""g"",""kcal"":265}]",547,breakfast,-PT6H
tbsp2 commercial hummus + 100 g raw romaine lettuce + whole wheat bread 2slice + 2slice swiss cheese -6h,"[{""name"":""hummus, commercial"",""quantity"":2,""unit"":""tablespoon"",""kcal"":78},{""name"":""lettuce, romaine, green, raw"",""quantity"":100,""unit"":""g"",""kcal"":17},{""name"":""bread, whole-wheat, commercially prepared"",""quantity"":2,""unit"":""slice"",""kcal"":163},{""name"":""cheese, swiss"",""quantity"":2,""unit"":""slice"",""kcal"":86}]",344,unknown,-PT6H
3tbsp commercial hummus + raw romaine lettuce 150 grams + 1slice white bread + 2 slices cheddar cheese lunch,"[{""name"":""hummus, commercial"",""quantity"":3,""unit"":""tablespoon"",""kcal"":116},{""name"":""lettuce, romaine, green, raw"",""quantity"":150,""unit"":""g"",""kcal"":26},{""name"":""bread, white, commercially prepared"",""quantity"":1,""unit"":""slice"",""kcal"":74},{""name"":""cheese, cheddar"",""quantity"":2,""unit"":""slice"",""kcal"":139}]",355,lunch,PT0M
200 g plain nonfat yogurt + 200 grams raspberries + 20 g raw english walnut halves + rolled whole grain oats 50g,"[{""name"":""yogurt, plain, nonfat"",""quantity"":200,""unit"":""g"",""kcal"":100},{""name"":""raspberries, raw"",""quantity"":200,""unit"":""g"",""kcal"":103},{""name"":""nuts, walnuts, english, halves, raw"",""quantity"":20,""unit"":""g"",""kcal"":136},{""name"":""oats, whole grain, rolled, old fashioned"",""quantity"":50,""unit"":""g"",""kcal"":189}]",528,unknown,PT0M
ate commercial hummus 3tbsp + raw roma tomato 50g + white bread 2slice + 2 slices swiss cheese lunch 24d ago,"[{""name"":""hummus, commercial"",""quantity"":3,""unit"":""tablespoon"",""kcal"":116},{""name"":""tomato, roma"",""quantity"":50,""unit"":""g"",""kcal"":9},{""name"":""bread, white, commercially prepared"",""quantity"":2,""unit"":""slice"",""kcal"":147},{""name"":""cheese, swiss"",""quantity"":2,""unit"":""slice"",""kcal"":86}]",358,lunch,-P24D
ate raw peanuts g30 + 100 g blueberries + 30g rolled whole grain oats + 1 cup 2% cottage cheese snack -20h,"[{""name"":""peanuts, raw"",""quantity"":30,""unit"":""g"",""kcal"":165},{""name"":""blueberries, raw"",""quantity"":100,""unit"":""g"",""kcal"":57},{""name"":""oats, whole grain, rolled, old fashioned"",""quantity"":30,""unit"":""g"",""kcal"":114},{""name"":""cheese, cottage, lowfat, 2% milkfat"",""quantity"":1,""unit"":""cup"",""kcal"":185}]",521,snack,-PT20H
200 g plain nonfat yogurt + blueberries 200 g + raw english walnut halves g15 + 50 gr rolled whole grain oats snack,"[{""name"":""yogurt, plain, nonfat"",""quantity"":200,""unit"":""g"",""kcal"":100},{""name"":""blueberries, raw"",""quantity"":200,""unit"":""g"",""kcal"":115},{""name"":""nuts, walnuts, english, halves, raw"",""quantity"":15,""unit"":""g"",""kcal"":102},{""name"":""oats, whole grain, rolled, old fashioned"",""quantity"":50,""unit"":""g"",""kcal"":189}]",506,snack,PT0M
ate tbsp1 commercial hummus + raw cucumber with peel 50g + white bread slice2 + cheddar cheese slice1 snack,"[{""name"":""hummus, commercial"",""quantity"":1,""unit"":""tablespoon"",""kcal"":39},{""name"":""cucumber, with peel, raw"",""quantity"":50,""unit"":""g"",""kcal"":7},{""name"":""bread, white, commercially prepared"",""quantity"":2,""unit"":""slice"",""kcal"":147},{""name"":""cheese, cheddar"",""quantity"":1,""unit"":""slice"",""kcal"":69}]",262,snack,PT0M
200 gr plain nonfat yogurt + 150 g raspberries + raw peanuts 15 g + rolled whole grain oats 30g snack,"[{""name"":""yogurt, plain, nonfat"",""quantity"":200,""unit"":""g"",""kcal"":100},{""name"":""raspberries, raw"",""quantity"":150,""unit"":""g"",""kcal"":77},{""name"":""peanuts, raw"",""quantity"":15,""unit"":""g"",""kcal"":83},{""name"":""oats, whole grain, rolled, old fashioned"",""quantity"":30,""unit"":""g"",""kcal"":114}]",374,snack,PT0M
plain nonfat yogurt g150 + 200g red delicious apple + whole raw almonds 30 g + 50 grams rolled whole grain oats breakfast 30d ago,"[{""name"":""yogurt, plain, nonfat"",""quantity"":150,""unit"":""g"",""kcal"":75},{""name"":""apples, red delicious, with skin, raw"",""quantity"":200,""unit"":""g"",""kcal"":124},{""name"":""nuts, almonds, whole, raw"",""quantity"":30,""unit"":""g"",""kcal"":175},{""name"":""oats, whole grain, rolled, old fashioned"",""quantity"":50,""unit"":""g"",""kcal"":189}]",563,breakfast,-P30D
plain nonfat greek yogurt 200 grams + raspberries 150 grams + raw english walnut halves 30g + g50 rolled whole grain oats breakfast,"[{""name"":""yogurt, greek, plain, nonfat"",""quantity"":200,""unit"":""g"",""kcal"":122},{""name"":""raspberries, raw"",""quantity"":150,""unit"":""g"",""kcal"":77},{""name"":""nuts, walnuts, english, halves, raw"",""quantity"":30,""unit"":""g"",""kcal"":204},{""name"":""oats, whole grain, rolled, old fashioned"",""quantity"":50,""unit"":""g"",""kcal"":189}]",592,breakfast,PT0M
2slice whole wheat bread + 2 slices american cheese + g50 raw roma tomato + 2tbsp commercial hummus +1d,"[{""name"":""bread, whole-wheat, commercially prepared"",""quantity"":2,""unit"":""slice"",""kcal"":163},{""name"":""cheese, american, restaurant"",""quantity"":2,""unit"":""slice"",""kcal"":120},{""name"":""tomato, roma"",""quantity"":50,""unit"":""g"",""kcal"":9},{""name"":""hummus, commercial"",""quantity"":2,""unit"":""tablespoon"",""kcal"":78}]",370,unknown,P1D
2% cottage cheese 0.5 cups + g200 red delicious apple + 15g whole raw almonds + rolled whole grain oats 70 grams breakfast,"[{""name"":""cheese, cottage, lowfat, 2% milkfat"",""quantity"":0.5,""unit"":""cup"",""kcal"":92},{""name"":""apples, red delicious, with skin, raw"",""quantity"":200,""unit"":""g"",""kcal"":124},{""name"":""nuts, almonds, whole, raw"",""quantity"":15,""unit"":""g"",""kcal"":88},{""name"":""oats, whole grain, rolled, old fashioned"",""quantity"":70,""unit"":""g"",""kcal"":265}]",569,breakfast,PT0M
2% cottage cheese cup0.5 + 150g strawberries + g30 whole raw almonds + 70 gr rolled whole grain oats breakfast,"[{""name"":""cheese, cottage, lowfat, 2% milkfat"",""quantity"":0.5,""unit"":""cup"",""kcal"":92},{""name"":""strawberries, raw"",""quantity"":150,""unit"":""g"",""kcal"":47},{""name"":""nuts, almonds, whole, raw"",""quantity"":30,""unit"":""g"",""kcal"":175},{""name"":""oats, whole grain, rolled, old fashioned"",""quantity"":70,""unit"":""g"",""kcal"":265}]",579,breakfast,PT0M
100g plain whole milk yogurt + 100 grams blueberries + raw english walnut halves g15 + 50 gr rolled whole grain oats -25d,"[{""name"":""yogurt, plain, whole milk"",""quantity"":100,""unit"":""g"",""kcal"":77},{""name"":""blueberries, raw"",""quantity"":100,""unit"":""g"",""kcal"":57},{""name"":""nuts, walnuts, english, halves, raw"",""quantity"":15,""unit"":""g"",""kcal"":102},{""name"":""oats, whole grain, rolled, old fashioned"",""quantity"":50,""unit"":""g"",""kcal"":189}]",425,unknown,-P25D
30g rolled whole grain oats + strawberries 150 gr + 15 g whole raw almonds + 200 g plain whole milk yogurt snack,"[{""name"":""oats, whole grain, rolled, old fashioned"",""quantity"":30,""unit"":""g"",""kcal"":114},{""name"":""strawberries, raw"",""quantity"":150,""unit"":""g"",""kcal"":47},{""name"":""nuts, almonds, whole, raw"",""quantity"":15,""unit"":""g"",""kcal"":88},{""name"":""yogurt, plain, whole milk"",""quantity"":200,""unit"":""g"",""kcal"":155}]",404,snack,PT0M
ate plain nonfat yogurt 150 grams + strawberries 200 grams + g30 whole raw almonds + rolled whole grain oats 30 gr breakfast,"[{""name"":""yogurt, plain, nonfat"",""quantity"":150,""unit"":""g"",""kcal"":75},{""name"":""strawberries, raw"",""quantity"":200,""unit"":""g"",""kcal"":62},{""name"":""nuts, almonds, whole, raw"",""quantity"":30,""unit"":""g"",""kcal"":175},{""name"":""oats, whole grain, rolled, old fashioned"",""quantity"":30,""unit"":""g"",""kcal"":114}]",426,breakfast,PT0M
commercial hummus tbsp2 + 150g raw romaine lettuce + white bread 1slice + cheddar cheese slice2 snack 2h ago,"[{""name"":""hummus, commercial"",""quantity"":2,""unit"":""tablespoon"",""kcal"":78},{""name"":""lettuce, romaine, green, raw"",""quantity"":150,""unit"":""g"",""kcal"":26},{""name"":""bread, white, commercially prepared"",""quantity"":1,""unit"":""slice"",""kcal"":74},{""name"":""cheese, cheddar"",""quantity"":2,""unit"":""slice"",""kcal"":139}]",317,snack,-PT2H
100 gr plain nonfat greek yogurt + 200 gr blueberries + raw english walnut halves 20g + 30 grams rolled whole grain oats 426 cal breakfast -13h,"[{""name"":""yogurt, greek, plain, nonfat"",""quantity"":100,""unit"":""g"",""kcal"":61},{""name"":""blueberries, raw"",""quantity"":200,""unit"":""g"",""kcal"":115},{""name"":""nuts, walnuts, english, halves, raw"",""quantity"":20,""unit"":""g"",""kcal"":136},{""name"":""oats, whole grain, rolled, old fashioned"",""quantity"":30,""unit"":""g"",""kcal"":114}]",426,breakfast,-PT13H
ate cup1 2% cottage cheese + 200g red delicious apple + raw peanuts g30 + rolled whole grain oats 50g -24d,"[{""name"":""cheese, cottage, lowfat, 2% milkfat"",""quantity"":1,""unit"":""cup"",""kcal"":185},{""name"":""apples, red delicious, with skin, raw"",""quantity"":200,""unit"":""g"",""kcal"":124},{""name"":""peanuts, raw"",""quantity"":30,""unit"":""g"",""kcal"":165},{""name"":""oats, whole grain, rolled, old fashioned"",""quantity"":50,""unit"":""g"",""kcal"":189}]",663,unknown,-P24D
plain nonfat greek yogurt 200g + red delicious apple g150 + rolled whole grain oats 50g + 20 gr whole raw almonds bf,"[{""name"":""yogurt, greek, plain, nonfat"",""quantity"":200,""unit"":""g"",""kcal"":122},{""name"":""apples, red delicious, with skin, raw"",""quantity"":150,""unit"":""g"",""kcal"":93},{""name"":""oats, whole grain, rolled, old fashioned"",""quantity"":50,""unit"":""g"",""kcal"":189},{""name"":""nuts, almonds, whole, raw"",""quantity"":20,""unit"":""g"",""kcal"":117}]",521,breakfast,PT0M
plain whole milk yogurt 200 g + blueberries 100 gr + whole raw almonds 15 grams + 70 g rolled whole grain oats 565 cal breakfast,"[{""name"":""yogurt, plain, whole milk"",""quantity"":200,""unit"":""g"",""kcal"":155},{""name"":""blueberries, raw"",""quantity"":100,""unit"":""g"",""kcal"":57},{""name"":""nuts, almonds, whole, raw"",""quantity"":15,""unit"":""g"",""kcal"":88},{""name"":""oats, whole grain, rolled, old fashioned"",""quantity"":70,""unit"":""g"",""kcal"":265}]",565,breakfast,PT0M
100 grams plain nonfat greek yogurt + 100 g blueberries + 15 g raw english walnut halves + rolled whole grain oats 50g kcal409,"[{""name"":""yogurt, greek, plain, nonfat"",""quantity"":100,""unit"":""g"",""kcal"":61},{""name"":""blueberries, raw"",""quantity"":100,""unit"":""g"",""kcal"":57},{""name"":""nuts, walnuts, english, halves, raw"",""quantity"":15,""unit"":""g"",""kcal"":102},{""name"":""oats, whole grain, rolled, old fashioned"",""quantity"":50,""unit"":""g"",""kcal"":189}]",409,unknown,PT0M
g70 rolled whole grain oats + 100 g red delicious apple + 15g raw english walnut halves + 200 g plain whole milk yogurt bf 25d ago,"[{""name"":""oats, whole grain, rolled, old fashioned"",""quantity"":70,""unit"":""g"",""kcal"":265},{""name"":""apples, red delicious, with skin, raw"",""quantity"":100,""unit"":""g"",""kcal"":62},{""name"":""nuts, walnuts, english, halves, raw"",""quantity"":15,""unit"":""g"",""kcal"":102},{""name"":""yogurt, plain, whole milk"",""quantity"":200,""unit"":""g"",""kcal"":155}]",584,breakfast,-P25D
ate plain whole milk yogurt 200 grams + blueberries 200 grams + 20g whole raw almonds + rolled whole grain oats 70 g bf,"[{""name"":""yogurt, plain, whole milk"",""quantity"":200,""unit"":""g"",""kcal"":155},{""name"":""blueberries, raw"",""quantity"":200,""unit"":""g"",""kcal"":115},{""name"":""nuts, almonds, whole, raw"",""quantity"":20,""unit"":""g"",""kcal"":117},{""name"":""oats, whole grain, rolled, old fashioned"",""quantity"":70,""unit"":""g"",""kcal"":265}]",652,breakfast,PT0M
ate plain nonfat greek yogurt g150 + g100 strawberries + g15 raw english walnut halves + g50 rolled whole grain oats snack,"[{""name"":""yogurt, greek, plain, nonfat"",""quantity"":150,""unit"":""g"",""kcal"":92},{""name"":""strawberries, raw"",""quantity"":100,""unit"":""g"",""kcal"":31},{""name"":""nuts, walnuts, english, halves, raw"",""quantity"":15,""unit"":""g"",""kcal"":102},{""name"":""oats, whole grain, rolled, old fashioned"",""quantity"":50,""unit"":""g"",""kcal"":189}]",414,snack,PT0M
ate commercial hummus tbsp2 + raw roma tomato g150 + 1slice white bread + 1 slice swiss cheese lunch 17h ago,"[{""name"":""hummus, commercial"",""quantity"":2,""unit"":""tablespoon"",""kcal"":78},{""name"":""tomato, roma"",""quantity"":150,""unit"":""g"",""kcal"":28},{""name"":""bread, white, commercially prepared"",""quantity"":1,""unit"":""slice"",""kcal"":74},{""name"":""cheese, swiss"",""quantity"":1,""unit"":""slice"",""kcal"":43}]",223,lunch,-PT17H
150 grams plain nonfat greek yogurt + red delicious apple 200 grams + 30 g raw english walnut halves + rolled whole grain oats g70 breakfast -4h,"[{""name"":""yogurt, greek, plain, nonfat"",""quantity"":150,""unit"":""g"",""kcal"":92},{""name"":""apples, red delicious, with skin, raw"",""quantity"":200,""unit"":""g"",""kcal"":124},{""name"":""nuts, walnuts, english, halves, raw"",""quantity"":30,""unit"":""g"",""kcal"":204},{""name"":""oats, whole grain, rolled, old fashioned"",""quantity"":70,""unit"":""g"",""kcal"":265}]",685,breakfast,-PT4H
plain whole milk yogurt 200 g + whole raw almonds 20 gr + 200 gr raspberries + 30 gr rolled whole grain oats kcal489 bf tomorrow,"[{""name"":""yogurt, plain, whole milk"",""quantity"":200,""unit"":""g"",""kcal"":155},{""name"":""nuts, almonds, whole, raw"",""quantity"":20,""unit"":""g"",""kcal"":117},{""name"":""raspberries, raw"",""quantity"":200,""unit"":""g"",""kcal"":103},{""name"":""oats, whole grain, rolled, old fashioned"",""quantity"":30,""unit"":""g"",""kcal"":114}]",489,breakfast,P1D
g100 plain nonfat greek yogurt + 200 gr raspberries + 20 g raw english walnut halves + rolled whole grain oats 70 grams snack 16d ago,"[{""name"":""yogurt, greek, plain, nonfat"",""quantity"":100,""unit"":""g"",""kcal"":61},{""name"":""raspberries, raw"",""quantity"":200,""unit"":""g"",""kcal"":103},{""name"":""nuts, walnuts, english, halves, raw"",""quantity"":20,""unit"":""g"",""kcal"":136},{""name"":""oats, whole grain, rolled, old fashioned"",""quantity"":70,""unit"":""g"",""kcal"":265}]",565,snack,-P16D
ate 150g plain nonfat greek yogurt + g100 strawberries + 30g raw peanuts + rolled whole grain oats 30g 23d ago,"[{""name"":""yogurt, greek, plain, nonfat"",""quantity"":150,""unit"":""g"",""kcal"":92},{""name"":""strawberries, raw"",""quantity"":100,""unit"":""g"",""kcal"":31},{""name"":""peanuts, raw"",""quantity"":30,""unit"":""g"",""kcal"":165},{""name"":""oats, whole grain, rolled, old fashioned"",""quantity"":30,""unit"":""g"",""kcal"":114}]",402,unknown,-P23D
0.5cup 2% cottage cheese + red delicious apple 200 grams + 15 g raw english walnut halves + 30 gr rolled whole grain oats bf,"[{""name"":""cheese, cottage, lowfat, 2% milkfat"",""quantity"":0.5,""unit"":""cup"",""kcal"":92},{""name"":""apples, red delicious, with skin, raw"",""quantity"":200,""unit"":""g"",""kcal"":124},{""name"":""nuts, walnuts, english, halves, raw"",""quantity"":15,""unit"":""g"",""kcal"":102},{""name"":""oats, whole grain, rolled, old fashioned"",""quantity"":30,""unit"":""g"",""kcal"":114}]",432,breakfast,PT0M
1tbsp commercial hummus + g50 raw cucumber with peel + 2 slices whole wheat bread + 2 slices swiss cheese lunch,"[{""name"":""hummus, commercial"",""quantity"":1,""unit"":""tablespoon"",""kcal"":39},{""name"":""cucumber, with peel, raw"",""quantity"":50,""unit"":""g"",""kcal"":7},{""name"":""bread, whole-wheat, commercially prepared"",""quantity"":2,""unit"":""slice"",""kcal"":163},{""name"":""cheese, swiss"",""quantity"":2,""unit"":""slice"",""kcal"":86}]",295,lunch,PT0M
2 slices whole wheat bread + 1slice ham + slice2 swiss cheese + raw romaine lettuce 100 gr lunch,"[{""name"":""bread, whole-wheat, commercially prepared"",""quantity"":2,""unit"":""slice"",""kcal"":163},{""name"":""ham, sliced, pre-packaged, deli meat (96%fat free, water added)"",""quantity"":1,""unit"":""slice"",""kcal"":14},{""name"":""cheese, swiss"",""quantity"":2,""unit"":""slice"",""kcal"":86},{""name"":""lettuce, romaine, green, raw"",""quantity"":100,""unit"":""g"",""kcal"":17}]",280,lunch,PT0M
ate plain nonfat yogurt 200 g + raspberries 100 g + whole raw almonds 15 g + 70g rolled whole grain oats,"[{""name"":""yogurt, plain, nonfat"",""quantity"":200,""unit"":""g"",""kcal"":100},{""name"":""raspberries, raw"",""quantity"":100,""unit"":""g"",""kcal"":51},{""name"":""nuts, almonds, whole, raw"",""quantity"":15,""unit"":""g"",""kcal"":88},{""name"":""oats, whole grain, rolled, old fashioned"",""quantity"":70,""unit"":""g"",""kcal"":265}]",504,unknown,PT0M
plain whole milk yogurt 200g + red delicious apple 150 g + 30g whole raw almonds + g50 rolled whole grain oats snack -14d,"[{""name"":""yogurt, plain, whole milk"",""quantity"":200,""unit"":""g"",""kcal"":155},{""name"":""apples, red delicious, with skin, raw"",""quantity"":150,""unit"":""g"",""kcal"":93},{""name"":""nuts, almonds, whole, raw"",""quantity"":30,""unit"":""g"",""kcal"":175},{""name"":""oats, whole grain, rolled, old fashioned"",""quantity"":50,""unit"":""g"",""kcal"":189}]",612,snack,-P14D
150g plain nonfat yogurt + red delicious apple 150g + raw english walnut halves g20 + rolled whole grain oats 30 gr -15h,"[{""name"":""yogurt, plain, nonfat"",""quantity"":150,""unit"":""g"",""kcal"":75},{""name"":""apples, red delicious, with skin, raw"",""quantity"":150,""unit"":""g"",""kcal"":93},{""name"":""nuts, walnuts, english, halves, raw"",""quantity"":20,""unit"":""g"",""kcal"":136},{""name"":""oats, whole grain, rolled, old fashioned"",""quantity"":30,""unit"":""g"",""kcal"":114}]",418,unknown,-PT15H
2 slices swiss cheese + raw romaine lettuce g100 + whole wheat bread 1slice + 2 slices ham -7h,"[{""name"":""cheese, swiss"",""quantity"":2,""unit"":""slice"",""kcal"":86},{""name"":""lettuce, romaine, green, raw"",""quantity"":100,""unit"":""g"",""kcal"":17},{""name"":""bread, whole-wheat, commercially prepared"",""quantity"":1,""unit"":""slice"",""kcal"":82},{""name"":""ham, sliced, pre-packaged, deli meat (96%fat free, water added)"",""quantity"":2,""unit"":""slice"",""kcal"":29}]",214,unknown,-PT7H
ate plain nonfat yogurt 200 grams + strawberries 200 g + raw english walnut halves g15 + 70 g rolled whole grain oats snack,"[{""name"":""yogurt, plain, nonfat"",""quantity"":200,""unit"":""g"",""kcal"":100},{""name"":""strawberries, raw"",""quantity"":200,""unit"":""g"",""kcal"":62},{""name"":""nuts, walnuts, english, halves, raw"",""quantity"":15,""unit"":""g"",""kcal"":102},{""name"":""oats, whole grain, rolled, old fashioned"",""quantity"":70,""unit"":""g"",""kcal"":265}]",529,snack,PT0M
ate raspberries 100g + 100 g plain nonfat yogurt + g20 raw english walnut halves + 50 g rolled whole grain oats snack,"[{""name"":""raspberries, raw"",""quantity"":100,""unit"":""g"",""kcal"":51},{""name"":""yogurt, plain, nonfat"",""quantity"":100,""unit"":""g"",""kcal"":50},{""name"":""nuts, walnuts, english, halves, raw"",""quantity"":20,""unit"":""g"",""kcal"":136},{""name"":""oats, whole grain, rolled, old fashioned"",""quantity"":50,""unit"":""g"",""kcal"":189}]",426,snack,PT0M
150 g plain whole milk yogurt + 150 g red delicious apple + raw english walnut halves g20 + rolled whole grain oats 70 gr snack -9h,"[{""name"":""yogurt, plain, whole milk"",""quantity"":150,""unit"":""g"",""kcal"":116},{""name"":""apples, red delicious, with skin, raw"",""quantity"":150,""unit"":""g"",""kcal"":93},{""name"":""nuts, walnuts, english, halves, raw"",""quantity"":20,""unit"":""g"",""kcal"":136},{""name"":""oats, whole grain, rolled, old fashioned"",""quantity"":70,""unit"":""g"",""kcal"":265}]",610,snack,-PT9H
ate 15g raw peanuts + 2% cottage cheese 0.5 cups + 100 grams red delicious apple + rolled whole grain oats 30g breakfast,"[{""name"":""peanuts, raw"",""quantity"":15,""unit"":""g"",""kcal"":83},{""name"":""cheese, cottage, lowfat, 2% milkfat"",""quantity"":0.5,""unit"":""cup"",""kcal"":92},{""name"":""apples, red delicious, with skin, raw"",""quantity"":100,""unit"":""g"",""kcal"":62},{""name"":""oats, whole grain, rolled, old fashioned"",""quantity"":30,""unit"":""g"",""kcal"":114}]",351,breakfast,PT0M
ate plain nonfat yogurt 100 grams + 100 grams strawberries + g20 raw english walnut halves + rolled whole grain oats g30 snack,"[{""name"":""yogurt, plain, nonfat"",""quantity"":100,""unit"":""g"",""kcal"":50},{""name"":""strawberries, raw"",""quantity"":100,""unit"":""g"",""kcal"":31},{""name"":""nuts, walnuts, english, halves, raw"",""quantity"":20,""unit"":""g"",""kcal"":136},{""name"":""oats, whole grain, rolled, old fashioned"",""quantity"":30,""unit"":""g"",""kcal"":114}]",331,snack,PT0M
150 grams strawberries + 70 gr rolled whole grain oats + raw peanuts g20 + cup1 2% cottage cheese,"[{""name"":""strawberries, raw"",""quantity"":150,""unit"":""g"",""kcal"":47},{""name"":""oats, whole grain, rolled, old fashioned"",""quantity"":70,""unit"":""g"",""kcal"":265},{""name"":""peanuts, raw"",""quantity"":20,""unit"":""g"",""kcal"":110},{""name"":""cheese, cottage, lowfat, 2% milkfat"",""quantity"":1,""unit"":""cup"",""kcal"":185}]",607,unknown,PT0M
ate 150 g plain whole milk yogurt + 150 gr raspberries + raw peanuts 20 grams + 30 grams rolled whole grain oats bf,"[{""name"":""yogurt, plain, whole milk"",""quantity"":150,""unit"":""g"",""kcal"":116},{""name"":""raspberries, raw"",""quantity"":150,""unit"":""g"",""kcal"":77},{""name"":""peanuts, raw"",""quantity"":20,""unit"":""g"",""kcal"":110},{""name"":""oats, whole grain, rolled, old fashioned"",""quantity"":30,""unit"":""g"",""kcal"":114}]",417,breakfast,PT0M
ate plain nonfat yogurt 100 grams + strawberries 150 gr + g15 raw peanuts + 50g rolled whole grain oats 369 cal breakfast,"[{""name"":""yogurt, plain, nonfat"",""quantity"":100,""unit"":""g"",""kcal"":50},{""name"":""strawberries, raw"",""quantity"":150,""unit"":""g"",""kcal"":47},{""name"":""peanuts, raw"",""quantity"":15,""unit"":""g"",""kcal"":83},{""name"":""oats, whole grain, rolled, old fashioned"",""quantity"":50,""unit"":""g"",""kcal"":189}]",369,breakfast,PT0M
cup0.5 2% cottage cheese + strawberries 200g + 30 gr whole raw almonds + rolled whole grain oats 30g bf,"[{""name"":""cheese, cottage, lowfat, 2% milkfat"",""quantity"":0.5,""unit"":""cup"",""kcal"":92},{""name"":""strawberries, raw"",""quantity"":200,""unit"":""g"",""kcal"":62},{""name"":""nuts, almonds, whole, raw"",""quantity"":30,""unit"":""g"",""kcal"":175},{""name"":""oats, whole grain, rolled, old fashioned"",""quantity"":30,""unit"":""g"",""kcal"":114}]",443,breakfast,PT0M
slice2 white bread + 150 grams raw roma tomato + cheddar cheese slice2 + 2tbsp commercial hummus -22h,"[{""name"":""bread, white, commercially prepared"",""quantity"":2,""unit"":""slice"",""kcal"":147},{""name"":""tomato, roma"",""quantity"":150,""unit"":""g"",""kcal"":28},{""name"":""cheese, cheddar"",""quantity"":2,""unit"":""slice"",""kcal"":139},{""name"":""hummus, commercial"",""quantity"":2,""unit"":""tablespoon"",""kcal"":78}]",392,unknown,-PT22H
ate plain nonfat yogurt 200 grams + 150 gr red delicious apple + raw peanuts 30 gr + g70 rolled whole grain oats,"[{""name"":""yogurt, plain, nonfat"",""quantity"":200,""unit"":""g"",""kcal"":100},{""name"":""apples, red delicious, with skin, raw"",""quantity"":150,""unit"":""g"",""kcal"":93},{""name"":""peanuts, raw"",""quantity"":30,""unit"":""g"",""kcal"":165},{""name"":""oats, whole grain, rolled, old fashioned"",""quantity"":70,""unit"":""g"",""kcal"":265}]",623,unknown,PT0M
g200 raspberries + raw english walnut halves 20 grams + 0.5cup 2% cottage cheese + 70g rolled whole grain oats 596kcal breakfast,"[{""name"":""raspberries, raw"",""quantity"":200,""unit"":""g"",""kcal"":103},{""name"":""nuts, walnuts, english, halves, raw"",""quantity"":20,""unit"":""g"",""kcal"":136},{""name"":""cheese, cottage, lowfat, 2% milkfat"",""quantity"":0.5,""unit"":""cup"",""kcal"":92},{""name"":""oats, whole grain, rolled, old fashioned"",""quantity"":70,""unit"":""g"",""kcal"":265}]",596,breakfast,PT0M
1 cup 2% cottage cheese + 150 g red delicious apple + raw peanuts 15 grams + 70 grams rolled whole grain oats,"[{""name"":""cheese, cottage, lowfat, 2% milkfat"",""quantity"":1,""unit"":""cup"",""kcal"":185},{""name"":""apples, red delicious, with skin, raw"",""quantity"":150,""unit"":""g"",""kcal"":93},{""name"":""peanuts, raw"",""quantity"":15,""unit"":""g"",""kcal"":83},{""name"":""oats, whole grain, rolled, old fashioned"",""quantity"":70,""unit"":""g"",""kcal"":265}]",626,unknown,PT0M
ate 15 gr raw peanuts + 200 g raspberries + 200 g plain nonfat greek yogurt + rolled whole grain oats 70 gr snack,"[{""name"":""peanuts, raw"",""quantity"":15,""unit"":""g"",""kcal"":83},{""name"":""raspberries, raw"",""quantity"":200,""unit"":""g"",""kcal"":103},{""name"":""yogurt, greek, plain, nonfat"",""quantity"":200,""unit"":""g"",""kcal"":122},{""name"":""oats, whole grain, rolled, old fashioned"",""quantity"":70,""unit"":""g"",""kcal"":265}]",573,snack,PT0M
ate plain nonfat greek yogurt g150 + 100g strawberries + whole raw almonds g15 + g70 rolled whole grain oats snack -25d,"[{""name"":""yogurt, greek, plain, nonfat"",""quantity"":150,""unit"":""g"",""kcal"":92},{""name"":""strawberries, raw"",""quantity"":100,""unit"":""g"",""kcal"":31},{""name"":""nuts, almonds, whole, raw"",""quantity"":15,""unit"":""g"",""kcal"":88},{""name"":""oats, whole grain, rolled, old fashioned"",""quantity"":70,""unit"":""g"",""kcal"":265}]",476,snack,-P25D
150 gr plain nonfat yogurt + whole raw almonds 15 g + red delicious apple 150 g + 70 grams rolled whole grain oats -5d,"[{""name"":""yogurt, plain, nonfat"",""quantity"":150,""unit"":""g"",""kcal"":75},{""name"":""nuts, almonds, whole, raw"",""quantity"":15,""unit"":""g"",""kcal"":88},{""name"":""apples, red delicious, with skin, raw"",""quantity"":150,""unit"":""g"",""kcal"":93},{""name"":""oats, whole grain, rolled, old fashioned"",""quantity"":70,""unit"":""g"",""kcal"":265}]",521,unknown,-P5D
ate plain nonfat yogurt 100 grams + g150 blueberries + 15 g whole raw almonds + 70g rolled whole grain oats snack,"[{""name"":""yogurt, plain, nonfat"",""quantity"":100,""unit"":""g"",""kcal"":50},{""name"":""blueberries, raw"",""quantity"":150,""unit"":""g"",""kcal"":86},{""name"":""nuts, almonds, whole, raw"",""quantity"":15,""unit"":""g"",""kcal"":88},{""name"":""oats, whole grain, rolled, old fashioned"",""quantity"":70,""unit"":""g"",""kcal"":265}]",489,snack,PT0M
plain nonfat greek yogurt g100 + g100 red delicious apple + raw peanuts 20 gr + 70 gr rolled whole grain oats -9d,"[{""name"":""yogurt, greek, plain, nonfat"",""quantity"":100,""unit"":""g"",""kcal"":61},{""name"":""apples, red delicious, with skin, raw"",""quantity"":100,""unit"":""g"",""kcal"":62},{""name"":""peanuts, raw"",""quantity"":20,""unit"":""g"",""kcal"":110},{""name"":""oats, whole grain, rolled, old fashioned"",""quantity"":70,""unit"":""g"",""kcal"":265}]",498,unknown,-P9D
plain nonfat greek yogurt 150g + g100 raspberries + 30g raw english walnut halves + 30g rolled whole grain oats,"[{""name"":""yogurt, greek, plain, nonfat"",""quantity"":150,""unit"":""g"",""kcal"":92},{""name"":""raspberries, raw"",""quantity"":100,""unit"":""g"",""kcal"":51},{""name"":""nuts, walnuts, english, halves, raw"",""quantity"":30,""unit"":""g"",""kcal"":204},{""name"":""oats, whole grain, rolled, old fashioned"",""quantity"":30,""unit"":""g"",""kcal"":114}]",461,unknown,PT0M
plain whole milk yogurt g150 + red delicious apple 150 g + 15 gr raw english walnut halves + rolled whole grain oats 70 g breakfast,"[{""name"":""yogurt, plain, whole milk"",""quantity"":150,""unit"":""g"",""kcal"":116},{""name"":""apples, red delicious, with skin, raw"",""quantity"":150,""unit"":""g"",""kcal"":93},{""name"":""nuts, walnuts, english, halves, raw"",""quantity"":15,""unit"":""g"",""kcal"":102},{""name"":""oats, whole grain, rolled, old fashioned"",""quantity"":70,""unit"":""g"",""kcal"":265}]",576,breakfast,PT0M
150 g plain whole milk yogurt + raspberries 150 g + whole raw almonds g15 + 70 gr rolled whole grain oats 546kcal bf -29d,"[{""name"":""yogurt, plain, whole milk"",""quantity"":150,""unit"":""g"",""kcal"":116},{""name"":""raspberries, raw"",""quantity"":150,""unit"":""g"",""kcal"":77},{""name"":""nuts, almonds, whole, raw"",""quantity"":15,""unit"":""g"",""kcal"":88},{""name"":""oats, whole grain, rolled, old fashioned"",""quantity"":70,""unit"":""g"",""kcal"":265}]",546,breakfast,-P29D
plain nonfat yogurt 200 g + 100 gr strawberries + g15 raw peanuts + rolled whole grain oats g50 -29d,"[{""name"":""yogurt, plain, nonfat"",""quantity"":200,""unit"":""g"",""kcal"":100},{""name"":""strawberries, raw"",""quantity"":100,""unit"":""g"",""kcal"":31},{""name"":""peanuts, raw"",""quantity"":15,""unit"":""g"",""kcal"":83},{""name"":""oats, whole grain, rolled, old fashioned"",""quantity"":50,""unit"":""g"",""kcal"":189}]",403,unknown,-P29D
50g rolled whole grain oats + red delicious apple 200 g + 2% cottage cheese cup1 + 15 gr raw peanuts snack -14h,"[{""name"":""oats, whole grain, rolled, old fashioned"",""quantity"":50,""unit"":""g"",""kcal"":189},{""name"":""apples, red delicious, with skin, raw"",""quantity"":200,""unit"":""g"",""kcal"":124},{""name"":""cheese, cottage, lowfat, 2% milkfat"",""quantity"":1,""unit"":""cup"",""kcal"":185},{""name"":""peanuts, raw"",""quantity"":15,""unit"":""g"",""kcal"":83}]",581,snack,-PT14H
100g plain nonfat greek yogurt + red delicious apple 200 g + 20g whole raw almonds + rolled whole grain oats g50 bf,"[{""name"":""yogurt, greek, plain, nonfat"",""quantity"":100,""unit"":""g"",""kcal"":61},{""name"":""apples, red delicious, with skin, raw"",""quantity"":200,""unit"":""g"",""kcal"":124},{""name"":""nuts, almonds, whole, raw"",""quantity"":20,""unit"":""g"",""kcal"":117},{""name"":""oats, whole grain, rolled, old fashioned"",""quantity"":50,""unit"":""g"",""kcal"":189}]",491,breakfast,PT0M
commercial hummus 3tbsp + 100g raw romaine lettuce + whole wheat bread 1slice + 2 slices swiss cheese kcal301 lunch,"[{""name"":""hummus, commercial"",""quantity"":3,""unit"":""tablespoon"",""kcal"":116},{""name"":""lettuce, romaine, green, raw"",""quantity"":100,""unit"":""g"",""kcal"":17},{""name"":""bread, whole-wheat, commercially prepared"",""quantity"":1,""unit"":""slice"",""kcal"":82},{""name"":""cheese, swiss"",""quantity"":2,""unit"":""slice"",""kcal"":86}]",301,lunch,PT0M
200 gr plain whole milk yogurt + strawberries 200 gr + raw peanuts 15g + 50g rolled whole grain oats breakfast,"[{""name"":""yogurt, plain, whole milk"",""quantity"":200,""unit"":""g"",""kcal"":155},{""name"":""strawberries, raw"",""quantity"":200,""unit"":""g"",""kcal"":62},{""name"":""peanuts, raw"",""quantity"":15,""unit"":""g"",""kcal"":83},{""name"":""oats, whole grain, rolled, old fashioned"",""quantity"":50,""unit"":""g"",""kcal"":189}]",489,breakfast,PT0M
ate plain whole milk yogurt g100 + 100g raspberries + 20 gr whole raw almonds + rolled whole grain oats g50 snack,"[{""name"":""yogurt, plain, whole milk"",""quantity"":100,""unit"":""g"",""kcal"":77},{""name"":""raspberries, raw"",""quantity"":100,""unit"":""g"",""kcal"":51},{""name"":""nuts, almonds, whole, raw"",""quantity"":20,""unit"":""g"",""kcal"":117},{""name"":""oats, whole grain, rolled, old fashioned"",""quantity"":50,""unit"":""g"",""kcal"":189}]",434,snack,PT0M
commercial hummus tbsp3 + g150 raw roma tomato + whole wheat bread 2 slices + 1 slice american cheese snack tmr,"[{""name"":""hummus, commercial"",""quantity"":3,""unit"":""tablespoon"",""kcal"":116},{""name"":""tomato, roma"",""quantity"":150,""unit"":""g"",""kcal"":28},{""name"":""bread, whole-wheat, commercially prepared"",""quantity"":2,""unit"":""slice"",""kcal"":163},{""name"":""cheese, american, restaurant"",""quantity"":1,""unit"":""slice"",""kcal"":60}]",367,snack,P1D
plain whole milk yogurt 200 grams + raspberries g100 + g20 whole raw almonds + rolled whole grain oats 30 g,"[{""name"":""yogurt, plain, whole milk"",""quantity"":200,""unit"":""g"",""kcal"":155},{""name"":""raspberries, raw"",""quantity"":100,""unit"":""g"",""kcal"":51},{""name"":""nuts, almonds, whole, raw"",""quantity"":20,""unit"":""g"",""kcal"":117},{""name"":""oats, whole grain, rolled, old fashioned"",""quantity"":30,""unit"":""g"",""kcal"":114}]",437,unknown,PT0M
ate strawberries g200 + 200 g plain whole milk yogurt + 15g raw peanuts + rolled whole grain oats 30g snack,"[{""name"":""strawberries, raw"",""quantity"":200,""unit"":""g"",""kcal"":62},{""name"":""yogurt, plain, whole milk"",""quantity"":200,""unit"":""g"",""kcal"":155},{""name"":""peanuts, raw"",""quantity"":15,""unit"":""g"",""kcal"":83},{""name"":""oats, whole grain, rolled, old fashioned"",""quantity"":30,""unit"":""g"",""kcal"":114}]",414,snack,PT0M
100 g plain nonfat greek yogurt + blueberries 150 gr + whole raw almonds 20 gr + 30g rolled whole grain oats,"[{""name"":""yogurt, greek, plain, nonfat"",""quantity"":100,""unit"":""g"",""kcal"":61},{""name"":""blueberries, raw"",""quantity"":150,""unit"":""g"",""kcal"":86},{""name"":""nuts, almonds, whole, raw"",""quantity"":20,""unit"":""g"",""kcal"":117},{""name"":""oats, whole grain, rolled, old fashioned"",""quantity"":30,""unit"":""g"",""kcal"":114}]",378,unknown,PT0M
ate plain nonfat greek yogurt 200 g + strawberries g200 + g30 whole raw almonds + rolled whole grain oats 50 grams,"[{""name"":""yogurt, greek, plain, nonfat"",""quantity"":200,""unit"":""g"",""kcal"":122},{""name"":""strawberries, raw"",""quantity"":200,""unit"":""g"",""kcal"":62},{""name"":""nuts, almonds, whole, raw"",""quantity"":30,""unit"":""g"",""kcal"":175},{""name"":""oats, whole grain, rolled, old fashioned"",""quantity"":50,""unit"":""g"",""kcal"":189}]",548,unknown,PT0M
200 grams plain whole milk yogurt + 150g strawberries + raw english walnut halves 30 grams + 30 g rolled whole grain oats snack,"[{""name"":""yogurt, plain, whole milk"",""quantity"":200,""unit"":""g"",""kcal"":155},{""name"":""strawberries, raw"",""quantity"":150,""unit"":""g"",""kcal"":47},{""name"":""nuts, walnuts, english, halves, raw"",""quantity"":30,""unit"":""g"",""kcal"":204},{""name"":""oats, whole grain, rolled, old fashioned"",""quantity"":30,""unit"":""g"",""kcal"":114}]",520,snack,PT0M
rolled whole grain oats 70 grams + red delicious apple 100 grams + raw peanuts 30g + 100 g plain nonfat yogurt kcal542 bf -15h,"[{""name"":""oats, whole grain, rolled, old fashioned"",""quantity"":70,""unit"":""g"",""kcal"":265},{""name"":""apples, red delicious, with skin, raw"",""quantity"":100,""unit"":""g"",""kcal"":62},{""name"":""peanuts, raw"",""quantity"":30,""unit"":""g"",""kcal"":165},{""name"":""yogurt, plain, nonfat"",""quantity"":100,""unit"":""g"",""kcal"":50}]",542,breakfast,-PT15H
plain nonfat yogurt 200g + 100 g red delicious apple + 15g whole raw almonds + g50 rolled whole grain oats,"[{""name"":""yogurt, plain, nonfat"",""quantity"":200,""unit"":""g"",""kcal"":100},{""name"":""apples, red delicious, with skin, raw"",""quantity"":100,""unit"":""g"",""kcal"":62},{""name"":""nuts, almonds, whole, raw"",""quantity"":15,""unit"":""g"",""kcal"":88},{""name"":""oats, whole grain, rolled, old fashioned"",""quantity"":50,""unit"":""g"",""kcal"":189}]",439,unknown,PT0M
plain whole milk yogurt 100 grams + blueberries g150 + whole raw almonds 20 g + 70 g rolled whole grain oats breakfast,"[{""name"":""yogurt, plain, whole milk"",""quantity"":100,""unit"":""g"",""kcal"":77},{""name"":""blueberries, raw"",""quantity"":150,""unit"":""g"",""kcal"":86},{""name"":""nuts, almonds, whole, raw"",""quantity"":20,""unit"":""g"",""kcal"":117},{""name"":""oats, whole grain, rolled, old fashioned"",""quantity"":70,""unit"":""g"",""kcal"":265}]",545,breakfast,PT0M
ate commercial hummus 1tbsp + raw romaine lettuce 100 g + whole wheat bread 1slice + 1 slice american cheese,"[{""name"":""hummus, commercial"",""quantity"":1,""unit"":""tablespoon"",""kcal"":39},{""name"":""lettuce, romaine, green, raw"",""quantity"":100,""unit"":""g"",""kcal"":17},{""name"":""bread, whole-wheat, commercially prepared"",""quantity"":1,""unit"":""slice"",""kcal"":82},{""name"":""cheese, american, restaurant"",""quantity"":1,""unit"":""slice"",""kcal"":60}]",198,unknown,PT0M
ate plain whole milk yogurt 150 g + 100 gr blueberries + 15g whole raw almonds + rolled whole grain oats 50g snack,"[{""name"":""yogurt, plain, whole milk"",""quantity"":150,""unit"":""g"",""kcal"":116},{""name"":""blueberries, raw"",""quantity"":100,""unit"":""g"",""kcal"":57},{""name"":""nuts, almonds, whole, raw"",""quantity"":15,""unit"":""g"",""kcal"":88},{""name"":""oats, whole grain, rolled, old fashioned"",""quantity"":50,""unit"":""g"",""kcal"":189}]",450,snack,PT0M
plain nonfat greek yogurt 200 gr + strawberries 150g + raw english walnut halves 20 grams + 30g rolled whole grain oats snack -14d,"[{""name"":""yogurt, greek, plain, nonfat"",""quantity"":200,""unit"":""g"",""kcal"":122},{""name"":""strawberries, raw"",""quantity"":150,""unit"":""g"",""kcal"":47},{""name"":""nuts, walnuts, english, halves, raw"",""quantity"":20,""unit"":""g"",""kcal"":136},{""name"":""oats, whole grain, rolled, old fashioned"",""quantity"":30,""unit"":""g"",""kcal"":114}]",419,snack,-P14D
200g plain whole milk yogurt + 100 gr strawberries + whole raw almonds 30 gr + 50g rolled whole grain oats snack,"[{""name"":""yogurt, plain, whole milk"",""quantity"":200,""unit"":""g"",""kcal"":155},{""name"":""strawberries, raw"",""quantity"":100,""unit"":""g"",""kcal"":31},{""name"":""nuts, almonds, whole, raw"",""quantity"":30,""unit"":""g"",""kcal"":175},{""name"":""oats, whole grain, rolled, old fashioned"",""quantity"":50,""unit"":""g"",""kcal"":189}]",550,snack,PT0M
ate white bread 2slice + 1slice ham + swiss cheese 1slice + 100 gr raw romaine lettuce lunch,"[{""name"":""bread, white, commercially prepared"",""quantity"":2,""unit"":""slice"",""kcal"":147},{""name"":""ham, sliced, pre-packaged, deli meat (96%fat free, water added)"",""quantity"":1,""unit"":""slice"",""kcal"":14},{""name"":""cheese, swiss"",""quantity"":1,""unit"":""slice"",""kcal"":43},{""name"":""lettuce, romaine, green, raw"",""quantity"":100,""unit"":""g"",""kcal"":17}]",221,lunch,PT0M
blueberries g100 + rolled whole grain oats g50 + raw english walnut halves 20 gr + 200 grams plain whole milk yogurt breakfast -12d,"[{""name"":""blueberries, raw"",""quantity"":100,""unit"":""g"",""kcal"":57},{""name"":""oats, whole grain, rolled, old fashioned"",""quantity"":50,""unit"":""g"",""kcal"":189},{""name"":""nuts, walnuts, english, halves, raw"",""quantity"":20,""unit"":""g"",""kcal"":136},{""name"":""yogurt, plain, whole milk"",""quantity"":200,""unit"":""g"",""kcal"":155}]",537,breakfast,-P12D
100 g plain whole milk yogurt + 100 g red delicious apple + raw english walnut halves 20 g + rolled whole grain oats 30 gr bf,"[{""name"":""yogurt, plain, whole milk"",""quantity"":100,""unit"":""g"",""kcal"":77},{""name"":""apples, red delicious, with skin, raw"",""quantity"":100,""unit"":""g"",""kcal"":62},{""name"":""nuts, walnuts, english, halves, raw"",""quantity"":20,""unit"":""g"",""kcal"":136},{""name"":""oats, whole grain, rolled, old fashioned"",""quantity"":30,""unit"":""g"",""kcal"":114}]",389,breakfast,PT0M
raspberries 150 g + g30 raw peanuts + 150 gr plain nonfat yogurt + rolled whole grain oats 50 grams bf -4h,"[{""name"":""raspberries, raw"",""quantity"":150,""unit"":""g"",""kcal"":77},{""name"":""peanuts, raw"",""quantity"":30,""unit"":""g"",""kcal"":165},{""name"":""yogurt, plain, nonfat"",""quantity"":150,""unit"":""g"",""kcal"":75},{""name"":""oats, whole grain, rolled, old fashioned"",""quantity"":50,""unit"":""g"",""kcal"":189}]",506,breakfast,-PT4H
150 g plain whole milk yogurt + 150 g raspberries + 20 g raw english walnut halves + rolled whole grain oats 70 g,"[{""name"":""yogurt, plain, whole milk"",""quantity"":150,""unit"":""g"",""kcal"":116},{""name"":""raspberries, raw"",""quantity"":150,""unit"":""g"",""kcal"":77},{""name"":""nuts, walnuts, english, halves, raw"",""quantity"":20,""unit"":""g"",""kcal"":136},{""name"":""oats, whole grain, rolled, old fashioned"",""quantity"":70,""unit"":""g"",""kcal"":265}]",594,unknown,PT0M
ate tbsp1 commercial hummus + 150 grams raw cucumber with peel + 2slice white bread + 1 slice american cheese snack,"[{""name"":""hummus, commercial"",""quantity"":1,""unit"":""tablespoon"",""kcal"":39},{""name"":""cucumber, with peel, raw"",""quantity"":150,""unit"":""g"",""kcal"":21},{""name"":""bread, white, commercially prepared"",""quantity"":2,""unit"":""slice"",""kcal"":147},{""name"":""cheese, american, restaurant"",""quantity"":1,""unit"":""slice"",""kcal"":60}]",267,snack,PT0M
ate 2% cottage cheese 0.5 cups + 150 g raspberries + 15g raw peanuts + 50 gr rolled whole grain oats,"[{""name"":""cheese, cottage, lowfat, 2% milkfat"",""quantity"":0.5,""unit"":""cup"",""kcal"":92},{""name"":""raspberries, raw"",""quantity"":150,""unit"":""g"",""kcal"":77},{""name"":""peanuts, raw"",""quantity"":15,""unit"":""g"",""kcal"":83},{""name"":""oats, whole grain, rolled, old fashioned"",""quantity"":50,""unit"":""g"",""kcal"":189}]",441,unknown,PT0M
ate commercial hummus 2tbsp + 100 gr raw romaine lettuce + slice2 white bread + cheddar cheese slice2 kcal381 lunch 5h ago,"[{""name"":""hummus, commercial"",""quantity"":2,""unit"":""tablespoon"",""kcal"":78},{""name"":""lettuce, romaine, green, raw"",""quantity"":100,""unit"":""g"",""kcal"":17},{""name"":""bread, white, commercially prepared"",""quantity"":2,""unit"":""slice"",""kcal"":147},{""name"":""cheese, cheddar"",""quantity"":2,""unit"":""slice"",""kcal"":139}]",381,lunch,-PT5H
2% cottage cheese cup0.5 + 200g red delicious apple + raw peanuts 20 grams + g50 rolled whole grain oats snack -14d,"[{""name"":""cheese, cottage, lowfat, 2% milkfat"",""quantity"":0.5,""unit"":""cup"",""kcal"":92},{""name"":""apples, red delicious, with skin, raw"",""quantity"":200,""unit"":""g"",""kcal"":124},{""name"":""peanuts, raw"",""quantity"":20,""unit"":""g"",""kcal"":110},{""name"":""oats, whole grain, rolled, old fashioned"",""quantity"":50,""unit"":""g"",""kcal"":189}]",515,snack,-P14D
ate 2% cottage cheese cup0.5 + raw peanuts 20 gr + 150 gr raspberries + rolled whole grain oats 30 grams kcal393,"[{""name"":""cheese, cottage, lowfat, 2% milkfat"",""quantity"":0.5,""unit"":""cup"",""kcal"":92},{""name"":""peanuts, raw"",""quantity"":20,""unit"":""g"",""kcal"":110},{""name"":""raspberries, raw"",""quantity"":150,""unit"":""g"",""kcal"":77},{""name"":""oats, whole grain, rolled, old fashioned"",""quantity"":30,""unit"":""g"",""kcal"":114}]",393,unknown,PT0M
red delicious apple g150 + g50 rolled whole grain oats + 30g raw english walnut halves + plain whole milk yogurt 100 g 18d ago,"[{""name"":""apples, red delicious, with skin, raw"",""quantity"":150,""unit"":""g"",""kcal"":93},{""name"":""oats, whole grain, rolled, old fashioned"",""quantity"":50,""unit"":""g"",""kcal"":189},{""name"":""nuts, walnuts, english, halves, raw"",""quantity"":30,""unit"":""g"",""kcal"":204},{""name"":""yogurt, plain, whole milk"",""quantity"":100,""unit"":""g"",""kcal"":77}]",563,unknown,-P18D
ate 100 g plain nonfat yogurt + blueberries 150g + whole raw almonds 20 g + rolled whole grain oats 30 g kcal367 -6h,"[{""name"":""yogurt, plain, nonfat"",""quantity"":100,""unit"":""g"",""kcal"":50},{""name"":""blueberries, raw"",""quantity"":150,""unit"":""g"",""kcal"":86},{""name"":""nuts, almonds, whole, raw"",""quantity"":20,""unit"":""g"",""kcal"":117},{""name"":""oats, whole grain, rolled, old fashioned"",""quantity"":30,""unit"":""g"",""kcal"":114}]",367,unknown,-PT6H
200g plain nonfat greek yogurt + strawberries 100 gr + g15 raw english walnut halves + rolled whole grain oats 30 grams breakfast,"[{""name"":""yogurt, greek, plain, nonfat"",""quantity"":200,""unit"":""g"",""kcal"":122},{""name"":""strawberries, raw"",""quantity"":100,""unit"":""g"",""kcal"":31},{""name"":""nuts, walnuts, english, halves, raw"",""quantity"":15,""unit"":""g"",""kcal"":102},{""name"":""oats, whole grain, rolled, old fashioned"",""quantity"":30,""unit"":""g"",""kcal"":114}]",369,breakfast,PT0M
ate 100 grams plain whole milk yogurt + 100 grams raspberries + 20 gr whole raw almonds + 30 g rolled whole grain oats breakfast 23d ago,"[{""name"":""yogurt, plain, whole milk"",""quantity"":100,""unit"":""g"",""kcal"":77},{""name"":""raspberries, raw"",""quantity"":100,""unit"":""g"",""kcal"":51},{""name"":""nuts, almonds, whole, raw"",""quantity"":20,""unit"":""g"",""kcal"":117},{""name"":""oats, whole grain, rolled, old fashioned"",""quantity"":30,""unit"":""g"",""kcal"":114}]",359,breakfast,-P23D
100 gr plain nonfat yogurt + 200 g red delicious apple + g15 raw peanuts + rolled whole grain oats 30 g 371 cal breakfast,"[{""name"":""yogurt, plain, nonfat"",""quantity"":100,""unit"":""g"",""kcal"":50},{""name"":""apples, red delicious, with skin, raw"",""quantity"":200,""unit"":""g"",""kcal"":124},{""name"":""peanuts, raw"",""quantity"":15,""unit"":""g"",""kcal"":83},{""name"":""oats, whole grain, rolled, old fashioned"",""quantity"":30,""unit"":""g"",""kcal"":114}]",371,breakfast,PT0M
plain nonfat greek yogurt 200 grams + raspberries 200 gr + 15g raw english walnut halves + rolled whole grain oats 30 grams +1d,"[{""name"":""yogurt, greek, plain, nonfat"",""quantity"":200,""unit"":""g"",""kcal"":122},{""name"":""raspberries, raw"",""quantity"":200,""unit"":""g"",""kcal"":103},{""name"":""nuts, walnuts, english, halves, raw"",""quantity"":15,""unit"":""g"",""kcal"":102},{""name"":""oats, whole grain, rolled, old fashioned"",""quantity"":30,""unit"":""g"",""kcal"":114}]",441,unknown,P1D
1slice white bread + ham 2 slices + cheddar cheese slice2 + 100g raw romaine lettuce bf,"[{""name"":""bread, white, commercially prepared"",""quantity"":1,""unit"":""slice"",""kcal"":74},{""name"":""ham, sliced, pre-packaged, deli meat (96%fat free, water added)"",""quantity"":2,""unit"":""slice"",""kcal"":29},{""name"":""cheese, cheddar"",""quantity"":2,""unit"":""slice"",""kcal"":139},{""name"":""lettuce, romaine, green, raw"",""quantity"":100,""unit"":""g"",""kcal"":17}]",259,breakfast,PT0M
ate plain nonfat yogurt 100g + 150 gr strawberries + raw english walnut halves 30 gr + 30 g rolled whole grain oats breakfast 21d ago,"[{""name"":""yogurt, plain, nonfat"",""quantity"":100,""unit"":""g"",""kcal"":50},{""name"":""strawberries, raw"",""quantity"":150,""unit"":""g"",""kcal"":47},{""name"":""nuts, walnuts, english, halves, raw"",""quantity"":30,""unit"":""g"",""kcal"":204},{""name"":""oats, whole grain, rolled, old fashioned"",""quantity"":30,""unit"":""g"",""kcal"":114}]",415,breakfast,-P21D
150 gr plain whole milk yogurt + red delicious apple 150 grams + g15 raw peanuts + 30g rolled whole grain oats breakfast,"[{""name"":""yogurt, plain, whole milk"",""quantity"":150,""unit"":""g"",""kcal"":116},{""name"":""apples, red delicious, with skin, raw"",""quantity"":150,""unit"":""g"",""kcal"":93},{""name"":""peanuts, raw"",""quantity"":15,""unit"":""g"",""kcal"":83},{""name"":""oats, whole grain, rolled, old fashioned"",""quantity"":30,""unit"":""g"",""kcal"":114}]",406,breakfast,PT0M
ate g100 blueberries + 150 g plain nonfat yogurt + rolled whole grain oats 50g + raw peanuts g20,"[{""name"":""blueberries, raw"",""quantity"":100,""unit"":""g"",""kcal"":57},{""name"":""yogurt, plain, nonfat"",""quantity"":150,""unit"":""g"",""kcal"":75},{""name"":""oats, whole grain, rolled, old fashioned"",""quantity"":50,""unit"":""g"",""kcal"":189},{""name"":""peanuts, raw"",""quantity"":20,""unit"":""g"",""kcal"":110}]",431,unknown,PT0M
cup1 2% cottage cheese + red delicious apple 200 grams + g30 whole raw almonds + rolled whole grain oats g70 snack 20h ago,"[{""name"":""cheese, cottage, lowfat, 2% milkfat"",""quantity"":1,""unit"":""cup"",""kcal"":185},{""name"":""apples, red delicious, with skin, raw"",""quantity"":200,""unit"":""g"",""kcal"":124},{""name"":""nuts, almonds, whole, raw"",""quantity"":30,""unit"":""g"",""kcal"":175},{""name"":""oats, whole grain, rolled, old fashioned"",""quantity"":70,""unit"":""g"",""kcal"":265}]",749,snack,-PT20H
g100 plain whole milk yogurt + red delicious apple 100 gr + 20 gr raw peanuts + rolled whole grain oats 30 gr snack 12d ago,"[{""name"":""yogurt, plain, whole milk"",""quantity"":100,""unit"":""g"",""kcal"":77},{""name"":""apples, red delicious, with skin, raw"",""quantity"":100,""unit"":""g"",""kcal"":62},{""name"":""peanuts, raw"",""quantity"":20,""unit"":""g"",""kcal"":110},{""name"":""oats, whole grain, rolled, old fashioned"",""quantity"":30,""unit"":""g"",""kcal"":114}]",363,snack,-P12D
150 gr plain nonfat greek yogurt + 100 gr red delicious apple + whole raw almonds g30 + 50 gr rolled whole grain oats +1d,"[{""name"":""yogurt, greek, plain, nonfat"",""quantity"":150,""unit"":""g"",""kcal"":92},{""name"":""apples, red delicious, with skin, raw"",""quantity"":100,""unit"":""g"",""kcal"":62},{""name"":""nuts, almonds, whole, raw"",""quantity"":30,""unit"":""g"",""kcal"":175},{""name"":""oats, whole grain, rolled, old fashioned"",""quantity"":50,""unit"":""g"",""kcal"":189}]",518,unknown,P1D
ate commercial hummus 1 tablespoon + g100 raw roma tomato + whole wheat bread 1 slice + slice1 cheddar cheese -13d,"[{""name"":""hummus, commercial"",""quantity"":1,""unit"":""tablespoon"",""kcal"":39},{""name"":""tomato, roma"",""quantity"":100,""unit"":""g"",""kcal"":19},{""name"":""bread, whole-wheat, commercially prepared"",""quantity"":1,""unit"":""slice"",""kcal"":82},{""name"":""cheese, cheddar"",""quantity"":1,""unit"":""slice"",""kcal"":69}]",209,unknown,-P13D
150 grams plain nonfat yogurt + raspberries 200 grams + 30g whole raw almonds + g30 rolled whole grain oats snack 19h ago,"[{""name"":""yogurt, plain, nonfat"",""quantity"":150,""unit"":""g"",""kcal"":75},{""name"":""raspberries, raw"",""quantity"":200,""unit"":""g"",""kcal"":103},{""name"":""nuts, almonds, whole, raw"",""quantity"":30,""unit"":""g"",""kcal"":175},{""name"":""oats, whole grain, rolled, old fashioned"",""quantity"":30,""unit"":""g"",""kcal"":114}]",467,snack,-PT19H
100 g plain nonfat greek yogurt + 200 g strawberries + g15 whole raw almonds + g50 rolled whole grain oats,"[{""name"":""yogurt, greek, plain, nonfat"",""quantity"":100,""unit"":""g"",""kcal"":61},{""name"":""strawberries, raw"",""quantity"":200,""unit"":""g"",""kcal"":62},{""name"":""nuts, almonds, whole, raw"",""quantity"":15,""unit"":""g"",""kcal"":88},{""name"":""oats, whole grain, rolled, old fashioned"",""quantity"":50,""unit"":""g"",""kcal"":189}]",400,unknown,PT0M
ate 1cup 2% cottage cheese + 100 gr blueberries + 30 grams raw english walnut halves + rolled whole grain oats 30g bf -16d,"[{""name"":""cheese, cottage, lowfat, 2% milkfat"",""quantity"":1,""unit"":""cup"",""kcal"":185},{""name"":""blueberries, raw"",""quantity"":100,""unit"":""g"",""kcal"":57},{""name"":""nuts, walnuts, english, halves, raw"",""quantity"":30,""unit"":""g"",""kcal"":204},{""name"":""oats, whole grain, rolled, old fashioned"",""quantity"":30,""unit"":""g"",""kcal"":114}]",560,breakfast,-P16D
plain whole milk yogurt 150 grams + red delicious apple 100g + 30 gr raw peanuts + rolled whole grain oats 30 gr kcal457 snack,"[{""name"":""yogurt, plain, whole milk"",""quantity"":150,""unit"":""g"",""kcal"":116},{""name"":""apples, red delicious, with skin, raw"",""quantity"":100,""unit"":""g"",""kcal"":62},{""name"":""peanuts, raw"",""quantity"":30,""unit"":""g"",""kcal"":165},{""name"":""oats, whole grain, rolled, old fashioned"",""quantity"":30,""unit"":""g"",""kcal"":114}]",457,snack,PT0M
150 g plain nonfat yogurt + 200 grams red delicious apple + 15g whole raw almonds + rolled whole grain oats 30 g breakfast 2d ago,"[{""name"":""yogurt, plain, nonfat"",""quantity"":150,""unit"":""g"",""kcal"":75},{""name"":""apples, red delicious, with skin, raw"",""quantity"":200,""unit"":""g"",""kcal"":124},{""name"":""nuts, almonds, whole, raw"",""quantity"":15,""unit"":""g"",""kcal"":88},{""name"":""oats, whole grain, rolled, old fashioned"",""quantity"":30,""unit"":""g"",""kcal"":114}]",401,breakfast,-P2D
american cheese 2 slices + 50g raw roma tomato + whole wheat bread slice1 + tbsp1 commercial hummus 4h ago,"[{""name"":""cheese, american, restaurant"",""quantity"":2,""unit"":""slice"",""kcal"":120},{""name"":""tomato, roma"",""quantity"":50,""unit"":""g"",""kcal"":9},{""name"":""bread, whole-wheat, commercially prepared"",""quantity"":1,""unit"":""slice"",""kcal"":82},{""name"":""hummus, commercial"",""quantity"":1,""unit"":""tablespoon"",""kcal"":39}]",250,unknown,-PT4H
ate plain whole milk yogurt 100 grams + 150 grams strawberries + 20g raw peanuts + 50g rolled whole grain oats snack -9d,"[{""name"":""yogurt, plain, whole milk"",""quantity"":100,""unit"":""g"",""kcal"":77},{""name"":""strawberries, raw"",""quantity"":150,""unit"":""g"",""kcal"":47},{""name"":""peanuts, raw"",""quantity"":20,""unit"":""g"",""kcal"":110},{""name"":""oats, whole grain, rolled, old fashioned"",""quantity"":50,""unit"":""g"",""kcal"":189}]",423,snack,-P9D
ate 200 grams plain nonfat greek yogurt + strawberries 100 grams + 30 grams whole raw almonds + rolled whole grain oats 30 grams snack,"[{""name"":""yogurt, greek, plain, nonfat"",""quantity"":200,""unit"":""g"",""kcal"":122},{""name"":""strawberries, raw"",""quantity"":100,""unit"":""g"",""kcal"":31},{""name"":""nuts, almonds, whole, raw"",""quantity"":30,""unit"":""g"",""kcal"":175},{""name"":""oats, whole grain, rolled, old fashioned"",""quantity"":30,""unit"":""g"",""kcal"":114}]",442,snack,PT0M
commercial hummus 1 tablespoon + 50g raw roma tomato + 1 slice white bread + cheddar cheese 1slice snack,"[{""name"":""hummus, commercial"",""quantity"":1,""unit"":""tablespoon"",""kcal"":39},{""name"":""tomato, roma"",""quantity"":50,""unit"":""g"",""kcal"":9},{""name"":""bread, white, commercially prepared"",""quantity"":1,""unit"":""slice"",""kcal"":74},{""name"":""cheese, cheddar"",""quantity"":1,""unit"":""slice"",""kcal"":69}]",191,snack,PT0M
200g plain nonfat greek yogurt + 100 grams red delicious apple + 15 grams whole raw almonds + g50 rolled whole grain oats snack -22d,"[{""name"":""yogurt, greek, plain, nonfat"",""quantity"":200,""unit"":""g"",""kcal"":122},{""name"":""apples, red delicious, with skin, raw"",""quantity"":100,""unit"":""g"",""kcal"":62},{""name"":""nuts, almonds, whole, raw"",""quantity"":15,""unit"":""g"",""kcal"":88},{""name"":""oats, whole grain, rolled, old fashioned"",""quantity"":50,""unit"":""g"",""kcal"":189}]",461,snack,-P22D
tbsp1 commercial hummus + 150 g raw cucumber with peel + white bread slice2 + 1slice cheddar cheese snack 17h ago,"[{""name"":""hummus, commercial"",""quantity"":1,""unit"":""tablespoon"",""kcal"":39},{""name"":""cucumber, with peel, raw"",""quantity"":150,""unit"":""g"",""kcal"":21},{""name"":""bread, white, commercially prepared"",""quantity"":2,""unit"":""slice"",""kcal"":147},{""name"":""cheese, cheddar"",""quantity"":1,""unit"":""slice"",""kcal"":69}]",276,snack,-PT17H
plain whole milk yogurt g200 + g100 raspberries + 20 gr whole raw almonds + rolled whole grain oats 50 gr bf -23h,"[{""name"":""yogurt, plain, whole milk"",""quantity"":200,""unit"":""g"",""kcal"":155},{""name"":""raspberries, raw"",""quantity"":100,""unit"":""g"",""kcal"":51},{""name"":""nuts, almonds, whole, raw"",""quantity"":20,""unit"":""g"",""kcal"":117},{""name"":""oats, whole grain, rolled, old fashioned"",""quantity"":50,""unit"":""g"",""kcal"":189}]",512,breakfast,-PT23H
rolled whole grain oats 70 grams + whole raw almonds 30g + strawberries g150 + plain whole milk yogurt 200g bf,"[{""name"":""oats, whole grain, rolled, old fashioned"",""quantity"":70,""unit"":""g"",""kcal"":265},{""name"":""nuts, almonds, whole, raw"",""quantity"":30,""unit"":""g"",""kcal"":175},{""name"":""strawberries, raw"",""quantity"":150,""unit"":""g"",""kcal"":47},{""name"":""yogurt, plain, whole milk"",""quantity"":200,""unit"":""g"",""kcal"":155}]",642,breakfast,PT0M
tbsp3 commercial hummus + g150 raw roma tomato + whole wheat bread 1slice + 1slice swiss cheese,"[{""name"":""hummus, commercial"",""quantity"":3,""unit"":""tablespoon"",""kcal"":116},{""name"":""tomato, roma"",""quantity"":150,""unit"":""g"",""kcal"":28},{""name"":""bread, whole-wheat, commercially prepared"",""quantity"":1,""unit"":""slice"",""kcal"":82},{""name"":""cheese, swiss"",""quantity"":1,""unit"":""slice"",""kcal"":43}]",269,unknown,PT0M
g200 plain nonfat greek yogurt + 200 g red delicious apple + g30 raw peanuts + rolled whole grain oats g30 snack 9d ago,"[{""name"":""yogurt, greek, plain, nonfat"",""quantity"":200,""unit"":""g"",""kcal"":122},{""name"":""apples, red delicious, with skin, raw"",""quantity"":200,""unit"":""g"",""kcal"":124},{""name"":""peanuts, raw"",""quantity"":30,""unit"":""g"",""kcal"":165},{""name"":""oats, whole grain, rolled, old fashioned"",""quantity"":30,""unit"":""g"",""kcal"":114}]",525,snack,-P9D
0.5 cups 2% cottage cheese + rolled whole grain oats 50 gr + raspberries 150 g + raw english walnut halves 30g breakfast 9h ago,"[{""name"":""cheese, cottage, lowfat, 2% milkfat"",""quantity"":0.5,""unit"":""cup"",""kcal"":92},{""name"":""oats, whole grain, rolled, old fashioned"",""quantity"":50,""unit"":""g"",""kcal"":189},{""name"":""raspberries, raw"",""quantity"":150,""unit"":""g"",""kcal"":77},{""name"":""nuts, walnuts, english, halves, raw"",""quantity"":30,""unit"":""g"",""kcal"":204}]",562,breakfast,-PT9H
2tbsp commercial hummus + 100 g raw cucumber with peel + whole wheat bread slice2 + 1slice american cheese,"[{""name"":""hummus, commercial"",""quantity"":2,""unit"":""tablespoon"",""kcal"":78},{""name"":""cucumber, with peel, raw"",""quantity"":100,""unit"":""g"",""kcal"":14},{""name"":""bread, whole-wheat, commercially prepared"",""quantity"":2,""unit"":""slice"",""kcal"":163},{""name"":""cheese, american, restaurant"",""quantity"":1,""unit"":""slice"",""kcal"":60}]",315,unknown,PT0M
ate 3tbsp commercial hummus + raw roma tomato 50 grams + slice2 white bread + swiss cheese slice1 315kcal,"[{""name"":""hummus, commercial"",""quantity"":3,""unit"":""tablespoon"",""kcal"":116},{""name"":""tomato, roma"",""quantity"":50,""unit"":""g"",""kcal"":9},{""name"":""bread, white, commercially prepared"",""quantity"":2,""unit"":""slice"",""kcal"":147},{""name"":""cheese, swiss"",""quantity"":1,""unit"":""slice"",""kcal"":43}]",315,unknown,PT0M
1 cup 2% cottage cheese + raspberries g100 + 15 g raw english walnut halves + 30 grams rolled whole grain oats,"[{""name"":""cheese, cottage, lowfat, 2% milkfat"",""quantity"":1,""unit"":""cup"",""kcal"":185},{""name"":""raspberries, raw"",""quantity"":100,""unit"":""g"",""kcal"":51},{""name"":""nuts, walnuts, english, halves, raw"",""quantity"":15,""unit"":""g"",""kcal"":102},{""name"":""oats, whole grain, rolled, old fashioned"",""quantity"":30,""unit"":""g"",""kcal"":114}]",452,unknown,PT0M
ate 2% cottage cheese cup1 + raspberries g150 + whole raw almonds 30 g + 70 grams rolled whole grain oats,"[{""name"":""cheese, cottage, lowfat, 2% milkfat"",""quantity"":1,""unit"":""cup"",""kcal"":185},{""name"":""raspberries, raw"",""quantity"":150,""unit"":""g"",""kcal"":77},{""name"":""nuts, almonds, whole, raw"",""quantity"":30,""unit"":""g"",""kcal"":175},{""name"":""oats, whole grain, rolled, old fashioned"",""quantity"":70,""unit"":""g"",""kcal"":265}]",702,unknown,PT0M
ate 2slice whole wheat bread + slice2 ham + swiss cheese slice1 + 50g raw romaine lettuce bf,"[{""name"":""bread, whole-wheat, commercially prepared"",""quantity"":2,""unit"":""slice"",""kcal"":163},{""name"":""ham, sliced, pre-packaged, deli meat (96%fat free, water added)"",""quantity"":2,""unit"":""slice"",""kcal"":29},{""name"":""cheese, swiss"",""quantity"":1,""unit"":""slice"",""kcal"":43},{""name"":""lettuce, romaine, green, raw"",""quantity"":50,""unit"":""g"",""kcal"":9}]",244,breakfast,PT0M
ate cup0.5 2% cottage cheese + 150g red delicious apple + 15 g raw peanuts + rolled whole grain oats g50 snack 7h ago,"[{""name"":""cheese, cottage, lowfat, 2% milkfat"",""quantity"":0.5,""unit"":""cup"",""kcal"":92},{""name"":""apples, red delicious, with skin, raw"",""quantity"":150,""unit"":""g"",""kcal"":93},{""name"":""peanuts, raw"",""quantity"":15,""unit"":""g"",""kcal"":83},{""name"":""oats, whole grain, rolled, old fashioned"",""quantity"":50,""unit"":""g"",""kcal"":189}]",457,snack,-PT7H
ate 0.5 cups 2% cottage cheese + rolled whole grain oats 30g + 100 g blueberries + raw peanuts 30 g kcal428 23d ago,"[{""name"":""cheese, cottage, lowfat, 2% milkfat"",""quantity"":0.5,""unit"":""cup"",""kcal"":92},{""name"":""oats, whole grain, rolled, old fashioned"",""quantity"":30,""unit"":""g"",""kcal"":114},{""name"":""blueberries, raw"",""quantity"":100,""unit"":""g"",""kcal"":57},{""name"":""peanuts, raw"",""quantity"":30,""unit"":""g"",""kcal"":165}]",428,unknown,-P23D
ate 150 gr plain nonfat greek yogurt + 100g blueberries + raw english walnut halves g15 + g70 rolled whole grain oats bf,"[{""name"":""yogurt, greek, plain, nonfat"",""quantity"":150,""unit"":""g"",""kcal"":92},{""name"":""blueberries, raw"",""quantity"":100,""unit"":""g"",""kcal"":57},{""name"":""nuts, walnuts, english, halves, raw"",""quantity"":15,""unit"":""g"",""kcal"":102},{""name"":""oats, whole grain, rolled, old fashioned"",""quantity"":70,""unit"":""g"",""kcal"":265}]",516,breakfast,PT0M
plain nonfat yogurt 100g + 200 gr raspberries + g30 raw peanuts + 30 g rolled whole grain oats snack,"[{""name"":""yogurt, plain, nonfat"",""quantity"":100,""unit"":""g"",""kcal"":50},{""name"":""raspberries, raw"",""quantity"":200,""unit"":""g"",""kcal"":103},{""name"":""peanuts, raw"",""quantity"":30,""unit"":""g"",""kcal"":165},{""name"":""oats, whole grain, rolled, old fashioned"",""quantity"":30,""unit"":""g"",""kcal"":114}]",432,snack,PT0M
plain nonfat yogurt 150 gr + strawberries g200 + whole raw almonds 20 grams + g70 rolled whole grain oats snack,"[{""name"":""yogurt, plain, nonfat"",""quantity"":150,""unit"":""g"",""kcal"":75},{""name"":""strawberries, raw"",""quantity"":200,""unit"":""g"",""kcal"":62},{""name"":""nuts, almonds, whole, raw"",""quantity"":20,""unit"":""g"",""kcal"":117},{""name"":""oats, whole grain, rolled, old fashioned"",""quantity"":70,""unit"":""g"",""kcal"":265}]",519,snack,PT0M
ate plain whole milk yogurt 200 gr + raspberries 150g + 15g raw english walnut halves + 50 g rolled whole grain oats breakfast,"[{""name"":""yogurt, plain, whole milk"",""quantity"":200,""unit"":""g"",""kcal"":155},{""name"":""raspberries, raw"",""quantity"":150,""unit"":""g"",""kcal"":77},{""name"":""nuts, walnuts, english, halves, raw"",""quantity"":15,""unit"":""g"",""kcal"":102},{""name"":""oats, whole grain, rolled, old fashioned"",""quantity"":50,""unit"":""g"",""kcal"":189}]",523,breakfast,PT0M
plain whole milk yogurt 150 g + 150 g strawberries + 15 grams whole raw almonds + rolled whole grain oats 30 gr breakfast tmr,"[{""name"":""yogurt, plain, whole milk"",""quantity"":150,""unit"":""g"",""kcal"":116},{""name"":""strawberries, raw"",""quantity"":150,""unit"":""g"",""kcal"":47},{""name"":""nuts, almonds, whole, raw"",""quantity"":15,""unit"":""g"",""kcal"":88},{""name"":""oats, whole grain, rolled, old fashioned"",""quantity"":30,""unit"":""g"",""kcal"":114}]",365,breakfast,P1D
ate 100 gr plain nonfat yogurt + rolled whole grain oats 70 grams + 20 gr raw peanuts + raspberries 100 grams -12h,"[{""name"":""yogurt, plain, nonfat"",""quantity"":100,""unit"":""g"",""kcal"":50},{""name"":""oats, whole grain, rolled, old fashioned"",""quantity"":70,""unit"":""g"",""kcal"":265},{""name"":""peanuts, raw"",""quantity"":20,""unit"":""g"",""kcal"":110},{""name"":""raspberries, raw"",""quantity"":100,""unit"":""g"",""kcal"":51}]",476,unknown,-PT12H
ate plain nonfat yogurt 200 grams + red delicious apple 200 gr + 15g raw english walnut halves + rolled whole grain oats g30 bf 4h ago,"[{""name"":""yogurt, plain, nonfat"",""quantity"":200,""unit"":""g"",""kcal"":100},{""name"":""apples, red delicious, with skin, raw"",""quantity"":200,""unit"":""g"",""kcal"":124},{""name"":""nuts, walnuts, english, halves, raw"",""quantity"":15,""unit"":""g"",""kcal"":102},{""name"":""oats, whole grain, rolled, old fashioned"",""quantity"":30,""unit"":""g"",""kcal"":114}]",440,breakfast,-PT4H
ate g200 plain whole milk yogurt + blueberries 200 g + 30g raw english walnut halves + rolled whole grain oats 50 g kcal663 snack,"[{""name"":""yogurt, plain, whole milk"",""quantity"":200,""unit"":""g"",""kcal"":155},{""name"":""blueberries, raw"",""quantity"":200,""unit"":""g"",""kcal"":115},{""name"":""nuts, walnuts, english, halves, raw"",""quantity"":30,""unit"":""g"",""kcal"":204},{""name"":""oats, whole grain, rolled, old fashioned"",""quantity"":50,""unit"":""g"",""kcal"":189}]",663,snack,PT0M
commercial hummus tbsp3 + raw romaine lettuce 50 g + whole wheat bread 1slice + swiss cheese 1slice,"[{""name"":""hummus, commercial"",""quantity"":3,""unit"":""tablespoon"",""kcal"":116},{""name"":""lettuce, romaine, green, raw"",""quantity"":50,""unit"":""g"",""kcal"":9},{""name"":""bread, whole-wheat, commercially prepared"",""quantity"":1,""unit"":""slice"",""kcal"":82},{""name"":""cheese, swiss"",""quantity"":1,""unit"":""slice"",""kcal"":43}]",250,unknown,PT0M
2% cottage cheese cup1 + blueberries 100 g + 50 grams rolled whole grain oats + 20 grams raw peanuts,"[{""name"":""cheese, cottage, lowfat, 2% milkfat"",""quantity"":1,""unit"":""cup"",""kcal"":185},{""name"":""blueberries, raw"",""quantity"":100,""unit"":""g"",""kcal"":57},{""name"":""oats, whole grain, rolled, old fashioned"",""quantity"":50,""unit"":""g"",""kcal"":189},{""name"":""peanuts, raw"",""quantity"":20,""unit"":""g"",""kcal"":110}]",541,unknown,PT0M
100g plain nonfat greek yogurt + 200 gr raspberries + 30 gr raw english walnut halves + rolled whole grain oats 30 g snack,"[{""name"":""yogurt, greek, plain, nonfat"",""quantity"":100,""unit"":""g"",""kcal"":61},{""name"":""raspberries, raw"",""quantity"":200,""unit"":""g"",""kcal"":103},{""name"":""nuts, walnuts, english, halves, raw"",""quantity"":30,""unit"":""g"",""kcal"":204},{""name"":""oats, whole grain, rolled, old fashioned"",""quantity"":30,""unit"":""g"",""kcal"":114}]",482,snack,PT0M
ate plain nonfat yogurt g100 + 150 grams blueberries + raw english walnut halves 15 gr + 30 grams rolled whole grain oats 352 cal bf,"[{""name"":""yogurt, plain, nonfat"",""quantity"":100,""unit"":""g"",""kcal"":50},{""name"":""blueberries, raw"",""quantity"":150,""unit"":""g"",""kcal"":86},{""name"":""nuts, walnuts, english, halves, raw"",""quantity"":15,""unit"":""g"",""kcal"":102},{""name"":""oats, whole grain, rolled, old fashioned"",""quantity"":30,""unit"":""g"",""kcal"":114}]",352,breakfast,PT0M
tbsp3 commercial hummus + g50 raw roma tomato + whole wheat bread slice2 + 1 slice swiss cheese lunch,"[{""name"":""hummus, commercial"",""quantity"":3,""unit"":""tablespoon"",""kcal"":116},{""name"":""tomato, roma"",""quantity"":50,""unit"":""g"",""kcal"":9},{""name"":""bread, whole-wheat, commercially prepared"",""quantity"":2,""unit"":""slice"",""kcal"":163},{""name"":""cheese, swiss"",""quantity"":1,""unit"":""slice"",""kcal"":43}]",331,lunch,PT0M
ate white bread 2 slices + ham 1 slice + cheddar cheese 1 slice + 50 gr raw romaine lettuce 239 cal breakfast -11h,"[{""name"":""bread, white, commercially prepared"",""quantity"":2,""unit"":""slice"",""kcal"":147},{""name"":""ham, sliced, pre-packaged, deli meat (96%fat free, water added)"",""quantity"":1,""unit"":""slice"",""kcal"":14},{""name"":""cheese, cheddar"",""quantity"":1,""unit"":""slice"",""kcal"":69},{""name"":""lettuce, romaine, green, raw"",""quantity"":50,""unit"":""g"",""kcal"":9}]",239,breakfast,-PT11H
